customer_id,age,gender,region,plan,contract,payment_method,tenure_months,monthly_charges,prev_monthly_charges,discount_active,usage_hours_m1,usage_hours_m2,usage_hours_m3,logins_last_30d,support_tickets_90d,avg_resolution_days,satisfaction_score,late_payments_6m,churn
CUST100000,39.0,Male,South,Standard,Monthly,NetBanking,70,420.11,420.11,0,15.6,14.6,13.5,7,0,0.0,,1,0
CUST100001,25.0,Male,South,Basic,Annual,NetBanking,20,205.67,246.8,1,13.9,10.7,8.2,9,6,1.7,2.8,0,0
CUST100002,44.0,Female,South,Standard,Annual,Wallet,1,395.38,355.84,1,11.7,14.6,18.4,12,2,3.0,3.7,0,0
CUST100003,46.0,Female,South,Standard,Annual,NetBanking,5,411.67,452.84,1,35.4,29.2,28.3,39,0,0.0,2.8,0,0
CUST100004,18.0,Male,South,Standard,Annual,Card,29,368.16,331.34,0,15.6,16.8,17.2,12,2,2.3,4.4,1,1
CUST100005,22.0,Male,South,Premium,Monthly,Card,7,736.18,736.18,0,29.0,27.7,30.7,21,1,1.6,3.8,2,1
CUST100006,37.0,Male,West,Basic,Monthly,UPI,23,199.22,199.22,0,25.2,24.6,23.0,21,3,4.6,2.3,0,0
CUST100007,33.0,Female,South,Basic,Monthly,UPI,59,187.05,205.76,1,9.7,13.8,15.8,12,0,0.0,5.0,0,0
CUST100008,36.0,Female,North,Basic,Monthly,UPI,7,194.85,233.82,0,35.4,39.8,36.8,26,1,5.3,4.2,2,0
CUST100009,27.0,Male,West,Standard,Monthly,Card,6,419.7,419.7,0,18.8,24.2,25.1,15,0,0.0,4.2,1,0
CUST100010,46.0,Male,South,Basic,Annual,Wallet,3,191.36,191.36,0,15.6,13.6,13.1,9,1,5.6,4.6,0,0
CUST100011,45.0,Male,North,Standard,Annual,Card,16,407.19,407.19,1,8.2,8.1,8.2,5,2,2.2,3.3,0,0
CUST100012,37.0,Male,West,Standard,Monthly,UPI,13,416.53,458.18,0,12.1,11.3,10.2,11,1,1.0,4.4,0,0
CUST100013,48.0,Female,North,Standard,Annual,NetBanking,37,399.49,479.39,0,10.6,10.4,14.5,10,1,0.5,4.4,0,1
CUST100014,,Female,South,Standard,Monthly,UPI,22,381.75,381.75,0,7.0,7.9,7.7,6,1,1.0,3.0,3,0
CUST100015,27.0,Male,East,Basic,Monthly,NetBanking,26,198.36,198.36,0,24.2,23.3,24.3,23,2,3.8,3.1,0,0
CUST100016,40.0,Male,East,Basic,Monthly,UPI,8,184.98,184.98,1,10.9,11.0,11.9,7,1,1.6,3.1,0,0
CUST100017,25.0,Male,North,Standard,Monthly,NetBanking,42,389.25,389.25,0,20.3,,15.2,12,0,,5.0,1,0
CUST100018,46.0,Female,South,Basic,Monthly,NetBanking,31,187.98,225.58,0,33.5,61.5,96.8,32,1,0.9,2.1,1,1
CUST100019,35.0,Female,South,Standard,Monthly,UPI,34,398.06,398.06,1,27.3,30.3,33.9,19,2,0.3,3.7,1,1
CUST100020,34.0,Female,West,Premium,Monthly,UPI,56,654.64,589.18,0,22.0,,20.9,12,0,0.0,5.0,1,0
CUST100021,29.0,Male,South,Basic,Monthly,NetBanking,28,199.83,179.85,0,5.3,5.4,7.1,4,2,5.4,2.1,0,0
CUST100022,49.0,Female,South,Basic,Annual,UPI,31,210.27,210.27,0,7.0,7.9,8.7,6,0,0.0,3.9,0,0
CUST100023,34.0,Male,North,Basic,Monthly,UPI,43,210.9,210.9,0,13.6,16.8,19.6,10,2,6.2,4.5,0,0
CUST100024,31.0,Female,West,Basic,Annual,UPI,32,186.61,186.61,0,22.9,18.6,16.8,26,1,3.8,3.2,1,0
CUST100025,32.0,Female,South,Premium,Monthly,Card,27,675.72,743.29,0,10.8,12.1,14.3,13,2,2.4,3.4,0,1
CUST100026,42.0,Male,South,Premium,Monthly,UPI,14,728.8,728.8,1,10.6,8.3,6.1,11,1,3.6,3.3,0,0
CUST100027,40.0,Female,North,Basic,Monthly,Wallet,3,206.01,206.01,0,32.7,25.2,16.9,29,0,0.0,2.9,1,0
CUST100028,41.0,Male,East,Premium,Annual,Card,4,677.5,677.5,0,16.7,14.9,11.3,18,0,0.0,3.4,0,0
CUST100029,41.0,Female,North,Basic,Monthly,Card,2,194.16,213.58,0,7.2,6.7,7.2,6,3,1.3,2.4,0,1
CUST100030,60.0,Male,West,Premium,Monthly,Card,28,701.88,701.88,1,23.2,23.8,27.4,18,1,0.3,2.0,0,0
CUST100031,32.0,Male,South,Premium,Annual,UPI,7,634.93,761.92,0,8.9,9.6,10.7,6,0,0.0,5.0,0,0
CUST100032,30.0,Male,South,Basic,Annual,Card,38,204.23,245.08,1,22.9,18.3,16.3,15,0,0.0,4.2,0,0
CUST100033,27.0,Male,North,Standard,Annual,UPI,5,420.61,504.73,0,15.3,14.2,14.3,15,1,1.7,3.2,0,0
CUST100034,43.0,Male,South,Standard,Annual,Card,1,391.24,391.24,0,19.4,17.7,15.2,10,0,0.0,3.3,1,0
CUST100035,48.0,Male,North,Basic,Monthly,Card,17,184.88,203.37,0,10.4,8.9,8.8,7,2,2.4,2.9,2,0
CUST100036,35.0,Female,West,Basic,Annual,Card,27,213.06,255.67,0,14.8,18.2,22.4,11,1,1.2,,1,0
CUST100037,27.0,Male,South,Standard,Monthly,Card,7,403.38,403.38,0,13.6,13.5,14.5,7,0,0.0,3.4,1,0
CUST100038,27.0,Male,East,Basic,Annual,NetBanking,15,206.05,206.05,0,11.2,10.4,8.9,8,0,0.0,,0,0
CUST100039,,Other,South,Basic,Monthly,Wallet,1,185.85,185.85,0,15.1,16.1,16.7,12,1,3.2,4.3,2,0
CUST100040,44.0,Female,North,Basic,Monthly,NetBanking,2,185.89,167.3,0,5.3,5.4,6.6,5,1,1.1,1.7,1,1
CUST100041,42.0,Male,North,Standard,Monthly,NetBanking,7,407.26,366.53,0,26.4,26.6,28.5,18,1,4.7,3.8,0,0
CUST100042,29.0,Male,North,Basic,Annual,Card,17,209.22,188.3,0,25.7,26.5,24.3,21,0,0.0,2.9,1,0
CUST100043,39.0,Female,South,Standard,Monthly,NetBanking,1,376.47,376.47,1,15.5,14.3,14.5,8,2,0.6,4.2,0,0
CUST100044,37.0,Female,West,Basic,Annual,UPI,1,197.99,217.79,0,15.8,12.8,12.9,9,0,0.0,3.6,0,0
CUST100045,38.0,Male,West,Basic,Monthly,NetBanking,40,183.21,201.53,0,14.7,11.9,8.3,6,2,0.9,3.7,0,0
CUST100046,46.0,Female,West,Standard,Monthly,UPI,26,385.0,385.0,0,26.4,24.3,24.3,26,3,2.3,2.4,2,0
CUST100047,38.0,Male,West,Basic,Monthly,Card,6,196.44,196.44,0,13.2,10.0,7.0,10,2,4.1,4.6,0,0
CUST100048,43.0,Male,South,Standard,Monthly,Card,12,408.75,408.75,0,29.6,30.9,33.0,25,0,0.0,2.6,0,1
CUST100049,37.0,Female,North,Basic,Annual,Card,30,178.05,213.66,0,8.4,7.1,6.5,8,1,4.4,2.9,0,0
CUST100050,39.0,Female,South,Standard,Annual,UPI,47,425.34,425.34,0,29.7,31.2,31.8,29,1,2.7,,0,0
CUST100051,43.0,Female,West,Basic,Annual,UPI,10,197.3,197.3,0,4.3,4.0,3.8,5,1,2.1,3.5,0,0
CUST100052,20.0,Male,South,Premium,Monthly,Wallet,36,744.24,744.24,0,14.4,11.4,9.5,11,1,1.8,3.6,0,0
CUST100053,32.0,Male,South,Basic,Monthly,Card,2,205.95,185.36,0,26.7,25.8,24.4,18,0,0.0,2.5,1,0
CUST100054,31.0,Male,East,Premium,Annual,UPI,7,728.79,801.67,0,28.8,27.5,23.1,27,0,0.0,2.7,1,1
CUST100055,29.0,Male,South,Basic,Annual,UPI,24,219.1,219.1,0,8.6,8.9,9.0,11,1,,2.4,0,0
CUST100056,33.0,Male,East,Basic,Annual,Card,25,191.22,191.22,0,23.5,18.5,17.9,16,2,2.8,1.8,0,0
CUST100057,52.0,Female,South,Standard,Monthly,Card,21,401.7,482.04,1,22.2,24.5,25.7,14,0,0.0,3.1,1,1
CUST100058,26.0,Female,East,Basic,Annual,UPI,72,189.14,189.14,0,24.2,19.1,19.3,7,1,0.9,5.0,0,0
CUST100059,47.0,Female,West,Standard,Monthly,UPI,12,396.96,436.66,1,55.1,54.1,48.3,21,3,2.0,3.2,1,0
CUST100060,18.0,Male,East,Premium,Annual,Card,1,724.17,796.59,0,58.2,47.8,42.0,63,2,1.3,2.6,3,0
CUST100061,32.0,Male,South,Standard,Annual,Card,2,421.49,379.34,0,33.4,26.2,21.1,26,0,0.0,,0,0
CUST100062,38.0,Female,South,Standard,Annual,Card,37,391.37,430.51,0,10.9,9.8,9.7,6,0,0.0,2.2,0,0
CUST100063,42.0,Male,South,Premium,Monthly,NetBanking,36,656.89,656.89,0,14.0,19.4,21.3,11,2,1.1,1.8,0,1
CUST100064,44.0,Female,South,Standard,Annual,NetBanking,23,400.46,360.41,0,19.8,18.3,17.9,26,1,1.5,2.7,0,1
CUST100065,45.0,Male,North,Basic,Monthly,Card,1,190.52,209.57,0,14.5,23.0,30.0,12,3,0.4,1.8,1,1
CUST100066,32.0,Female,South,Premium,Monthly,UPI,33,678.8,746.68,0,11.0,10.7,11.3,13,0,0.0,4.7,0,0
CUST100067,31.0,Female,South,Basic,Annual,Wallet,23,205.68,226.25,0,29.1,30.0,31.0,18,2,4.5,5.0,1,0
CUST100068,45.0,Female,South,Basic,Monthly,Card,14,203.83,244.6,1,8.5,8.6,7.6,9,0,0.0,4.7,0,0
CUST100069,,Female,West,Basic,Monthly,Card,34,207.3,248.76,1,4.5,6.0,7.1,3,2,2.2,2.5,0,1
CUST100070,22.0,Female,South,Basic,Annual,Card,4,195.64,195.64,1,25.7,27.8,26.6,17,1,2.5,3.6,0,0
CUST100071,24.0,Male,South,Basic,Annual,Card,32,209.04,188.14,0,25.3,26.7,28.7,15,0,0.0,4.3,0,0
CUST100072,26.0,Female,North,Basic,Monthly,NetBanking,10,199.14,199.14,0,7.2,6.8,6.0,5,1,1.7,3.9,0,1
CUST100073,41.0,Female,South,Standard,Monthly,NetBanking,2,393.33,393.33,0,7.1,6.5,6.2,7,3,3.1,4.5,1,0
CUST100074,38.0,Female,West,Standard,Annual,UPI,42,377.08,377.08,0,17.4,13.5,10.8,12,1,4.7,2.4,0,0
CUST100075,44.0,Male,South,Premium,Monthly,Card,14,625.96,751.15,1,20.6,21.4,20.8,21,4,3.6,2.9,0,1
CUST100076,31.0,Male,East,Basic,Monthly,NetBanking,14,183.44,220.13,0,14.8,12.2,11.3,10,1,4.4,3.5,0,0
CUST100077,38.0,Female,East,Basic,Monthly,Card,4,201.14,181.03,0,13.1,12.8,12.3,10,1,4.3,3.2,0,1
CUST100078,43.0,Female,West,Standard,Annual,Card,13,380.89,380.89,1,16.9,17.8,20.9,12,2,6.5,1.7,0,1
CUST100079,33.0,Male,East,Basic,Monthly,Card,9,182.63,182.63,0,24.7,22.0,19.5,29,0,0.0,2.3,0,0
CUST100080,41.0,Male,West,Basic,Monthly,NetBanking,18,194.83,214.31,1,7.4,8.4,8.4,7,2,6.8,4.6,0,1
CUST100081,29.0,Male,North,Standard,Annual,UPI,48,404.58,485.5,1,18.9,23.8,34.0,16,1,1.1,4.4,0,0
CUST100082,32.0,Male,North,Standard,Annual,UPI,10,407.28,488.74,1,11.0,13.9,15.1,8,1,0.7,,0,1
CUST100083,32.0,Male,East,Basic,Monthly,UPI,20,198.71,238.45,0,51.5,54.3,47.1,35,2,4.2,,1,0
CUST100084,23.0,Male,North,Standard,Annual,Card,32,397.79,437.57,0,19.5,19.5,15.1,12,0,0.0,3.8,0,1
CUST100085,41.0,Male,North,Standard,Annual,UPI,4,388.26,388.26,0,36.6,45.3,64.5,39,0,0.0,3.7,0,0
CUST100086,31.0,Female,South,Premium,Monthly,NetBanking,4,721.16,721.16,1,24.0,25.9,23.5,11,0,0.0,2.2,1,0
CUST100087,36.0,Male,South,Basic,Monthly,Wallet,43,197.24,197.24,0,43.5,38.2,35.3,32,2,1.5,5.0,2,1
CUST100088,41.0,Male,North,Standard,Monthly,UPI,72,397.48,437.23,0,17.0,16.2,15.6,17,1,2.7,4.8,1,0
CUST100089,41.0,Male,South,Standard,Annual,Card,38,419.71,419.71,0,18.3,15.5,12.8,9,2,2.7,2.2,1,0
CUST100090,43.0,Male,North,Basic,Annual,Wallet,22,206.88,227.57,0,15.7,14.9,12.3,13,1,,4.9,2,0
CUST100091,35.0,Female,South,Standard,Monthly,UPI,1,395.31,355.78,0,11.8,12.0,10.6,7,1,0.8,3.8,0,0
CUST100092,31.0,Female,North,Standard,Annual,Card,9,392.48,353.23,0,7.7,7.1,6.3,6,3,7.6,3.8,0,0
CUST100093,35.0,Male,East,Basic,Annual,Card,3,195.67,195.67,0,20.7,,17.3,16,1,3.9,,1,0
CUST100094,18.0,Male,North,Standard,Monthly,Card,44,358.68,430.42,0,28.6,33.3,37.0,10,1,4.1,4.2,0,1
CUST100095,20.0,Male,East,Basic,Annual,UPI,23,209.91,251.89,0,16.5,16.7,15.0,15,1,1.8,,0,0
CUST100096,21.0,Male,South,Standard,Annual,UPI,49,385.34,462.41,0,13.5,15.2,14.8,8,0,0.0,,1,0
CUST100097,25.0,Male,South,Basic,Annual,Card,5,207.5,207.5,0,36.0,33.1,39.6,25,2,2.7,4.0,2,0
CUST100098,40.0,Male,East,Standard,Annual,Card,17,399.83,399.83,0,9.5,9.4,9.1,8,0,0.0,1.9,0,0
CUST100099,26.0,Male,West,Basic,Monthly,UPI,11,212.85,255.42,0,17.9,16.2,15.5,16,1,4.3,4.4,1,0
CUST100100,32.0,Female,East,Standard,Annual,UPI,2,409.56,409.56,0,25.9,28.8,34.1,23,1,2.8,4.0,0,0
CUST100101,50.0,Male,East,Standard,Monthly,Card,16,417.2,458.92,0,10.8,9.2,7.8,10,1,,2.7,0,1
CUST100102,32.0,Male,East,Standard,Annual,Card,32,387.19,387.19,0,18.0,17.9,21.1,6,0,0.0,3.5,1,1
CUST100103,44.0,Male,East,Standard,Annual,NetBanking,20,373.36,448.03,0,29.1,41.2,63.9,26,0,0.0,3.7,1,1
CUST100104,26.0,Male,East,Basic,Annual,Wallet,49,200.47,240.56,0,10.7,13.7,16.8,9,2,2.8,3.8,0,0
CUST100105,34.0,Male,East,Basic,Annual,UPI,16,1079.52,179.92,0,24.3,38.7,53.9,17,0,0.0,2.4,1,1
CUST100106,26.0,Male,South,Standard,Annual,UPI,5,389.66,389.66,0,6.4,5.8,6.8,5,0,0.0,3.9,0,0
CUST100107,32.0,Male,South,Basic,Monthly,NetBanking,2,187.17,187.17,1,16.3,16.6,16.2,16,1,0.7,5.0,0,0
CUST100108,45.0,Male,North,Standard,Monthly,Card,19,382.25,420.48,0,31.6,32.3,30.3,20,3,3.1,3.6,0,0
CUST100109,18.0,Female,North,Standard,Monthly,Wallet,5,410.88,493.06,1,24.9,22.9,24.1,27,1,3.9,2.5,0,1
CUST100110,41.0,Female,West,Premium,Annual,UPI,45,717.52,645.77,0,32.6,28.5,27.6,34,1,5.5,3.8,0,0
CUST100111,39.0,Male,South,Basic,Monthly,UPI,54,197.39,197.39,0,3.7,4.3,4.4,3,0,0.0,4.3,1,0
CUST100112,29.0,Male,South,Standard,Monthly,UPI,24,405.38,364.84,1,16.7,16.8,15.7,9,0,0.0,1.7,0,0
CUST100113,20.0,Female,West,Basic,Monthly,Card,15,193.62,193.62,1,11.3,12.2,10.5,14,4,1.5,3.1,0,0
CUST100114,37.0,Female,South,Premium,Monthly,NetBanking,1,783.81,862.19,0,17.1,20.6,27.8,15,1,4.7,3.6,0,1
CUST100115,30.0,Male,West,Standard,Monthly,UPI,1,405.0,405.0,1,29.8,18.1,16.1,25,0,0.0,2.2,1,1
CUST100116,39.0,Male,South,Standard,Annual,Card,31,387.22,348.5,1,38.4,38.4,40.4,32,1,2.5,5.0,1,0
CUST100117,36.0,Male,North,Standard,Annual,UPI,16,416.46,374.81,0,47.5,42.6,35.4,43,3,1.5,3.4,2,1
CUST100118,54.0,Female,North,Basic,Monthly,Wallet,29,211.34,211.34,0,13.7,15.6,17.6,14,1,2.3,3.3,0,1
CUST100119,33.0,Male,South,Standard,Annual,NetBanking,1,383.55,460.26,0,5.8,6.2,7.2,5,0,0.0,2.9,1,0
CUST100120,25.0,Male,South,Premium,Monthly,UPI,3,649.42,714.36,0,4.8,5.2,6.2,3,1,0.5,3.7,0,1
CUST100121,,Male,South,Basic,Monthly,Card,35,186.86,205.55,0,8.3,8.7,7.6,8,1,2.4,4.0,0,1
CUST100122,38.0,Male,South,Premium,Monthly,Card,15,675.59,675.59,0,28.3,24.5,23.0,18,3,1.5,4.4,0,0
CUST100123,51.0,Male,South,Premium,Annual,Card,20,697.1,697.1,0,22.6,21.9,21.2,14,1,0.8,3.4,0,1
CUST100124,45.0,Female,West,Premium,Monthly,NetBanking,31,642.06,642.06,0,38.5,36.5,32.1,30,1,2.8,2.2,1,0
CUST100125,40.0,Female,South,Premium,Monthly,NetBanking,6,684.38,615.94,0,23.4,21.8,18.8,17,1,5.5,3.5,0,0
CUST100126,52.0,Male,North,Basic,Monthly,Wallet,5,196.93,196.93,0,17.0,15.6,16.6,15,3,1.4,3.0,2,1
CUST100127,23.0,Male,South,Standard,Monthly,Card,13,405.48,446.03,0,13.7,11.9,10.1,13,3,3.4,4.7,0,0
CUST100128,29.0,Female,West,Basic,Monthly,Wallet,1,205.09,246.11,0,35.7,31.8,30.3,25,0,0.0,4.1,0,0
CUST100129,26.0,Male,West,Standard,Monthly,Wallet,66,407.01,407.01,0,3.7,3.8,4.5,3,2,2.9,3.7,0,0
CUST100130,32.0,Male,West,Basic,Annual,UPI,16,216.83,260.2,0,8.7,8.8,8.9,6,2,0.2,2.8,1,0
CUST100131,21.0,Male,West,Premium,Monthly,NetBanking,1,737.24,737.24,0,25.4,34.0,39.7,24,1,1.8,3.9,0,1
CUST100132,43.0,Female,South,Basic,Monthly,UPI,6,201.21,181.09,0,14.5,17.7,19.7,13,1,0.9,2.7,0,0
CUST100133,34.0,Female,East,Basic,Monthly,Card,24,189.34,189.34,0,27.7,27.6,24.7,26,2,5.2,3.5,0,0
CUST100134,20.0,Female,South,Basic,Monthly,Card,20,192.28,173.05,1,26.2,34.5,40.1,19,2,1.4,4.1,0,0
CUST100135,25.0,Female,West,Standard,Annual,Card,16,370.5,333.45,1,24.7,28.4,33.4,21,1,4.2,3.5,1,0
CUST100136,39.0,Male,North,Basic,Monthly,Card,72,200.53,200.53,0,24.0,20.7,21.2,22,3,1.9,4.2,1,1
CUST100137,45.0,Male,North,Basic,Monthly,UPI,1,202.3,242.76,0,29.1,31.5,29.2,28,2,2.2,4.7,1,1
CUST100138,58.0,Male,West,Basic,Annual,Card,31,207.88,249.46,0,29.1,25.3,24.1,27,0,,4.9,1,0
CUST100139,68.0,Female,West,Basic,Annual,Card,1,201.66,241.99,0,18.1,19.4,21.6,14,0,0.0,3.9,0,0
CUST100140,41.0,Female,West,Premium,Monthly,Card,6,735.84,662.26,0,15.6,13.3,13.4,9,2,2.3,2.4,1,0
CUST100141,25.0,Male,South,Standard,Monthly,UPI,13,420.44,504.53,0,21.7,16.5,11.6,20,0,0.0,2.8,0,0
CUST100142,18.0,Female,South,Basic,Annual,Wallet,14,188.77,188.77,1,33.2,34.0,33.9,30,0,0.0,4.3,0,0
CUST100143,39.0,Male,South,Basic,Annual,UPI,22,193.85,193.85,0,11.4,11.3,10.9,7,1,,,1,0
CUST100144,27.0,Male,North,Basic,Annual,NetBanking,10,198.89,198.89,0,16.3,13.4,12.3,16,2,4.7,3.2,2,0
CUST100145,31.0,Male,North,Basic,Monthly,Wallet,2,191.97,230.36,0,13.3,15.6,15.5,11,1,6.7,,0,0
CUST100146,29.0,Female,South,Basic,Annual,UPI,21,196.58,196.58,0,10.2,8.5,6.0,8,4,0.6,2.8,0,0
CUST100147,34.0,Female,West,Basic,Monthly,UPI,11,202.0,222.2,0,14.0,19.1,21.3,12,4,2.0,1.4,0,1
CUST100148,48.0,Female,South,Basic,Monthly,UPI,23,197.78,197.78,0,8.0,12.4,17.5,8,2,2.6,2.7,0,1
CUST100149,38.0,Female,East,Basic,Annual,Wallet,23,199.0,238.8,0,7.4,8.9,7.9,8,3,1.1,2.8,1,1
CUST100150,34.0,Female,West,Standard,Annual,Card,7,380.19,456.23,0,40.6,44.2,47.4,32,1,4.0,4.3,0,1
CUST100151,25.0,Female,East,Basic,Monthly,NetBanking,22,204.04,244.85,0,9.5,10.1,11.2,7,3,4.8,,2,0
CUST100152,18.0,Female,North,Standard,Monthly,UPI,11,407.64,489.17,0,24.6,20.5,17.0,23,0,0.0,1.9,1,0
CUST100153,31.0,Male,South,Standard,Annual,Card,49,383.79,383.79,0,47.4,38.8,35.7,25,0,0.0,2.2,0,0
CUST100154,35.0,Female,South,Premium,Monthly,UPI,17,653.8,588.42,1,31.8,36.0,51.6,31,2,1.1,4.0,0,1
CUST100155,55.0,Female,East,Basic,Monthly,NetBanking,8,211.24,211.24,0,24.1,20.9,18.9,13,2,5.1,3.4,1,1
CUST100156,37.0,Female,North,Standard,Monthly,NetBanking,5,433.88,433.88,0,26.3,24.1,24.5,14,2,1.5,3.9,1,0
CUST100157,47.0,Male,South,Premium,Monthly,Wallet,1,707.2,636.48,0,13.5,13.1,12.9,15,2,6.4,2.7,0,1
CUST100158,31.0,Female,West,Premium,Annual,UPI,5,686.36,686.36,0,32.2,28.8,26.5,12,3,0.9,2.5,0,0
CUST100159,23.0,Female,East,Premium,Monthly,UPI,4,735.57,882.68,0,42.6,55.4,64.1,45,0,,3.1,0,0
CUST100160,25.0,Male,West,Basic,Monthly,Wallet,12,203.68,203.68,0,14.9,17.8,19.3,17,2,1.4,1.0,1,1
CUST100161,28.0,Other,North,Premium,Annual,Card,1,691.64,691.64,0,7.2,9.4,13.7,6,2,1.5,2.2,0,1
CUST100162,59.0,Male,West,Premium,Monthly,Card,1,732.83,806.11,1,28.5,31.8,28.2,26,2,0.4,2.2,1,1
CUST100163,27.0,Male,South,Basic,Monthly,UPI,4,190.94,171.85,0,54.6,54.1,54.4,26,0,0.0,2.9,1,1
CUST100164,45.0,Male,South,Basic,Monthly,UPI,20,192.13,172.92,1,10.1,11.0,14.0,7,0,0.0,2.8,0,1
CUST100165,26.0,Female,West,Premium,Annual,UPI,37,711.71,711.71,0,3.4,2.9,2.3,3,1,4.1,2.6,0,0
CUST100166,46.0,Female,West,Basic,Annual,NetBanking,6,200.14,200.14,0,16.4,15.5,18.4,14,1,18.9,3.3,0,0
CUST100167,40.0,Male,North,Standard,Annual,Card,5,411.71,411.71,1,12.9,12.9,11.1,11,1,3.9,4.1,2,0
CUST100168,34.0,Female,South,Basic,Monthly,NetBanking,17,210.87,231.96,0,20.1,27.2,31.4,17,0,0.0,1.0,1,0
CUST100169,36.0,Male,South,Standard,Annual,UPI,13,368.03,404.83,0,11.8,14.2,15.3,9,2,1.4,2.4,0,1
CUST100170,29.0,Male,West,Basic,Monthly,Wallet,49,199.39,239.27,0,16.1,22.8,31.0,9,3,1.4,2.1,0,0
CUST100171,41.0,Female,West,Standard,Monthly,Card,17,436.93,436.93,0,9.7,10.7,10.7,8,0,0.0,2.3,0,1
CUST100172,31.0,Female,South,Standard,Monthly,UPI,12,387.1,464.52,0,4.9,4.5,4.3,3,1,2.3,4.7,0,0
CUST100173,23.0,Female,South,Premium,Monthly,NetBanking,20,674.02,808.82,0,17.1,24.4,32.8,12,1,3.1,2.4,2,1
CUST100174,22.0,Female,East,Basic,Monthly,UPI,7,176.7,176.7,0,25.5,22.0,21.1,28,0,0.0,4.2,1,1
CUST100175,38.0,Other,East,Basic,Monthly,Card,27,200.01,200.01,1,8.2,7.0,5.5,4,3,6.6,2.3,0,0
CUST100176,53.0,Male,North,Basic,Annual,Card,34,1228.68,204.78,1,50.0,52.9,52.2,39,3,5.9,4.3,0,0
CUST100177,38.0,Male,North,Basic,Annual,Card,1,204.76,204.76,0,23.2,27.3,29.0,23,2,0.7,2.5,0,1
CUST100178,35.0,Male,West,Premium,Monthly,UPI,20,662.76,662.76,0,13.5,13.4,13.6,13,3,1.5,2.1,1,1
CUST100179,39.0,Female,South,Basic,Annual,UPI,30,198.91,198.91,0,34.9,29.8,26.7,30,1,4.1,,0,0
CUST100180,50.0,Female,North,Basic,Annual,UPI,2,201.2,181.08,0,29.1,19.8,14.2,19,3,4.8,4.5,1,0
CUST100181,38.0,Female,East,Premium,Monthly,UPI,3,700.82,700.82,1,24.9,23.6,23.9,26,1,7.3,4.0,0,1
CUST100182,31.0,Male,North,Basic,Annual,Card,20,188.11,206.92,0,19.7,16.8,17.2,11,3,2.1,2.4,0,1
CUST100183,48.0,Male,West,Basic,Annual,Card,22,199.77,199.77,0,13.7,11.5,7.5,13,3,1.3,3.2,0,0
CUST100184,41.0,Female,East,Standard,Monthly,NetBanking,16,382.75,382.75,0,22.0,16.6,13.4,18,0,0.0,3.2,1,0
CUST100185,53.0,Other,North,Basic,Monthly,NetBanking,43,180.37,180.37,1,19.7,22.7,21.3,13,0,0.0,5.0,1,0
CUST100186,38.0,Male,South,Premium,Monthly,UPI,1,722.81,795.09,0,33.9,,31.3,24,3,6.2,3.8,0,0
CUST100187,23.0,Male,East,Standard,Annual,UPI,10,401.79,441.97,1,23.9,21.2,16.2,28,1,0.6,3.5,0,0
CUST100188,21.0,Male,South,Basic,Monthly,Wallet,7,204.89,204.89,1,15.2,14.2,16.7,9,1,6.2,3.7,1,0
CUST100189,54.0,Male,South,Standard,Monthly,Wallet,9,388.34,388.34,0,15.1,16.3,14.4,7,1,1.9,2.9,0,0
CUST100190,55.0,Male,North,Premium,Monthly,UPI,19,720.9,720.9,0,11.6,,14.2,8,2,3.7,3.3,1,0
CUST100191,34.0,Male,North,Basic,Monthly,Card,10,209.17,230.09,0,20.3,26.2,32.8,18,2,3.3,3.9,3,1
CUST100192,32.0,Female,West,Standard,Monthly,Card,29,433.99,433.99,0,14.1,17.5,18.2,15,0,0.0,4.7,1,0
CUST100193,52.0,Male,East,Basic,Annual,UPI,19,207.1,207.1,0,8.8,10.7,12.5,7,1,1.2,3.1,1,1
CUST100194,24.0,Male,West,Standard,Monthly,UPI,4,406.68,447.35,1,27.8,27.7,29.3,13,0,0.0,1.6,0,0
CUST100195,26.0,Male,South,Standard,Annual,Card,2,371.47,445.76,0,13.3,11.6,10.7,11,1,2.3,4.2,0,0
CUST100196,43.0,Female,North,Basic,Monthly,Card,5,197.94,197.94,0,15.7,13.2,15.0,15,1,9.2,2.9,0,0
CUST100197,32.0,Male,West,Standard,Monthly,Wallet,3,370.62,407.68,0,37.6,27.4,24.5,32,1,1.4,4.4,0,0
CUST100198,36.0,Male,North,Basic,Monthly,Card,9,190.85,190.85,0,30.0,27.0,31.6,27,1,3.3,2.0,2,1
CUST100199,34.0,Male,West,Standard,Monthly,NetBanking,6,438.0,438.0,0,23.7,21.2,15.9,10,5,1.0,,0,0
CUST100200,40.0,Female,North,Standard,Annual,Wallet,8,378.59,378.59,1,20.1,17.7,18.4,11,3,4.5,2.8,1,0
CUST100201,51.0,Female,South,Basic,Annual,UPI,16,175.69,158.12,0,41.9,33.0,23.6,32,2,2.8,2.9,0,0
CUST100202,37.0,Male,North,Basic,Monthly,Card,2,207.09,207.09,0,16.0,,16.1,16,1,0.6,5.0,0,1
CUST100203,43.0,Male,South,Premium,Annual,NetBanking,3,675.48,675.48,0,11.8,10.5,8.8,8,0,0.0,,0,0
CUST100204,18.0,Male,South,Basic,Annual,UPI,5,206.64,206.64,0,33.8,36.5,46.8,28,1,4.7,4.9,0,0
CUST100205,35.0,Female,South,Basic,Monthly,Card,42,187.36,187.36,0,223.8,23.1,22.8,20,0,0.0,5.0,0,0
CUST100206,27.0,Female,South,Basic,Monthly,UPI,8,194.76,194.76,0,10.4,8.0,5.7,6,0,0.0,2.5,2,0
CUST100207,23.0,Male,North,Standard,Annual,Card,10,422.86,422.86,1,23.8,23.7,23.3,16,2,2.3,2.4,1,1
CUST100208,26.0,Male,West,Basic,Annual,UPI,56,185.85,185.85,0,7.3,8.2,8.8,6,0,0.0,3.6,0,0
CUST100209,32.0,Female,North,Premium,Monthly,Wallet,7,693.08,623.77,0,30.4,29.0,38.9,22,0,0.0,3.6,0,0
CUST100210,46.0,Female,West,Standard,Monthly,UPI,12,404.81,364.33,0,20.6,16.6,12.0,20,1,2.3,4.7,0,0
CUST100211,21.0,Male,North,Basic,Monthly,Wallet,39,191.84,191.84,0,22.2,21.0,20.2,16,0,0.0,4.9,1,0
CUST100212,36.0,Male,South,Standard,Monthly,UPI,36,403.83,444.21,0,22.9,19.9,24.6,22,1,5.2,3.1,0,1
CUST100213,31.0,Male,South,Basic,Monthly,NetBanking,50,199.16,179.24,1,23.6,25.1,26.9,17,3,3.6,2.3,0,0
CUST100214,32.0,Female,West,Basic,Monthly,NetBanking,6,204.32,245.18,0,17.6,16.7,18.1,14,3,0.9,2.7,2,0
CUST100215,47.0,Female,East,Standard,Monthly,Card,7,435.75,392.18,0,18.6,15.7,13.2,18,2,2.5,3.5,0,0
CUST100216,42.0,Female,West,Basic,Monthly,Wallet,3,225.62,203.06,0,14.0,16.0,17.5,11,0,0.0,2.7,0,1
CUST100217,51.0,Female,South,Premium,Monthly,Wallet,9,715.19,786.71,0,20.2,20.6,20.5,14,2,2.8,2.0,0,0
CUST100218,34.0,Male,East,Standard,Monthly,UPI,16,396.8,396.8,0,17.6,17.2,16.7,14,1,1.9,2.8,0,1
CUST100219,28.0,Male,West,Basic,Monthly,NetBanking,31,203.39,203.39,1,19.2,21.4,27.8,19,0,0.0,3.3,0,1
CUST100220,34.0,Male,West,Premium,Annual,Card,55,690.88,690.88,0,8.3,9.2,8.4,7,1,3.4,3.2,0,0
CUST100221,39.0,Female,South,Standard,Annual,Card,17,367.33,440.8,0,12.7,12.3,11.1,5,1,2.0,1.5,0,0
CUST100222,38.0,Female,West,Basic,Monthly,Card,4,198.54,218.39,1,4.3,4.2,4.0,3,1,5.2,3.1,0,1
CUST100223,24.0,Male,North,Standard,Annual,UPI,41,420.59,378.53,0,16.6,16.0,16.2,11,0,0.0,2.5,0,0
CUST100224,37.0,Male,West,Premium,Annual,Card,15,647.81,647.81,1,9.6,7.4,7.4,9,0,0.0,3.9,1,0
CUST100225,39.0,Female,North,Basic,Monthly,Card,1,189.2,189.2,0,6.1,6.6,6.0,3,3,5.4,1.8,1,1
CUST100226,64.0,Female,North,Basic,Annual,Wallet,29,193.21,212.53,0,20.2,27.4,36.6,17,0,0.0,4.1,0,0
CUST100227,57.0,Female,North,Standard,Monthly,UPI,19,406.43,406.43,1,10.1,8.7,9.1,9,1,0.3,3.4,0,0
CUST100228,27.0,Male,West,Basic,Monthly,NetBanking,26,222.65,222.65,0,12.7,15.1,13.4,12,1,2.8,5.0,0,0
CUST100229,33.0,Female,South,Basic,Annual,Card,1,190.95,171.86,0,21.9,25.6,24.0,17,1,3.6,3.8,0,0
CUST100230,20.0,Female,North,Standard,Monthly,Card,14,400.82,400.82,0,27.2,18.4,14.4,13,0,0.0,3.6,2,0
CUST100231,30.0,Female,North,Premium,Monthly,NetBanking,19,699.2,629.28,1,14.2,14.3,14.3,11,3,0.5,3.0,0,1
CUST100232,39.0,Female,East,Standard,Monthly,Card,10,392.99,392.99,1,30.4,35.3,34.9,33,3,4.4,3.1,0,0
CUST100233,49.0,Female,North,Basic,Monthly,UPI,1,198.53,198.53,0,34.3,24.5,20.1,23,2,0.9,2.7,1,1
CUST100234,28.0,Female,East,Basic,Monthly,Wallet,27,194.38,194.38,0,17.1,16.2,18.1,21,1,9.2,3.3,2,1
CUST100235,29.0,Female,North,Basic,Monthly,Card,7,226.29,226.29,0,17.1,15.2,12.0,16,1,2.7,3.0,0,1
CUST100236,18.0,Male,East,Basic,Annual,UPI,31,206.46,185.81,0,12.3,13.0,14.8,9,1,6.1,3.2,0,0
CUST100237,34.0,Male,East,Standard,Monthly,UPI,31,389.9,389.9,0,19.4,19.6,18.9,16,3,7.7,2.6,0,1
CUST100238,24.0,Female,East,Basic,Annual,Card,6,210.78,252.94,0,27.3,17.6,11.7,24,0,0.0,3.4,1,0
CUST100239,30.0,Female,West,Premium,Monthly,UPI,11,707.97,849.56,0,33.1,32.7,25.0,23,1,7.0,3.5,0,0
CUST100240,26.0,Male,North,Standard,Monthly,UPI,44,400.16,360.14,0,10.4,7.4,6.3,7,3,5.2,3.6,0,0
CUST100241,35.0,Male,South,Standard,Annual,Card,20,395.37,395.37,1,17.8,16.0,17.3,21,2,4.2,4.2,1,0
CUST100242,18.0,Female,East,Premium,Monthly,UPI,18,690.26,621.23,0,24.8,22.7,20.3,27,1,3.6,2.9,0,0
CUST100243,20.0,Female,South,Standard,Monthly,UPI,3,374.66,374.66,0,6.2,9.5,13.1,5,0,0.0,2.4,1,1
CUST100244,59.0,Female,South,Premium,Annual,UPI,13,640.51,640.51,0,2.2,1.8,1.8,1,0,0.0,4.6,0,0
CUST100245,22.0,Male,West,Premium,Monthly,Wallet,34,711.96,640.76,0,17.4,15.0,16.1,8,3,7.1,5.0,3,1
CUST100246,24.0,Female,North,Standard,Monthly,NetBanking,3,395.17,434.69,0,10.6,11.8,13.5,13,2,2.7,3.8,1,1
CUST100247,56.0,Female,North,Basic,Annual,UPI,5,207.73,207.73,0,9.7,9.2,8.9,10,2,3.3,3.0,0,0
CUST100248,68.0,Male,West,Basic,Monthly,Wallet,12,190.15,171.14,0,10.9,10.9,11.6,11,1,5.1,3.8,0,1
CUST100249,23.0,Male,South,Premium,Annual,NetBanking,10,660.63,726.69,0,11.0,,14.3,8,3,5.9,3.2,1,0
CUST100250,32.0,Other,South,Basic,Monthly,Card,1,206.72,206.72,0,21.7,18.6,15.2,15,3,2.2,3.0,0,0
CUST100251,40.0,Male,South,Premium,Monthly,Card,61,688.68,619.81,0,4.2,4.5,4.0,3,0,0.0,2.9,0,1
CUST100252,55.0,Female,South,Basic,Monthly,Card,4,207.51,207.51,0,20.9,19.9,18.2,4,2,4.3,4.3,0,0
CUST100253,25.0,Female,East,Standard,Annual,Card,18,399.67,439.64,0,14.8,13.7,15.5,9,0,0.0,3.0,0,0
CUST100254,33.0,Female,West,Basic,Monthly,UPI,16,217.68,195.91,0,7.7,8.7,9.0,7,3,4.3,4.0,0,1
CUST100255,,Male,North,Premium,Annual,Card,17,725.41,797.95,1,23.8,26.1,29.7,20,3,7.0,3.6,0,0
CUST100256,41.0,Female,South,Basic,Annual,Wallet,55,203.08,223.39,0,21.5,24.8,27.6,15,0,0.0,5.0,0,0
CUST100257,32.0,Male,North,Basic,Monthly,UPI,72,206.96,206.96,1,11.5,14.4,15.9,11,2,1.6,4.0,1,0
CUST100258,35.0,Female,South,Premium,Monthly,Card,23,689.46,689.46,0,4.8,4.7,4.8,3,2,2.7,1.0,0,0
CUST100259,21.0,Male,East,Basic,Monthly,Wallet,4,182.65,182.65,0,23.0,23.0,28.8,22,0,0.0,,2,0
CUST100260,33.0,Female,East,Basic,Annual,UPI,29,202.59,182.33,0,31.8,37.8,45.6,30,1,4.2,3.6,1,0
CUST100261,33.0,Female,South,Premium,Monthly,Card,4,766.86,766.86,0,4.6,4.2,4.6,4,2,1.2,,1,1
CUST100262,39.0,Male,West,Premium,Annual,Card,13,618.95,557.06,1,9.8,8.9,8.8,8,3,0.8,2.6,0,1
CUST100263,30.0,Male,West,Basic,Monthly,UPI,8,203.67,183.3,0,4.0,2.9,3.0,3,2,4.7,1.9,1,1
CUST100264,41.0,Female,South,Standard,Annual,UPI,2,368.37,405.21,1,25.9,26.5,28.8,15,0,0.0,4.6,1,0
CUST100265,47.0,Male,East,Basic,Annual,UPI,9,198.77,178.89,1,16.0,18.9,16.6,6,3,1.2,4.7,0,0
CUST100266,38.0,Male,East,Basic,Monthly,NetBanking,2,199.79,199.79,0,14.0,19.6,28.6,13,1,1.7,2.7,1,0
CUST100267,40.0,Male,South,Standard,Monthly,UPI,1,413.9,455.29,0,25.0,29.9,31.7,12,1,6.0,3.0,1,0
CUST100268,37.0,Female,South,Basic,Monthly,NetBanking,1,201.09,201.09,1,12.8,16.6,18.2,10,1,3.0,5.0,0,0
CUST100269,36.0,Female,East,Standard,Monthly,UPI,14,426.4,426.4,0,25.2,24.8,26.1,21,1,3.4,2.3,1,1
CUST100270,28.0,Male,West,Basic,Annual,UPI,9,210.61,231.67,0,8.7,8.7,8.1,5,0,0.0,2.7,0,1
CUST100271,39.0,Female,North,Premium,Monthly,Card,4,692.13,692.13,0,17.4,20.3,23.2,13,1,2.4,2.5,1,1
CUST100272,35.0,Male,North,Standard,Monthly,UPI,43,420.83,420.83,0,27.6,39.2,64.0,24,0,0.0,4.0,0,0
CUST100273,59.0,Male,East,Basic,Annual,UPI,1,195.89,176.3,0,6.8,5.6,4.8,5,2,0.9,3.0,0,0
CUST100274,53.0,Male,North,Premium,Annual,UPI,44,682.05,613.84,0,11.0,,7.9,10,1,1.0,2.9,0,1
CUST100275,,Male,South,Premium,Monthly,UPI,45,656.91,591.22,0,13.9,11.9,10.2,10,1,1.3,,0,0
CUST100276,28.0,Male,North,Basic,Annual,UPI,11,212.05,212.05,0,39.9,49.3,61.5,30,1,4.7,4.4,0,0
CUST100277,24.0,Female,West,Premium,Monthly,UPI,1,688.51,757.36,1,20.3,15.4,15.8,13,5,1.1,4.0,0,0
CUST100278,49.0,Male,West,Basic,Monthly,UPI,47,174.91,174.91,0,7.8,6.6,5.5,6,0,0.0,3.9,0,0
CUST100279,39.0,Female,West,Basic,Monthly,UPI,42,204.39,204.39,1,43.2,43.6,41.1,35,0,0.0,4.6,2,0
CUST100280,41.0,Male,South,Basic,Monthly,Wallet,6,194.68,194.68,0,38.1,,40.7,23,2,1.0,2.2,0,1
CUST100281,18.0,Male,North,Basic,Monthly,UPI,5,196.03,196.03,1,19.5,19.4,19.8,17,0,0.0,4.5,0,0
CUST100282,46.0,Male,North,Standard,Monthly,UPI,10,394.33,394.33,0,49.5,38.8,37.1,15,0,0.0,4.6,0,0
CUST100283,41.0,Female,South,Standard,Monthly,UPI,1,392.29,470.75,1,12.3,12.1,10.4,12,1,2.0,2.8,0,0
CUST100284,24.0,Female,South,Premium,Annual,UPI,3,794.34,794.34,0,15.0,15.9,15.1,8,4,0.7,3.4,0,0
CUST100285,31.0,Male,West,Basic,Monthly,NetBanking,54,215.54,215.54,0,9.9,9.9,8.4,10,0,0.0,4.0,1,0
CUST100286,39.0,Male,East,Basic,Annual,Wallet,10,205.96,185.36,0,25.1,35.3,53.5,23,3,3.1,3.5,0,0
CUST100287,37.0,Male,East,Basic,Annual,NetBanking,17,201.4,181.26,0,45.5,41.1,34.1,46,1,1.1,4.5,0,0
CUST100288,33.0,Female,South,Basic,Monthly,Wallet,10,210.23,210.23,0,29.5,32.0,27.0,17,1,2.2,3.7,0,0
CUST100289,35.0,Male,North,Premium,Monthly,UPI,1,707.52,707.52,0,10.4,9.6,9.5,8,0,0.0,5.0,0,0
CUST100290,33.0,Female,South,Standard,Monthly,Wallet,11,415.28,415.28,0,12.7,14.0,16.0,11,0,0.0,2.7,0,0
CUST100291,38.0,Male,South,Standard,Monthly,NetBanking,2,410.14,410.14,0,27.7,27.5,26.3,25,3,2.1,2.2,3,1
CUST100292,52.0,Male,North,Standard,Annual,NetBanking,20,401.56,401.56,0,10.2,9.4,7.2,10,1,1.4,3.4,0,0
CUST100293,18.0,Female,South,Basic,Monthly,NetBanking,72,208.36,250.03,0,17.3,19.3,21.0,16,1,5.9,2.8,2,0
CUST100294,33.0,Male,West,Basic,Annual,UPI,7,194.82,194.82,0,6.4,4.5,3.7,6,2,4.8,3.6,0,1
CUST100295,38.0,Male,North,Basic,Annual,UPI,3,199.58,199.58,0,14.9,14.1,14.1,13,0,0.0,3.5,0,0
CUST100296,39.0,Female,South,Premium,Annual,UPI,16,664.77,598.29,0,19.5,22.4,24.4,18,0,0.0,3.5,1,0
CUST100297,32.0,Male,South,Basic,Monthly,UPI,45,190.4,209.44,0,20.0,18.1,17.5,16,0,0.0,,0,0
CUST100298,18.0,Male,East,Basic,Annual,UPI,8,173.83,191.21,1,23.6,28.4,29.5,24,2,3.2,3.5,0,1
CUST100299,40.0,Male,South,Standard,Monthly,Card,44,408.11,448.92,0,36.7,38.3,29.4,29,0,0.0,3.8,0,0
CUST100300,55.0,Male,South,Basic,Monthly,UPI,1,206.28,247.54,1,30.5,,24.4,14,0,0.0,4.2,0,0
CUST100301,19.0,Female,North,Standard,Annual,UPI,72,420.65,462.72,0,29.2,,17.3,31,1,4.9,3.2,0,0
CUST100302,46.0,Male,South,Basic,Monthly,UPI,11,188.03,188.03,0,27.0,24.4,25.2,24,1,1.9,1.7,1,0
CUST100303,32.0,Female,East,Standard,Annual,Card,20,407.78,407.78,0,20.1,20.2,19.2,15,0,0.0,4.5,0,0
CUST100304,35.0,Female,North,Basic,Monthly,Card,27,198.99,179.09,0,17.4,13.4,11.6,14,1,0.8,2.8,0,0
CUST100305,24.0,Female,South,Premium,Annual,UPI,7,724.78,652.3,0,31.3,23.7,18.7,35,1,8.7,3.8,0,0
CUST100306,32.0,Female,West,Standard,Annual,UPI,16,386.0,424.6,0,27.5,33.2,34.6,23,1,1.4,3.5,0,0
CUST100307,50.0,Female,North,Basic,Monthly,Card,25,195.65,195.65,0,11.8,11.7,9.3,13,2,6.8,5.0,1,0
CUST100308,42.0,Female,East,Standard,Monthly,Card,15,368.01,441.61,0,24.6,28.0,33.5,22,0,0.0,1.1,0,1
CUST100309,55.0,Male,South,Standard,Monthly,UPI,21,384.7,346.23,0,20.3,21.5,23.6,15,1,2.7,2.9,2,0
CUST100310,49.0,Male,East,Standard,Annual,Card,9,399.06,478.87,0,22.7,26.8,27.6,12,0,0.0,4.2,0,0
CUST100311,41.0,Female,South,Premium,Monthly,Card,14,705.09,705.09,0,33.6,33.1,41.0,28,0,0.0,2.2,1,0
CUST100312,55.0,Male,North,Premium,Annual,UPI,5,640.08,640.08,0,12.2,14.4,19.0,13,1,2.5,3.5,0,0
CUST100313,41.0,Female,South,Basic,Monthly,UPI,3,193.91,193.91,1,11.5,11.4,12.0,8,1,2.5,1.9,2,1
CUST100314,45.0,Male,West,Basic,Monthly,Wallet,58,200.6,220.66,1,21.3,25.8,29.8,19,1,4.3,3.5,0,0
CUST100315,33.0,Female,South,Basic,Annual,Card,36,213.01,255.61,1,12.9,16.0,15.2,14,2,2.0,3.3,0,0
CUST100316,37.0,Male,West,Standard,Annual,Card,59,382.14,382.14,0,7.3,7.3,7.5,3,2,,4.0,3,1
CUST100317,28.0,Female,West,Premium,Monthly,Card,1,716.13,716.13,0,9.3,13.2,16.9,8,3,0.6,,1,1
CUST100318,47.0,Male,North,Standard,Monthly,UPI,72,387.8,387.8,0,49.6,36.0,28.6,45,1,1.5,2.6,0,0
CUST100319,23.0,Male,South,Basic,Annual,Card,10,194.56,194.56,0,19.4,17.9,21.8,17,0,0.0,3.9,3,0
CUST100320,45.0,Female,North,Premium,Annual,Card,68,668.33,668.33,0,25.0,36.7,45.3,11,1,2.2,3.9,1,0
CUST100321,34.0,Female,West,Standard,Monthly,UPI,6,378.17,378.17,0,16.5,14.1,13.8,11,0,0.0,2.9,1,0
CUST100322,49.0,Female,East,Basic,Monthly,UPI,1,194.28,194.28,0,32.0,35.0,40.2,12,2,10.2,4.3,0,1
CUST100323,44.0,Female,North,Premium,Monthly,UPI,15,735.63,735.63,0,4.4,5.0,5.3,2,0,0.0,4.4,0,1
CUST100324,56.0,Male,South,Basic,Monthly,UPI,38,191.49,172.34,0,39.7,42.3,36.6,38,1,4.1,1.9,1,0
CUST100325,,Female,West,Standard,Monthly,NetBanking,17,380.83,380.83,1,19.2,20.8,24.2,14,1,,3.6,1,0
CUST100326,19.0,Male,South,Standard,Monthly,UPI,3,403.17,403.17,0,12.9,11.8,10.8,12,0,0.0,2.8,0,1
CUST100327,35.0,Female,South,Premium,Annual,Card,5,699.18,769.1,0,36.7,29.0,22.5,35,2,4.3,1.3,0,0
CUST100328,23.0,Male,South,Basic,Monthly,UPI,3,198.32,178.49,0,24.1,29.4,33.3,14,1,3.1,,1,0
CUST100329,30.0,Male,North,Basic,Annual,Card,34,201.53,201.53,0,17.7,16.9,13.0,15,1,1.2,3.2,0,0
CUST100330,53.0,Female,West,Standard,Monthly,Card,16,378.86,416.75,0,7.8,10.2,11.2,4,1,2.8,5.0,0,0
CUST100331,43.0,Female,West,Premium,Monthly,UPI,1,667.58,667.58,0,18.0,17.0,14.3,15,1,1.4,3.0,0,0
CUST100332,28.0,Male,South,Basic,Monthly,Card,8,208.81,229.69,0,20.4,24.2,27.9,18,0,0.0,3.8,0,0
CUST100333,25.0,Female,North,Basic,Monthly,Card,22,197.55,177.8,0,21.8,21.2,27.9,16,0,0.0,4.1,0,1
CUST100334,36.0,Female,West,Premium,Annual,UPI,10,719.85,719.85,0,11.9,12.6,11.9,6,0,0.0,3.4,0,0
CUST100335,23.0,Male,North,Standard,Annual,NetBanking,22,423.42,423.42,0,12.1,16.2,14.0,6,3,6.3,3.3,1,1
CUST100336,29.0,Female,South,Basic,Annual,Card,17,207.42,207.42,0,9.2,7.5,6.9,12,1,5.8,2.8,1,0
CUST100337,39.0,Male,North,Basic,Annual,UPI,7,185.37,185.37,0,12.7,11.0,9.6,12,2,3.7,2.2,1,0
CUST100338,49.0,Male,East,Standard,Annual,Wallet,4,396.68,396.68,0,26.3,39.9,54.9,20,0,0.0,3.2,1,1
CUST100339,43.0,Female,West,Standard,Annual,Card,23,419.76,419.76,0,44.2,36.8,31.4,44,3,0.3,1.8,0,0
CUST100340,18.0,Male,East,Standard,Monthly,UPI,24,409.43,409.43,0,16.2,17.9,17.5,18,1,3.5,4.1,1,1
CUST100341,39.0,Male,South,Standard,Annual,Card,72,402.67,442.94,1,22.2,18.9,17.5,23,3,4.7,3.0,2,0
CUST100342,37.0,Female,East,Basic,Monthly,Wallet,7,182.69,200.96,0,8.9,9.1,9.3,7,1,0.9,3.0,2,0
CUST100343,41.0,Male,South,Premium,Monthly,Card,72,677.45,812.94,0,9.0,11.5,14.7,7,0,0.0,,0,0
CUST100344,54.0,Female,West,Basic,Annual,Card,8,199.69,199.69,0,31.0,33.2,39.0,30,0,0.0,3.2,0,0
CUST100345,18.0,Female,North,Premium,Annual,Wallet,18,649.16,649.16,0,3.9,2.8,2.2,3,2,4.0,1.0,1,1
CUST100346,29.0,Male,South,Basic,Monthly,UPI,1,206.9,206.9,0,24.3,26.2,32.9,25,0,0.0,3.2,2,1
CUST100347,42.0,Female,North,Basic,Annual,Card,58,197.83,197.83,0,24.8,20.3,26.2,20,0,0.0,4.5,0,0
CUST100348,19.0,Male,South,Basic,Monthly,NetBanking,1,179.3,179.3,1,31.5,33.0,32.6,30,1,2.7,4.5,1,0
CUST100349,52.0,Female,South,Basic,Annual,NetBanking,3,193.36,232.03,0,22.9,24.0,29.7,23,2,0.7,2.0,1,1
CUST100350,40.0,Male,North,Basic,Annual,UPI,19,196.15,196.15,0,7.5,6.7,6.0,4,1,1.1,2.9,0,0
CUST100351,45.0,Female,West,Standard,Monthly,Card,19,396.41,396.41,0,35.1,36.0,31.0,29,1,4.5,4.2,0,0
CUST100352,30.0,Male,West,Premium,Annual,Card,34,748.62,748.62,0,13.9,12.0,12.6,14,0,,2.3,2,0
CUST100353,45.0,Female,North,Standard,Annual,Wallet,12,410.54,410.54,0,33.8,39.1,43.9,22,2,0.6,3.0,0,0
CUST100354,48.0,Male,South,Standard,Annual,Card,14,371.76,408.94,1,30.0,24.4,24.4,21,0,0.0,4.1,3,0
CUST100355,39.0,Male,North,Basic,Annual,Card,72,184.18,165.76,0,22.4,17.1,12.6,23,1,1.8,4.9,0,0
CUST100356,39.0,Male,North,Premium,Annual,Card,12,689.67,689.67,0,30.2,43.2,51.3,33,2,3.0,2.8,0,0
CUST100357,39.0,Female,South,Basic,Monthly,Card,20,200.26,200.26,0,37.6,31.6,29.4,4,2,6.0,1.9,0,0
CUST100358,27.0,Other,West,Basic,Annual,UPI,43,208.87,250.64,0,24.2,24.8,23.4,25,0,0.0,3.0,0,0
CUST100359,34.0,Male,West,Basic,Monthly,UPI,43,216.21,216.21,0,28.4,35.6,45.3,10,1,1.0,5.0,0,0
CUST100360,34.0,Male,South,Basic,Monthly,Card,13,216.75,216.75,0,11.1,10.4,10.4,9,2,1.0,3.6,0,0
CUST100361,40.0,Male,West,Standard,Monthly,Card,16,390.18,390.18,0,27.3,24.4,21.8,14,2,6.2,4.5,2,0
CUST100362,47.0,Male,East,Basic,Monthly,Card,9,1249.8000000000002,208.3,1,10.9,9.8,10.6,8,1,0.4,,1,0
CUST100363,24.0,Female,South,Basic,Annual,Card,10,203.24,223.56,1,21.2,27.4,31.5,17,0,0.0,3.0,0,0
CUST100364,35.0,Female,East,Premium,Annual,Card,58,660.88,793.06,0,13.0,12.1,10.2,12,1,2.2,2.4,0,0
CUST100365,52.0,Female,South,Basic,Annual,UPI,17,180.22,180.22,0,14.7,18.8,22.5,16,1,3.8,3.0,1,0
CUST100366,28.0,Male,South,Standard,Monthly,Card,32,401.87,361.68,0,40.1,52.9,58.4,21,1,3.0,4.2,0,0
CUST100367,27.0,Male,West,Basic,Monthly,Card,1,184.12,202.53,0,18.9,18.1,22.0,20,2,2.6,1.9,0,0
CUST100368,,Female,East,Premium,Monthly,UPI,3,669.24,602.32,0,21.1,24.2,25.4,16,0,0.0,4.5,0,0
CUST100369,45.0,Male,South,Standard,Monthly,UPI,5,385.34,385.34,1,27.9,28.9,33.5,21,1,,2.3,1,0
CUST100370,36.0,Female,North,Basic,Monthly,UPI,11,201.18,201.18,0,20.3,23.2,24.8,23,1,2.5,3.2,1,1
CUST100371,51.0,Male,West,Premium,Monthly,Wallet,2,743.76,743.76,0,27.0,24.0,23.4,26,2,4.0,3.2,0,0
CUST100372,45.0,Male,North,Basic,Annual,Card,2,199.13,179.22,0,28.4,27.3,31.4,13,0,0.0,4.4,1,0
CUST100373,45.0,Female,West,Basic,Monthly,Card,15,193.64,193.64,0,14.1,13.8,17.8,11,0,0.0,3.5,0,1
CUST100374,42.0,Male,West,Standard,Annual,Card,18,357.73,429.28,0,9.9,9.6,8.6,6,3,0.6,3.5,0,0
CUST100375,62.0,Female,South,Standard,Annual,Card,28,408.14,408.14,0,20.2,18.1,18.0,14,2,7.1,2.9,1,1
CUST100376,34.0,Male,East,Basic,Annual,Wallet,53,199.28,179.35,0,14.8,14.4,13.3,11,0,0.0,4.1,0,0
CUST100377,18.0,Male,East,Basic,Monthly,UPI,17,193.53,174.18,0,29.6,26.9,32.2,26,0,,3.7,1,0
CUST100378,54.0,Male,West,Basic,Monthly,NetBanking,25,210.6,210.6,0,15.0,14.7,14.7,8,3,2.9,3.2,0,0
CUST100379,31.0,Male,North,Standard,Annual,Wallet,51,375.24,412.76,0,37.4,27.8,28.3,28,0,0.0,3.9,0,0
CUST100380,37.0,Female,South,Premium,Monthly,NetBanking,7,675.06,675.06,0,38.2,31.7,39.2,28,2,4.6,,0,1
CUST100381,50.0,Male,South,Basic,Monthly,UPI,20,196.56,176.9,0,35.8,33.6,31.6,31,1,0.3,4.7,0,0
CUST100382,18.0,Female,East,Premium,Annual,NetBanking,13,679.35,679.35,1,25.8,32.5,36.6,20,2,2.9,3.8,1,0
CUST100383,22.0,Female,West,Basic,Annual,UPI,2,204.48,204.48,1,13.2,12.4,17.0,13,2,4.1,3.4,1,0
CUST100384,18.0,Male,West,Standard,Annual,Card,4,408.26,408.26,0,16.1,18.6,21.2,14,1,8.1,3.0,1,0
CUST100385,27.0,Male,North,Premium,Monthly,UPI,5,735.73,735.73,1,25.6,27.4,33.5,24,0,0.0,5.0,1,0
CUST100386,41.0,Male,South,Standard,Monthly,Wallet,4,409.02,368.12,0,17.8,17.1,19.4,15,0,0.0,5.0,2,0
CUST100387,42.0,Female,South,Basic,Annual,NetBanking,61,1187.1,217.64,0,17.3,21.4,22.6,10,0,0.0,2.8,1,0
CUST100388,39.0,Female,West,Basic,Monthly,UPI,4,195.62,195.62,0,36.7,36.3,33.9,27,1,2.5,4.1,0,1
CUST100389,20.0,Male,North,Basic,Monthly,NetBanking,24,203.53,203.53,0,8.7,10.8,12.1,6,0,0.0,5.0,2,0
CUST100390,18.0,Female,West,Standard,Monthly,UPI,2,395.2,474.24,0,26.4,43.2,54.3,25,2,0.9,3.8,0,0
CUST100391,37.0,Male,South,Premium,Monthly,UPI,45,700.65,700.65,0,24.8,28.5,30.9,24,0,0.0,3.8,1,0
CUST100392,31.0,Male,North,Basic,Monthly,Card,47,204.07,204.07,0,20.9,15.3,11.4,16,1,1.6,2.9,1,0
CUST100393,41.0,Male,West,Basic,Annual,Card,65,200.38,180.34,0,10.7,12.4,13.9,9,0,0.0,4.2,2,0
CUST100394,44.0,Other,South,Basic,Monthly,Card,25,202.07,202.07,0,16.2,19.0,21.5,8,2,2.1,2.4,0,1
CUST100395,38.0,Male,South,Standard,Monthly,NetBanking,14,383.22,344.9,0,20.7,25.1,21.1,15,0,0.0,,0,0
CUST100396,44.0,Male,East,Standard,Annual,Wallet,44,425.93,511.12,0,10.0,8.1,6.5,3,1,4.2,3.0,0,0
CUST100397,39.0,Male,North,Basic,Annual,Card,38,187.99,206.79,0,33.0,32.4,37.1,32,2,1.0,3.8,0,0
CUST100398,42.0,Female,West,Standard,Annual,Card,14,407.76,448.54,1,19.5,18.7,21.0,24,2,1.5,,1,0
CUST100399,28.0,Male,West,Basic,Annual,Card,15,194.17,194.17,0,18.7,19.5,15.1,13,1,2.9,3.0,0,0
CUST100400,34.0,Male,East,Standard,Monthly,NetBanking,22,420.59,420.59,0,27.2,26.8,25.7,23,0,0.0,3.4,0,0
CUST100401,38.0,Male,South,Basic,Monthly,UPI,3,207.79,249.35,0,40.6,34.9,34.5,36,1,4.1,4.8,2,1
CUST100402,45.0,Female,North,Basic,Monthly,UPI,3,198.98,179.08,0,16.0,19.9,22.2,9,2,3.6,2.7,0,1
CUST100403,32.0,Male,West,Standard,Monthly,Card,5,430.02,516.02,0,9.4,9.7,10.2,7,2,3.8,1.0,0,1
CUST100404,42.0,Female,North,Standard,Annual,Card,2,395.26,434.79,1,43.1,32.8,27.4,38,0,0.0,5.0,1,0
CUST100405,33.0,Male,West,Basic,Annual,Wallet,31,207.77,186.99,0,21.9,23.6,23.8,18,1,1.5,4.5,0,0
CUST100406,35.0,Male,East,Standard,Monthly,UPI,28,384.51,346.06,0,51.6,37.2,31.0,42,1,2.9,4.3,1,0
CUST100407,45.0,Female,South,Standard,Monthly,Card,4,407.08,407.08,0,37.8,38.6,41.0,28,1,2.8,3.9,2,0
CUST100408,18.0,Female,North,Basic,Annual,Card,5,189.72,208.69,0,12.4,10.8,9.3,8,3,1.8,2.9,0,0
CUST100409,22.0,Male,East,Premium,Monthly,Card,50,699.68,769.65,1,17.5,14.1,15.4,16,0,0.0,1.9,0,0
CUST100410,20.0,Female,South,Premium,Monthly,Card,23,697.2,697.2,0,3.9,4.3,4.4,4,0,0.0,3.5,0,1
CUST100411,18.0,Female,South,Basic,Monthly,Card,2,207.74,186.97,0,13.2,11.2,9.1,5,1,0.6,3.3,0,0
CUST100412,29.0,Male,East,Premium,Monthly,UPI,8,675.56,608.0,0,8.5,11.2,13.3,3,3,0.2,2.9,1,1
CUST100413,44.0,Female,South,Standard,Monthly,Card,20,460.31,506.34,1,13.8,12.7,11.2,8,2,7.1,3.8,0,0
CUST100414,33.0,Female,South,Basic,Monthly,UPI,28,185.25,166.72,1,6.7,6.1,5.6,5,0,0.0,5.0,0,0
CUST100415,38.0,Male,East,Standard,Monthly,UPI,14,403.65,403.65,0,11.8,9.2,10.3,9,1,0.8,3.4,0,1
CUST100416,48.0,Female,West,Basic,Monthly,Card,5,201.86,201.86,0,13.6,13.1,12.1,11,0,0.0,3.6,1,0
CUST100417,51.0,Male,North,Standard,Monthly,UPI,4,409.73,368.76,0,18.7,17.3,15.6,15,1,1.0,5.0,0,0
CUST100418,35.0,Male,West,Premium,Monthly,NetBanking,17,680.99,749.09,0,7.7,8.8,10.2,6,3,4.2,2.2,0,1
CUST100419,51.0,Female,West,Basic,Monthly,Card,53,201.41,201.41,0,6.3,5.5,4.9,7,2,0.3,3.2,1,0
CUST100420,37.0,Female,North,Standard,Monthly,NetBanking,14,387.74,426.51,0,33.8,37.4,38.2,21,1,2.1,3.5,0,1
CUST100421,27.0,Female,South,Basic,Annual,Card,21,217.64,195.88,0,13.2,18.0,18.2,13,1,1.3,2.7,1,0
CUST100422,29.0,Female,West,Standard,Annual,Card,1,386.33,347.7,0,22.5,27.1,24.5,27,2,,2.9,0,1
CUST100423,20.0,Female,South,Premium,Monthly,Card,17,693.83,693.83,0,13.0,13.6,11.2,7,3,0.7,2.7,1,1
CUST100424,26.0,Male,West,Basic,Monthly,UPI,11,192.4,173.16,1,19.3,18.1,15.2,8,0,0.0,4.5,0,1
CUST100425,32.0,Female,North,Standard,Monthly,UPI,2,383.03,383.03,0,18.3,17.6,17.9,15,1,0.2,3.2,0,1
CUST100426,45.0,Female,North,Basic,Monthly,NetBanking,7,185.06,222.07,0,34.6,39.2,36.7,32,3,1.1,2.7,1,0
CUST100427,55.0,Female,North,Standard,Annual,Card,17,412.41,494.89,0,16.7,16.8,16.0,14,2,0.6,3.7,0,0
CUST100428,21.0,Male,North,Standard,Annual,UPI,59,385.58,385.58,0,17.3,20.3,19.3,6,1,3.9,3.0,0,0
CUST100429,40.0,Male,West,Standard,Monthly,Card,4,383.1,421.41,0,10.3,13.7,18.4,5,0,0.0,2.9,0,0
CUST100430,25.0,Male,South,Basic,Monthly,Card,12,189.42,189.42,0,6.6,,11.2,5,0,0.0,5.0,0,1
CUST100431,41.0,Male,West,Standard,Monthly,UPI,8,405.07,405.07,0,21.8,20.6,21.7,19,3,1.2,3.0,0,0
CUST100432,35.0,Male,South,Standard,Monthly,Card,8,399.43,439.37,0,22.1,23.7,26.0,16,1,1.2,3.7,0,0
CUST100433,18.0,Female,West,Standard,Monthly,UPI,20,399.52,399.52,0,20.7,19.0,18.7,17,0,0.0,3.5,3,1
CUST100434,46.0,Female,West,Standard,Monthly,UPI,72,383.81,383.81,0,30.2,25.8,20.2,25,1,4.6,2.0,0,0
CUST100435,29.0,Male,North,Premium,Monthly,UPI,16,714.21,714.21,0,18.6,22.1,24.9,18,2,2.0,2.7,0,1
CUST100436,30.0,Male,South,Basic,Annual,UPI,29,192.41,192.41,0,15.0,16.5,15.7,9,0,0.0,2.6,0,0
CUST100437,24.0,Female,West,Basic,Annual,Card,6,199.7,219.67,1,20.5,15.0,15.4,17,1,4.7,4.1,1,0
CUST100438,29.0,Male,West,Premium,Monthly,Card,6,694.12,694.12,0,17.0,16.4,17.6,18,2,7.6,3.7,2,0
CUST100439,41.0,Female,South,Basic,Annual,UPI,1,182.2,182.2,0,8.2,9.3,10.2,5,1,,4.1,1,1
CUST100440,34.0,Male,North,Premium,Annual,Card,8,769.91,769.91,1,31.8,30.6,21.4,21,1,5.4,2.5,1,0
CUST100441,40.0,Male,West,Standard,Monthly,Card,72,410.47,410.47,0,13.0,14.7,17.0,11,2,4.1,1.3,0,0
CUST100442,40.0,Male,South,Premium,Annual,Card,39,705.3,775.83,0,17.6,18.4,19.8,10,1,1.8,1.2,2,0
CUST100443,51.0,Female,East,Standard,Annual,UPI,23,405.74,365.17,0,13.7,14.3,12.3,8,3,3.2,3.4,0,0
CUST100444,32.0,Male,North,Premium,Monthly,UPI,3,770.73,924.88,0,34.4,34.6,35.6,25,1,1.4,3.1,2,0
CUST100445,20.0,Female,South,Standard,Monthly,Card,13,421.68,506.02,0,14.0,18.1,21.0,10,0,0.0,2.5,0,1
CUST100446,48.0,Male,West,Standard,Monthly,Card,29,405.96,446.56,0,37.1,29.5,24.8,35,1,6.5,4.1,0,0
CUST100447,32.0,Male,South,Basic,Annual,Card,14,191.95,230.34,0,12.3,13.1,15.5,8,0,0.0,4.6,2,1
CUST100448,48.0,Female,West,Basic,Annual,Card,8,193.52,212.87,0,26.5,29.5,27.2,21,0,0.0,3.7,1,0
CUST100449,,Male,North,Basic,Monthly,NetBanking,29,181.06,217.27,0,17.2,17.4,16.7,18,3,2.6,2.4,0,0
CUST100450,35.0,Male,North,Premium,Monthly,Card,36,686.13,754.74,0,7.4,5.6,4.5,8,1,3.8,3.3,0,1
CUST100451,40.0,Female,North,Basic,Monthly,Card,14,205.59,205.59,0,36.5,34.1,40.5,28,1,4.8,4.7,0,0
CUST100452,57.0,Female,North,Standard,Annual,NetBanking,3,411.64,411.64,0,11.8,11.1,13.6,10,1,0.2,4.6,0,1
CUST100453,59.0,Male,West,Standard,Monthly,UPI,35,411.29,493.55,0,15.3,,11.1,9,1,2.1,3.3,0,0
CUST100454,37.0,Male,East,Basic,Monthly,Card,10,193.87,174.48,0,21.6,16.0,12.2,18,0,0.0,3.9,1,0
CUST100455,38.0,Other,West,Premium,Monthly,NetBanking,24,718.26,718.26,0,9.5,9.6,9.6,10,1,3.5,5.0,0,0
CUST100456,48.0,Female,North,Basic,Annual,UPI,31,207.2,186.48,1,12.8,11.1,10.2,14,0,0.0,5.0,1,0
CUST100457,27.0,Female,South,Standard,Monthly,Wallet,7,354.57,390.03,0,16.5,13.2,11.4,13,1,4.8,3.6,0,1
CUST100458,40.0,Female,South,Standard,Monthly,NetBanking,13,405.07,445.58,0,7.0,9.9,12.7,6,2,0.9,4.7,0,0
CUST100459,36.0,Female,West,Basic,Monthly,UPI,2,219.71,197.74,0,20.5,25.7,21.2,13,0,0.0,4.1,1,0
CUST100460,39.0,Male,North,Basic,Monthly,Card,15,196.1,235.32,0,8.9,12.8,14.9,5,1,3.6,5.0,2,0
CUST100461,27.0,Male,North,Standard,Monthly,UPI,10,348.69,348.69,0,26.2,22.4,22.6,19,0,0.0,3.0,0,0
CUST100462,19.0,Female,North,Basic,Monthly,Card,46,190.91,171.82,1,32.0,35.6,48.5,27,1,3.2,4.3,0,0
CUST100463,18.0,Female,North,Premium,Annual,UPI,72,635.58,699.14,0,27.0,44.2,61.7,26,1,4.0,4.5,0,0
CUST100464,24.0,Female,East,Standard,Monthly,Wallet,5,386.34,386.34,0,28.9,26.8,28.0,23,2,1.2,3.2,0,1
CUST100465,31.0,Female,East,Basic,Monthly,Card,16,186.82,186.82,0,16.1,14.6,13.3,14,1,1.6,3.1,0,1
CUST100466,33.0,Male,West,Basic,Monthly,NetBanking,34,208.26,187.43,0,8.3,8.8,9.5,2,0,0.0,4.0,1,0
CUST100467,57.0,Male,South,Basic,Monthly,UPI,12,206.75,206.75,1,31.3,40.6,44.7,26,1,3.4,2.2,1,0
CUST100468,48.0,Female,North,Standard,Monthly,Card,59,405.84,405.84,0,13.0,11.6,8.5,9,0,0.0,3.4,0,0
CUST100469,25.0,Male,South,Standard,Monthly,NetBanking,30,423.46,423.46,0,18.0,15.6,14.4,10,1,5.9,3.0,0,0
CUST100470,40.0,Female,West,Basic,Monthly,UPI,10,193.37,193.37,0,10.9,10.6,8.8,10,0,0.0,4.6,1,0
CUST100471,32.0,Female,East,Standard,Monthly,UPI,13,400.47,480.56,1,10.1,9.9,11.9,11,0,0.0,4.3,1,1
CUST100472,33.0,Male,North,Standard,Annual,UPI,5,442.78,442.78,0,21.3,21.2,21.3,17,0,0.0,4.4,0,0
CUST100473,38.0,Female,West,Standard,Monthly,Card,1,410.68,410.68,0,19.2,16.8,14.6,19,1,0.5,4.7,1,0
CUST100474,43.0,Female,North,Basic,Monthly,Card,8,204.8,245.76,1,7.2,6.7,6.3,5,0,0.0,2.7,1,0
CUST100475,32.0,Female,South,Basic,Annual,UPI,31,191.36,191.36,0,13.3,13.3,14.7,16,2,1.5,4.9,1,1
CUST100476,48.0,Male,North,Basic,Monthly,NetBanking,9,194.86,194.86,0,43.6,38.1,33.5,21,1,4.6,4.4,0,0
CUST100477,23.0,Female,South,Standard,Annual,UPI,13,378.99,378.99,1,24.6,30.0,31.8,19,2,1.6,1.9,0,0
CUST100478,36.0,Male,West,Standard,Monthly,NetBanking,4,432.53,519.04,0,12.5,12.6,15.4,12,1,3.4,4.3,1,1
CUST100479,65.0,Female,East,Basic,Monthly,NetBanking,1,183.5,183.5,1,15.0,15.9,17.2,12,1,7.2,4.1,0,1
CUST100480,38.0,Male,West,Basic,Annual,Card,31,208.1,187.29,0,19.0,19.4,22.2,20,0,0.0,4.2,1,0
CUST100481,52.0,Female,West,Standard,Monthly,NetBanking,9,410.59,410.59,0,15.1,19.6,27.1,6,1,3.3,2.6,0,1
CUST100482,37.0,Female,West,Basic,Annual,NetBanking,8,183.05,183.05,0,35.3,29.6,28.4,27,0,0.0,3.8,1,0
CUST100483,,Female,North,Standard,Monthly,Card,4,421.79,506.15,0,23.8,24.3,27.6,18,2,1.4,3.9,0,1
CUST100484,35.0,Female,South,Basic,Monthly,UPI,1,196.43,216.07,0,27.1,26.7,23.0,21,1,0.4,3.6,0,0
CUST100485,34.0,Male,North,Basic,Monthly,UPI,14,185.86,185.86,0,28.5,21.0,19.3,14,0,0.0,2.5,2,0
CUST100486,27.0,Female,West,Standard,Monthly,Wallet,40,406.27,406.27,0,23.8,21.0,17.0,18,1,3.3,3.2,0,0
CUST100487,41.0,Male,West,Basic,Monthly,Wallet,16,190.82,190.82,1,25.5,21.2,21.3,19,0,0.0,4.1,1,0
CUST100488,27.0,Female,West,Standard,Annual,UPI,27,394.91,394.91,0,34.5,29.0,28.4,29,0,0.0,3.6,0,0
CUST100489,43.0,Male,South,Basic,Monthly,NetBanking,32,193.97,193.97,0,26.1,27.0,20.2,27,0,0.0,5.0,0,0
CUST100490,48.0,Female,South,Basic,Annual,UPI,6,190.25,190.25,0,9.6,9.8,10.5,8,1,0.8,4.3,0,0
CUST100491,40.0,Male,West,Standard,Monthly,NetBanking,16,375.29,375.29,0,40.8,42.4,48.8,36,2,3.1,4.0,0,0
CUST100492,33.0,Female,South,Basic,Monthly,UPI,10,206.93,206.93,0,6.1,6.3,7.1,6,1,10.0,3.7,1,1
CUST100493,41.0,Female,North,Standard,Monthly,Wallet,39,405.48,446.03,0,23.3,24.3,20.9,24,2,6.0,2.8,1,0
CUST100494,33.0,Male,North,Standard,Monthly,Wallet,43,404.2,404.2,1,20.0,20.3,21.1,6,0,0.0,5.0,0,0
CUST100495,46.0,Male,South,Premium,Monthly,Card,28,686.27,617.64,0,14.4,16.9,18.9,14,0,0.0,3.4,0,0
CUST100496,18.0,Female,East,Basic,Annual,Wallet,50,199.51,199.51,0,28.6,27.2,29.8,27,1,2.1,3.6,0,0
CUST100497,32.0,Female,West,Basic,Annual,UPI,9,191.68,172.51,0,17.2,13.9,10.7,13,2,1.6,3.2,0,0
CUST100498,18.0,Male,West,Basic,Monthly,Card,15,191.5,191.5,0,24.0,38.5,54.3,17,1,4.9,2.2,1,1
CUST100499,20.0,Male,North,Premium,Monthly,Card,8,758.77,758.77,0,9.0,7.3,6.6,5,3,1.9,3.5,0,0
CUST100500,51.0,Male,North,Basic,Monthly,UPI,31,207.8,249.36,1,31.2,30.7,26.5,13,0,0.0,4.8,0,0
CUST100501,46.0,Female,West,Basic,Monthly,Card,1,193.41,212.75,0,29.8,32.6,32.3,29,1,1.4,3.0,1,0
CUST100502,28.0,Female,North,Standard,Annual,Card,3,369.15,406.06,0,18.7,16.4,14.4,18,1,5.9,3.2,0,0
CUST100503,19.0,Male,North,Basic,Monthly,UPI,22,182.07,182.07,0,11.2,9.2,8.4,9,1,3.4,,0,0
CUST100504,18.0,Female,East,Standard,Monthly,Card,5,386.35,386.35,0,32.2,34.0,33.4,30,0,0.0,5.0,1,0
CUST100505,30.0,Female,South,Standard,Monthly,UPI,3,401.15,481.38,0,6.4,5.8,4.8,6,0,0.0,4.2,0,1
CUST100506,63.0,Female,South,Standard,Annual,NetBanking,55,401.36,361.22,0,19.3,17.1,14.5,8,1,3.2,4.9,0,0
CUST100507,41.0,Male,West,Standard,Annual,Card,18,401.96,482.35,1,15.9,16.3,16.2,14,1,0.2,3.1,0,0
CUST100508,30.0,Male,East,Basic,Annual,UPI,1,202.33,242.8,0,22.9,29.3,30.5,17,1,4.4,4.1,1,1
CUST100509,,Male,South,Standard,Monthly,Card,35,378.28,340.45,0,15.8,15.9,16.0,14,1,3.5,2.0,0,1
CUST100510,19.0,Male,South,Standard,Monthly,NetBanking,21,429.08,429.08,0,29.0,36.7,49.4,24,1,2.7,2.9,1,0
CUST100511,33.0,Male,West,Basic,Monthly,UPI,2,197.04,216.74,0,9.6,9.2,8.9,9,2,0.7,,0,0
CUST100512,37.0,Male,East,Premium,Annual,NetBanking,23,709.3,709.3,0,32.4,31.4,31.4,16,1,3.6,4.0,1,0
CUST100513,35.0,Male,East,Standard,Monthly,UPI,8,385.91,385.91,0,17.5,19.2,22.1,19,0,,3.5,0,0
CUST100514,45.0,Female,South,Premium,Annual,NetBanking,15,709.89,638.9,1,14.0,13.0,13.1,10,2,3.3,,0,0
CUST100515,40.0,Male,West,Standard,Monthly,UPI,21,440.44,484.48,1,22.7,24.7,31.3,18,4,0.5,3.0,0,0
CUST100516,,Female,West,Basic,Monthly,UPI,5,189.16,189.16,0,28.1,26.6,26.8,13,0,0.0,,2,1
CUST100517,28.0,Male,North,Basic,Monthly,Card,25,187.9,187.9,0,16.7,16.8,15.1,13,0,0.0,4.6,1,1
CUST100518,46.0,Female,South,Basic,Monthly,UPI,6,190.4,171.36,0,17.5,19.2,22.9,14,0,0.0,2.3,1,1
CUST100519,54.0,Male,East,Basic,Annual,UPI,19,195.69,195.69,0,12.0,10.6,10.3,9,2,6.8,4.2,2,0
CUST100520,25.0,Female,West,Basic,Annual,UPI,23,193.81,193.81,0,6.1,4.6,3.9,4,1,0.2,3.1,0,0
CUST100521,26.0,Female,West,Basic,Monthly,Card,3,188.65,188.65,0,13.6,12.5,11.1,8,2,,2.3,1,0
CUST100522,51.0,Male,West,Basic,Monthly,UPI,10,198.51,198.51,0,18.9,17.0,14.3,18,1,5.2,3.7,0,0
CUST100523,34.0,Female,East,Premium,Annual,UPI,1,753.56,753.56,0,15.3,14.0,13.3,7,0,0.0,5.0,0,0
CUST100524,51.0,Male,South,Basic,Monthly,UPI,19,197.51,197.51,1,15.4,14.4,14.1,15,1,2.8,4.3,0,0
CUST100525,31.0,Female,North,Standard,Annual,UPI,6,397.08,397.08,0,9.6,13.3,16.8,11,0,0.0,4.1,1,1
CUST100526,52.0,Male,West,Standard,Annual,UPI,35,405.84,446.42,0,10.5,12.1,14.3,13,1,0.5,3.0,1,0
CUST100527,37.0,Male,South,Standard,Monthly,UPI,27,411.92,411.92,0,9.4,11.1,11.6,6,1,6.3,5.0,0,0
CUST100528,39.0,Male,South,Basic,Monthly,UPI,3,212.66,255.19,0,19.1,12.9,7.9,18,0,0.0,4.1,1,0
CUST100529,53.0,Female,East,Standard,Monthly,NetBanking,43,403.79,444.17,0,23.1,26.2,24.2,16,1,1.1,1.6,0,0
CUST100530,32.0,Male,North,Standard,Monthly,NetBanking,11,398.95,438.84,0,19.5,20.7,27.6,20,1,1.8,4.3,1,1
CUST100531,26.0,Female,West,Premium,Annual,Card,2,664.35,664.35,0,23.8,37.8,53.8,21,0,0.0,4.0,1,1
CUST100532,31.0,Male,South,Basic,Monthly,Card,1,206.36,185.72,0,10.4,11.3,12.8,8,2,6.8,3.2,0,1
CUST100533,41.0,Male,South,Basic,Monthly,UPI,20,190.6,190.6,0,18.3,18.2,19.9,11,1,10.8,4.8,1,1
CUST100534,19.0,Male,South,Standard,Monthly,NetBanking,18,381.53,457.84,0,14.1,12.4,11.2,10,5,0.8,1.8,1,1
CUST100535,43.0,Female,East,Basic,Annual,Card,3,200.92,221.01,0,16.8,,19.0,11,3,0.4,2.5,0,0
CUST100536,30.0,Female,West,Standard,Monthly,UPI,8,429.75,515.7,0,7.4,6.6,6.7,6,1,1.7,3.4,0,0
CUST100537,49.0,Male,North,Standard,Monthly,Card,2,413.49,413.49,0,9.3,9.3,9.1,7,1,1.9,4.0,0,0
CUST100538,18.0,Female,North,Standard,Annual,NetBanking,3,398.25,398.25,0,18.8,18.8,19.8,13,6,0.4,1.7,0,1
CUST100539,27.0,Male,South,Premium,Monthly,Card,37,664.69,598.22,0,12.0,10.4,9.5,8,2,2.1,2.3,0,1
CUST100540,18.0,Male,East,Standard,Monthly,NetBanking,34,429.37,429.37,0,12.4,10.9,8.2,11,7,3.2,1.8,0,1
CUST100541,27.0,Female,West,Premium,Monthly,UPI,42,697.02,697.02,0,16.1,14.1,14.3,15,3,0.2,,1,0
CUST100542,39.0,Male,West,Standard,Monthly,NetBanking,25,393.21,432.53,0,23.3,32.0,31.8,15,1,4.7,5.0,0,0
CUST100543,34.0,Male,South,Basic,Annual,Wallet,7,204.52,184.07,1,27.8,29.8,28.1,22,2,0.7,1.2,0,0
CUST100544,33.0,Female,East,Standard,Annual,UPI,5,390.06,390.06,0,6.4,5.1,5.7,4,1,0.2,4.4,0,1
CUST100545,34.0,Male,South,Standard,Annual,UPI,3,383.98,460.78,0,13.8,15.0,16.5,18,2,6.0,1.2,1,1
CUST100546,38.0,Female,South,Premium,Annual,UPI,37,676.03,608.43,0,20.1,19.8,17.9,12,0,0.0,3.7,0,0
CUST100547,25.0,Female,South,Basic,Monthly,NetBanking,3,192.44,211.68,0,22.8,30.1,37.5,19,2,4.9,2.2,0,1
CUST100548,44.0,Female,South,Basic,Monthly,UPI,14,187.78,206.56,0,26.6,26.3,25.1,24,1,4.5,2.0,0,1
CUST100549,43.0,Female,South,Premium,Annual,Card,7,655.7,655.7,1,21.7,19.5,16.3,14,2,0.7,4.6,0,0
CUST100550,40.0,Female,West,Basic,Monthly,Wallet,2,208.67,208.67,0,12.6,16.5,23.0,8,1,,4.3,0,0
CUST100551,42.0,Male,South,Standard,Annual,Card,31,412.34,453.57,0,19.8,23.3,27.2,15,3,1.0,3.1,1,1
CUST100552,39.0,Female,West,Standard,Monthly,Wallet,19,382.59,459.11,0,18.6,18.2,14.9,12,0,0.0,3.9,1,0
CUST100553,58.0,Female,West,Basic,Monthly,Card,44,207.84,207.84,0,9.0,7.8,6.6,8,1,0.8,2.8,0,0
CUST100554,35.0,Female,North,Basic,Annual,UPI,17,202.08,202.08,0,11.9,9.8,7.7,7,0,0.0,3.3,0,1
CUST100555,33.0,Male,North,Premium,Annual,Wallet,45,687.68,687.68,1,21.0,24.4,27.4,17,2,0.2,2.6,1,0
CUST100556,28.0,Female,West,Basic,Monthly,UPI,10,186.8,205.48,0,26.6,28.3,32.6,10,2,3.0,2.8,0,1
CUST100557,25.0,Female,South,Standard,Monthly,UPI,5,405.81,405.81,1,13.4,9.8,9.5,9,2,1.1,,0,0
CUST100558,22.0,Male,North,Standard,Monthly,Card,7,436.21,436.21,0,43.6,39.3,45.4,31,2,2.8,4.6,3,1
CUST100559,26.0,Female,North,Standard,Monthly,Card,6,399.29,399.29,0,3.5,3.5,3.4,3,2,3.6,3.9,0,1
CUST100560,35.0,Male,West,Basic,Annual,Card,52,208.94,208.94,0,17.8,16.3,14.0,8,4,1.4,3.1,0,0
CUST100561,40.0,Male,West,Basic,Monthly,UPI,17,196.89,236.27,0,18.8,14.9,17.6,19,2,1.5,2.3,2,1
CUST100562,37.0,Female,West,Premium,Annual,UPI,16,731.22,804.34,0,29.2,30.3,38.5,27,2,4.4,3.7,1,0
CUST100563,28.0,Male,East,Basic,Monthly,Card,28,197.51,197.51,0,12.4,13.9,13.5,6,0,0.0,1.3,0,1
CUST100564,46.0,Male,North,Basic,Monthly,UPI,3,175.07,175.07,0,13.6,11.7,12.4,12,1,3.1,2.8,0,1
CUST100565,44.0,Male,West,Premium,Annual,Wallet,7,673.78,673.78,1,13.7,12.3,10.0,8,0,0.0,2.5,0,0
CUST100566,34.0,Male,West,Basic,Monthly,NetBanking,2,200.32,200.32,0,28.5,24.0,21.7,26,0,0.0,3.4,0,0
CUST100567,29.0,Female,North,Basic,Monthly,UPI,8,209.77,230.75,1,31.1,25.7,24.3,29,1,0.3,3.2,0,0
CUST100568,42.0,Female,West,Premium,Monthly,Wallet,1,693.64,693.64,0,14.8,16.4,23.7,14,0,0.0,3.3,0,0
CUST100569,38.0,Female,West,Basic,Annual,UPI,61,199.3,219.23,0,10.9,11.2,13.2,7,1,3.6,3.5,0,0
CUST100570,20.0,Male,North,Basic,Monthly,Card,17,193.16,193.16,0,11.1,7.8,6.1,10,2,5.0,3.4,2,1
CUST100571,35.0,Female,South,Basic,Monthly,UPI,28,214.53,257.44,0,8.2,6.8,6.1,9,2,5.7,,0,1
CUST100572,39.0,Female,South,Standard,Annual,NetBanking,72,428.94,428.94,1,32.7,30.2,33.0,24,0,0.0,3.0,1,0
CUST100573,26.0,Female,West,Premium,Annual,Card,6,675.37,810.44,0,17.9,18.7,12.8,14,2,2.6,2.4,0,1
CUST100574,38.0,Male,South,Standard,Monthly,Card,6,368.75,368.75,0,27.7,27.4,27.8,26,1,3.6,3.4,0,0
CUST100575,20.0,Male,North,Premium,Monthly,Wallet,12,635.84,699.42,1,15.7,17.4,15.6,4,0,0.0,4.1,0,0
CUST100576,51.0,Female,East,Basic,Monthly,UPI,15,205.0,184.5,0,46.9,53.0,64.5,28,2,1.7,3.3,1,1
CUST100577,50.0,Female,West,Standard,Annual,NetBanking,8,401.7,401.7,0,25.5,22.1,17.0,26,2,2.1,5.0,0,0
CUST100578,33.0,Male,West,Basic,Annual,UPI,6,191.22,229.46,0,21.1,19.0,16.0,18,3,4.2,3.9,1,0
CUST100579,40.0,Female,West,Premium,Annual,UPI,1,708.5,637.65,0,23.3,19.1,16.2,18,5,0.4,3.9,0,1
CUST100580,18.0,Male,North,Premium,Annual,Card,15,656.0,656.0,0,10.6,8.9,8.7,6,1,6.1,4.0,0,0
CUST100581,23.0,Male,South,Basic,Monthly,NetBanking,42,206.91,227.6,0,13.9,15.0,13.3,11,1,2.0,3.6,1,1
CUST100582,33.0,Female,East,Premium,Monthly,Card,3,685.64,685.64,0,27.5,32.9,44.5,19,0,0.0,1.2,0,1
CUST100583,24.0,Female,South,Standard,Annual,Card,31,377.42,339.68,0,18.2,21.3,30.4,8,1,1.5,3.6,0,0
CUST100584,44.0,Male,North,Basic,Annual,Wallet,20,195.35,195.35,0,24.0,19.8,20.7,25,2,1.3,2.9,1,0
CUST100585,58.0,Female,West,Standard,Annual,Card,1,390.99,390.99,0,15.4,19.0,17.3,10,2,0.5,3.0,0,0
CUST100586,23.0,Female,North,Premium,Monthly,Card,19,711.76,640.58,0,16.9,18.1,20.0,13,0,0.0,4.8,0,1
CUST100587,27.0,Male,East,Basic,Annual,Card,72,210.6,210.6,1,31.5,28.6,31.6,14,1,2.5,,0,0
CUST100588,39.0,Female,East,Basic,Annual,NetBanking,35,210.09,189.08,0,19.8,17.0,16.2,14,3,2.6,4.1,3,0
CUST100589,54.0,Female,West,Premium,Annual,Wallet,4,704.58,704.58,0,20.2,22.2,19.5,20,0,0.0,4.4,0,0
CUST100590,23.0,Female,North,Basic,Monthly,Card,17,197.14,236.57,0,17.4,17.1,17.5,17,1,4.8,3.7,1,0
CUST100591,39.0,Other,North,Basic,Monthly,UPI,10,193.34,232.01,0,14.6,21.3,31.2,12,0,0.0,4.6,0,1
CUST100592,56.0,Female,South,Standard,Annual,UPI,1,363.73,363.73,1,15.9,13.9,10.6,11,4,0.9,1.0,0,0
CUST100593,18.0,Male,East,Standard,Annual,UPI,12,398.62,358.76,0,18.3,20.2,21.2,15,1,1.7,3.9,1,0
CUST100594,22.0,Male,South,Basic,Monthly,Card,27,190.53,171.48,0,32.3,29.8,30.5,29,2,8.2,1.8,1,0
CUST100595,31.0,Female,North,Basic,Monthly,Card,32,211.12,211.12,0,18.4,21.3,23.6,9,1,3.2,3.9,0,1
CUST100596,30.0,Other,West,Premium,Annual,UPI,7,691.98,691.98,1,29.3,23.0,18.4,25,0,0.0,2.5,1,0
CUST100597,,Male,South,Standard,Annual,Card,4,413.9,413.9,0,11.1,7.6,5.8,11,0,0.0,2.9,1,0
CUST100598,39.0,Male,North,Standard,Monthly,NetBanking,4,389.37,389.37,0,22.6,24.9,25.9,18,0,0.0,3.3,1,1
CUST100599,18.0,Female,South,Premium,Monthly,Card,56,675.39,675.39,0,6.0,7.1,7.9,5,1,3.2,3.2,0,0
CUST100600,42.0,Male,South,Basic,Monthly,NetBanking,25,205.02,205.02,1,12.1,15.0,17.6,8,1,2.7,3.7,1,1
CUST100601,30.0,Male,South,Premium,Monthly,UPI,44,708.7,708.7,0,12.4,11.6,12.2,11,1,4.4,,0,1
CUST100602,50.0,Female,South,Standard,Monthly,UPI,5,405.43,405.43,0,14.0,14.2,18.9,16,1,0.9,5.0,0,1
CUST100603,29.0,Female,West,Premium,Monthly,NetBanking,10,695.72,834.86,0,29.3,37.0,37.8,32,1,3.9,2.8,0,0
CUST100604,29.0,Female,West,Basic,Monthly,Card,2,206.85,206.85,1,6.3,8.0,9.7,4,1,3.0,3.6,0,1
CUST100605,42.0,Female,East,Basic,Monthly,Card,1,205.42,225.96,0,31.1,24.0,23.6,23,5,5.7,2.4,0,0
CUST100606,44.0,Male,East,Standard,Monthly,UPI,28,355.57,355.57,0,5.9,6.0,5.1,6,3,1.8,1.9,2,0
CUST100607,41.0,Female,West,Premium,Annual,NetBanking,1,690.0,690.0,0,15.0,15.1,15.9,14,0,0.0,1.8,0,0
CUST100608,18.0,Male,West,Premium,Monthly,NetBanking,4,734.47,881.36,0,15.4,14.7,15.1,14,0,0.0,2.8,0,0
CUST100609,42.0,Male,North,Basic,Annual,UPI,2,188.86,207.75,1,36.1,28.9,29.5,16,0,0.0,3.2,0,0
CUST100610,25.0,Female,South,Standard,Monthly,NetBanking,10,365.24,365.24,0,24.9,25.1,27.0,24,2,1.4,2.8,1,0
CUST100611,39.0,Female,East,Basic,Annual,Card,19,197.62,177.86,0,42.0,38.6,44.7,31,2,2.0,,0,0
CUST100612,20.0,Female,West,Standard,Annual,Card,57,409.39,491.27,0,45.2,53.9,76.7,38,0,0.0,3.4,0,0
CUST100613,41.0,Male,South,Premium,Monthly,Card,4,682.91,614.62,0,29.2,32.0,32.0,19,0,0.0,3.5,0,0
CUST100614,27.0,Female,North,Standard,Annual,Wallet,15,424.79,382.31,0,11.9,12.0,12.9,13,1,2.1,,2,0
CUST100615,22.0,Female,North,Basic,Annual,UPI,5,217.34,217.34,1,22.0,24.0,33.2,13,1,0.5,4.2,0,0
CUST100616,44.0,Female,North,Premium,Monthly,UPI,25,631.72,631.72,0,19.0,17.2,16.2,23,0,0.0,2.0,0,0
CUST100617,39.0,Female,East,Basic,Annual,UPI,4,195.18,234.22,0,13.3,10.6,10.4,11,0,0.0,4.0,0,0
CUST100618,29.0,Male,North,Standard,Monthly,Card,1,353.48,424.18,0,28.3,29.5,23.7,22,2,3.5,,0,1
CUST100619,52.0,Female,West,Standard,Monthly,Card,4,412.19,412.19,0,8.2,8.6,7.2,5,2,3.0,3.3,1,0
CUST100620,31.0,Female,West,Standard,Annual,Card,7,385.44,385.44,0,11.1,14.1,16.9,8,3,3.4,3.4,1,1
CUST100621,36.0,Female,South,Standard,Monthly,Card,2,389.51,467.41,0,6.3,6.9,7.0,5,1,1.7,3.8,2,1
CUST100622,39.0,Female,West,Standard,Monthly,UPI,6,421.9,464.09,0,10.3,12.1,13.2,9,1,4.6,1.5,1,1
CUST100623,29.0,Female,West,Basic,Monthly,Card,45,185.78,185.78,0,11.6,12.8,14.5,11,3,5.8,2.7,0,0
CUST100624,41.0,Male,North,Basic,Annual,NetBanking,8,183.28,183.28,1,16.6,17.5,15.8,13,1,2.8,3.9,0,1
CUST100625,30.0,Male,North,Standard,Monthly,NetBanking,14,353.56,353.56,0,29.5,37.1,47.7,27,0,0.0,4.2,0,0
CUST100626,31.0,Female,West,Standard,Monthly,Wallet,8,424.35,424.35,0,13.7,12.9,9.0,14,1,1.0,2.7,0,0
CUST100627,51.0,Female,North,Standard,Annual,Card,1,419.71,377.74,0,29.8,28.4,29.9,30,1,5.5,2.4,0,0
CUST100628,25.0,Female,South,Basic,Annual,UPI,11,196.08,235.3,0,44.8,51.2,66.0,41,3,3.5,,2,1
CUST100629,18.0,Male,South,Basic,Monthly,Card,8,186.31,186.31,0,31.8,32.7,31.6,29,5,4.4,3.0,0,1
CUST100630,54.0,Male,South,Standard,Annual,Card,72,415.64,374.08,0,10.7,10.4,9.7,6,1,2.3,2.4,1,0
CUST100631,64.0,Female,East,Standard,Monthly,UPI,24,453.96,544.75,0,12.6,13.7,13.0,11,1,2.8,2.2,0,1
CUST100632,32.0,Female,South,Standard,Monthly,UPI,3,394.3,354.87,0,29.8,25.6,23.3,17,1,3.4,3.1,0,0
CUST100633,18.0,Male,East,Standard,Monthly,UPI,2,375.0,337.5,1,12.4,12.8,11.3,12,1,4.9,2.7,0,0
CUST100634,33.0,Female,North,Basic,Monthly,NetBanking,5,211.35,232.48,0,18.8,15.9,18.3,16,1,0.9,3.6,0,1
CUST100635,33.0,Male,West,Basic,Annual,Card,18,187.73,168.96,1,22.8,19.2,17.0,23,1,5.3,4.8,0,0
CUST100636,34.0,Female,North,Basic,Monthly,Wallet,2,195.35,195.35,0,25.8,26.5,22.7,27,1,7.1,2.2,0,0
CUST100637,24.0,Male,West,Standard,Monthly,Card,8,346.36,311.72,0,20.2,24.5,26.1,18,0,0.0,3.6,0,0
CUST100638,42.0,Male,West,Basic,Monthly,Wallet,7,195.98,195.98,0,9.3,9.2,7.5,6,0,0.0,2.9,2,1
CUST100639,42.0,Male,South,Basic,Monthly,UPI,8,186.28,167.65,0,14.6,12.9,11.9,5,1,6.0,4.2,0,0
CUST100640,20.0,Female,East,Premium,Annual,Card,4,743.0,743.0,0,31.8,41.0,41.6,29,2,10.0,,0,0
CUST100641,44.0,Female,South,Basic,Monthly,UPI,4,189.29,170.36,0,18.1,20.3,23.8,14,3,1.0,2.0,0,1
CUST100642,59.0,Female,West,Standard,Annual,Card,10,414.56,456.02,0,39.9,52.3,63.6,38,0,0.0,4.8,0,0
CUST100643,38.0,Male,East,Basic,Monthly,NetBanking,1,197.96,237.55,0,20.7,17.1,17.9,19,2,0.6,4.0,1,0
CUST100644,32.0,Male,South,Basic,Annual,Card,22,200.25,180.22,0,11.4,7.3,6.4,10,0,0.0,3.5,2,0
CUST100645,34.0,Male,South,Basic,Annual,NetBanking,4,204.2,183.78,0,24.1,21.9,17.3,21,1,4.2,4.2,0,0
CUST100646,43.0,Female,North,Premium,Monthly,Card,7,697.13,836.56,1,32.6,30.3,26.3,15,1,2.6,2.1,0,0
CUST100647,18.0,Male,West,Standard,Monthly,Wallet,16,386.08,347.47,0,19.4,21.4,25.6,20,1,4.0,5.0,1,0
CUST100648,,Female,West,Standard,Annual,Card,3,382.8,344.52,0,19.5,25.5,35.2,11,2,3.2,3.2,0,1
CUST100649,32.0,Female,South,Premium,Monthly,UPI,17,716.79,716.79,0,21.9,24.2,24.9,15,0,0.0,4.9,0,0
CUST100650,56.0,Female,South,Basic,Monthly,NetBanking,3,180.08,198.09,0,23.2,22.6,18.8,17,0,0.0,3.1,1,0
CUST100651,34.0,Male,North,Standard,Annual,Card,58,432.48,389.23,0,12.8,13.3,12.5,10,1,6.4,,1,0
CUST100652,54.0,Female,North,Basic,Annual,Card,15,200.31,200.31,0,6.4,5.6,5.8,5,1,2.3,3.9,0,0
CUST100653,,Male,South,Standard,Annual,UPI,22,392.27,353.04,0,24.8,16.7,15.5,17,1,1.1,2.7,0,0
CUST100654,42.0,Male,South,Premium,Annual,UPI,20,708.3,708.3,0,18.1,18.1,19.6,17,0,0.0,3.0,2,0
CUST100655,40.0,Female,West,Basic,Monthly,NetBanking,14,193.09,193.09,0,22.1,24.4,25.9,12,1,0.9,3.7,2,1
CUST100656,26.0,Female,North,Premium,Annual,Card,30,692.78,692.78,0,16.5,14.7,15.4,12,0,0.0,4.5,0,0
CUST100657,38.0,Female,East,Standard,Monthly,NetBanking,1,376.42,338.78,0,22.3,27.0,27.7,8,1,1.2,3.8,1,1
CUST100658,49.0,Male,North,Basic,Annual,Wallet,18,202.73,223.0,0,10.8,11.0,9.6,6,2,1.2,4.2,0,0
CUST100659,32.0,Other,North,Basic,Annual,NetBanking,38,198.22,218.04,0,14.9,12.7,13.6,7,0,0.0,3.5,1,0
CUST100660,18.0,Other,East,Standard,Monthly,Card,40,402.74,402.74,0,10.6,11.0,12.4,10,1,7.6,4.8,0,0
CUST100661,36.0,Male,South,Standard,Annual,Card,18,428.59,471.45,0,15.1,17.9,26.6,13,0,0.0,4.5,0,0
CUST100662,26.0,Female,South,Basic,Monthly,Wallet,7,191.0,191.0,0,8.4,10.1,10.8,5,2,1.8,2.1,0,0
CUST100663,32.0,Male,West,Standard,Monthly,UPI,9,396.43,475.72,1,26.0,25.6,29.2,4,1,2.8,4.0,1,0
CUST100664,35.0,Female,West,Basic,Monthly,UPI,8,182.57,182.57,0,35.4,38.5,29.6,18,3,2.1,2.9,0,1
CUST100665,18.0,Female,East,Premium,Monthly,Wallet,29,718.22,646.4,0,8.7,10.6,10.4,5,2,5.6,2.4,0,0
CUST100666,18.0,Female,South,Basic,Monthly,Card,2,198.83,178.95,1,18.2,19.2,20.3,13,1,3.5,4.0,0,0
CUST100667,41.0,Female,South,Standard,Annual,NetBanking,27,399.35,399.35,1,16.5,14.1,11.1,16,2,4.6,3.6,1,0
CUST100668,30.0,Male,South,Standard,Monthly,UPI,7,395.86,435.45,0,36.1,30.9,30.5,19,4,1.2,3.3,0,1
CUST100669,18.0,Female,West,Standard,Annual,NetBanking,14,387.47,348.72,0,18.9,21.0,28.9,10,0,0.0,2.6,0,0
CUST100670,45.0,Female,West,Premium,Monthly,NetBanking,7,786.24,943.49,0,31.0,27.3,26.5,14,1,0.6,1.2,0,0
CUST100671,39.0,Male,North,Premium,Annual,UPI,23,700.34,700.34,0,25.1,26.0,27.0,20,2,1.0,2.8,0,0
CUST100672,28.0,Male,West,Basic,Annual,Card,39,201.95,201.95,0,20.9,22.2,24.6,8,1,4.6,3.1,1,0
CUST100673,22.0,Female,South,Basic,Monthly,Wallet,13,187.66,187.66,0,13.5,12.4,12.7,6,3,0.6,3.4,0,1
CUST100674,45.0,Female,North,Standard,Monthly,NetBanking,31,416.66,499.99,0,21.0,23.0,24.5,19,0,0.0,1.0,0,0
CUST100675,40.0,Female,South,Basic,Annual,UPI,7,197.77,237.32,0,10.5,12.0,14.0,12,1,6.3,4.0,0,0
CUST100676,62.0,Female,South,Standard,Monthly,Wallet,10,407.89,448.68,0,14.8,13.5,14.0,12,2,4.2,4.0,0,1
CUST100677,41.0,Female,West,Basic,Monthly,Card,11,207.98,207.98,0,5.9,4.5,4.5,4,0,0.0,4.5,1,0
CUST100678,40.0,Male,West,Premium,Monthly,UPI,9,695.37,834.44,0,33.6,27.8,28.8,41,2,4.6,4.0,0,1
CUST100679,34.0,Male,South,Standard,Monthly,Wallet,22,385.49,424.04,0,19.7,22.2,22.7,14,1,2.3,2.3,0,0
CUST100680,45.0,Female,South,Standard,Annual,UPI,23,352.56,352.56,0,33.1,24.2,21.6,23,2,1.1,2.3,0,0
CUST100681,43.0,Female,North,Basic,Annual,NetBanking,15,195.15,195.15,0,19.3,22.1,22.6,13,1,2.3,3.2,0,0
CUST100682,50.0,Female,South,Premium,Annual,NetBanking,43,675.15,810.18,0,20.0,17.9,17.6,22,1,2.3,3.3,0,0
CUST100683,30.0,Female,North,Standard,Monthly,UPI,31,376.2,413.82,0,24.4,23.1,18.0,22,1,2.5,2.5,0,0
CUST100684,31.0,Female,North,Premium,Annual,Card,2,749.79,749.79,0,17.5,18.5,19.6,16,2,4.0,,2,1
CUST100685,31.0,Female,South,Premium,Monthly,NetBanking,27,733.35,733.35,0,16.4,20.3,24.6,14,0,0.0,4.1,0,0
CUST100686,45.0,Female,South,Basic,Annual,UPI,10,180.79,180.79,0,15.3,18.6,25.3,11,0,0.0,4.0,0,1
CUST100687,52.0,Male,South,Basic,Monthly,UPI,36,200.53,200.53,0,10.9,11.4,9.9,8,2,2.5,3.3,0,1
CUST100688,31.0,Female,West,Basic,Monthly,UPI,1,190.87,171.78,0,15.3,14.5,12.3,9,0,0.0,4.1,0,0
CUST100689,31.0,Female,North,Standard,Annual,Card,4,406.32,446.95,0,29.6,36.1,41.3,21,3,8.4,2.7,0,0
CUST100690,39.0,Male,North,Standard,Annual,Card,19,383.05,383.05,0,14.6,13.3,12.6,12,1,1.1,4.0,1,0
CUST100691,33.0,Female,South,Basic,Monthly,UPI,15,193.64,174.28,0,43.9,57.6,86.3,33,0,0.0,4.1,0,1
CUST100692,46.0,Female,East,Premium,Monthly,NetBanking,21,732.66,879.19,1,6.3,6.1,6.0,6,1,3.3,2.7,1,0
CUST100693,18.0,Female,South,Basic,Monthly,UPI,12,207.15,248.58,0,30.2,41.9,35.9,26,2,0.6,5.0,0,0
CUST100694,27.0,Female,South,Standard,Annual,Card,34,429.11,429.11,0,16.1,16.8,16.0,13,3,2.2,4.5,0,0
CUST100695,27.0,Male,East,Standard,Annual,UPI,2,394.67,394.67,1,23.0,24.7,29.7,14,2,4.3,3.9,0,0
CUST100696,18.0,Male,East,Basic,Annual,NetBanking,44,184.52,184.52,0,11.3,15.4,20.7,6,2,3.0,4.3,0,1
CUST100697,25.0,Male,South,Basic,Annual,Card,48,208.17,208.17,0,7.2,5.5,3.7,4,2,1.0,3.5,0,0
CUST100698,26.0,Male,North,Standard,Annual,UPI,10,417.5,459.25,1,27.3,33.3,37.3,28,4,17.9,2.4,0,0
CUST100699,34.0,Female,West,Standard,Monthly,UPI,5,411.53,370.38,0,33.1,26.7,26.6,15,3,4.6,,2,1
CUST100700,48.0,Female,South,Basic,Monthly,UPI,72,191.6,191.6,0,18.4,14.0,13.7,15,0,0.0,4.0,0,0
CUST100701,33.0,Female,South,Standard,Annual,UPI,15,377.64,377.64,0,14.6,14.1,13.1,12,2,1.6,3.9,1,0
CUST100702,25.0,Male,North,Standard,Monthly,NetBanking,39,409.69,491.63,1,17.7,23.5,26.1,12,0,0.0,5.0,1,0
CUST100703,35.0,Male,South,Basic,Monthly,Card,2,190.18,190.18,1,17.7,19.6,18.4,14,0,0.0,2.2,0,1
CUST100704,48.0,Male,East,Standard,Monthly,Card,1,392.86,471.43,0,15.9,20.5,25.1,13,2,0.9,3.7,1,0
CUST100705,25.0,Female,East,Basic,Annual,Card,2,227.92,250.71,1,19.5,22.3,21.9,11,2,3.0,2.3,0,1
CUST100706,26.0,Male,North,Premium,Annual,UPI,59,773.41,928.09,0,23.6,18.7,15.7,15,1,3.8,3.3,1,0
CUST100707,42.0,Female,East,Standard,Monthly,Wallet,40,414.81,414.81,0,22.6,25.2,29.3,17,1,0.3,2.7,0,0
CUST100708,34.0,Female,North,Basic,Annual,UPI,36,192.41,192.41,0,13.1,12.7,14.0,10,0,0.0,4.9,0,0
CUST100709,43.0,Female,West,Standard,Monthly,Wallet,20,384.59,461.51,0,16.1,12.9,12.4,8,2,3.5,3.7,0,0
CUST100710,36.0,Male,South,Basic,Monthly,UPI,8,206.12,206.12,0,10.1,10.0,9.3,8,0,0.0,3.8,1,0
CUST100711,44.0,Male,South,Premium,Monthly,Card,18,751.32,751.32,0,22.3,27.6,32.1,18,0,0.0,2.2,1,1
CUST100712,25.0,Female,East,Standard,Monthly,Card,13,388.79,388.79,0,11.8,11.9,10.0,12,0,,,1,0
CUST100713,36.0,Female,South,Basic,Monthly,UPI,36,194.45,194.45,1,4.4,4.7,5.5,3,0,0.0,3.3,1,0
CUST100714,34.0,Male,South,Standard,Annual,UPI,5,400.75,400.75,0,13.8,21.1,35.5,10,0,0.0,4.1,0,0
CUST100715,23.0,Female,South,Basic,Annual,UPI,8,185.18,185.18,0,22.8,26.4,29.0,21,1,5.8,,0,1
CUST100716,19.0,Female,East,Premium,Monthly,UPI,6,651.52,716.67,1,23.5,15.3,11.4,24,1,,3.2,1,0
CUST100717,44.0,Male,South,Premium,Annual,UPI,7,657.9,789.48,1,29.9,25.3,26.0,15,0,0.0,1.3,1,0
CUST100718,32.0,Male,East,Standard,Annual,Card,1,409.89,491.87,0,47.6,43.4,35.7,32,0,0.0,4.7,1,0
CUST100719,25.0,Male,West,Standard,Monthly,UPI,6,404.43,444.87,0,18.1,20.4,26.8,7,1,6.7,2.3,0,0
CUST100720,,Male,East,Standard,Monthly,UPI,10,421.68,421.68,0,16.4,14.4,12.7,10,0,0.0,3.1,0,1
CUST100721,48.0,Male,South,Basic,Monthly,NetBanking,35,181.71,218.05,0,19.3,22.4,25.3,21,3,13.5,3.5,1,0
CUST100722,18.0,Female,West,Basic,Annual,Card,17,183.91,183.91,0,14.8,18.6,24.5,8,1,0.4,4.4,1,0
CUST100723,20.0,Male,South,Premium,Monthly,NetBanking,8,714.93,857.92,0,9.5,10.4,10.5,8,0,0.0,3.8,1,0
CUST100724,26.0,Female,West,Basic,Annual,Card,32,190.32,228.38,0,9.1,11.0,12.0,8,3,0.9,3.4,0,1
CUST100725,52.0,Female,East,Basic,Annual,Card,13,191.05,191.05,0,17.1,15.2,12.2,11,2,4.4,4.2,0,0
CUST100726,39.0,Male,South,Basic,Monthly,NetBanking,14,209.08,209.08,0,34.6,32.6,30.3,24,0,0.0,,1,1
CUST100727,44.0,Male,West,Premium,Monthly,Wallet,24,679.67,815.6,0,14.3,14.9,16.2,15,2,0.9,4.1,2,1
CUST100728,23.0,Female,North,Premium,Monthly,Wallet,12,683.76,752.14,0,25.5,26.6,22.3,25,2,5.6,1.1,2,1
CUST100729,24.0,Other,North,Basic,Monthly,Card,14,196.51,216.16,0,31.5,35.0,35.3,39,0,0.0,3.4,0,0
CUST100730,41.0,Female,North,Basic,Annual,Card,9,197.12,177.41,0,25.3,33.7,43.5,7,1,4.5,3.9,0,0
CUST100731,37.0,Male,East,Premium,Annual,NetBanking,10,722.94,722.94,0,26.7,20.5,27.0,24,1,0.5,2.5,1,0
CUST100732,42.0,Male,East,Basic,Monthly,NetBanking,7,186.96,186.96,1,9.5,10.9,13.2,3,0,0.0,3.5,0,0
CUST100733,34.0,Male,West,Premium,Annual,UPI,8,692.43,692.43,0,15.8,16.9,17.4,12,0,0.0,1.0,0,0
CUST100734,39.0,Female,South,Premium,Monthly,Card,8,739.62,887.54,1,7.6,6.1,5.0,6,2,1.4,1.9,0,0
CUST100735,38.0,Female,East,Standard,Monthly,UPI,17,441.55,397.4,0,13.0,12.4,11.7,7,1,7.0,2.7,1,1
CUST100736,45.0,Female,East,Basic,Monthly,Card,16,185.5,185.5,1,9.0,10.0,10.9,6,1,4.5,2.5,0,1
CUST100737,45.0,Female,East,Standard,Monthly,Card,7,405.6,405.6,1,22.9,21.9,27.9,17,0,0.0,3.6,1,0
CUST100738,18.0,Male,North,Premium,Monthly,UPI,25,692.36,692.36,0,9.0,7.7,6.7,8,1,2.9,5.0,1,1
CUST100739,18.0,Female,North,Basic,Monthly,Card,25,198.02,198.02,0,9.1,7.9,7.0,5,2,7.4,4.1,0,0
CUST100740,47.0,Male,West,Premium,Annual,UPI,9,671.4,805.68,1,17.5,17.1,18.5,11,0,0.0,4.6,1,0
CUST100741,49.0,Female,South,Basic,Monthly,UPI,9,206.52,227.17,0,6.1,7.5,8.4,5,1,0.9,3.9,0,0
CUST100742,25.0,Female,South,Premium,Monthly,UPI,15,723.62,795.98,0,45.4,46.5,49.0,42,0,0.0,2.3,0,1
CUST100743,18.0,Female,North,Standard,Monthly,UPI,42,449.33,449.33,0,15.6,15.1,13.1,20,0,0.0,4.9,1,0
CUST100744,37.0,Male,South,Basic,Monthly,Wallet,17,185.86,204.45,0,31.1,27.6,19.9,25,1,3.8,3.9,1,0
CUST100745,46.0,Female,South,Standard,Monthly,UPI,1,364.13,364.13,0,9.4,9.2,10.1,9,0,0.0,4.3,2,0
CUST100746,56.0,Female,South,Basic,Monthly,NetBanking,9,219.44,197.5,0,21.1,25.4,29.1,16,2,2.7,4.0,0,1
CUST100747,42.0,Male,East,Basic,Monthly,UPI,35,198.48,238.18,0,23.4,,15.1,25,0,0.0,4.2,1,0
CUST100748,32.0,Male,West,Premium,Annual,UPI,15,683.03,683.03,0,10.5,12.0,13.6,6,1,2.4,3.8,0,0
CUST100749,26.0,Female,North,Basic,Monthly,Wallet,9,200.87,241.04,0,26.1,30.8,27.9,20,0,0.0,2.9,0,0
CUST100750,36.0,Male,South,Premium,Monthly,Card,1,650.25,650.25,0,12.8,14.6,14.8,11,1,1.6,2.5,0,1
CUST100751,33.0,Male,West,Basic,Monthly,Card,1,202.74,202.74,0,14.3,15.7,17.1,13,1,,2.5,0,0
CUST100752,25.0,Male,South,Standard,Monthly,Wallet,19,397.4,397.4,1,10.5,9.8,9.4,10,0,0.0,1.0,1,1
CUST100753,59.0,Male,West,Premium,Monthly,UPI,13,736.53,736.53,0,26.8,29.9,35.7,20,2,1.7,2.7,1,0
CUST100754,56.0,Male,North,Standard,Monthly,Card,8,416.1,499.32,0,20.9,19.3,20.0,20,0,0.0,4.3,0,0
CUST100755,48.0,Female,South,Premium,Annual,Wallet,13,731.86,731.86,0,20.2,21.1,19.7,10,3,1.5,,0,0
CUST100756,,Male,North,Premium,Annual,Card,6,705.67,705.67,0,19.9,21.3,24.7,17,2,2.0,2.5,1,0
CUST100757,45.0,Female,South,Standard,Annual,UPI,8,431.01,474.11,0,20.6,26.9,32.8,8,0,0.0,,0,0
CUST100758,43.0,Male,West,Standard,Monthly,NetBanking,25,410.5,410.5,0,12.5,12.6,11.7,9,1,2.8,3.0,0,0
CUST100759,41.0,Male,South,Basic,Monthly,NetBanking,43,193.7,193.7,0,25.1,20.4,20.5,32,0,0.0,4.0,1,0
CUST100760,50.0,Male,West,Basic,Monthly,UPI,15,190.95,210.04,0,11.5,12.2,13.6,10,5,3.6,,0,1
CUST100761,43.0,Female,West,Basic,Annual,Card,72,192.07,192.07,0,20.1,22.0,19.4,14,1,2.7,3.0,0,1
CUST100762,44.0,Female,West,Premium,Monthly,NetBanking,42,719.58,647.62,0,16.7,16.9,19.5,15,0,0.0,2.9,1,0
CUST100763,43.0,Female,West,Standard,Annual,NetBanking,1,372.43,372.43,0,13.8,10.8,8.0,11,2,5.1,3.9,2,0
CUST100764,40.0,Male,South,Standard,Monthly,Card,3,402.09,402.09,0,17.0,14.9,12.2,9,0,0.0,2.0,0,0
CUST100765,18.0,Male,North,Premium,Monthly,Card,11,669.89,669.89,0,20.2,18.9,17.1,8,1,2.0,3.9,0,0
CUST100766,37.0,Male,West,Basic,Monthly,UPI,17,186.53,186.53,1,25.1,25.0,25.1,20,2,4.5,4.2,1,0
CUST100767,30.0,Female,North,Premium,Monthly,Card,22,660.85,660.85,0,18.6,18.7,18.3,14,2,2.3,1.8,1,1
CUST100768,22.0,Male,South,Basic,Annual,NetBanking,14,198.76,178.88,0,28.3,33.2,32.0,21,1,1.4,,0,0
CUST100769,54.0,Female,South,Basic,Monthly,Wallet,12,206.6,206.6,0,12.9,11.6,14.1,12,1,3.6,2.7,0,1
CUST100770,55.0,Female,South,Standard,Monthly,Card,3,385.52,385.52,0,15.6,14.5,14.7,17,4,3.4,4.4,0,0
CUST100771,51.0,Female,West,Basic,Monthly,Wallet,1,178.34,178.34,0,23.2,21.4,21.7,22,3,4.0,4.4,0,0
CUST100772,39.0,Female,North,Standard,Annual,NetBanking,6,461.93,461.93,0,9.4,8.9,7.2,7,0,0.0,4.7,1,0
CUST100773,51.0,Male,East,Standard,Monthly,UPI,17,421.3,421.3,0,51.1,49.2,42.5,41,3,2.5,3.4,0,0
CUST100774,36.0,Female,West,Premium,Monthly,Wallet,3,731.58,731.58,0,26.6,28.5,34.2,27,1,2.5,4.4,0,1
CUST100775,38.0,Male,South,Basic,Monthly,Card,7,215.2,193.68,1,9.8,8.8,8.8,9,3,4.8,3.6,0,0
CUST100776,24.0,Female,West,Basic,Monthly,Wallet,43,199.92,199.92,0,39.9,46.8,42.9,36,1,3.6,5.0,1,0
CUST100777,40.0,Female,South,Basic,Monthly,Card,11,197.66,197.66,0,12.9,13.5,15.0,9,1,3.3,3.6,0,0
CUST100778,37.0,Male,South,Standard,Monthly,UPI,4,426.05,383.44,0,38.2,43.1,52.5,38,1,2.9,1.1,1,1
CUST100779,22.0,Female,South,Basic,Monthly,UPI,7,212.42,212.42,0,25.6,21.4,17.8,27,0,0.0,3.3,0,1
CUST100780,35.0,Male,South,Basic,Monthly,Card,28,205.12,246.14,1,8.4,6.6,5.8,8,1,2.8,4.1,0,0
CUST100781,35.0,Male,North,Premium,Monthly,UPI,30,729.84,729.84,0,11.2,8.7,7.5,16,2,5.0,3.0,0,0
CUST100782,56.0,Female,North,Premium,Annual,UPI,9,655.7,655.7,0,9.0,8.6,8.2,9,1,1.8,4.7,1,0
CUST100783,46.0,Male,South,Premium,Monthly,UPI,7,690.0,690.0,0,15.5,16.6,17.2,16,0,0.0,3.0,1,1
CUST100784,36.0,Female,South,Basic,Monthly,UPI,23,215.95,215.95,0,28.2,21.1,18.4,26,0,0.0,4.7,0,0
CUST100785,39.0,Female,East,Standard,Annual,Card,15,415.05,415.05,0,35.8,36.5,34.7,28,2,4.5,,0,0
CUST100786,36.0,Female,South,Basic,Annual,Card,30,184.45,166.0,0,10.4,9.0,8.1,6,1,9.3,3.9,0,0
CUST100787,34.0,Male,West,Basic,Monthly,Card,19,193.72,213.09,1,9.6,8.6,7.2,6,1,8.6,2.7,0,0
CUST100788,24.0,Male,West,Basic,Annual,Wallet,9,214.33,192.9,1,21.7,17.1,15.0,14,2,0.5,2.0,0,0
CUST100789,34.0,Female,East,Premium,Monthly,NetBanking,49,714.91,857.89,0,8.5,7.0,5.5,5,1,1.6,3.5,0,1
CUST100790,28.0,Male,North,Standard,Annual,UPI,3,402.63,402.63,0,28.0,28.3,31.1,21,2,3.1,2.1,0,1
CUST100791,22.0,Female,East,Basic,Monthly,UPI,3,201.11,181.0,0,24.5,25.7,26.5,20,3,5.4,3.8,0,1
CUST100792,42.0,Male,East,Standard,Annual,UPI,17,397.33,397.33,1,18.7,17.7,19.7,19,2,0.5,2.9,2,0
CUST100793,40.0,Male,West,Premium,Monthly,Card,3,680.68,680.68,0,27.4,28.6,35.3,15,2,1.0,,0,0
CUST100794,18.0,Female,West,Basic,Monthly,Card,26,190.71,209.78,0,27.0,26.0,22.1,26,0,0.0,3.7,1,1
CUST100795,35.0,Female,North,Premium,Annual,UPI,41,734.31,734.31,0,11.1,11.4,11.8,9,0,0.0,4.4,0,0
CUST100796,47.0,Female,East,Basic,Monthly,Card,7,201.36,201.36,0,9.5,9.6,8.3,8,0,0.0,3.1,0,0
CUST100797,48.0,Female,West,Basic,Monthly,NetBanking,8,206.04,247.25,1,17.6,19.2,16.7,14,0,0.0,4.9,2,0
CUST100798,47.0,Male,South,Premium,Monthly,Card,4,718.11,718.11,0,27.7,27.7,27.2,34,1,3.6,5.0,2,1
CUST100799,36.0,Male,North,Basic,Monthly,UPI,3,213.02,255.62,0,10.8,9.9,8.7,7,3,1.4,1.9,0,1
CUST100800,27.0,Male,East,Standard,Monthly,UPI,15,408.07,367.26,0,9.8,12.6,13.7,7,1,2.9,5.0,1,1
CUST100801,24.0,Female,East,Basic,Monthly,UPI,1,207.19,248.63,0,10.1,17.2,23.7,8,0,0.0,3.2,0,0
CUST100802,40.0,Male,North,Standard,Monthly,Wallet,58,402.34,442.57,0,14.5,13.6,13.7,13,4,2.3,2.3,2,0
CUST100803,,Female,South,Standard,Monthly,UPI,9,380.1,456.12,0,3.5,3.3,3.2,3,1,1.0,4.4,0,0
CUST100804,50.0,Male,South,Premium,Annual,Card,24,691.11,691.11,0,11.6,11.8,11.2,9,0,0.0,2.7,1,0
CUST100805,48.0,Female,North,Premium,Monthly,UPI,7,719.62,863.54,0,22.6,25.1,24.4,20,0,0.0,4.4,0,1
CUST100806,35.0,Female,West,Standard,Monthly,Card,33,412.52,412.52,0,27.7,29.0,31.2,25,1,2.2,4.1,1,0
CUST100807,22.0,Female,West,Basic,Monthly,Card,57,213.44,213.44,0,45.6,46.0,56.6,36,1,5.3,3.5,0,0
CUST100808,32.0,Male,North,Basic,Monthly,UPI,21,194.42,233.3,0,17.2,21.4,22.2,20,1,5.5,3.4,2,0
CUST100809,38.0,Other,South,Standard,Annual,Card,5,403.51,363.16,0,13.3,11.2,8.0,12,4,3.6,2.3,0,1
CUST100810,34.0,Male,West,Standard,Annual,Card,41,396.42,475.7,0,40.8,,36.6,30,0,0.0,4.5,0,0
CUST100811,30.0,Male,East,Basic,Annual,UPI,14,215.16,215.16,0,1.7,2.0,2.2,2,0,0.0,3.4,0,0
CUST100812,39.0,Male,North,Premium,Annual,UPI,7,712.16,854.59,0,18.3,15.9,15.1,7,0,0.0,4.9,0,0
CUST100813,30.0,Male,North,Basic,Monthly,Wallet,25,202.94,182.65,1,18.5,19.9,17.1,11,0,,4.9,1,0
CUST100814,29.0,Female,South,Basic,Annual,Card,4,198.65,218.52,1,32.4,33.3,29.5,25,1,1.1,2.1,1,0
CUST100815,39.0,Male,West,Premium,Monthly,UPI,1,691.13,622.02,0,7.3,5.9,5.2,4,2,3.3,2.0,0,1
CUST100816,32.0,Male,East,Standard,Annual,UPI,16,370.1,370.1,0,19.0,,14.4,18,0,0.0,3.6,2,0
CUST100817,39.0,Female,North,Standard,Monthly,NetBanking,57,373.84,448.61,0,9.0,7.1,7.0,9,1,,,0,0
CUST100818,39.0,Female,West,Basic,Monthly,Card,9,200.78,200.78,1,6.2,6.8,6.8,7,1,1.9,2.9,1,1
CUST100819,23.0,Female,East,Basic,Annual,UPI,16,199.54,219.49,0,11.2,10.4,6.8,8,2,2.1,2.5,1,0
CUST100820,31.0,Female,West,Standard,Monthly,UPI,14,402.68,402.68,0,37.1,48.8,43.7,34,0,0.0,5.0,0,0
CUST100821,52.0,Male,North,Basic,Annual,Card,1,208.37,208.37,0,7.3,7.6,8.8,8,1,2.7,4.7,0,0
CUST100822,23.0,Female,North,Standard,Annual,Card,9,400.85,400.85,0,14.4,12.7,10.9,12,1,0.7,2.7,0,0
CUST100823,18.0,Male,West,Basic,Annual,UPI,12,195.53,175.98,0,26.4,28.0,30.7,26,1,2.1,1.6,2,1
CUST100824,18.0,Male,West,Basic,Monthly,Card,30,196.91,196.91,0,11.5,13.6,13.0,9,1,4.4,3.0,1,0
CUST100825,36.0,Male,West,Basic,Monthly,Card,16,201.43,181.29,0,45.2,49.8,56.5,48,1,5.5,2.3,0,0
CUST100826,36.0,Female,West,Basic,Annual,UPI,17,195.22,175.7,0,17.9,19.8,20.5,12,1,5.1,4.3,0,0
CUST100827,35.0,Male,North,Basic,Monthly,Card,25,209.59,230.55,0,6.9,7.2,6.0,3,3,2.4,3.1,0,1
CUST100828,49.0,Female,South,Standard,Monthly,Card,19,398.78,358.9,0,11.1,15.4,18.1,8,1,1.0,,0,0
CUST100829,18.0,Male,North,Standard,Annual,UPI,2,404.02,363.62,0,7.2,6.2,5.4,6,2,2.4,3.2,3,0
CUST100830,40.0,Male,West,Basic,Annual,NetBanking,13,190.88,229.06,0,11.8,13.0,18.1,10,3,7.5,1.9,1,1
CUST100831,53.0,Male,North,Standard,Annual,NetBanking,3,420.24,462.26,1,15.5,13.7,12.6,14,2,1.0,3.1,0,0
CUST100832,24.0,Male,West,Basic,Monthly,Card,3,213.32,255.98,0,26.7,22.5,20.8,18,0,0.0,5.0,1,0
CUST100833,32.0,Male,West,Basic,Monthly,Card,17,185.44,185.44,0,49.8,46.4,47.9,30,0,0.0,,0,0
CUST100834,28.0,Female,West,Premium,Annual,Wallet,1,713.01,713.01,0,15.8,17.2,16.1,18,0,0.0,3.9,0,1
CUST100835,26.0,Female,West,Standard,Monthly,UPI,4,396.85,357.16,0,24.6,21.9,20.0,19,1,1.6,2.8,0,0
CUST100836,32.0,Male,North,Standard,Monthly,UPI,13,404.67,404.67,0,16.9,23.4,27.0,12,1,4.3,2.7,1,1
CUST100837,52.0,Female,North,Basic,Monthly,Card,4,203.5,244.2,0,10.7,9.1,7.0,9,1,9.2,4.4,0,0
CUST100838,56.0,Male,West,Basic,Annual,Card,38,176.76,176.76,0,12.6,12.5,10.8,8,2,3.2,2.1,1,1
CUST100839,32.0,Male,South,Standard,Monthly,Card,6,414.15,414.15,0,35.4,38.4,30.4,23,1,1.1,3.4,0,1
CUST100840,57.0,Male,South,Standard,Monthly,NetBanking,16,421.19,421.19,0,14.0,13.0,14.4,13,2,4.6,2.4,0,1
CUST100841,36.0,Female,West,Standard,Monthly,Wallet,32,423.43,423.43,0,38.7,55.5,78.8,23,3,11.6,4.4,2,0
CUST100842,55.0,Male,East,Premium,Monthly,Card,9,665.99,799.19,0,18.7,17.0,14.8,10,1,1.3,2.9,0,0
CUST100843,35.0,Female,North,Basic,Annual,UPI,40,198.69,218.56,0,19.5,16.8,17.5,14,2,1.0,2.0,0,0
CUST100844,37.0,Male,South,Premium,Monthly,NetBanking,7,680.16,680.16,0,31.8,33.7,36.5,27,2,4.1,3.1,0,0
CUST100845,40.0,Female,North,Standard,Monthly,NetBanking,2,360.79,396.87,0,20.3,24.7,30.2,22,5,2.9,2.4,0,1
CUST100846,71.0,Male,West,Basic,Monthly,UPI,6,192.83,192.83,1,3.2,2.9,3.1,3,2,4.8,,1,1
CUST100847,45.0,Female,East,Basic,Monthly,Card,5,188.21,169.39,0,11.9,10.5,9.0,11,3,12.7,2.5,1,1
CUST100848,28.0,Female,North,Standard,Monthly,Wallet,2,405.67,405.67,0,19.4,17.8,12.5,12,0,0.0,4.2,1,1
CUST100849,47.0,Male,North,Basic,Annual,Card,26,182.77,182.77,0,20.6,19.2,17.7,17,1,2.7,2.5,0,0
CUST100850,32.0,Male,West,Standard,Monthly,Card,9,379.46,341.51,0,20.4,16.6,13.9,12,1,0.5,4.6,0,0
CUST100851,31.0,Female,West,Standard,Monthly,Card,13,388.64,388.64,0,17.2,13.3,11.1,17,1,1.3,4.4,0,0
CUST100852,46.0,Other,North,Standard,Monthly,UPI,17,414.36,455.8,1,19.1,16.9,15.0,16,1,0.3,4.1,1,0
CUST100853,36.0,Female,East,Standard,Annual,Card,18,454.42,499.86,0,33.4,30.0,29.6,26,1,3.4,4.4,0,0
CUST100854,39.0,Male,South,Standard,Annual,UPI,37,405.05,405.05,0,14.7,12.7,12.0,13,1,1.7,3.8,0,0
CUST100855,36.0,Female,North,Standard,Monthly,Wallet,37,378.41,416.25,0,17.3,14.4,12.5,12,0,0.0,3.9,1,0
CUST100856,40.0,Male,South,Premium,Monthly,UPI,41,675.27,607.74,0,28.3,30.6,33.1,20,4,2.9,1.7,1,1
CUST100857,41.0,Male,North,Basic,Monthly,Wallet,8,205.55,205.55,1,28.9,35.5,35.0,18,1,2.3,2.9,1,0
CUST100858,18.0,Female,North,Premium,Annual,Wallet,19,651.96,651.96,0,9.4,11.1,11.3,11,0,0.0,4.6,1,1
CUST100859,43.0,Female,South,Basic,Annual,NetBanking,41,209.91,209.91,0,5.5,5.7,5.1,4,1,1.1,4.4,1,0
CUST100860,25.0,Female,South,Basic,Annual,UPI,34,201.72,242.06,0,25.9,24.0,19.4,19,1,1.8,,0,0
CUST100861,20.0,Female,South,Standard,Annual,NetBanking,49,396.5,396.5,0,22.2,21.3,25.5,21,0,0.0,3.4,0,0
CUST100862,,Male,South,Basic,Monthly,UPI,52,182.24,200.46,0,18.1,22.8,21.8,15,2,5.2,5.0,0,0
CUST100863,37.0,Female,East,Basic,Monthly,Card,23,208.16,208.16,0,27.1,23.8,19.8,9,0,0.0,3.6,0,0
CUST100864,28.0,Male,South,Basic,Monthly,Wallet,52,191.42,229.7,0,16.1,15.2,14.9,19,2,0.5,3.8,0,0
CUST100865,45.0,Male,South,Standard,Annual,UPI,12,402.07,402.07,1,21.7,31.1,38.5,15,3,3.5,5.0,1,0
CUST100866,21.0,Male,West,Standard,Monthly,Wallet,1,395.86,395.86,1,14.0,13.1,13.9,9,2,3.4,2.8,0,1
CUST100867,32.0,Female,South,Basic,Monthly,UPI,3,183.24,183.24,0,11.8,12.6,14.2,9,2,1.7,4.0,0,0
CUST100868,,Male,West,Standard,Monthly,Card,11,394.4,394.4,0,15.9,,16.8,11,2,,1.8,0,1
CUST100869,35.0,Male,East,Basic,Monthly,NetBanking,1,186.96,186.96,0,7.4,7.2,6.7,5,1,4.0,3.2,0,0
CUST100870,39.0,Female,East,Premium,Annual,UPI,4,676.21,608.59,0,11.3,10.5,9.2,9,0,0.0,4.4,0,0
CUST100871,25.0,Female,North,Basic,Monthly,UPI,8,203.31,203.31,1,17.8,15.9,13.5,8,1,,2.9,0,1
CUST100872,44.0,Female,South,Standard,Annual,NetBanking,26,413.01,413.01,0,22.1,21.2,18.3,21,0,0.0,3.8,0,0
CUST100873,37.0,Female,West,Standard,Monthly,UPI,9,398.64,358.78,0,31.5,37.3,45.2,31,0,0.0,4.0,0,0
CUST100874,18.0,Male,West,Standard,Annual,Card,12,381.37,343.23,0,17.2,19.4,18.4,8,0,0.0,4.0,0,0
CUST100875,18.0,Female,South,Premium,Annual,UPI,47,676.37,676.37,0,11.6,12.3,16.3,10,1,1.6,1.3,0,0
CUST100876,36.0,Female,West,Basic,Annual,Card,33,192.39,173.15,1,9.0,8.9,8.5,6,0,0.0,5.0,1,0
CUST100877,34.0,Female,North,Standard,Annual,UPI,17,356.37,356.37,0,30.3,39.3,37.7,22,0,0.0,2.7,0,0
CUST100878,35.0,Female,West,Basic,Monthly,Card,39,199.73,199.73,0,19.5,21.3,29.1,17,1,1.0,2.7,0,0
CUST100879,36.0,Male,West,Standard,Monthly,Card,24,365.76,402.34,0,16.8,16.0,21.3,16,1,5.7,1.9,1,1
CUST100880,38.0,Male,South,Basic,Annual,Wallet,1,199.76,219.74,1,19.9,19.6,14.2,17,4,2.3,1.8,0,0
CUST100881,46.0,Female,West,Basic,Annual,Card,49,184.48,184.48,0,27.2,32.8,39.1,14,1,2.2,3.5,0,0
CUST100882,24.0,Male,West,Basic,Annual,NetBanking,6,187.0,187.0,0,36.2,35.5,30.9,29,2,2.6,,0,0
CUST100883,23.0,Male,East,Basic,Annual,UPI,15,205.65,246.78,0,8.2,9.8,10.6,7,4,2.9,2.2,1,1
CUST100884,24.0,Female,South,Premium,Monthly,Card,27,699.86,839.83,1,16.1,19.9,22.1,10,1,5.1,3.7,0,1
CUST100885,39.0,Female,West,Standard,Monthly,Wallet,8,361.4,361.4,0,26.0,,26.0,16,1,3.2,3.8,0,0
CUST100886,50.0,Female,East,Basic,Annual,Card,11,193.44,193.44,0,8.6,7.9,7.1,7,0,0.0,2.6,0,0
CUST100887,31.0,Female,South,Standard,Monthly,UPI,1,404.23,444.65,0,42.8,39.6,44.5,39,2,1.7,,0,0
CUST100888,18.0,Female,West,Standard,Annual,NetBanking,4,386.65,386.65,0,16.0,18.2,16.2,11,1,0.9,2.5,0,0
CUST100889,18.0,Female,North,Basic,Monthly,NetBanking,2,195.59,195.59,0,45.8,50.9,51.2,39,0,0.0,5.0,0,0
CUST100890,27.0,Female,West,Basic,Annual,Card,8,201.43,201.43,0,7.9,8.6,7.6,4,0,0.0,2.9,0,0
CUST100891,30.0,Male,East,Standard,Annual,NetBanking,3,399.89,439.88,1,29.8,24.5,26.5,25,0,0.0,3.0,0,0
CUST100892,32.0,Female,South,Basic,Monthly,Wallet,53,189.13,189.13,1,12.6,13.5,16.4,5,1,2.9,3.8,1,0
CUST100893,36.0,Male,West,Standard,Annual,UPI,16,399.44,359.5,0,18.3,15.8,18.4,16,1,4.3,4.1,1,1
CUST100894,33.0,Male,North,Basic,Monthly,UPI,1,196.14,196.14,0,24.6,27.1,33.3,24,2,3.4,2.1,0,0
CUST100895,48.0,Male,North,Basic,Monthly,UPI,19,216.15,216.15,0,28.6,,23.7,22,1,5.3,4.2,0,0
CUST100896,29.0,Female,North,Standard,Annual,UPI,20,396.94,396.94,1,22.7,20.3,17.6,21,2,1.8,3.7,0,0
CUST100897,27.0,Female,South,Standard,Monthly,UPI,9,401.69,482.03,0,17.9,14.0,14.1,15,0,0.0,3.1,0,0
CUST100898,41.0,Female,East,Premium,Monthly,Card,2,708.08,849.7,0,19.6,17.1,17.0,10,3,,1.1,0,0
CUST100899,19.0,Female,North,Basic,Annual,UPI,11,195.79,234.95,0,58.8,54.3,43.6,33,3,2.7,3.8,1,0
CUST100900,40.0,Female,West,Standard,Annual,Card,28,384.64,423.1,0,30.9,31.4,25.5,22,0,0.0,4.1,1,0
CUST100901,37.0,Male,West,Premium,Monthly,Card,47,715.07,786.58,0,10.6,9.3,7.1,8,3,2.6,3.2,0,0
CUST100902,34.0,Female,West,Standard,Annual,UPI,1,408.34,367.51,0,19.4,20.0,18.5,13,2,2.5,1.8,0,1
CUST100903,53.0,Female,South,Premium,Monthly,Card,1,771.79,771.79,0,23.3,19.1,17.8,13,2,8.4,5.0,1,1
CUST100904,29.0,Female,East,Premium,Monthly,UPI,4,724.95,724.95,0,4.2,3.9,3.6,1,1,3.2,2.5,4,1
CUST100905,59.0,Male,South,Premium,Annual,UPI,11,725.54,725.54,0,32.8,30.4,28.1,37,1,0.7,2.9,1,0
CUST100906,34.0,Male,West,Premium,Monthly,Card,11,724.08,724.08,0,11.2,11.8,10.7,13,3,4.9,3.9,0,0
CUST100907,22.0,Female,North,Standard,Annual,Card,5,385.23,385.23,0,13.2,13.3,11.4,8,1,3.1,3.6,1,1
CUST100908,37.0,Male,West,Standard,Annual,Card,22,373.9,373.9,0,9.4,7.2,5.1,5,3,4.2,3.2,0,0
CUST100909,24.0,Male,North,Premium,Annual,UPI,10,663.92,730.31,1,29.9,27.9,28.9,33,3,3.7,1.8,2,0
CUST100910,28.0,Male,South,Premium,Annual,Card,42,723.04,723.04,0,25.2,31.6,37.9,9,4,4.9,1.4,1,1
CUST100911,40.0,Male,West,Basic,Monthly,UPI,30,213.15,213.15,1,30.7,30.2,32.4,31,0,0.0,4.1,1,0
CUST100912,42.0,Male,North,Basic,Annual,UPI,7,206.3,206.3,0,37.6,31.7,26.7,35,0,0.0,3.3,0,0
CUST100913,29.0,Other,West,Basic,Monthly,UPI,34,197.34,177.61,0,20.8,23.7,26.0,15,1,5.0,5.0,0,1
CUST100914,47.0,Female,West,Premium,Monthly,Card,2,757.6,681.84,1,14.2,14.7,15.4,15,2,1.9,2.1,1,0
CUST100915,49.0,Female,North,Basic,Monthly,Card,4,194.59,214.05,1,21.0,28.9,32.4,14,1,0.9,3.1,1,1
CUST100916,52.0,Male,North,Basic,Annual,Card,12,187.58,168.82,0,13.2,11.0,11.7,13,1,1.0,3.7,0,0
CUST100917,42.0,Male,North,Standard,Monthly,Card,72,404.05,404.05,1,24.4,19.7,15.3,18,2,1.4,2.8,0,0
CUST100918,51.0,Male,West,Basic,Monthly,Wallet,14,211.85,254.22,1,33.3,41.5,44.0,19,1,2.0,2.7,1,1
CUST100919,18.0,Male,West,Premium,Monthly,Card,38,669.51,602.56,0,11.6,12.6,11.0,14,1,1.2,3.6,2,0
CUST100920,33.0,Male,South,Standard,Monthly,Card,25,364.99,364.99,0,21.1,21.6,19.8,14,2,2.5,5.0,1,0
CUST100921,26.0,Female,East,Basic,Annual,NetBanking,22,199.38,199.38,0,17.6,20.6,20.4,13,1,1.4,2.9,0,1
CUST100922,37.0,Other,South,Basic,Monthly,Wallet,12,206.68,206.68,0,18.3,18.5,16.4,18,0,0.0,2.1,1,1
CUST100923,30.0,Female,East,Standard,Annual,UPI,2,339.86,339.86,1,29.6,34.9,41.5,31,4,3.0,3.3,0,0
CUST100924,34.0,Male,West,Standard,Annual,UPI,19,418.5,418.5,0,23.5,20.4,13.8,13,0,0.0,3.4,0,0
CUST100925,57.0,Male,West,Standard,Monthly,Card,29,371.73,371.73,1,16.1,13.8,12.0,18,2,8.6,,1,0
CUST100926,34.0,Male,North,Basic,Monthly,NetBanking,7,206.21,206.21,0,17.2,12.8,12.4,14,2,4.4,3.9,0,0
CUST100927,41.0,Male,North,Premium,Monthly,UPI,4,629.22,566.3,0,19.6,21.3,22.9,15,0,0.0,,0,1
CUST100928,,Female,South,Standard,Monthly,UPI,64,369.58,406.54,0,18.9,18.8,17.0,15,1,,2.8,0,0
CUST100929,37.0,Male,South,Standard,Monthly,Card,6,411.34,370.21,0,19.6,15.4,12.2,16,0,0.0,2.1,0,0
CUST100930,36.0,Female,North,Basic,Monthly,UPI,11,211.1,211.1,0,27.2,27.1,27.7,13,2,3.6,4.2,0,0
CUST100931,41.0,Female,West,Premium,Annual,UPI,6,698.68,698.68,0,9.3,9.3,11.4,8,1,5.8,,0,1
CUST100932,49.0,Male,North,Standard,Monthly,Card,24,446.79,446.79,1,23.7,25.6,33.4,20,0,0.0,4.0,1,0
CUST100933,54.0,Male,South,Basic,Monthly,UPI,16,188.83,188.83,0,25.0,25.2,25.2,18,0,0.0,3.6,0,0
CUST100934,39.0,Male,East,Premium,Monthly,Card,3,662.81,662.81,0,44.5,46.5,40.4,37,1,1.3,4.0,1,0
CUST100935,,Male,South,Premium,Annual,NetBanking,26,688.44,619.6,0,17.8,17.3,18.5,14,2,6.7,3.5,1,0
CUST100936,23.0,Female,South,Standard,Monthly,Card,26,392.02,431.22,0,23.5,21.9,24.1,18,0,0.0,5.0,0,0
CUST100937,35.0,Female,West,Standard,Annual,Wallet,11,404.66,404.66,1,29.5,31.9,29.4,26,0,0.0,4.4,0,0
CUST100938,46.0,Female,South,Basic,Monthly,UPI,17,191.61,210.77,0,23.2,25.9,25.7,18,1,3.3,1.6,1,1
CUST100939,46.0,Female,North,Standard,Annual,UPI,28,410.32,369.29,1,5.7,6.8,6.4,4,1,7.1,3.2,1,0
CUST100940,38.0,Male,North,Basic,Monthly,UPI,8,204.41,224.85,0,6.2,5.9,5.6,6,1,4.4,3.7,1,1
CUST100941,46.0,Male,South,Standard,Monthly,UPI,43,431.19,431.19,0,17.0,17.4,17.7,10,1,3.3,3.1,1,0
CUST100942,41.0,Male,South,Basic,Monthly,Card,7,194.12,174.71,0,18.8,23.2,26.4,19,3,1.3,4.2,0,1
CUST100943,49.0,Male,South,Basic,Monthly,UPI,44,202.35,242.82,0,22.0,27.7,38.9,16,1,2.6,4.0,1,1
CUST100944,39.0,Female,South,Premium,Annual,Card,42,720.17,648.15,0,8.9,10.5,12.5,9,1,4.1,1.6,0,0
CUST100945,32.0,Male,West,Basic,Monthly,Card,72,198.93,238.72,0,25.4,24.4,24.0,28,1,3.0,3.2,0,0
CUST100946,40.0,Male,North,Premium,Monthly,NetBanking,1,691.6,829.92,0,9.0,8.6,6.6,7,2,8.7,3.3,1,1
CUST100947,18.0,Male,North,Basic,Monthly,Card,45,178.47,196.32,0,23.1,19.0,13.4,22,0,0.0,3.0,0,0
CUST100948,40.0,Male,North,Basic,Monthly,NetBanking,31,199.83,199.83,0,10.7,9.9,8.6,10,2,2.5,4.0,0,1
CUST100949,18.0,Female,West,Basic,Annual,NetBanking,13,204.93,204.93,0,24.7,20.7,17.3,21,0,0.0,,0,0
CUST100950,18.0,Male,South,Basic,Monthly,UPI,16,198.42,238.1,1,29.6,30.2,36.3,27,2,9.2,3.7,2,0
CUST100951,41.0,Male,West,Standard,Annual,Card,3,383.39,345.05,0,12.2,9.6,8.5,9,0,0.0,4.5,1,0
CUST100952,41.0,Male,South,Basic,Annual,UPI,3,182.29,182.29,0,22.9,25.1,28.7,26,0,0.0,5.0,1,0
CUST100953,23.0,Female,West,Standard,Monthly,NetBanking,38,408.04,367.24,0,20.4,22.7,25.9,17,1,3.8,4.4,1,0
CUST100954,28.0,Female,South,Standard,Monthly,UPI,12,399.66,399.66,0,11.8,12.5,13.3,8,0,0.0,4.6,0,0
CUST100955,51.0,Female,South,Basic,Monthly,Card,64,212.83,234.11,0,8.7,9.6,9.8,6,0,0.0,3.8,0,0
CUST100956,31.0,Male,North,Basic,Monthly,Card,1,184.58,166.12,0,25.6,22.9,15.7,25,1,1.2,3.0,1,0
CUST100957,61.0,Male,South,Basic,Annual,UPI,3,194.32,194.32,1,41.4,43.8,49.7,26,2,4.1,5.0,1,1
CUST100958,36.0,Female,West,Basic,Monthly,Card,1,185.85,185.85,1,16.1,20.1,22.7,19,1,1.2,4.0,0,0
CUST100959,40.0,Male,East,Basic,Monthly,Card,71,209.2,209.2,1,5.8,4.6,4.6,6,1,0.4,,0,0
CUST100960,54.0,Male,East,Standard,Annual,UPI,4,423.72,508.46,0,4.2,4.9,5.4,2,2,1.7,3.2,1,1
CUST100961,37.0,Female,South,Standard,Monthly,UPI,16,437.36,481.1,0,19.5,17.0,16.2,19,2,3.9,3.0,0,1
CUST100962,25.0,Male,East,Premium,Annual,Card,19,717.22,717.22,0,7.5,7.6,6.3,5,2,6.8,4.1,1,0
CUST100963,35.0,Male,South,Standard,Annual,Wallet,50,414.75,414.75,0,6.6,6.7,7.3,4,0,0.0,3.5,2,0
CUST100964,36.0,Female,West,Standard,Monthly,Card,21,407.7,407.7,0,11.7,8.9,8.5,8,2,1.7,1.8,0,0
CUST100965,21.0,Female,East,Basic,Monthly,Card,36,204.7,225.17,0,25.3,23.9,19.0,16,0,0.0,4.4,1,0
CUST100966,33.0,Male,North,Basic,Monthly,Card,1,199.49,219.44,0,24.2,27.1,27.7,23,0,0.0,3.3,1,1
CUST100967,28.0,Male,West,Standard,Annual,Card,25,411.35,452.49,0,26.1,23.7,18.8,22,2,3.0,1.0,1,1
CUST100968,46.0,Female,North,Basic,Monthly,UPI,13,220.29,220.29,1,14.0,14.2,15.8,12,0,0.0,4.7,0,0
CUST100969,36.0,Male,North,Basic,Annual,Card,12,201.18,181.06,0,14.6,11.9,11.1,12,3,1.5,1.7,1,0
CUST100970,33.0,Male,South,Premium,Annual,NetBanking,19,699.84,629.86,0,30.6,28.3,23.7,21,2,7.7,,1,0
CUST100971,35.0,Female,East,Basic,Monthly,NetBanking,1,200.97,200.97,0,15.6,17.2,19.0,11,1,5.8,3.6,0,0
CUST100972,38.0,Female,North,Basic,Annual,Card,2,197.52,237.02,0,8.6,9.3,12.2,9,1,2.3,3.7,1,0
CUST100973,43.0,Female,South,Premium,Monthly,NetBanking,4,707.61,778.37,0,12.0,8.6,7.1,9,1,3.9,3.0,0,0
CUST100974,25.0,Male,West,Basic,Monthly,UPI,62,197.18,197.18,0,26.3,26.2,25.3,28,2,4.3,3.7,1,0
CUST100975,25.0,Male,South,Basic,Annual,NetBanking,4,210.38,189.34,0,22.7,23.1,21.4,15,3,2.9,3.9,0,0
CUST100976,48.0,Female,East,Basic,Monthly,Card,54,209.39,209.39,0,16.8,21.7,25.4,14,1,0.5,2.6,0,0
CUST100977,31.0,Female,South,Basic,Annual,UPI,5,220.55,242.6,0,7.2,5.5,4.7,6,2,4.3,3.4,0,1
CUST100978,20.0,Male,North,Premium,Annual,Card,27,698.18,698.18,1,22.6,21.7,22.5,23,2,0.5,3.4,0,0
CUST100979,41.0,Female,West,Standard,Monthly,Card,2,404.76,404.76,0,15.2,12.9,11.5,15,2,1.2,4.5,0,0
CUST100980,41.0,Male,South,Standard,Monthly,NetBanking,2,403.93,484.72,0,8.5,7.4,6.2,7,2,5.7,3.5,0,1
CUST100981,19.0,Female,East,Basic,Monthly,Card,8,200.99,200.99,0,26.0,22.3,22.1,21,0,,2.0,1,1
CUST100982,39.0,Female,East,Basic,Monthly,UPI,29,210.24,210.24,0,15.7,13.0,10.6,10,2,2.4,5.0,3,0
CUST100983,44.0,Male,West,Standard,Annual,Card,29,366.58,366.58,0,19.0,17.3,17.6,14,3,1.1,3.2,0,1
CUST100984,40.0,Female,South,Basic,Monthly,NetBanking,10,203.58,203.58,0,32.9,37.3,34.2,41,2,1.1,3.5,0,0
CUST100985,43.0,Female,West,Basic,Annual,UPI,1,218.86,196.97,0,21.5,15.5,16.4,13,2,4.5,3.2,1,0
CUST100986,21.0,Male,North,Standard,Monthly,Card,17,426.19,468.81,0,25.0,20.0,18.1,17,2,3.3,3.6,0,0
CUST100987,40.0,Male,North,Premium,Monthly,UPI,5,742.64,816.9,0,18.4,18.1,21.0,10,1,3.3,4.0,1,0
CUST100988,33.0,Female,North,Premium,Monthly,Card,40,728.43,801.27,0,27.5,24.3,16.8,18,1,4.5,4.3,1,0
CUST100989,31.0,Male,North,Premium,Monthly,Card,1,678.18,610.36,1,9.7,10.3,9.9,5,4,1.4,2.6,0,0
CUST100990,46.0,Male,North,Standard,Monthly,UPI,3,384.04,460.85,0,7.2,7.5,7.7,4,3,2.3,1.0,0,0
CUST100991,52.0,Male,South,Standard,Monthly,Wallet,3,384.2,422.62,0,9.1,9.0,9.3,8,1,1.4,3.1,0,0
CUST100992,56.0,Female,North,Premium,Monthly,NetBanking,14,659.21,725.13,0,14.6,21.9,31.7,14,0,0.0,,0,1
CUST100993,50.0,Male,East,Basic,Monthly,Card,3,208.42,208.42,0,25.0,24.7,23.4,22,2,1.5,2.6,0,1
CUST100994,35.0,Female,North,Basic,Monthly,Card,4,213.61,213.61,0,13.7,12.4,9.6,8,2,4.0,2.2,0,0
CUST100995,40.0,Male,South,Basic,Monthly,NetBanking,72,203.32,243.98,0,24.6,27.9,22.2,11,2,6.8,2.8,0,0
CUST100996,44.0,Male,North,Premium,Monthly,Card,3,727.13,727.13,1,19.5,14.0,10.1,8,1,1.3,4.4,0,0
CUST100997,37.0,Female,North,Premium,Monthly,UPI,30,709.26,709.26,0,45.0,49.8,49.6,25,2,4.4,3.6,0,0
CUST100998,37.0,Male,East,Premium,Annual,UPI,14,718.88,718.88,0,19.8,19.6,21.1,12,2,6.4,1.9,0,0
CUST100999,45.0,Male,West,Basic,Monthly,NetBanking,4,177.94,177.94,0,12.9,14.1,15.4,9,1,,1.8,1,1
CUST101000,35.0,Male,North,Premium,Monthly,UPI,7,710.0,710.0,1,23.4,24.1,17.2,20,1,2.1,,0,0
CUST101001,28.0,Female,East,Basic,Monthly,Wallet,1,194.77,214.25,0,18.8,19.3,17.1,14,3,2.7,3.3,0,1
CUST101002,31.0,Male,South,Basic,Monthly,UPI,1,198.6,198.6,0,9.7,8.8,8.8,11,2,6.3,1.8,1,1
CUST101003,43.0,Male,West,Standard,Annual,UPI,2,403.5,403.5,0,16.7,19.5,23.7,21,3,5.6,2.9,1,1
CUST101004,36.0,Male,South,Standard,Annual,Card,1,384.72,384.72,1,16.5,16.7,17.6,13,4,0.2,3.4,0,0
CUST101005,40.0,Male,North,Premium,Annual,UPI,12,661.41,661.41,0,17.0,17.5,15.4,7,2,2.4,3.7,3,0
CUST101006,43.0,Male,South,Basic,Monthly,Card,15,191.58,172.42,0,10.1,8.6,7.9,7,0,0.0,3.4,1,1
CUST101007,32.0,Female,South,Basic,Monthly,Card,8,184.59,184.59,0,41.7,53.8,62.5,31,1,3.8,5.0,0,0
CUST101008,44.0,Male,West,Standard,Monthly,UPI,3,375.95,338.36,0,7.6,7.8,8.9,7,2,4.0,2.7,1,1
CUST101009,40.0,Male,South,Basic,Annual,Card,10,188.87,188.87,0,33.2,34.4,35.4,18,4,3.6,2.9,0,1
CUST101010,22.0,Female,South,Premium,Monthly,Wallet,13,648.84,583.96,0,17.9,16.8,15.7,9,2,6.4,2.9,1,0
CUST101011,52.0,Female,South,Basic,Monthly,NetBanking,68,204.26,183.83,0,11.0,9.7,10.6,9,1,1.3,3.3,0,0
CUST101012,30.0,Male,West,Basic,Monthly,UPI,8,190.04,228.05,1,38.4,33.3,31.9,27,2,3.3,4.1,1,0
CUST101013,18.0,Male,West,Basic,Annual,UPI,13,180.46,180.46,0,3.2,2.8,2.3,2,1,4.0,4.2,0,0
CUST101014,25.0,Male,West,Standard,Monthly,Card,12,391.0,391.0,0,11.0,10.8,10.4,7,1,1.9,1.7,2,0
CUST101015,25.0,Female,West,Premium,Monthly,Card,6,660.09,660.09,0,16.1,16.7,19.5,12,0,0.0,2.7,0,0
CUST101016,37.0,Male,West,Basic,Annual,Card,28,213.52,213.52,0,11.8,12.2,13.6,10,1,0.3,4.3,0,1
CUST101017,33.0,Male,North,Basic,Monthly,UPI,53,200.32,220.35,0,17.2,16.6,16.1,5,2,1.5,2.0,0,0
CUST101018,32.0,Male,South,Premium,Annual,NetBanking,51,647.61,647.61,0,24.1,24.2,20.7,19,1,0.8,2.5,0,0
CUST101019,43.0,Male,South,Standard,Monthly,Card,1,410.35,451.39,1,8.7,7.9,7.9,8,3,2.8,3.4,1,0
CUST101020,40.0,Male,South,Basic,Annual,Card,18,199.85,199.85,1,20.3,21.8,22.7,18,1,2.1,4.5,0,0
CUST101021,39.0,Male,East,Basic,Annual,Card,9,196.63,216.29,0,25.2,25.0,22.3,31,4,2.4,3.6,0,1
CUST101022,41.0,Female,South,Premium,Monthly,UPI,35,754.03,678.63,0,9.2,7.5,7.9,7,1,4.4,,0,0
CUST101023,43.0,Female,South,Standard,Annual,Card,10,379.54,455.45,0,19.5,21.3,22.9,15,0,0.0,3.5,0,0
CUST101024,18.0,Female,East,Basic,Monthly,UPI,10,209.3,251.16,0,16.5,19.3,19.8,17,3,5.1,2.6,0,1
CUST101025,32.0,Female,South,Basic,Monthly,Card,14,194.93,194.93,0,10.3,12.2,13.9,8,0,0.0,3.2,1,1
CUST101026,18.0,Male,South,Basic,Monthly,Card,19,198.82,178.94,1,10.9,10.4,10.4,12,1,2.1,1.9,0,0
CUST101027,36.0,Female,South,Basic,Monthly,UPI,36,191.54,191.54,0,210.9,11.8,11.9,11,1,2.3,4.9,2,1
CUST101028,36.0,Female,East,Basic,Monthly,Wallet,33,192.17,211.39,0,13.9,16.7,20.9,12,0,0.0,3.7,0,0
CUST101029,48.0,Female,South,Basic,Monthly,Card,37,194.66,214.13,1,14.0,16.0,18.7,11,1,2.0,2.5,0,0
CUST101030,49.0,Female,South,Basic,Annual,Card,13,180.09,180.09,0,33.8,30.2,31.9,25,1,2.8,3.9,0,0
CUST101031,38.0,Male,South,Basic,Annual,Card,2,202.45,202.45,0,21.1,30.0,33.8,17,0,0.0,3.6,0,0
CUST101032,30.0,Male,West,Standard,Monthly,NetBanking,15,401.29,401.29,0,21.4,27.4,29.9,14,0,0.0,4.6,0,0
CUST101033,41.0,Male,South,Standard,Monthly,UPI,37,369.12,442.94,0,19.0,16.9,14.0,18,1,3.4,3.0,0,0
CUST101034,30.0,Male,South,Premium,Monthly,UPI,29,722.07,722.07,0,19.8,22.8,25.8,23,1,3.2,3.1,0,1
CUST101035,36.0,Male,West,Basic,Monthly,UPI,13,213.5,213.5,0,22.1,21.3,20.6,10,2,,3.3,1,0
CUST101036,47.0,Male,West,Premium,Annual,Wallet,14,675.78,743.36,0,9.6,10.5,11.3,10,3,1.1,3.7,1,0
CUST101037,30.0,Male,South,Premium,Annual,Card,19,671.57,671.57,0,16.8,14.2,13.7,14,1,2.7,2.5,1,0
CUST101038,45.0,Female,South,Premium,Monthly,Card,14,737.91,664.12,0,11.1,11.6,14.1,11,0,0.0,2.4,0,0
CUST101039,43.0,Female,South,Basic,Monthly,UPI,23,203.01,203.01,1,28.3,36.8,47.6,19,0,0.0,4.3,0,1
CUST101040,25.0,Female,East,Basic,Monthly,UPI,16,197.65,217.42,0,13.3,12.6,14.6,10,2,5.7,3.6,1,1
CUST101041,47.0,Male,South,Standard,Monthly,Card,7,415.25,415.25,0,22.3,24.1,24.7,23,3,3.5,3.1,1,1
CUST101042,44.0,Female,West,Basic,Monthly,NetBanking,17,201.73,242.08,0,24.3,23.5,24.8,19,1,2.6,3.6,1,1
CUST101043,37.0,Female,West,Basic,Monthly,UPI,10,213.21,191.89,1,20.5,23.7,23.8,20,1,1.2,3.6,0,0
CUST101044,28.0,Female,North,Basic,Monthly,Wallet,33,198.83,198.83,0,19.4,23.2,29.4,13,2,1.8,4.6,0,0
CUST101045,27.0,Female,South,Standard,Monthly,Wallet,16,407.51,448.26,0,17.9,13.8,12.0,14,0,0.0,4.0,1,0
CUST101046,30.0,Male,West,Premium,Annual,UPI,4,737.38,737.38,0,24.9,30.9,35.1,22,1,3.4,,1,0
CUST101047,42.0,Male,East,Basic,Annual,NetBanking,72,174.64,174.64,0,11.6,12.0,14.1,10,1,7.1,2.5,0,0
CUST101048,25.0,Female,West,Premium,Monthly,UPI,13,738.64,886.37,0,21.3,27.5,28.2,21,1,2.5,3.1,0,0
CUST101049,41.0,Other,South,Standard,Monthly,UPI,10,388.92,388.92,0,6.3,7.7,7.8,5,1,6.3,4.1,0,1
CUST101050,22.0,Male,East,Basic,Annual,UPI,1,203.97,224.37,0,12.9,15.2,14.8,10,1,5.8,4.3,0,0
CUST101051,34.0,Male,West,Basic,Monthly,Wallet,3,215.56,237.12,1,13.8,14.8,14.2,14,1,2.9,2.1,1,0
CUST101052,37.0,Male,West,Basic,Annual,NetBanking,5,195.96,235.15,0,8.0,,11.5,9,2,1.9,4.2,2,0
CUST101053,63.0,Male,North,Premium,Monthly,UPI,2,683.08,614.77,0,19.4,20.6,22.0,12,1,1.5,,2,0
CUST101054,21.0,Other,North,Standard,Annual,Card,1,397.91,397.91,0,12.0,15.8,17.5,12,0,0.0,5.0,1,0
CUST101055,52.0,Female,North,Standard,Monthly,NetBanking,23,370.03,370.03,1,31.1,30.4,28.0,20,0,0.0,5.0,0,0
CUST101056,38.0,Male,East,Standard,Annual,UPI,14,442.87,487.16,1,15.7,14.6,14.3,13,3,4.5,2.8,0,0
CUST101057,41.0,Male,West,Basic,Monthly,UPI,14,198.58,198.58,0,24.0,28.8,30.8,21,0,0.0,2.6,0,1
CUST101058,37.0,Male,North,Premium,Annual,UPI,8,756.51,680.86,0,28.6,30.1,25.9,20,2,2.4,2.2,0,1
CUST101059,41.0,Male,South,Premium,Monthly,UPI,8,687.35,824.82,0,22.5,25.2,22.4,17,2,7.7,2.7,0,1
CUST101060,34.0,Female,South,Standard,Monthly,Card,43,399.68,479.62,0,14.6,11.8,8.8,7,2,4.2,5.0,0,0
CUST101061,52.0,Female,East,Standard,Annual,UPI,3,417.84,417.84,0,17.8,,21.8,17,0,0.0,,0,0
CUST101062,31.0,Female,West,Basic,Monthly,Card,42,188.03,169.23,0,8.1,8.0,7.9,6,3,0.8,3.2,0,0
CUST101063,48.0,Male,South,Basic,Monthly,Card,21,197.98,178.18,0,24.2,21.1,18.6,19,2,2.8,3.1,0,0
CUST101064,29.0,Female,North,Basic,Monthly,Card,15,208.02,208.02,0,45.9,41.7,41.4,31,1,2.5,3.3,0,1
CUST101065,35.0,Female,West,Standard,Annual,UPI,5,394.75,394.75,0,27.5,24.9,18.9,26,0,0.0,3.3,1,0
CUST101066,24.0,Male,North,Standard,Annual,Card,14,389.36,467.23,0,14.3,15.5,17.4,12,1,4.0,5.0,1,0
CUST101067,41.0,Female,South,Premium,Monthly,Card,16,737.98,737.98,0,15.0,,11.8,9,1,2.8,4.4,1,0
CUST101068,52.0,Female,North,Basic,Annual,NetBanking,6,212.94,191.65,0,28.1,18.5,13.3,22,1,8.0,2.1,4,1
CUST101069,35.0,Female,North,Basic,Annual,UPI,6,214.52,214.52,1,4.9,6.0,6.8,3,1,2.4,1.9,1,0
CUST101070,34.0,Male,South,Basic,Annual,NetBanking,1,192.28,211.51,0,8.8,7.7,7.9,7,1,2.8,4.3,0,0
CUST101071,24.0,Male,East,Premium,Monthly,UPI,9,678.75,678.75,0,12.3,13.3,10.7,12,2,6.5,,1,0
CUST101072,33.0,Male,North,Standard,Monthly,Card,2,389.59,467.51,1,12.9,13.5,12.1,11,1,0.8,2.6,0,0
CUST101073,18.0,Male,East,Standard,Monthly,NetBanking,7,413.33,413.33,0,6.1,6.5,6.5,5,1,1.1,3.1,1,1
CUST101074,26.0,Male,East,Standard,Monthly,UPI,38,375.12,450.14,1,21.8,24.9,28.0,22,0,0.0,4.9,0,0
CUST101075,38.0,Female,South,Standard,Monthly,Wallet,21,376.25,376.25,0,14.4,17.7,21.1,9,1,5.6,4.2,0,0
CUST101076,51.0,Male,South,Basic,Annual,Card,62,191.89,230.27,1,14.4,12.1,9.6,10,1,3.0,3.5,0,0
CUST101077,,Male,South,Basic,Monthly,NetBanking,46,189.66,227.59,0,19.0,20.9,18.9,8,2,9.2,3.8,0,0
CUST101078,30.0,Other,South,Basic,Monthly,UPI,58,207.8,207.8,0,7.3,10.1,10.5,5,2,3.8,3.0,1,1
CUST101079,52.0,Female,East,Basic,Monthly,NetBanking,17,207.13,227.84,0,17.0,22.0,30.1,12,3,2.8,2.6,0,0
CUST101080,39.0,Female,South,Standard,Monthly,Card,26,389.39,389.39,0,7.3,9.0,12.3,7,2,0.7,4.3,0,0
CUST101081,34.0,Female,East,Basic,Annual,UPI,25,197.07,197.07,0,21.8,17.6,16.2,19,0,0.0,,0,0
CUST101082,41.0,Male,South,Standard,Monthly,Card,2,348.33,313.5,1,29.9,26.8,24.8,33,2,1.9,2.8,1,1
CUST101083,37.0,Male,South,Standard,Annual,NetBanking,32,389.87,389.87,0,24.1,23.6,21.6,17,0,0.0,5.0,0,0
CUST101084,37.0,Female,South,Standard,Monthly,Card,8,423.82,508.58,1,13.0,12.4,13.8,11,0,0.0,2.9,1,0
CUST101085,32.0,Male,North,Premium,Monthly,UPI,10,681.11,681.11,0,22.8,21.6,15.1,22,0,0.0,5.0,0,0
CUST101086,21.0,Male,East,Basic,Annual,UPI,8,188.13,188.13,0,15.5,17.5,19.8,19,2,2.3,3.5,1,0
CUST101087,19.0,Male,West,Standard,Annual,UPI,4,426.46,426.46,0,18.5,18.2,17.2,16,2,0.4,3.3,1,1
CUST101088,43.0,Female,South,Basic,Monthly,NetBanking,15,187.91,187.91,0,22.2,23.4,23.6,18,0,0.0,4.3,0,0
CUST101089,33.0,Male,East,Standard,Annual,UPI,11,429.84,429.84,0,3.0,3.3,4.4,2,0,0.0,4.6,0,0
CUST101090,29.0,Female,West,Standard,Monthly,Card,15,456.61,456.61,1,6.4,6.0,6.3,6,0,0.0,5.0,0,0
CUST101091,36.0,Male,South,Basic,Monthly,NetBanking,9,197.91,197.91,1,16.1,15.6,11.8,17,1,5.0,3.3,0,0
CUST101092,45.0,Female,South,Basic,Monthly,UPI,13,211.38,253.66,0,11.4,12.0,10.2,8,1,1.0,4.0,1,0
CUST101093,38.0,Male,South,Standard,Monthly,UPI,8,365.7,438.84,0,17.3,17.5,14.9,11,1,2.4,3.1,3,1
CUST101094,29.0,Male,South,Standard,Annual,Card,2,364.83,364.83,0,18.8,21.3,24.4,25,1,2.5,3.0,1,0
CUST101095,49.0,Female,West,Standard,Monthly,UPI,26,383.11,459.73,0,13.0,13.0,12.6,7,2,0.8,3.4,0,0
CUST101096,53.0,Female,North,Basic,Annual,NetBanking,7,207.18,248.62,0,14.7,15.6,17.4,14,2,0.9,4.0,0,1
CUST101097,41.0,Male,North,Standard,Annual,Wallet,13,399.03,399.03,0,10.1,8.9,7.0,9,1,1.1,2.6,0,0
CUST101098,47.0,Male,West,Standard,Monthly,Wallet,5,395.28,474.34,0,19.9,23.1,22.0,17,2,,1.7,2,0
CUST101099,50.0,Male,North,Basic,Monthly,UPI,5,186.16,186.16,0,25.6,22.7,21.1,14,1,1.0,2.5,1,1
CUST101100,48.0,Male,East,Standard,Monthly,Card,3,396.46,475.75,0,7.5,8.3,9.4,10,1,2.7,3.0,0,0
CUST101101,43.0,Female,South,Standard,Monthly,UPI,19,386.16,463.39,0,24.9,19.6,15.3,21,1,5.2,4.8,0,0
CUST101102,43.0,Male,North,Premium,Annual,Card,43,666.76,600.08,1,21.2,24.2,24.1,15,1,1.0,2.7,0,0
CUST101103,42.0,Female,South,Basic,Annual,UPI,72,188.98,207.88,0,24.0,24.7,21.0,13,1,7.8,4.0,0,0
CUST101104,24.0,Male,South,Basic,Monthly,Card,34,200.91,241.09,1,30.2,35.3,37.2,12,2,2.3,4.4,0,0
CUST101105,44.0,Male,South,Premium,Monthly,Wallet,7,673.82,741.2,0,13.1,13.1,14.8,12,1,4.8,,0,1
CUST101106,21.0,Male,East,Premium,Monthly,Card,11,698.77,698.77,1,28.0,24.5,21.8,18,1,2.7,4.9,0,0
CUST101107,27.0,Male,East,Basic,Monthly,Card,14,181.4,163.26,0,30.5,31.9,30.6,23,2,1.7,3.9,0,0
CUST101108,50.0,Male,East,Premium,Monthly,NetBanking,5,716.58,716.58,0,8.0,7.3,6.9,5,0,0.0,2.8,0,0
CUST101109,45.0,Female,South,Basic,Monthly,Card,30,201.4,201.4,0,18.8,22.3,31.5,17,3,2.1,2.6,1,1
CUST101110,,Male,West,Premium,Monthly,Card,10,690.91,760.0,0,18.4,22.4,22.9,16,0,0.0,3.0,2,0
CUST101111,33.0,Female,South,Basic,Monthly,UPI,31,200.61,200.61,1,31.4,35.5,32.7,30,2,,3.0,0,1
CUST101112,23.0,Male,West,Basic,Monthly,Wallet,11,208.29,208.29,1,52.0,38.5,27.5,50,3,0.8,3.4,1,0
CUST101113,33.0,Male,East,Premium,Monthly,Card,4,648.36,778.03,0,24.2,24.8,27.6,16,0,0.0,3.1,0,1
CUST101114,37.0,Male,North,Basic,Monthly,UPI,16,199.66,199.66,0,42.2,41.3,40.1,22,0,0.0,4.1,1,0
CUST101115,37.0,Male,North,Premium,Monthly,Card,18,653.39,784.07,0,11.8,10.8,7.3,9,4,2.6,3.0,1,1
CUST101116,48.0,Female,West,Standard,Monthly,UPI,22,400.75,360.68,1,23.1,29.2,29.8,21,2,0.9,2.2,0,0
CUST101117,32.0,Female,East,Basic,Monthly,Card,9,196.42,196.42,0,17.1,28.8,49.6,14,3,6.1,3.4,1,0
CUST101118,40.0,Female,South,Premium,Annual,UPI,8,698.13,698.13,0,22.0,19.7,15.6,9,0,0.0,4.8,0,0
CUST101119,25.0,Female,West,Standard,Monthly,UPI,17,415.93,415.93,0,24.4,23.9,19.5,20,3,4.6,2.8,1,0
CUST101120,41.0,Male,South,Premium,Monthly,Wallet,19,727.61,873.13,1,26.4,30.5,31.1,16,0,0.0,4.5,0,0
CUST101121,36.0,Male,North,Premium,Monthly,UPI,31,736.98,736.98,0,14.9,15.3,16.7,12,1,0.7,2.5,0,0
CUST101122,28.0,Female,East,Basic,Monthly,UPI,60,195.06,195.06,0,16.3,15.0,16.1,16,1,0.2,5.0,0,0
CUST101123,,Male,West,Basic,Monthly,UPI,1,206.0,247.2,1,25.4,27.7,28.0,8,1,1.8,4.1,1,0
CUST101124,34.0,Male,North,Basic,Annual,Card,32,204.04,224.44,0,20.5,20.1,20.7,23,1,1.3,4.2,0,0
CUST101125,33.0,Female,South,Standard,Annual,Card,40,391.59,391.59,0,12.4,10.4,8.2,7,1,,2.9,2,0
CUST101126,55.0,Female,North,Basic,Monthly,UPI,16,200.17,200.17,0,16.5,17.9,21.7,17,1,0.6,4.2,2,1
CUST101127,35.0,Female,South,Basic,Monthly,Card,12,197.68,237.22,0,29.0,22.5,19.1,28,0,0.0,4.2,0,0
CUST101128,33.0,Male,North,Premium,Annual,Card,10,747.75,747.75,0,10.6,12.7,17.1,8,2,2.4,4.0,0,1
CUST101129,18.0,Female,North,Basic,Monthly,UPI,54,207.06,186.35,0,17.4,13.5,10.8,16,5,3.7,3.8,1,0
CUST101130,26.0,Male,West,Standard,Monthly,Card,3,392.3,353.07,0,8.6,10.0,8.6,6,2,2.3,2.8,1,1
CUST101131,33.0,Male,South,Standard,Annual,Card,13,390.91,351.82,0,30.3,30.6,30.9,14,0,0.0,5.0,0,0
CUST101132,28.0,Male,South,Basic,Monthly,UPI,68,208.53,208.53,1,53.4,71.0,93.2,55,0,0.0,4.5,1,0
CUST101133,51.0,Female,North,Basic,Monthly,NetBanking,6,212.33,233.56,0,34.2,33.4,32.5,23,1,3.6,2.4,0,1
CUST101134,34.0,Female,South,Basic,Monthly,Card,17,202.14,202.14,0,13.5,13.2,14.9,16,1,2.9,5.0,0,1
CUST101135,50.0,Female,South,Standard,Monthly,NetBanking,48,412.14,494.57,0,13.5,10.5,9.8,13,1,3.0,3.0,0,0
CUST101136,37.0,Male,North,Basic,Annual,Card,17,211.97,211.97,0,29.5,30.2,38.0,19,2,1.6,3.5,1,0
CUST101137,36.0,Male,North,Premium,Monthly,Wallet,9,692.89,762.18,0,27.7,31.9,34.1,25,3,1.3,3.3,1,0
CUST101138,35.0,Male,South,Premium,Monthly,UPI,27,701.92,772.11,0,36.7,37.7,37.7,33,1,2.0,2.6,1,0
CUST101139,36.0,Female,North,Basic,Monthly,UPI,2,203.84,244.61,0,17.9,21.3,23.7,20,0,0.0,4.7,0,0
CUST101140,55.0,Male,West,Premium,Monthly,UPI,4,684.01,684.01,1,9.8,11.8,11.1,7,2,1.6,2.9,0,1
CUST101141,18.0,Male,North,Premium,Monthly,UPI,12,758.38,758.38,0,18.1,17.3,20.6,14,0,0.0,2.5,0,1
CUST101142,18.0,Female,South,Basic,Monthly,UPI,1,194.64,214.1,1,16.7,17.6,18.3,15,1,2.0,2.7,0,0
CUST101143,30.0,Male,South,Premium,Monthly,UPI,4,701.14,701.14,0,47.8,45.9,45.5,38,2,1.9,1.5,0,1
CUST101144,36.0,Female,South,Basic,Monthly,Wallet,2,218.07,196.26,1,24.5,23.7,25.3,13,3,,1.7,1,0
CUST101145,44.0,Male,North,Standard,Annual,NetBanking,4,361.86,361.86,0,6.5,5.3,5.3,6,2,3.0,4.3,1,0
CUST101146,41.0,Female,East,Basic,Monthly,UPI,10,201.15,201.15,1,25.0,26.1,35.0,28,1,1.1,2.0,0,1
CUST101147,32.0,Male,South,Premium,Annual,NetBanking,11,675.91,675.91,0,30.4,22.8,24.7,25,1,1.5,3.9,0,0
CUST101148,47.0,Male,South,Premium,Monthly,Card,47,699.01,629.11,0,28.1,26.3,27.6,15,0,0.0,3.2,2,0
CUST101149,47.0,Male,South,Premium,Monthly,UPI,34,656.85,722.54,0,27.3,26.8,26.0,21,2,3.8,4.4,0,0
CUST101150,38.0,Male,South,Premium,Annual,UPI,5,686.04,686.04,0,20.3,19.9,22.7,13,0,0.0,3.8,1,0
CUST101151,47.0,Female,West,Basic,Annual,Card,8,199.25,199.25,0,16.3,13.9,14.4,12,0,0.0,2.6,0,0
CUST101152,39.0,Male,South,Standard,Monthly,Wallet,4,403.75,403.75,0,9.4,7.5,7.3,8,1,3.8,4.1,0,0
CUST101153,30.0,Male,South,Basic,Monthly,NetBanking,16,207.91,207.91,0,37.9,37.5,34.8,35,0,0.0,3.4,1,0
CUST101154,44.0,Female,North,Basic,Annual,Wallet,20,175.88,175.88,0,23.4,29.7,35.1,25,0,0.0,4.5,1,0
CUST101155,37.0,Male,South,Basic,Monthly,UPI,28,197.75,237.3,1,13.7,11.7,10.8,13,3,4.5,3.4,0,0
CUST101156,36.0,Female,South,Premium,Monthly,UPI,8,692.89,762.18,0,19.2,25.0,24.5,11,0,0.0,2.7,1,0
CUST101157,52.0,Female,North,Standard,Monthly,NetBanking,50,397.72,477.26,1,9.5,9.4,8.2,9,0,0.0,3.7,1,0
CUST101158,18.0,Male,South,Basic,Annual,Card,24,199.32,219.25,0,19.1,17.2,13.2,14,1,2.6,3.0,1,0
CUST101159,20.0,Female,South,Premium,Monthly,NetBanking,6,669.99,669.99,0,32.6,34.0,39.1,25,1,2.6,3.3,0,0
CUST101160,23.0,Male,East,Premium,Monthly,Card,42,644.93,773.92,0,25.1,22.4,22.7,20,1,1.0,,0,0
CUST101161,32.0,Male,North,Basic,Annual,NetBanking,11,201.16,181.04,1,29.9,40.5,64.1,25,1,1.2,2.0,0,0
CUST101162,33.0,Male,South,Standard,Monthly,UPI,15,379.16,379.16,0,28.8,41.5,52.3,29,0,0.0,4.1,1,0
CUST101163,19.0,Female,West,Standard,Annual,Card,3,407.03,407.03,0,22.5,24.5,21.6,20,2,3.6,3.0,0,1
CUST101164,25.0,Female,South,Standard,Monthly,Card,9,380.3,380.3,0,16.9,17.1,19.3,10,1,2.5,2.3,0,1
CUST101165,27.0,Female,West,Standard,Annual,UPI,69,412.82,412.82,0,15.0,15.3,12.4,8,1,2.7,2.4,0,0
CUST101166,63.0,Female,West,Standard,Monthly,Card,21,397.91,437.7,0,36.6,34.8,33.7,34,0,0.0,2.1,1,0
CUST101167,56.0,Male,North,Basic,Monthly,NetBanking,44,199.15,199.15,0,23.9,30.8,33.3,22,1,1.1,,0,0
CUST101168,31.0,Female,South,Standard,Monthly,Card,8,394.09,433.5,0,23.0,22.8,20.0,24,1,0.4,3.5,0,1
CUST101169,32.0,Female,West,Basic,Annual,UPI,55,194.95,175.46,0,23.8,25.9,30.0,19,0,0.0,4.2,1,1
CUST101170,23.0,Female,North,Basic,Monthly,Card,33,196.68,216.35,0,15.8,16.3,12.6,14,0,0.0,5.0,0,0
CUST101171,18.0,Female,South,Basic,Monthly,Card,45,210.76,252.91,0,22.3,21.3,26.9,20,1,9.5,5.0,0,0
CUST101172,35.0,Other,North,Standard,Monthly,Card,72,368.39,442.07,1,13.0,9.4,6.4,6,3,0.4,2.3,0,0
CUST101173,25.0,Male,North,Basic,Monthly,NetBanking,22,192.55,173.3,0,14.3,12.6,12.4,7,2,3.0,2.8,1,0
CUST101174,35.0,Female,West,Basic,Annual,UPI,9,209.51,209.51,0,25.6,26.5,25.0,24,3,3.9,2.0,0,0
CUST101175,18.0,Female,East,Basic,Monthly,Wallet,35,207.16,248.59,0,23.4,26.0,20.0,20,2,0.4,3.1,0,0
CUST101176,28.0,Female,West,Premium,Monthly,UPI,26,745.96,745.96,0,26.0,24.3,24.2,28,2,3.8,1.5,2,1
CUST101177,38.0,Male,East,Basic,Annual,Card,72,198.41,198.41,0,27.8,30.9,33.0,32,1,2.3,4.9,0,0
CUST101178,40.0,Female,East,Basic,Monthly,Card,15,185.88,185.88,0,15.9,12.2,10.5,12,0,0.0,4.3,1,0
CUST101179,41.0,Male,North,Basic,Monthly,UPI,11,187.98,187.98,0,18.4,19.5,21.8,13,1,8.1,3.3,0,0
CUST101180,21.0,Female,West,Standard,Monthly,Card,20,393.04,353.74,1,25.0,24.4,23.1,13,3,0.4,1.6,0,0
CUST101181,45.0,Female,West,Basic,Monthly,Card,1,206.57,247.88,0,12.2,12.4,11.7,11,1,2.9,5.0,0,0
CUST101182,27.0,Male,West,Basic,Annual,UPI,7,196.47,196.47,0,3.2,3.7,4.4,1,2,4.9,2.9,0,1
CUST101183,43.0,Female,West,Premium,Monthly,Card,11,687.41,687.41,0,7.4,7.7,7.6,4,2,2.3,5.0,0,0
CUST101184,36.0,Male,North,Standard,Monthly,UPI,29,406.92,406.92,0,14.0,12.8,12.4,12,0,0.0,3.5,1,0
CUST101185,21.0,Female,South,Standard,Annual,UPI,23,399.55,399.55,0,16.0,16.1,14.7,11,0,0.0,3.9,0,0
CUST101186,33.0,Female,West,Standard,Monthly,UPI,10,390.21,429.23,0,21.9,,18.8,17,2,2.2,2.0,1,0
CUST101187,40.0,Male,South,Premium,Annual,UPI,4,664.0,796.8,1,30.7,29.5,26.1,23,3,7.0,4.3,0,0
CUST101188,43.0,Female,South,Premium,Monthly,UPI,4,732.1,805.31,0,16.5,17.8,22.8,10,0,0.0,2.1,2,1
CUST101189,34.0,Male,North,Standard,Annual,UPI,4,419.9,419.9,0,13.5,15.1,13.9,5,2,5.8,4.1,0,1
CUST101190,53.0,Female,North,Standard,Annual,Card,8,377.9,340.11,0,9.5,9.4,10.1,9,1,3.1,4.9,0,1
CUST101191,47.0,Female,North,Premium,Annual,Card,2,684.93,753.42,0,12.7,9.8,9.8,10,1,0.4,1.9,0,0
CUST101192,33.0,Male,South,Premium,Monthly,Card,1,722.31,722.31,1,12.6,10.6,10.4,11,0,0.0,4.7,0,0
CUST101193,44.0,Female,South,Basic,Annual,UPI,41,187.68,187.68,0,19.7,16.1,18.5,16,1,1.2,5.0,0,0
CUST101194,57.0,Female,South,Premium,Annual,UPI,47,711.76,711.76,0,12.6,16.4,24.2,10,1,5.9,,2,1
CUST101195,58.0,Female,South,Standard,Monthly,NetBanking,10,392.49,392.49,0,15.6,18.5,18.6,13,1,3.5,4.1,0,1
CUST101196,22.0,Female,South,Standard,Monthly,Card,55,374.73,337.26,0,14.8,17.3,19.7,11,0,0.0,4.2,0,0
CUST101197,26.0,Male,East,Basic,Monthly,Card,72,216.68,260.02,0,18.7,22.1,26.4,14,1,3.2,3.6,0,0
CUST101198,52.0,Female,South,Basic,Annual,Card,10,195.6,195.6,0,24.4,21.8,21.1,15,1,2.5,2.5,1,0
CUST101199,24.0,Male,North,Premium,Annual,Wallet,14,717.32,645.59,1,22.3,14.4,9.8,29,2,2.8,3.2,0,0
CUST101200,21.0,Male,South,Standard,Monthly,Card,5,376.63,376.63,0,11.4,13.6,14.0,11,1,4.7,3.2,1,1
CUST101201,31.0,Female,North,Basic,Monthly,UPI,5,214.45,257.34,0,13.9,12.2,10.8,15,1,0.8,5.0,2,1
CUST101202,41.0,Male,West,Standard,Monthly,Card,1,437.85,394.07,0,26.6,25.5,25.6,28,0,0.0,,2,1
CUST101203,35.0,Female,South,Basic,Monthly,NetBanking,14,184.05,184.05,0,29.8,31.2,35.9,22,0,0.0,3.8,0,0
CUST101204,29.0,Male,South,Standard,Annual,UPI,3,395.72,395.72,1,8.7,7.0,5.7,7,0,0.0,4.0,0,0
CUST101205,29.0,Female,East,Standard,Monthly,Card,9,425.49,468.04,0,8.1,8.5,10.7,6,2,5.0,3.8,2,1
CUST101206,28.0,Female,South,Standard,Annual,UPI,12,389.65,389.65,0,37.2,51.0,71.0,27,0,0.0,3.0,0,0
CUST101207,26.0,Male,West,Basic,Monthly,UPI,38,203.07,203.07,0,9.5,8.6,8.9,9,0,0.0,4.8,0,1
CUST101208,61.0,Male,West,Basic,Monthly,UPI,1,182.28,164.05,0,12.1,12.0,12.3,8,1,2.4,3.5,0,0
CUST101209,39.0,Male,East,Basic,Annual,Wallet,5,191.16,191.16,0,15.8,13.7,12.3,9,1,,4.3,3,0
CUST101210,46.0,Female,West,Standard,Monthly,NetBanking,3,405.09,445.6,0,11.8,9.8,7.7,6,2,3.2,2.4,1,0
CUST101211,31.0,Female,North,Premium,Annual,UPI,1,678.4,678.4,0,12.2,12.5,12.2,9,1,,3.4,0,0
CUST101212,34.0,Male,North,Standard,Annual,Wallet,26,391.81,430.99,1,12.2,12.9,12.7,9,2,2.2,4.8,0,0
CUST101213,,Female,South,Standard,Annual,NetBanking,17,368.76,368.76,0,19.7,20.7,19.3,13,0,0.0,5.0,1,0
CUST101214,18.0,Male,South,Basic,Annual,UPI,26,205.51,205.51,0,7.2,4.7,3.4,6,0,0.0,4.5,0,0
CUST101215,21.0,Male,South,Basic,Monthly,NetBanking,4,185.67,167.1,0,26.6,18.6,14.4,15,0,0.0,2.7,0,0
CUST101216,18.0,Male,North,Premium,Monthly,UPI,12,752.85,677.56,0,3.6,3.4,4.1,3,2,2.3,1.5,0,1
CUST101217,18.0,Male,North,Standard,Annual,UPI,25,385.38,385.38,0,8.1,,6.6,5,0,,4.5,0,0
CUST101218,23.0,Female,South,Basic,Monthly,UPI,8,206.97,227.67,0,35.1,25.6,22.2,20,1,2.6,5.0,0,0
CUST101219,51.0,Female,East,Standard,Annual,NetBanking,5,413.01,371.71,0,14.2,12.1,11.7,9,1,2.4,3.2,0,0
CUST101220,36.0,Female,South,Standard,Monthly,Wallet,23,379.35,341.42,1,13.5,14.6,14.4,10,1,2.0,3.4,0,0
CUST101221,50.0,Female,South,Basic,Annual,Card,10,193.27,193.27,0,6.3,7.4,8.4,6,4,2.7,3.1,0,1
CUST101222,,Male,South,Basic,Monthly,UPI,1,194.45,213.9,0,5.9,6.3,6.2,5,1,1.0,5.0,0,0
CUST101223,45.0,Male,East,Standard,Annual,UPI,72,391.23,391.23,1,17.6,21.2,21.6,8,1,2.7,3.7,1,0
CUST101224,26.0,Female,North,Basic,Monthly,NetBanking,16,186.09,223.31,1,6.2,5.2,4.4,6,3,2.7,3.3,0,0
CUST101225,42.0,Female,East,Basic,Monthly,UPI,19,204.31,183.88,0,12.0,10.2,10.4,11,2,0.8,2.9,1,0
CUST101226,44.0,Female,South,Premium,Annual,Card,9,674.93,607.44,0,23.7,27.8,32.7,16,0,0.0,3.9,0,0
CUST101227,30.0,Female,North,Premium,Monthly,Card,25,695.01,834.01,0,19.4,21.9,22.5,16,2,4.8,,0,0
CUST101228,42.0,Female,West,Basic,Monthly,Card,45,209.01,209.01,1,15.1,18.9,23.3,16,1,2.6,2.9,2,1
CUST101229,42.0,Female,South,Basic,Monthly,Card,17,204.69,225.16,0,18.4,19.1,18.4,12,0,0.0,4.8,0,1
CUST101230,30.0,Female,North,Standard,Monthly,Card,21,386.6,463.92,0,24.0,23.3,27.3,24,1,3.7,4.6,0,0
CUST101231,24.0,Female,South,Basic,Monthly,Card,11,209.36,209.36,0,14.0,18.1,21.8,15,2,0.8,2.5,0,1
CUST101232,23.0,Male,South,Premium,Monthly,NetBanking,45,722.26,722.26,1,26.3,18.5,13.9,22,1,1.1,4.4,0,0
CUST101233,37.0,Male,North,Standard,Monthly,UPI,27,384.92,461.9,1,17.6,23.9,28.3,10,4,0.8,4.9,0,0
CUST101234,40.0,Female,South,Basic,Monthly,UPI,30,193.89,193.89,0,29.2,39.9,48.0,31,4,2.1,1.6,1,1
CUST101235,27.0,Male,North,Standard,Annual,NetBanking,10,418.96,418.96,0,18.3,19.0,12.3,18,1,7.1,3.4,1,0
CUST101236,36.0,Female,West,Basic,Annual,Card,9,206.75,248.1,0,8.1,8.0,7.5,7,0,0.0,4.1,2,0
CUST101237,42.0,Female,South,Standard,Monthly,UPI,4,369.02,369.02,0,11.8,13.5,16.3,9,3,1.4,3.4,2,1
CUST101238,43.0,Male,South,Premium,Monthly,NetBanking,14,663.85,796.62,0,17.2,21.7,28.1,18,2,10.2,2.4,0,0
CUST101239,53.0,Male,West,Basic,Monthly,UPI,3,205.92,205.92,0,52.1,45.0,44.6,33,1,1.9,2.3,0,0
CUST101240,50.0,Female,North,Basic,Annual,UPI,10,187.31,206.04,0,11.3,12.4,11.4,11,1,1.2,2.8,0,1
CUST101241,25.0,Female,West,Premium,Annual,Card,4,727.13,727.13,0,45.8,50.9,51.3,34,1,0.8,3.7,0,0
CUST101242,55.0,Male,South,Standard,Monthly,UPI,2,437.62,437.62,0,27.6,24.9,21.1,13,1,2.2,3.1,1,1
CUST101243,30.0,Female,East,Basic,Monthly,UPI,18,202.71,243.25,0,28.2,25.1,19.7,17,2,1.9,4.2,0,0
CUST101244,47.0,Male,West,Basic,Annual,Card,1,189.82,208.8,0,24.1,18.2,15.2,21,2,5.8,4.5,0,0
CUST101245,37.0,Male,South,Basic,Monthly,UPI,41,200.76,240.91,0,43.8,50.6,44.7,37,1,2.0,2.7,0,0
CUST101246,31.0,Male,West,Standard,Monthly,UPI,6,419.64,503.57,1,12.4,11.7,10.0,11,1,0.2,,0,1
CUST101247,18.0,Female,East,Basic,Monthly,Card,28,199.98,179.98,0,27.1,26.9,27.1,20,2,1.4,3.4,0,1
CUST101248,34.0,Female,West,Basic,Annual,Card,5,203.81,203.81,0,9.0,8.7,8.4,8,0,0.0,5.0,0,0
CUST101249,19.0,Female,South,Basic,Monthly,UPI,48,191.05,191.05,0,12.4,11.5,9.2,11,4,1.5,2.4,0,0
CUST101250,47.0,Male,North,Standard,Monthly,Card,10,384.56,461.47,0,25.0,18.7,16.3,32,1,,4.0,0,0
CUST101251,53.0,Female,South,Premium,Annual,UPI,9,730.67,730.67,1,28.5,26.3,26.4,21,0,0.0,5.0,1,0
CUST101252,27.0,Female,West,Standard,Monthly,Wallet,9,384.79,384.79,0,21.8,24.5,36.5,22,1,1.2,1.6,0,1
CUST101253,39.0,Male,South,Standard,Monthly,NetBanking,2,347.41,347.41,0,5.6,6.3,6.7,5,0,0.0,5.0,0,0
CUST101254,28.0,Male,South,Premium,Monthly,Card,8,688.29,619.46,0,11.2,,15.5,9,1,2.4,2.9,1,1
CUST101255,29.0,Male,West,Basic,Annual,UPI,24,202.13,181.92,1,8.1,7.2,7.3,4,0,0.0,2.4,2,0
CUST101256,45.0,Female,South,Basic,Monthly,UPI,1,209.53,230.48,0,16.7,16.3,14.9,18,1,1.9,3.9,1,0
CUST101257,36.0,Male,North,Basic,Monthly,UPI,31,215.38,215.38,0,8.0,7.0,7.4,7,1,7.0,,0,0
CUST101258,55.0,Male,South,Basic,Annual,Wallet,46,199.84,199.84,0,12.7,13.9,14.4,9,0,,4.4,0,0
CUST101259,31.0,Female,East,Premium,Annual,UPI,5,722.02,649.82,0,12.5,10.2,8.2,8,3,3.2,3.8,1,0
CUST101260,47.0,Female,South,Basic,Monthly,Card,13,200.2,200.2,0,31.9,37.7,45.9,27,1,2.5,3.5,1,0
CUST101261,37.0,Female,North,Premium,Monthly,UPI,28,711.37,782.51,0,13.2,12.9,11.8,8,2,0.7,5.0,0,0
CUST101262,45.0,Female,North,Basic,Monthly,Wallet,42,197.14,216.85,0,45.1,39.4,37.4,31,2,0.3,,0,0
CUST101263,31.0,Male,South,Standard,Monthly,UPI,11,406.71,406.71,0,14.2,15.0,16.6,10,1,1.3,4.0,0,0
CUST101264,35.0,Female,South,Basic,Monthly,NetBanking,21,191.74,172.57,1,23.2,26.6,34.8,19,1,2.1,,2,0
CUST101265,35.0,Male,South,Basic,Annual,UPI,16,218.7,196.83,0,20.1,21.5,20.1,19,0,0.0,5.0,0,0
CUST101266,27.0,Male,East,Basic,Annual,Wallet,15,175.21,210.25,0,18.7,24.4,27.3,14,3,1.0,3.1,0,0
CUST101267,43.0,Female,South,Standard,Annual,UPI,4,410.39,410.39,0,27.3,29.3,32.1,21,0,0.0,2.6,0,1
CUST101268,43.0,Male,South,Standard,Monthly,Wallet,7,405.37,405.37,1,17.3,14.9,17.0,14,3,0.9,3.0,2,1
CUST101269,43.0,Male,South,Premium,Monthly,NetBanking,11,711.98,711.98,1,12.7,12.4,13.8,8,3,2.0,2.7,0,1
CUST101270,53.0,Female,North,Premium,Annual,NetBanking,17,657.66,657.66,0,25.1,33.3,46.6,17,2,2.9,3.5,0,0
CUST101271,52.0,Male,East,Standard,Monthly,Wallet,19,365.52,365.52,1,10.1,10.3,11.3,7,2,2.7,2.1,2,1
CUST101272,32.0,Male,North,Premium,Monthly,UPI,42,720.17,792.19,0,14.6,14.5,14.4,13,2,9.7,2.3,0,0
CUST101273,40.0,Female,West,Basic,Monthly,UPI,3,212.34,233.57,1,27.3,27.8,31.0,31,1,3.4,4.7,0,0
CUST101274,29.0,Female,East,Basic,Monthly,UPI,6,201.19,181.07,0,16.4,18.8,21.7,9,2,2.5,3.4,0,1
CUST101275,36.0,Female,West,Basic,Monthly,NetBanking,22,207.01,186.31,0,22.2,35.1,52.1,19,0,0.0,3.5,2,0
CUST101276,29.0,Male,East,Standard,Monthly,NetBanking,8,389.86,428.85,0,20.4,20.6,19.2,15,1,4.2,3.1,0,0
CUST101277,54.0,Female,South,Standard,Annual,NetBanking,14,405.61,405.61,0,13.1,11.9,12.5,10,0,0.0,3.7,1,0
CUST101278,40.0,Female,West,Standard,Monthly,UPI,58,423.45,508.14,0,16.7,17.6,18.6,12,0,0.0,4.0,0,0
CUST101279,34.0,Male,West,Premium,Monthly,NetBanking,20,688.04,688.04,0,9.8,9.8,9.6,10,1,3.9,1.9,1,0
CUST101280,49.0,Male,North,Basic,Monthly,NetBanking,4,210.8,210.8,0,29.5,24.4,23.4,9,2,3.2,2.9,0,0
CUST101281,18.0,Male,South,Premium,Monthly,UPI,21,641.87,770.24,0,14.8,15.1,13.2,8,1,1.8,3.8,0,0
CUST101282,18.0,Female,South,Standard,Monthly,UPI,1,386.77,348.09,1,30.6,35.9,38.9,31,3,5.5,2.9,1,1
CUST101283,45.0,Male,East,Standard,Monthly,NetBanking,11,409.89,409.89,0,16.0,13.5,14.4,17,2,8.1,1.6,1,1
CUST101284,37.0,Female,North,Basic,Monthly,NetBanking,1,217.93,217.93,1,23.1,20.1,14.7,27,2,,3.4,0,0
CUST101285,39.0,Female,East,Basic,Monthly,UPI,14,199.14,238.97,0,9.9,7.1,6.4,9,0,0.0,3.8,2,0
CUST101286,21.0,Male,North,Basic,Annual,UPI,10,188.71,188.71,0,28.4,31.3,34.4,25,1,4.3,2.9,0,0
CUST101287,36.0,Female,North,Standard,Monthly,UPI,5,436.51,523.81,0,3.0,2.9,2.8,1,0,0.0,2.9,0,1
CUST101288,58.0,Male,South,Standard,Monthly,UPI,22,396.48,396.48,1,16.4,24.5,32.6,13,0,0.0,4.0,0,0
CUST101289,45.0,Male,South,Basic,Annual,Card,16,205.61,246.73,0,13.6,13.2,14.0,12,2,0.9,3.4,1,0
CUST101290,38.0,Female,South,Standard,Annual,Card,21,392.33,392.33,0,9.2,10.4,11.1,6,2,4.3,3.8,0,0
CUST101291,31.0,Male,West,Standard,Annual,NetBanking,11,401.84,401.84,1,57.6,54.3,47.9,45,3,2.7,5.0,0,0
CUST101292,32.0,Female,North,Premium,Monthly,Wallet,25,679.35,815.22,1,8.3,10.3,12.0,9,0,0.0,4.4,2,1
CUST101293,18.0,Female,West,Standard,Annual,UPI,22,444.04,532.85,0,44.5,41.7,37.6,49,1,4.1,2.9,0,0
CUST101294,39.0,Male,East,Standard,Monthly,Wallet,3,422.77,422.77,0,37.6,39.1,37.7,32,2,6.5,4.6,1,1
CUST101295,45.0,Male,West,Standard,Annual,UPI,14,434.27,390.84,1,8.0,9.3,10.4,6,1,1.0,3.3,0,0
CUST101296,19.0,Male,North,Standard,Annual,Card,32,383.27,383.27,0,17.2,20.0,20.4,16,2,3.9,3.1,0,0
CUST101297,29.0,Female,West,Basic,Monthly,UPI,2,180.84,180.84,1,16.4,16.5,15.5,12,3,1.5,2.2,0,1
CUST101298,23.0,Female,West,Basic,Annual,Card,19,196.09,196.09,1,12.3,13.7,16.7,12,1,3.7,4.2,2,0
CUST101299,25.0,Male,East,Premium,Annual,Card,2,786.95,708.26,0,17.4,21.3,30.5,12,4,3.0,2.5,1,0
CUST101300,37.0,Female,South,Standard,Monthly,Wallet,12,392.58,392.58,0,20.4,19.9,15.9,19,1,1.8,4.5,0,0
CUST101301,18.0,Female,East,Standard,Monthly,UPI,27,419.98,461.98,0,30.9,36.7,39.8,25,0,0.0,4.4,0,0
CUST101302,43.0,Female,South,Standard,Annual,Card,24,378.55,378.55,1,9.0,8.2,8.6,6,1,0.7,2.7,1,1
CUST101303,44.0,Male,South,Standard,Monthly,UPI,26,382.46,382.46,0,16.4,19.7,23.2,14,1,4.7,2.6,0,0
CUST101304,33.0,Male,East,Basic,Monthly,UPI,17,198.21,198.21,0,13.7,11.2,11.9,10,0,0.0,4.1,2,0
CUST101305,18.0,Male,West,Basic,Monthly,UPI,34,219.99,241.99,0,12.9,20.7,30.2,13,1,2.2,4.8,0,1
CUST101306,25.0,Male,South,Basic,Annual,Card,1,209.95,188.96,0,17.8,19.1,18.4,11,1,3.1,4.7,1,0
CUST101307,50.0,Male,South,Basic,Annual,UPI,29,178.57,214.28,1,15.6,19.2,22.9,13,1,7.5,5.0,1,0
CUST101308,18.0,Male,West,Basic,Monthly,UPI,1,205.63,205.63,0,4.0,5.1,7.0,3,3,2.1,3.3,0,1
CUST101309,32.0,Male,South,Standard,Annual,UPI,5,376.08,376.08,0,20.5,17.1,15.0,21,1,1.9,4.5,3,0
CUST101310,23.0,Male,South,Basic,Annual,Wallet,18,192.22,192.22,0,5.6,4.9,5.0,5,2,1.6,4.5,0,0
CUST101311,45.0,Male,East,Premium,Monthly,UPI,26,716.84,645.16,0,29.2,33.0,37.7,23,1,3.8,5.0,0,0
CUST101312,29.0,Female,West,Premium,Monthly,NetBanking,59,747.88,897.46,1,18.8,21.5,24.0,15,1,1.3,4.0,1,0
CUST101313,40.0,Female,North,Basic,Monthly,Wallet,13,212.43,233.67,0,14.9,14.1,13.4,17,2,2.2,3.0,0,1
CUST101314,42.0,Male,North,Standard,Annual,Card,26,405.61,486.73,0,7.8,9.6,9.4,7,0,0.0,5.0,1,0
CUST101315,56.0,Female,South,Standard,Monthly,Card,3,405.9,405.9,0,20.9,14.8,12.4,14,0,0.0,2.5,2,0
CUST101316,34.0,Male,South,Premium,Monthly,UPI,16,746.05,746.05,0,17.2,17.6,14.3,17,0,0.0,5.0,0,0
CUST101317,40.0,Female,West,Standard,Monthly,Wallet,19,367.57,404.33,0,17.8,14.3,10.1,12,2,4.0,4.7,2,0
CUST101318,20.0,Female,West,Basic,Monthly,Card,9,217.18,238.9,1,19.1,18.5,15.0,16,2,0.6,4.4,1,0
CUST101319,49.0,Female,South,Basic,Monthly,Card,34,191.68,191.68,0,24.0,26.0,29.3,9,1,1.6,2.7,0,0
CUST101320,28.0,Female,South,Premium,Monthly,UPI,20,708.11,637.3,1,20.5,19.7,20.6,20,1,2.5,3.9,1,1
CUST101321,30.0,Female,South,Basic,Monthly,NetBanking,13,194.06,213.47,0,36.2,31.5,34.8,24,2,3.9,4.5,0,0
CUST101322,36.0,Female,South,Premium,Annual,Card,51,658.6,658.6,0,24.0,20.3,19.3,18,0,0.0,4.4,0,0
CUST101323,19.0,Male,South,Basic,Annual,UPI,42,203.59,203.59,0,20.2,21.2,20.8,11,1,2.4,,0,0
CUST101324,39.0,Male,South,Standard,Annual,Card,27,403.72,484.46,0,18.2,19.4,16.4,15,1,4.9,3.8,0,0
CUST101325,47.0,Female,West,Standard,Monthly,Wallet,33,396.9,476.28,0,10.5,9.5,7.0,9,2,1.6,5.0,0,0
CUST101326,39.0,Male,South,Basic,Monthly,UPI,21,1184.8799999999999,217.23,0,7.2,7.0,8.1,4,2,3.3,2.4,1,1
CUST101327,19.0,Female,East,Basic,Annual,UPI,27,214.18,257.02,1,3.5,4.1,4.1,3,1,4.0,2.4,1,1
CUST101328,35.0,Female,North,Basic,Monthly,NetBanking,5,220.82,220.82,0,23.3,24.7,25.8,17,0,0.0,2.9,0,0
CUST101329,44.0,Male,West,Standard,Monthly,UPI,4,424.0,424.0,0,17.3,16.3,14.4,18,1,2.0,5.0,0,0
CUST101330,18.0,Male,West,Standard,Monthly,Wallet,7,404.53,485.44,0,24.3,25.0,21.0,16,2,3.7,4.1,1,0
CUST101331,24.0,Female,North,Basic,Monthly,Card,41,182.71,164.44,0,35.0,31.5,30.8,31,0,0.0,3.3,0,0
CUST101332,46.0,Male,South,Standard,Monthly,Card,4,411.51,493.81,0,16.5,16.4,18.4,8,3,3.2,5.0,0,1
CUST101333,39.0,Female,East,Basic,Annual,UPI,7,205.68,205.68,0,8.1,11.7,16.1,7,1,2.0,2.5,0,0
CUST101334,41.0,Female,South,Standard,Annual,Card,7,414.39,414.39,0,27.9,34.8,39.0,24,2,6.7,2.8,0,0
CUST101335,56.0,Male,South,Standard,Annual,NetBanking,27,376.24,451.49,0,15.7,18.7,17.1,14,1,3.1,2.4,1,0
CUST101336,41.0,Female,South,Premium,Annual,UPI,44,728.71,874.45,1,12.6,11.4,10.7,10,1,1.3,3.7,0,0
CUST101337,43.0,Female,West,Premium,Annual,Card,68,753.58,904.3,1,12.1,12.2,14.6,14,2,2.7,3.8,0,0
CUST101338,,Female,South,Basic,Monthly,NetBanking,4,189.22,189.22,0,23.2,30.0,34.3,17,0,0.0,4.0,2,1
CUST101339,34.0,Male,North,Basic,Monthly,UPI,31,205.81,205.81,0,23.0,20.9,20.8,21,1,2.7,4.8,2,0
CUST101340,27.0,Female,North,Premium,Annual,UPI,16,670.63,603.57,1,31.3,29.6,28.0,23,2,,3.0,3,0
CUST101341,41.0,Female,East,Basic,Monthly,Card,23,197.96,197.96,0,9.5,11.8,15.7,6,3,1.8,2.8,0,1
CUST101342,41.0,Male,South,Basic,Annual,Wallet,15,189.56,227.47,0,9.4,13.1,18.8,5,0,0.0,4.2,1,0
CUST101343,30.0,Female,West,Basic,Monthly,UPI,15,195.51,175.96,0,19.3,15.7,13.1,12,2,0.4,5.0,0,0
CUST101344,25.0,Female,East,Standard,Monthly,NetBanking,4,392.16,392.16,1,20.4,21.6,30.2,19,2,2.8,3.8,2,1
CUST101345,61.0,Male,North,Standard,Annual,NetBanking,13,407.22,447.94,1,29.2,27.7,28.8,31,1,1.9,3.3,0,0
CUST101346,40.0,Female,North,Premium,Annual,UPI,53,730.12,803.13,1,30.2,31.0,34.8,28,1,4.1,4.4,1,0
CUST101347,28.0,Female,West,Basic,Annual,Card,5,211.1,253.32,0,18.9,21.0,23.0,14,1,1.0,3.4,1,1
CUST101348,46.0,Female,West,Basic,Monthly,UPI,3,192.51,231.01,0,31.2,31.7,31.2,21,0,0.0,4.1,3,0
CUST101349,35.0,Male,North,Basic,Monthly,Card,13,202.58,202.58,0,17.0,14.2,12.4,14,3,3.5,2.9,1,1
CUST101350,33.0,Female,South,Standard,Monthly,Wallet,11,377.09,377.09,0,17.1,15.6,11.4,10,0,0.0,2.6,1,0
CUST101351,42.0,Other,South,Basic,Annual,Card,30,197.9,197.9,0,15.4,18.4,21.9,15,3,6.6,2.5,1,0
CUST101352,22.0,Female,South,Premium,Monthly,UPI,14,700.49,700.49,0,9.1,11.4,14.6,8,2,9.0,4.9,1,1
CUST101353,40.0,Male,South,Standard,Monthly,UPI,8,380.6,342.54,0,6.9,7.1,6.1,4,0,0.0,4.2,2,0
CUST101354,57.0,Male,South,Standard,Monthly,UPI,16,410.15,369.14,1,19.1,16.8,15.8,21,1,0.3,3.8,0,0
CUST101355,41.0,Female,South,Premium,Annual,UPI,9,693.56,693.56,1,28.2,26.5,28.3,16,2,1.4,3.4,0,0
CUST101356,,Male,West,Standard,Monthly,NetBanking,31,402.08,482.5,0,12.3,12.2,9.5,10,3,0.9,,0,1
CUST101357,30.0,Male,West,Standard,Annual,NetBanking,9,423.43,423.43,0,30.0,39.4,35.5,29,0,0.0,3.9,0,0
CUST101358,31.0,Male,West,Basic,Monthly,Wallet,33,194.74,214.21,0,34.2,28.6,26.5,32,1,5.4,3.2,2,1
CUST101359,33.0,Female,East,Premium,Annual,UPI,25,728.71,874.45,0,14.6,13.9,11.3,10,1,,3.9,0,0
CUST101360,32.0,Male,East,Premium,Annual,UPI,9,749.43,749.43,0,6.0,5.9,6.9,4,1,5.3,2.6,0,0
CUST101361,46.0,Female,South,Standard,Monthly,NetBanking,18,426.56,426.56,0,15.4,15.0,11.3,9,0,0.0,4.5,0,0
CUST101362,18.0,Female,East,Basic,Monthly,Card,7,197.13,197.13,0,9.8,12.3,14.1,8,0,0.0,3.8,1,1
CUST101363,45.0,Female,South,Premium,Monthly,Card,60,665.01,731.51,0,28.3,34.5,31.5,27,1,2.3,2.3,0,0
CUST101364,32.0,Female,North,Premium,Monthly,Card,37,674.19,741.61,0,19.6,20.8,24.6,8,0,,3.6,1,0
CUST101365,40.0,Male,West,Standard,Annual,UPI,5,367.35,404.08,0,5.9,7.9,12.5,5,1,8.8,3.2,1,1
CUST101366,24.0,Female,West,Premium,Monthly,UPI,32,722.98,722.98,0,22.2,22.2,22.7,16,3,5.9,4.1,2,0
CUST101367,51.0,Male,South,Standard,Monthly,Card,28,413.92,413.92,1,29.2,25.2,23.3,23,1,1.8,3.4,3,1
CUST101368,50.0,Other,East,Basic,Annual,Card,1,200.17,240.2,1,18.4,21.9,26.6,11,1,2.0,2.8,1,0
CUST101369,47.0,Male,South,Standard,Monthly,Card,8,371.55,371.55,0,13.8,12.2,13.3,9,0,0.0,1.9,0,0
CUST101370,19.0,Female,South,Basic,Monthly,UPI,47,195.37,214.91,0,21.4,22.9,24.8,26,3,4.1,2.5,3,1
CUST101371,45.0,Female,South,Standard,Annual,Card,3,426.54,511.85,0,38.0,32.0,23.7,28,2,1.2,4.5,3,0
CUST101372,40.0,Male,South,Standard,Annual,NetBanking,5,411.16,411.16,0,31.6,31.4,31.2,25,2,2.5,3.8,0,0
CUST101373,18.0,Female,East,Basic,Monthly,Wallet,4,206.79,227.47,1,8.4,9.6,8.8,5,2,3.3,2.5,1,1
CUST101374,36.0,Male,North,Basic,Monthly,NetBanking,8,231.92,231.92,0,19.5,21.3,23.5,26,2,4.0,,0,1
CUST101375,40.0,Male,South,Standard,Monthly,NetBanking,2,405.55,446.11,0,10.1,11.6,11.9,9,0,0.0,3.9,0,1
CUST101376,42.0,Male,West,Standard,Monthly,Wallet,22,355.93,355.93,0,13.6,11.9,9.2,11,1,2.4,5.0,0,0
CUST101377,38.0,Male,North,Premium,Annual,UPI,41,660.52,660.52,1,32.8,36.6,44.5,32,3,4.2,3.1,0,1
CUST101378,39.0,Female,North,Basic,Monthly,UPI,1,202.04,222.24,0,19.4,17.8,13.8,17,0,0.0,3.3,0,0
CUST101379,52.0,Female,North,Premium,Monthly,NetBanking,2,699.65,699.65,0,10.6,7.7,6.6,8,0,0.0,4.2,0,1
CUST101380,49.0,Male,North,Basic,Monthly,UPI,2,197.29,236.75,0,15.2,13.6,11.1,12,1,1.8,4.2,0,0
CUST101381,18.0,Female,North,Basic,Annual,UPI,22,197.46,236.95,0,25.4,,23.5,13,0,0.0,4.6,0,0
CUST101382,33.0,Female,East,Standard,Annual,Card,3,383.35,460.02,0,13.2,11.0,9.8,10,0,0.0,4.6,1,0
CUST101383,34.0,Female,West,Basic,Monthly,UPI,23,202.72,202.72,0,20.0,22.4,26.9,14,1,5.3,5.0,0,0
CUST101384,18.0,Male,South,Standard,Monthly,NetBanking,44,426.82,426.82,0,13.7,17.9,23.1,12,2,2.0,,0,1
CUST101385,37.0,Female,North,Basic,Monthly,UPI,11,216.24,216.24,0,14.5,14.5,13.6,11,1,1.2,3.5,1,0
CUST101386,50.0,Male,South,Basic,Monthly,UPI,16,215.95,194.36,0,34.5,26.8,22.0,32,0,0.0,3.8,1,0
CUST101387,24.0,Female,West,Standard,Annual,UPI,25,379.93,455.92,0,19.1,18.6,19.9,16,0,0.0,2.6,0,0
CUST101388,40.0,Female,South,Basic,Annual,NetBanking,7,198.8,198.8,1,23.3,24.6,19.4,15,1,5.9,2.5,1,0
CUST101389,26.0,Female,South,Basic,Annual,NetBanking,4,195.88,195.88,0,18.9,15.8,15.5,21,2,1.8,3.1,0,0
CUST101390,29.0,Male,West,Basic,Monthly,UPI,42,204.89,204.89,0,7.6,7.3,7.7,5,1,1.1,3.2,0,0
CUST101391,52.0,Male,North,Basic,Annual,UPI,9,198.18,198.18,0,9.5,9.3,9.2,9,0,0.0,3.3,1,0
CUST101392,30.0,Female,South,Standard,Monthly,UPI,40,394.5,433.95,0,34.4,37.5,38.4,18,2,2.2,,0,0
CUST101393,41.0,Male,South,Basic,Monthly,Wallet,5,213.47,213.47,0,32.5,31.7,34.2,31,1,,2.5,0,1
CUST101394,18.0,Male,North,Standard,Monthly,Card,4,400.96,441.06,0,18.6,19.7,22.6,9,0,0.0,3.3,0,0
CUST101395,56.0,Female,West,Standard,Annual,NetBanking,16,401.48,401.48,0,11.5,12.8,11.9,14,0,0.0,3.6,0,0
CUST101396,43.0,Female,North,Standard,Annual,Card,72,407.24,407.24,0,6.7,5.9,5.4,6,0,0.0,4.1,1,0
CUST101397,34.0,Male,South,Standard,Monthly,Wallet,27,412.49,453.74,0,47.4,41.8,48.2,36,1,9.2,3.3,1,0
CUST101398,42.0,Male,North,Standard,Annual,UPI,8,412.61,371.35,0,9.2,9.8,9.6,8,0,0.0,3.2,0,1
CUST101399,20.0,Female,North,Premium,Annual,UPI,67,753.25,753.25,0,12.0,12.2,11.6,7,1,1.5,3.9,0,0
CUST101400,49.0,Male,South,Basic,Annual,UPI,2,186.21,167.59,0,13.1,11.4,10.0,10,0,0.0,4.1,0,0
CUST101401,32.0,Male,West,Premium,Monthly,NetBanking,7,710.34,710.34,0,11.3,12.1,15.5,11,2,2.4,2.4,2,1
CUST101402,34.0,Male,South,Basic,Annual,NetBanking,5,197.98,178.18,1,17.8,24.0,30.9,16,0,0.0,5.0,1,0
CUST101403,31.0,Male,West,Standard,Annual,Card,11,393.0,393.0,0,44.6,50.1,68.4,36,2,3.9,1.0,2,0
CUST101404,30.0,Other,West,Standard,Annual,Card,47,414.12,414.12,0,16.4,16.4,15.7,14,0,0.0,4.5,1,0
CUST101405,44.0,Male,South,Basic,Monthly,Card,1,211.9,254.28,0,20.7,21.4,19.9,21,1,3.3,4.5,1,0
CUST101406,39.0,Male,East,Basic,Annual,UPI,7,193.11,212.42,0,24.1,28.3,30.2,23,2,6.2,4.4,0,0
CUST101407,43.0,Female,West,Basic,Annual,UPI,43,215.79,215.79,0,27.1,31.3,32.8,11,2,4.5,3.7,1,0
CUST101408,36.0,Male,East,Basic,Monthly,Card,3,184.76,184.76,0,18.6,19.3,21.6,15,4,2.0,1.5,2,0
CUST101409,42.0,Male,North,Standard,Annual,NetBanking,23,410.78,451.86,1,10.8,9.8,9.7,9,1,3.0,5.0,0,0
CUST101410,31.0,Other,South,Basic,Monthly,Card,51,190.14,190.14,0,24.3,18.8,18.1,13,0,0.0,2.5,0,0
CUST101411,61.0,Female,South,Premium,Monthly,Card,1,676.57,811.88,0,38.0,35.3,33.3,22,0,0.0,2.8,1,0
CUST101412,19.0,Male,East,Premium,Monthly,UPI,21,701.1,701.1,0,6.5,6.7,6.9,7,0,0.0,3.3,2,0
CUST101413,50.0,Male,South,Basic,Monthly,UPI,2,195.03,195.03,0,12.7,10.3,9.7,8,0,0.0,2.6,2,1
CUST101414,51.0,Male,South,Basic,Monthly,Card,1,170.51,204.61,1,21.3,22.3,27.7,15,1,1.3,2.3,0,0
CUST101415,27.0,Male,North,Basic,Monthly,Wallet,13,205.08,205.08,0,24.8,19.1,14.6,16,3,6.7,2.2,1,1
CUST101416,61.0,Female,South,Premium,Monthly,UPI,9,726.25,871.5,0,14.3,18.2,21.4,13,1,1.1,1.6,0,1
CUST101417,47.0,Female,West,Basic,Monthly,UPI,12,197.4,197.4,0,27.0,26.4,25.6,23,3,0.5,3.2,1,0
CUST101418,47.0,Female,West,Basic,Monthly,Card,6,196.62,216.28,1,31.2,31.7,33.3,37,1,2.8,3.1,2,0
CUST101419,36.0,Female,West,Premium,Annual,NetBanking,12,685.97,617.37,0,21.3,27.2,29.1,15,2,3.9,3.1,2,0
CUST101420,34.0,Male,South,Standard,Monthly,NetBanking,42,364.86,437.83,0,26.5,32.9,35.7,24,1,0.4,,0,0
CUST101421,34.0,Female,North,Basic,Monthly,UPI,8,180.92,217.1,1,16.4,12.8,11.6,7,1,9.2,3.4,0,0
CUST101422,40.0,Female,West,Premium,Monthly,Card,13,727.09,799.8,0,8.9,8.9,9.0,5,1,2.3,2.9,1,1
CUST101423,51.0,Male,North,Premium,Monthly,UPI,6,736.21,883.45,0,10.6,9.5,9.2,11,1,4.2,4.0,0,0
CUST101424,38.0,Female,East,Standard,Monthly,UPI,32,410.91,369.82,0,41.6,35.1,23.6,42,1,1.2,3.3,0,0
CUST101425,26.0,Male,North,Basic,Annual,Card,3,202.77,182.49,1,31.4,27.5,25.0,28,0,0.0,3.0,0,1
CUST101426,45.0,Female,South,Standard,Monthly,UPI,10,414.62,373.16,0,10.2,8.8,8.4,10,0,0.0,3.7,2,0
CUST101427,46.0,Female,South,Basic,Monthly,Card,23,206.13,247.36,0,9.6,12.3,13.7,6,0,0.0,5.0,1,1
CUST101428,43.0,Male,East,Standard,Monthly,NetBanking,9,383.34,383.34,0,24.6,27.9,34.2,28,1,4.7,3.0,1,1
CUST101429,44.0,Female,South,Basic,Monthly,UPI,51,201.21,201.21,0,58.4,47.8,43.7,35,3,4.1,3.7,0,0
CUST101430,33.0,Male,West,Standard,Annual,UPI,19,393.09,393.09,0,18.9,17.0,16.4,16,1,0.9,2.6,0,0
CUST101431,26.0,Female,North,Standard,Annual,Wallet,14,393.36,472.03,1,11.7,8.3,6.9,16,1,0.7,3.6,0,0
CUST101432,26.0,Male,South,Premium,Monthly,UPI,3,738.85,738.85,0,27.8,31.7,38.9,17,4,4.5,3.1,2,1
CUST101433,18.0,Male,East,Premium,Monthly,Card,21,754.03,754.03,0,33.7,34.8,32.0,36,1,2.2,2.7,0,1
CUST101434,39.0,Male,North,Basic,Monthly,UPI,15,175.65,210.78,0,24.6,24.9,23.0,24,1,3.1,3.2,0,1
CUST101435,35.0,Female,South,Basic,Monthly,UPI,3,196.46,216.11,0,22.8,22.7,21.2,16,1,3.2,2.6,1,1
CUST101436,31.0,Male,West,Standard,Monthly,NetBanking,20,392.87,392.87,1,10.1,8.7,8.5,12,2,5.5,2.5,2,0
CUST101437,18.0,Female,East,Basic,Annual,NetBanking,3,210.56,210.56,0,28.0,27.8,21.6,17,4,2.3,2.8,1,0
CUST101438,22.0,Male,North,Basic,Monthly,UPI,18,184.57,221.48,0,24.8,32.2,32.9,20,2,3.4,4.9,0,1
CUST101439,48.0,Male,West,Standard,Monthly,Wallet,63,339.36,339.36,1,15.1,15.5,16.2,14,0,0.0,4.2,0,0
CUST101440,29.0,Male,North,Basic,Annual,Card,2,207.17,186.45,0,8.4,10.8,12.0,7,2,1.2,3.3,0,0
CUST101441,40.0,Male,North,Basic,Monthly,Card,7,208.58,208.58,0,14.4,12.8,12.4,20,0,0.0,5.0,1,0
CUST101442,21.0,Female,South,Standard,Monthly,Card,4,363.41,327.07,0,18.2,28.0,40.4,10,2,1.3,2.0,1,1
CUST101443,52.0,Male,South,Premium,Annual,UPI,22,694.65,764.12,0,25.6,25.3,29.8,29,2,3.4,4.7,1,0
CUST101444,34.0,Female,North,Standard,Monthly,Card,21,429.53,515.44,0,33.3,30.1,27.2,12,0,0.0,3.4,2,0
CUST101445,39.0,Female,North,Basic,Monthly,Card,22,188.27,188.27,0,27.9,25.8,19.0,6,2,1.1,3.6,0,0
CUST101446,62.0,Female,East,Standard,Annual,Wallet,18,401.02,360.92,0,17.2,23.2,31.2,14,1,0.2,4.2,0,0
CUST101447,53.0,Female,North,Premium,Monthly,Card,1,716.75,788.42,0,16.5,14.5,14.6,16,0,0.0,4.3,0,0
CUST101448,33.0,Female,North,Basic,Annual,Card,15,184.8,221.76,0,30.4,34.9,40.5,33,2,,3.0,1,0
CUST101449,29.0,Female,West,Standard,Monthly,UPI,1,387.75,465.3,1,21.7,25.5,21.8,24,1,1.8,4.4,2,1
CUST101450,32.0,Female,West,Standard,Monthly,Card,54,365.27,365.27,0,24.7,19.8,19.7,21,3,6.9,2.7,0,0
CUST101451,42.0,Female,South,Standard,Annual,Card,1,395.72,395.72,0,15.2,13.0,13.3,14,1,3.1,3.2,0,1
CUST101452,35.0,Female,West,Basic,Monthly,Card,47,191.13,191.13,0,30.1,23.9,19.5,26,0,0.0,3.8,0,0
CUST101453,32.0,Male,West,Premium,Annual,Card,2,706.26,706.26,0,13.1,13.5,12.3,15,0,0.0,4.3,0,0
CUST101454,52.0,Female,South,Basic,Monthly,NetBanking,6,205.32,205.32,0,44.5,42.4,34.3,25,2,1.2,2.3,0,1
CUST101455,35.0,Male,South,Basic,Monthly,UPI,4,212.82,234.1,0,9.4,7.5,6.6,6,2,1.2,2.4,0,0
CUST101456,61.0,Female,South,Basic,Annual,UPI,8,222.21,222.21,0,18.8,17.1,15.7,18,0,0.0,2.1,0,0
CUST101457,37.0,Female,East,Standard,Monthly,UPI,37,403.14,403.14,0,9.0,7.9,7.2,9,1,4.4,3.3,1,0
CUST101458,56.0,Female,North,Basic,Monthly,NetBanking,6,195.85,215.44,1,23.8,21.9,23.3,25,1,5.1,4.6,3,1
CUST101459,40.0,Female,North,Standard,Monthly,Wallet,13,391.53,391.53,0,32.0,35.9,38.6,25,1,6.3,5.0,0,0
CUST101460,47.0,Female,West,Premium,Annual,UPI,5,665.28,598.75,0,24.7,27.5,32.7,17,2,,3.6,1,1
CUST101461,28.0,Female,South,Basic,Annual,Card,3,203.46,183.11,0,14.7,13.5,13.0,14,2,6.2,5.0,1,0
CUST101462,27.0,Male,North,Premium,Monthly,Card,11,681.7,613.53,0,9.0,9.1,9.8,5,2,2.2,3.4,1,1
CUST101463,41.0,Male,West,Premium,Monthly,Card,26,717.11,645.4,0,14.6,16.0,15.6,17,3,3.4,3.2,1,1
CUST101464,47.0,Male,West,Basic,Monthly,NetBanking,4,189.72,170.75,1,25.1,21.6,21.3,18,0,0.0,3.7,2,0
CUST101465,36.0,Male,West,Standard,Monthly,UPI,7,389.7,389.7,1,10.6,11.3,12.2,8,0,0.0,3.8,1,1
CUST101466,22.0,Female,South,Premium,Monthly,Card,4,714.11,785.52,0,7.2,7.7,7.7,7,1,6.5,3.5,1,1
CUST101467,21.0,Female,South,Standard,Annual,Card,19,396.51,356.86,0,16.3,16.8,15.6,11,3,8.7,2.8,1,1
CUST101468,20.0,Female,South,Standard,Monthly,NetBanking,9,360.69,324.62,1,9.1,8.5,6.9,5,2,5.1,5.0,0,0
CUST101469,18.0,Male,North,Premium,Monthly,UPI,6,698.47,698.47,0,21.2,15.9,13.8,22,2,5.0,3.9,0,1
CUST101470,37.0,Female,South,Standard,Monthly,Card,72,383.0,344.7,0,17.3,14.2,8.7,10,1,5.9,,0,0
CUST101471,48.0,Male,West,Basic,Monthly,NetBanking,28,210.76,210.76,0,16.0,13.8,13.9,14,2,2.4,,0,1
CUST101472,36.0,Female,East,Basic,Monthly,UPI,8,208.66,208.66,0,47.2,56.4,51.5,38,2,1.2,4.3,1,0
CUST101473,18.0,Other,North,Standard,Monthly,UPI,28,353.46,353.46,0,22.8,33.2,42.1,10,1,0.2,2.3,0,0
CUST101474,34.0,Male,South,Basic,Monthly,UPI,70,206.97,227.67,0,6.3,6.7,8.7,4,1,3.1,4.6,0,0
CUST101475,34.0,Male,North,Basic,Annual,UPI,1,202.87,202.87,0,3.9,3.8,4.1,3,0,0.0,4.7,0,0
CUST101476,59.0,Male,North,Basic,Monthly,Card,12,184.23,165.81,0,44.0,38.9,35.6,46,2,1.4,3.7,0,1
CUST101477,20.0,Male,East,Premium,Monthly,Wallet,7,729.7,729.7,0,18.8,21.6,23.7,12,1,0.4,5.0,0,1
CUST101478,32.0,Male,South,Standard,Annual,NetBanking,20,373.47,373.47,0,15.2,13.6,13.6,9,1,0.7,4.6,1,0
CUST101479,55.0,Male,West,Basic,Monthly,UPI,48,210.4,189.36,0,20.5,22.8,27.6,19,1,6.2,3.2,2,0
CUST101480,41.0,Male,South,Basic,Monthly,UPI,20,192.57,192.57,0,9.7,8.7,8.7,9,2,5.5,3.5,0,0
CUST101481,42.0,Male,South,Basic,Annual,Wallet,29,183.9,165.51,0,16.9,16.5,15.4,17,1,7.8,5.0,2,0
CUST101482,37.0,Male,West,Basic,Monthly,Card,19,220.1,242.11,0,29.7,29.2,24.8,25,1,0.5,3.1,0,0
CUST101483,,Female,South,Standard,Monthly,Card,27,368.15,331.34,0,15.6,13.8,13.4,11,2,1.8,,0,0
CUST101484,45.0,Male,South,Basic,Annual,NetBanking,18,190.98,210.08,0,13.7,13.0,16.1,13,1,1.6,3.9,0,0
CUST101485,27.0,Female,East,Premium,Monthly,Card,3,677.68,677.68,0,12.2,12.9,16.2,10,0,0.0,3.6,1,1
CUST101486,46.0,Male,North,Basic,Annual,UPI,16,194.47,194.47,0,27.4,28.4,29.1,26,0,0.0,5.0,0,0
CUST101487,21.0,Male,South,Basic,Monthly,UPI,1,205.95,247.14,0,21.4,19.7,17.4,15,0,0.0,5.0,0,1
CUST101488,40.0,Male,South,Premium,Monthly,Card,1,701.02,701.02,0,44.0,37.1,34.3,33,2,1.3,5.0,2,0
CUST101489,38.0,Female,South,Basic,Monthly,Card,33,208.99,250.79,0,40.6,30.2,28.5,37,3,,4.3,1,0
CUST101490,29.0,Male,North,Basic,Monthly,NetBanking,1,202.7,182.43,0,16.2,16.3,17.5,6,0,0.0,4.1,0,0
CUST101491,36.0,Female,South,Basic,Monthly,Card,4,182.35,182.35,0,24.3,22.8,25.2,26,0,0.0,1.9,0,0
CUST101492,29.0,Male,West,Standard,Monthly,Card,1,409.97,409.97,0,14.8,13.8,12.7,12,2,1.7,3.7,0,0
CUST101493,24.0,Other,West,Basic,Monthly,UPI,25,201.33,201.33,0,13.7,12.1,10.7,3,1,6.1,2.5,0,1
CUST101494,32.0,Male,South,Premium,Monthly,Card,3,677.17,812.6,1,13.2,13.6,12.0,11,1,0.9,,1,0
CUST101495,24.0,Male,South,Standard,Monthly,UPI,7,440.37,440.37,0,12.5,10.8,10.9,9,2,1.7,4.5,0,0
CUST101496,40.0,Female,South,Premium,Monthly,Wallet,9,720.26,720.26,1,29.8,31.7,34.2,18,2,3.4,2.2,0,1
CUST101497,23.0,Male,South,Standard,Monthly,UPI,6,417.79,417.79,0,13.6,17.0,19.1,16,1,2.6,2.9,1,0
CUST101498,44.0,Male,South,Standard,Monthly,UPI,4,418.48,460.33,0,15.0,16.0,16.9,15,1,4.4,3.1,2,0
CUST101499,23.0,Female,West,Standard,Annual,UPI,4,390.62,390.62,0,21.3,18.1,15.7,16,1,1.0,3.7,0,0
CUST101500,30.0,Male,South,Standard,Monthly,Wallet,30,411.64,411.64,0,20.3,22.6,22.7,16,3,,,0,1
CUST101501,29.0,Male,North,Standard,Monthly,NetBanking,25,405.3,405.3,0,19.3,20.4,24.2,16,0,0.0,4.6,1,0
CUST101502,51.0,Male,East,Standard,Annual,NetBanking,31,387.89,465.47,0,32.3,29.3,31.3,15,1,5.3,4.2,1,0
CUST101503,40.0,Male,West,Basic,Annual,Card,26,186.85,168.16,0,13.4,11.9,11.7,18,1,4.9,2.0,2,0
CUST101504,34.0,Female,South,Standard,Monthly,Card,2,399.48,359.53,0,12.4,13.1,13.3,10,1,3.5,5.0,1,0
CUST101505,41.0,Female,South,Basic,Monthly,Card,56,204.84,204.84,0,2.9,3.4,3.4,3,1,1.6,2.4,0,0
CUST101506,18.0,Female,West,Standard,Annual,Card,2,399.32,479.18,0,24.6,18.6,18.1,16,1,2.0,2.6,0,0
CUST101507,36.0,Male,South,Basic,Monthly,Card,22,197.19,197.19,1,24.2,22.1,24.9,22,1,3.3,5.0,0,0
CUST101508,58.0,Female,East,Basic,Monthly,NetBanking,2,1195.6200000000001,239.12,0,30.8,37.4,39.9,17,0,0.0,3.7,0,0
CUST101509,37.0,Female,East,Basic,Monthly,Card,14,196.14,176.53,1,16.1,12.8,11.3,4,1,4.7,4.7,1,0
CUST101510,37.0,Male,North,Basic,Monthly,Card,1,214.42,214.42,0,17.5,18.2,17.6,17,1,0.2,4.3,0,0
CUST101511,42.0,Female,South,Basic,Annual,NetBanking,21,201.69,201.69,0,29.1,32.6,32.9,24,3,2.6,3.5,0,0
CUST101512,46.0,Female,South,Basic,Monthly,Wallet,23,194.16,194.16,0,14.6,15.3,15.8,10,1,4.4,2.9,0,1
CUST101513,18.0,Female,North,Standard,Monthly,Card,3,362.93,362.93,1,18.6,13.6,10.0,2,1,1.8,3.4,1,0
CUST101514,18.0,Male,North,Basic,Monthly,Card,1,197.04,197.04,1,32.0,30.0,27.1,23,0,0.0,5.0,1,0
CUST101515,38.0,Male,West,Premium,Monthly,NetBanking,1,678.84,678.84,1,23.9,20.0,16.1,20,1,1.4,2.9,0,0
CUST101516,28.0,Female,East,Premium,Annual,Wallet,10,677.54,677.54,0,15.8,15.8,16.2,9,1,3.9,3.6,0,0
CUST101517,50.0,Female,West,Basic,Annual,UPI,12,208.38,187.54,0,28.8,28.2,29.5,24,1,2.1,4.1,1,0
CUST101518,33.0,Male,West,Basic,Monthly,UPI,4,199.79,199.79,1,17.7,20.5,22.9,12,1,8.3,3.2,0,1
CUST101519,18.0,Male,East,Basic,Annual,UPI,25,182.26,182.26,1,29.2,26.8,23.4,16,4,2.1,2.1,0,0
CUST101520,22.0,Female,South,Basic,Monthly,NetBanking,6,205.16,205.16,0,21.4,20.4,16.9,17,1,7.9,3.4,0,0
CUST101521,18.0,Male,North,Standard,Monthly,Card,48,367.44,440.93,0,14.3,13.3,14.2,5,2,6.9,3.1,0,0
CUST101522,33.0,Male,East,Standard,Monthly,UPI,7,412.83,454.11,0,10.1,11.8,14.6,9,0,0.0,2.3,0,0
CUST101523,34.0,Female,North,Standard,Monthly,NetBanking,6,389.52,467.42,0,26.7,30.7,34.5,22,4,1.3,3.1,2,1
CUST101524,31.0,Male,South,Basic,Monthly,UPI,15,199.86,219.85,0,28.0,35.7,44.7,26,0,0.0,5.0,1,1
CUST101525,48.0,Male,North,Standard,Annual,Card,59,398.5,398.5,0,34.2,29.0,26.9,35,3,0.7,1.0,0,0
CUST101526,49.0,Male,South,Basic,Monthly,NetBanking,3,197.53,197.53,0,25.0,30.2,35.9,19,0,,4.0,0,0
CUST101527,34.0,Female,South,Premium,Monthly,UPI,25,706.32,847.58,0,16.8,12.9,10.6,4,0,0.0,1.0,0,0
CUST101528,18.0,Male,West,Premium,Annual,Card,3,701.86,842.23,0,21.0,22.9,23.3,16,0,0.0,5.0,0,0
CUST101529,43.0,Female,North,Basic,Annual,Card,7,217.6,217.6,1,19.2,15.5,16.3,11,0,0.0,3.2,1,0
CUST101530,42.0,Other,North,Standard,Monthly,Card,7,403.47,484.16,0,16.5,13.4,10.0,18,3,5.9,3.1,0,1
CUST101531,39.0,Female,North,Premium,Monthly,Wallet,32,707.64,778.4,0,9.5,10.3,10.0,7,1,3.4,2.5,0,1
CUST101532,47.0,Female,North,Standard,Annual,Card,14,384.85,384.85,0,10.2,9.9,10.2,10,0,0.0,5.0,0,0
CUST101533,23.0,Female,South,Basic,Monthly,NetBanking,1,202.79,202.79,0,27.2,24.4,25.1,30,0,0.0,5.0,0,0
CUST101534,58.0,Male,North,Standard,Monthly,UPI,27,378.58,378.58,0,12.1,12.2,11.9,8,1,2.2,2.4,0,0
CUST101535,,Female,South,Basic,Monthly,NetBanking,10,210.44,210.44,0,16.1,13.5,11.4,13,2,2.7,2.1,0,0
CUST101536,44.0,Female,East,Basic,Monthly,Wallet,43,184.23,221.08,1,7.4,9.1,10.9,6,0,0.0,4.6,0,0
CUST101537,18.0,Female,South,Standard,Monthly,Wallet,4,382.17,420.39,1,7.7,6.9,5.9,10,2,0.4,4.2,0,0
CUST101538,26.0,Male,West,Basic,Annual,NetBanking,6,182.79,182.79,0,12.2,13.5,16.0,13,1,4.6,3.2,1,1
CUST101539,53.0,Male,West,Basic,Monthly,UPI,10,203.18,182.86,0,26.7,27.7,25.7,16,2,11.3,2.2,0,0
CUST101540,33.0,Female,North,Premium,Annual,Card,16,684.19,684.19,0,27.4,21.6,17.1,19,2,3.7,4.8,0,0
CUST101541,45.0,Male,South,Basic,Monthly,Card,7,205.82,205.82,0,20.4,22.4,24.6,14,1,1.8,3.3,1,1
CUST101542,39.0,Female,North,Standard,Monthly,UPI,52,379.54,379.54,0,13.1,14.0,16.2,8,0,0.0,3.5,0,0
CUST101543,35.0,Male,East,Standard,Monthly,Card,2,409.6,491.52,1,35.9,27.7,24.8,26,1,4.8,3.7,0,1
CUST101544,51.0,Female,East,Basic,Monthly,UPI,3,204.77,204.77,0,15.9,15.7,16.3,11,5,3.6,,1,1
CUST101545,33.0,Female,East,Standard,Monthly,Card,1,403.23,403.23,0,37.5,40.2,48.6,30,0,0.0,3.2,1,0
CUST101546,18.0,Male,West,Standard,Annual,NetBanking,22,399.62,439.58,0,22.6,25.3,27.4,18,0,0.0,2.8,0,0
CUST101547,27.0,Male,North,Standard,Monthly,Card,12,401.74,361.57,0,29.8,31.5,25.4,31,0,0.0,1.8,0,1
CUST101548,42.0,Female,East,Standard,Monthly,Card,52,380.83,380.83,1,29.9,37.8,46.8,19,0,0.0,2.9,1,0
CUST101549,40.0,Male,North,Premium,Monthly,UPI,44,661.42,793.7,1,6.2,6.8,6.0,3,3,3.3,3.0,1,1
CUST101550,19.0,Male,East,Premium,Monthly,UPI,2,718.01,646.21,0,10.1,11.8,12.8,7,3,1.9,2.2,0,1
CUST101551,28.0,Female,North,Basic,Monthly,NetBanking,16,195.33,195.33,0,15.3,13.1,11.5,10,2,0.3,3.1,0,0
CUST101552,30.0,Male,West,Basic,Monthly,UPI,72,203.51,203.51,1,12.2,11.9,9.3,13,2,3.5,2.2,0,1
CUST101553,32.0,Female,South,Standard,Monthly,NetBanking,7,429.94,429.94,0,23.3,24.2,23.8,23,0,0.0,4.4,1,0
CUST101554,21.0,Male,South,Premium,Annual,Card,23,683.02,683.02,1,24.2,21.1,23.1,26,2,6.5,4.3,1,1
CUST101555,29.0,Male,South,Premium,Annual,Card,12,678.03,813.64,0,14.6,21.0,27.5,15,0,0.0,4.4,0,0
CUST101556,28.0,Female,West,Basic,Monthly,UPI,37,195.77,195.77,0,13.8,14.8,13.4,6,2,2.7,3.4,1,0
CUST101557,44.0,Male,North,Premium,Monthly,Card,1,700.36,700.36,0,28.8,24.6,26.9,18,0,0.0,4.6,0,0
CUST101558,45.0,Male,North,Basic,Monthly,NetBanking,5,205.11,184.6,0,13.9,16.0,13.2,7,1,1.8,2.9,2,1
CUST101559,,Female,North,Basic,Monthly,Wallet,8,198.72,178.85,0,31.3,30.7,32.2,35,0,0.0,,0,0
CUST101560,32.0,Female,North,Standard,Annual,Card,58,440.47,528.56,0,20.7,17.3,13.9,20,1,0.7,,0,0
CUST101561,38.0,Female,West,Basic,Monthly,NetBanking,1,203.19,203.19,0,20.7,21.2,22.8,18,4,2.9,2.2,0,1
CUST101562,27.0,Female,West,Standard,Annual,UPI,29,414.58,414.58,0,10.9,12.0,13.1,7,1,3.0,4.9,1,0
CUST101563,23.0,Male,West,Basic,Monthly,Card,1,198.63,198.63,0,25.8,40.4,53.6,18,1,1.7,5.0,0,0
CUST101564,26.0,Male,West,Standard,Annual,UPI,30,419.19,419.19,0,10.0,10.3,12.4,6,5,1.5,5.0,0,1
CUST101565,29.0,Female,South,Premium,Annual,UPI,1,691.83,691.83,0,25.8,28.7,35.4,24,2,1.8,4.2,0,0
CUST101566,23.0,Female,South,Basic,Annual,Wallet,6,192.59,192.59,1,24.2,28.9,36.8,20,4,1.4,3.2,1,0
CUST101567,38.0,Female,North,Standard,Annual,Card,17,417.06,500.47,0,24.4,23.3,25.6,23,0,0.0,,0,0
CUST101568,44.0,Male,East,Standard,Monthly,UPI,3,397.86,397.86,0,24.1,21.7,15.8,21,1,8.3,,2,1
CUST101569,19.0,Male,South,Basic,Monthly,Card,3,201.44,221.58,0,28.7,23.6,21.3,28,0,0.0,3.1,0,0
CUST101570,36.0,Male,East,Standard,Monthly,Card,26,418.59,418.59,0,22.9,28.6,35.0,21,0,0.0,3.1,2,1
CUST101571,34.0,Female,South,Standard,Annual,UPI,14,401.77,401.77,0,6.4,5.7,6.0,7,1,1.0,4.9,2,0
CUST101572,40.0,Female,South,Basic,Annual,NetBanking,15,197.51,177.76,0,21.7,19.4,18.3,21,3,2.8,4.5,0,0
CUST101573,36.0,Male,South,Premium,Monthly,UPI,17,680.29,748.32,1,11.7,9.8,9.8,8,2,1.4,2.9,0,1
CUST101574,20.0,Male,West,Basic,Annual,Wallet,23,209.56,188.6,0,8.4,6.7,5.0,8,3,2.2,2.4,0,0
CUST101575,22.0,Male,East,Basic,Monthly,Card,16,195.6,195.6,0,10.7,10.3,14.5,9,1,5.1,3.3,0,1
CUST101576,36.0,Male,North,Basic,Monthly,UPI,24,198.49,198.49,0,13.2,11.2,13.3,10,1,1.6,1.7,0,0
CUST101577,47.0,Female,West,Standard,Monthly,Card,51,404.72,485.66,0,24.8,26.1,25.9,20,1,3.9,4.8,1,0
CUST101578,18.0,Female,West,Premium,Monthly,NetBanking,26,708.88,708.88,0,16.0,13.0,14.1,16,3,1.8,3.9,1,0
CUST101579,40.0,Male,North,Basic,Monthly,Card,8,209.09,209.09,0,28.4,50.6,68.1,26,0,0.0,2.6,0,0
CUST101580,49.0,Female,West,Basic,Annual,Card,5,198.31,218.14,0,12.6,12.5,12.9,12,0,0.0,2.6,0,1
CUST101581,34.0,Female,South,Basic,Monthly,NetBanking,38,212.7,255.24,1,16.3,22.5,29.3,13,4,5.1,4.5,0,0
CUST101582,42.0,Male,North,Standard,Monthly,UPI,9,394.04,394.04,0,12.9,13.3,12.8,13,2,1.2,4.1,0,0
CUST101583,28.0,Male,South,Basic,Monthly,UPI,37,202.69,243.23,0,5.2,3.7,2.9,5,2,4.3,5.0,1,0
CUST101584,35.0,Female,North,Basic,Monthly,Wallet,1,197.17,197.17,0,18.8,16.2,14.6,12,1,2.4,2.8,0,1
CUST101585,18.0,Male,North,Basic,Annual,UPI,19,219.83,263.8,0,54.6,69.2,73.0,40,1,3.0,,0,0
CUST101586,18.0,Female,South,Standard,Annual,UPI,9,392.0,352.8,0,8.6,9.7,10.5,5,0,0.0,2.9,0,0
CUST101587,,Female,North,Standard,Monthly,Wallet,4,393.81,393.81,0,25.9,31.7,35.7,15,1,2.0,3.7,0,0
CUST101588,25.0,Male,East,Standard,Annual,UPI,19,401.29,401.29,0,28.8,23.2,23.8,38,2,3.9,1.6,0,0
CUST101589,31.0,Male,East,Basic,Annual,Card,3,196.35,196.35,0,19.3,28.1,44.6,22,1,1.4,3.1,0,0
CUST101590,21.0,Female,South,Standard,Annual,NetBanking,9,405.27,405.27,1,9.2,9.1,8.9,9,0,0.0,4.0,0,0
CUST101591,20.0,Male,South,Standard,Monthly,UPI,8,423.52,465.87,0,46.6,56.2,60.7,41,3,,2.7,1,1
CUST101592,34.0,Female,North,Standard,Monthly,NetBanking,43,401.94,401.94,0,23.9,30.8,33.6,17,2,2.8,4.0,0,0
CUST101593,28.0,Female,West,Basic,Annual,UPI,23,200.83,180.75,0,37.5,26.8,21.6,22,1,7.7,2.8,0,0
CUST101594,40.0,Female,West,Basic,Monthly,Card,40,196.72,236.06,0,7.1,9.0,12.2,5,1,5.8,3.6,1,1
CUST101595,41.0,Female,South,Standard,Monthly,NetBanking,25,388.92,427.81,0,13.5,14.2,16.5,9,1,0.9,3.3,0,1
CUST101596,40.0,Female,East,Basic,Monthly,Card,3,199.96,199.96,0,8.7,7.9,6.2,8,0,0.0,,1,0
CUST101597,39.0,Female,North,Standard,Monthly,NetBanking,11,399.15,359.24,0,30.3,27.2,29.2,25,1,3.5,4.4,0,0
CUST101598,53.0,Male,West,Basic,Monthly,NetBanking,1,210.67,210.67,1,7.1,7.4,6.1,7,1,2.1,2.9,0,1
CUST101599,24.0,Male,South,Basic,Annual,Wallet,2,189.46,189.46,0,17.2,20.0,20.9,15,2,4.1,3.2,0,1
CUST101600,35.0,Male,North,Standard,Monthly,Card,4,428.02,385.22,1,16.2,16.3,18.6,7,2,2.7,2.9,1,0
CUST101601,48.0,Male,North,Basic,Monthly,UPI,13,197.54,197.54,0,5.9,6.8,8.2,5,1,2.1,5.0,0,0
CUST101602,50.0,Male,South,Basic,Annual,Card,13,200.48,240.58,0,25.0,28.4,35.3,22,2,4.9,3.3,0,0
CUST101603,20.0,Male,South,Premium,Monthly,UPI,23,661.78,794.14,0,22.8,31.9,33.9,19,1,10.2,3.6,0,0
CUST101604,33.0,Male,South,Basic,Monthly,UPI,4,204.59,204.59,1,13.1,11.6,10.1,9,1,1.7,3.3,0,0
CUST101605,51.0,Male,North,Premium,Annual,UPI,12,665.43,665.43,0,37.4,38.9,40.0,26,1,5.4,4.0,1,0
CUST101606,42.0,Male,East,Basic,Annual,UPI,27,202.72,202.72,0,6.6,5.7,6.0,4,0,0.0,3.4,1,0
CUST101607,38.0,Female,East,Premium,Annual,Wallet,13,708.64,708.64,0,4.7,4.3,3.6,2,0,0.0,3.4,0,0
CUST101608,34.0,Female,South,Premium,Monthly,Card,24,687.62,825.14,1,19.7,18.6,16.5,16,1,1.2,3.1,0,0
CUST101609,32.0,Female,West,Basic,Monthly,UPI,18,178.45,196.3,0,10.7,9.4,10.4,10,2,0.5,3.4,0,1
CUST101610,39.0,Female,North,Standard,Annual,UPI,16,442.1,397.89,0,17.5,12.3,10.9,12,3,8.2,4.1,1,0
CUST101611,33.0,Female,West,Standard,Annual,Card,14,377.97,453.56,0,32.4,29.5,26.5,18,3,4.8,2.7,2,0
CUST101612,36.0,Female,South,Standard,Monthly,UPI,38,404.44,364.0,0,8.4,9.2,10.6,8,2,2.5,2.0,2,1
CUST101613,37.0,Male,West,Basic,Annual,UPI,8,191.74,191.74,0,30.5,37.0,46.9,33,1,0.8,2.1,2,0
CUST101614,29.0,Female,West,Premium,Monthly,UPI,32,735.63,662.07,0,8.8,9.8,7.6,6,3,1.1,5.0,1,1
CUST101615,42.0,Male,West,Standard,Monthly,UPI,19,391.43,391.43,0,14.5,,14.0,9,3,5.1,2.2,0,1
CUST101616,68.0,Female,West,Premium,Monthly,NetBanking,22,672.72,605.45,1,33.7,32.3,34.7,26,1,5.0,5.0,0,0
CUST101617,,Female,North,Premium,Monthly,Wallet,5,719.8,719.8,1,25.3,23.5,17.7,22,3,0.5,2.8,0,1
CUST101618,40.0,Male,East,Premium,Annual,Card,31,654.55,589.1,0,11.2,12.3,14.7,8,1,2.1,2.6,3,0
CUST101619,28.0,Female,North,Standard,Monthly,UPI,14,390.76,468.91,0,21.6,23.2,24.7,10,3,1.0,3.0,0,1
CUST101620,42.0,Male,North,Standard,Annual,NetBanking,7,412.77,412.77,1,13.9,18.8,18.8,14,0,0.0,4.4,1,0
CUST101621,37.0,Male,West,Premium,Monthly,Card,2,751.66,676.49,0,14.9,14.1,14.3,13,0,0.0,3.6,2,1
CUST101622,44.0,Male,South,Standard,Annual,UPI,13,379.8,341.82,0,16.3,17.4,17.5,18,3,2.2,2.4,0,0
CUST101623,49.0,Male,North,Basic,Monthly,UPI,19,192.91,192.91,0,23.5,19.7,17.6,19,3,3.9,1.5,0,0
CUST101624,38.0,Male,West,Standard,Annual,Card,1,406.03,446.63,0,19.1,19.7,15.8,21,1,3.5,2.9,1,0
CUST101625,48.0,Female,South,Basic,Monthly,UPI,5,179.13,179.13,0,16.5,19.0,20.4,12,0,0.0,4.2,0,0
CUST101626,18.0,Female,South,Premium,Annual,NetBanking,13,746.45,895.74,0,16.8,14.3,11.0,11,0,0.0,2.3,0,0
CUST101627,53.0,Male,South,Standard,Monthly,Card,16,379.06,416.97,0,20.4,17.8,16.9,14,3,9.7,2.6,0,1
CUST101628,40.0,Female,West,Standard,Monthly,Card,5,390.27,390.27,0,18.6,18.8,15.4,22,1,1.0,3.8,0,0
CUST101629,48.0,Male,West,Basic,Annual,NetBanking,18,201.6,201.6,0,13.6,14.6,13.1,10,2,5.9,4.5,2,0
CUST101630,23.0,Male,South,Standard,Monthly,NetBanking,11,400.02,440.02,0,20.7,20.7,23.7,23,1,1.4,2.4,0,1
CUST101631,27.0,Female,East,Basic,Annual,UPI,17,189.41,170.47,0,22.6,18.5,23.4,16,0,0.0,5.0,0,0
CUST101632,38.0,Female,North,Standard,Monthly,UPI,12,433.34,520.01,0,21.0,21.1,23.6,11,0,0.0,4.3,1,0
CUST101633,36.0,Male,East,Standard,Annual,Card,1,347.63,347.63,1,28.4,31.5,37.4,27,1,1.1,2.4,0,1
CUST101634,39.0,Male,East,Standard,Annual,NetBanking,38,376.62,414.28,0,12.9,11.3,8.9,9,3,,3.2,0,0
CUST101635,48.0,Female,West,Basic,Annual,Card,36,192.66,192.66,1,12.6,12.3,10.9,11,0,0.0,3.1,3,0
CUST101636,18.0,Female,South,Standard,Monthly,Wallet,8,380.05,342.04,0,35.1,29.6,27.3,29,2,1.3,1.7,0,1
CUST101637,47.0,Male,South,Standard,Monthly,NetBanking,47,423.33,381.0,0,11.5,,9.6,10,1,1.9,3.4,0,0
CUST101638,36.0,Male,North,Premium,Annual,Card,23,641.04,641.04,0,15.7,20.7,21.7,18,2,2.4,3.2,1,0
CUST101639,34.0,Male,North,Premium,Monthly,UPI,37,753.43,828.77,0,5.2,5.0,5.8,4,2,1.6,3.6,1,0
CUST101640,20.0,Female,North,Standard,Annual,Wallet,24,393.45,472.14,0,8.8,12.6,17.5,7,0,0.0,2.9,0,0
CUST101641,42.0,Female,South,Basic,Monthly,NetBanking,10,185.46,166.91,0,14.5,14.5,12.1,11,2,7.1,2.4,0,0
CUST101642,18.0,Female,South,Basic,Monthly,UPI,15,178.1,213.72,0,14.1,12.9,14.3,13,0,0.0,4.7,2,0
CUST101643,43.0,Male,West,Premium,Annual,Card,8,691.48,760.63,0,16.0,16.2,16.8,14,2,2.5,,0,0
CUST101644,20.0,Female,South,Premium,Monthly,UPI,2,674.47,674.47,0,39.3,51.7,60.7,28,0,0.0,,0,0
CUST101645,37.0,Female,North,Basic,Monthly,UPI,8,201.35,201.35,0,6.2,6.0,4.7,6,1,1.2,1.9,0,0
CUST101646,35.0,Male,West,Standard,Monthly,UPI,19,390.01,429.01,0,18.0,15.0,15.3,14,1,3.2,,0,1
CUST101647,,Female,South,Basic,Annual,Card,21,208.51,208.51,1,16.9,19.3,20.2,15,0,0.0,4.9,0,1
CUST101648,34.0,Male,South,Basic,Monthly,Wallet,9,197.58,177.82,0,42.6,27.8,27.0,23,0,0.0,1.0,1,0
CUST101649,28.0,Male,North,Premium,Annual,UPI,1,684.18,615.76,0,27.1,28.3,20.4,27,2,3.0,2.7,1,0
CUST101650,30.0,Female,North,Premium,Monthly,Card,8,733.02,733.02,0,13.9,13.1,13.7,9,1,2.1,4.5,0,0
CUST101651,50.0,Male,South,Premium,Monthly,Card,40,706.97,706.97,0,34.7,31.6,28.1,32,1,2.5,3.7,0,0
CUST101652,42.0,Female,East,Basic,Monthly,Card,18,206.71,227.38,0,13.3,11.9,9.4,14,1,0.8,3.4,3,0
CUST101653,32.0,Female,South,Standard,Monthly,UPI,10,421.92,506.3,0,28.2,28.5,30.1,25,0,0.0,4.7,1,0
CUST101654,33.0,Male,South,Premium,Monthly,Card,3,688.73,757.6,0,37.4,44.3,50.7,39,0,0.0,3.6,0,1
CUST101655,19.0,Male,South,Standard,Monthly,UPI,3,399.76,359.78,1,19.1,17.6,17.7,11,1,3.6,3.0,0,0
CUST101656,40.0,Female,South,Basic,Monthly,Card,53,207.4,207.4,0,9.9,10.2,10.7,8,0,0.0,4.6,4,0
CUST101657,18.0,Male,North,Standard,Annual,Card,11,350.11,350.11,0,5.9,5.5,3.9,4,1,1.5,,1,0
CUST101658,44.0,Female,West,Basic,Monthly,Card,20,197.99,217.79,0,19.5,16.4,11.5,13,0,0.0,1.5,0,0
CUST101659,37.0,Male,South,Standard,Monthly,UPI,47,394.51,473.41,0,27.6,24.1,23.8,13,4,1.1,,1,0
CUST101660,62.0,Male,North,Premium,Monthly,UPI,21,712.07,712.07,0,60.3,70.0,73.7,49,0,0.0,3.5,0,0
CUST101661,24.0,Female,North,Basic,Monthly,UPI,10,191.03,229.24,0,32.8,34.2,33.7,32,2,1.6,2.7,0,0
CUST101662,35.0,Male,East,Basic,Annual,UPI,4,209.9,188.91,0,18.4,18.4,20.6,19,3,10.5,3.1,0,1
CUST101663,56.0,Female,East,Standard,Annual,UPI,3,384.28,384.28,0,9.6,11.3,10.1,6,2,0.8,3.3,2,0
CUST101664,49.0,Female,South,Standard,Annual,UPI,10,389.84,389.84,0,16.8,16.1,14.2,12,0,0.0,2.6,1,0
CUST101665,28.0,Male,East,Basic,Monthly,Card,27,192.39,173.15,0,39.1,44.1,46.6,25,1,2.0,4.1,0,1
CUST101666,38.0,Female,South,Basic,Monthly,UPI,9,211.24,190.12,0,46.6,45.0,42.9,30,0,0.0,3.7,0,0
CUST101667,36.0,Female,West,Standard,Annual,Card,3,357.39,357.39,0,13.2,9.4,6.5,10,1,4.8,4.8,0,0
CUST101668,39.0,Female,South,Basic,Annual,UPI,30,216.78,216.78,0,16.0,16.6,16.0,13,0,0.0,4.9,0,0
CUST101669,28.0,Male,East,Standard,Monthly,UPI,1,428.39,428.39,0,35.8,34.1,36.4,27,1,4.9,3.3,0,0
CUST101670,35.0,Male,East,Standard,Monthly,NetBanking,16,387.73,387.73,0,34.7,41.7,44.7,18,0,0.0,4.3,1,0
CUST101671,18.0,Female,East,Basic,Annual,UPI,22,209.22,188.3,1,13.6,12.9,10.7,13,0,0.0,1.5,0,0
CUST101672,37.0,Female,South,Standard,Annual,UPI,4,401.6,481.92,1,25.9,29.5,26.3,22,0,0.0,1.7,0,1
CUST101673,41.0,Female,East,Standard,Monthly,Card,2,431.98,431.98,1,14.0,15.5,17.4,12,0,0.0,4.9,0,0
CUST101674,33.0,Female,East,Standard,Monthly,Wallet,29,417.97,417.97,1,31.2,34.6,41.5,28,0,0.0,3.7,1,0
CUST101675,18.0,Female,North,Standard,Annual,Card,48,442.75,487.02,0,18.3,23.6,27.4,17,2,5.9,4.6,0,0
CUST101676,47.0,Male,South,Basic,Annual,Card,72,183.46,220.15,0,215.2,13.0,13.5,13,2,3.3,4.4,0,0
CUST101677,40.0,Female,South,Basic,Monthly,Card,20,200.9,200.9,0,27.0,31.2,35.8,17,2,1.9,1.8,1,1
CUST101678,28.0,Male,South,Standard,Monthly,Wallet,2,364.6,437.52,0,19.0,18.2,13.0,21,1,0.6,4.2,2,0
CUST101679,33.0,Male,West,Standard,Monthly,Wallet,16,388.65,466.38,0,26.7,32.4,41.8,25,2,2.0,2.5,2,1
CUST101680,19.0,Female,North,Basic,Annual,Card,68,221.38,265.66,1,10.3,9.4,8.3,6,0,0.0,3.5,2,0
CUST101681,25.0,Female,East,Basic,Annual,Card,18,203.66,203.66,0,11.5,13.6,17.3,7,2,5.8,2.0,0,1
CUST101682,30.0,Male,East,Standard,Monthly,NetBanking,1,418.64,502.37,0,17.4,17.2,23.3,21,0,0.0,4.8,3,1
CUST101683,50.0,Female,East,Basic,Monthly,Card,4,204.11,244.93,0,12.2,11.0,10.2,9,2,1.8,3.8,1,1
CUST101684,29.0,Female,East,Premium,Annual,Card,3,714.74,714.74,1,14.5,12.4,10.7,10,0,0.0,3.2,0,0
CUST101685,43.0,Female,East,Standard,Monthly,UPI,11,388.58,466.3,0,17.7,16.2,13.8,12,0,0.0,3.0,0,0
CUST101686,30.0,Female,North,Basic,Monthly,UPI,8,191.95,172.76,0,13.0,11.0,9.9,12,3,1.8,3.8,0,0
CUST101687,39.0,Male,South,Standard,Monthly,UPI,72,388.04,388.04,0,38.4,36.9,39.1,27,3,2.2,2.3,0,0
CUST101688,34.0,Female,West,Basic,Monthly,UPI,6,171.83,171.83,0,11.8,8.7,9.0,10,2,5.0,2.7,0,1
CUST101689,46.0,Male,West,Premium,Annual,UPI,31,696.13,765.74,0,17.2,14.5,13.7,22,2,0.9,2.6,1,1
CUST101690,30.0,Male,North,Premium,Monthly,UPI,6,707.38,707.38,1,17.4,26.1,40.0,8,1,1.5,2.8,1,1
CUST101691,19.0,Male,West,Premium,Annual,Card,2,677.36,677.36,0,19.4,18.2,18.3,14,3,8.7,3.7,0,1
CUST101692,21.0,Male,West,Standard,Monthly,Card,9,396.39,396.39,0,15.1,16.2,15.7,12,1,6.6,3.8,0,0
CUST101693,30.0,Female,North,Premium,Monthly,NetBanking,9,717.35,717.35,0,28.2,27.3,23.7,13,0,0.0,3.2,0,0
CUST101694,22.0,Male,East,Standard,Annual,Card,10,416.65,416.65,0,29.1,28.5,26.1,26,0,0.0,2.7,0,0
CUST101695,41.0,Female,East,Premium,Monthly,UPI,34,657.14,591.43,0,13.2,15.3,18.3,13,2,4.0,3.3,0,1
CUST101696,31.0,Male,South,Basic,Annual,Card,19,191.09,229.31,1,30.3,37.5,44.8,16,0,0.0,3.5,0,0
CUST101697,62.0,Male,South,Premium,Monthly,Card,18,725.32,870.38,0,12.9,9.7,7.8,10,2,1.2,4.1,0,1
CUST101698,18.0,Female,North,Standard,Annual,UPI,11,410.75,410.75,0,17.2,20.0,24.8,14,0,0.0,3.1,2,0
CUST101699,38.0,Female,West,Basic,Monthly,Card,12,212.38,212.38,1,18.2,19.3,29.2,17,2,2.2,3.7,0,1
CUST101700,24.0,Female,South,Premium,Monthly,UPI,1,744.54,744.54,0,9.4,11.1,13.2,13,1,1.1,3.3,0,0
CUST101701,31.0,Male,West,Standard,Monthly,UPI,3,447.18,447.18,0,12.5,12.2,10.6,8,1,1.8,3.8,0,0
CUST101702,38.0,Male,East,Premium,Monthly,NetBanking,2,688.77,757.65,0,7.8,7.6,7.4,7,0,0.0,,1,0
CUST101703,18.0,Female,East,Basic,Monthly,UPI,10,214.71,257.65,0,19.4,19.4,23.1,15,2,0.9,3.0,0,1
CUST101704,39.0,Female,South,Standard,Monthly,Card,20,2283.8999999999996,456.78,0,9.8,9.9,11.2,7,1,4.8,5.0,0,0
CUST101705,57.0,Male,North,Standard,Monthly,NetBanking,28,446.76,446.76,0,36.8,40.6,46.7,30,3,3.1,2.8,2,0
CUST101706,31.0,Female,South,Basic,Monthly,Wallet,50,203.52,203.52,0,14.1,17.0,20.0,12,3,1.9,2.0,0,1
CUST101707,,Female,South,Standard,Annual,Card,30,409.81,450.79,0,26.3,21.9,15.3,21,1,5.3,5.0,1,0
CUST101708,47.0,Female,South,Standard,Monthly,UPI,2,418.75,418.75,1,25.5,18.6,16.4,22,0,0.0,5.0,1,1
CUST101709,34.0,Female,South,Basic,Monthly,UPI,29,185.51,222.61,0,12.5,12.7,13.6,10,2,5.6,2.4,0,0
CUST101710,,Female,South,Standard,Annual,UPI,27,377.56,339.8,1,14.3,13.6,13.6,9,1,1.4,2.8,1,1
CUST101711,18.0,Male,North,Basic,Annual,Card,3,200.15,240.18,0,14.2,12.3,11.2,14,1,0.7,4.4,3,1
CUST101712,43.0,Female,North,Premium,Monthly,Card,22,711.08,711.08,0,20.7,17.2,17.7,21,0,0.0,4.4,1,0
CUST101713,35.0,Male,South,Premium,Monthly,Card,20,771.79,771.79,0,55.9,43.0,30.9,56,2,1.2,2.5,0,1
CUST101714,25.0,Male,West,Standard,Monthly,Card,21,380.06,342.05,0,20.2,20.0,19.0,19,3,0.8,2.2,0,1
CUST101715,37.0,Male,North,Standard,Monthly,UPI,1,429.73,429.73,0,13.8,13.2,12.9,9,4,1.8,3.1,1,1
CUST101716,30.0,Female,West,Basic,Annual,NetBanking,9,196.36,176.72,0,21.1,19.7,20.2,13,0,0.0,3.7,3,0
CUST101717,30.0,Other,East,Basic,Monthly,UPI,19,196.22,235.46,0,9.8,9.5,10.4,10,0,0.0,4.4,1,0
CUST101718,43.0,Female,South,Premium,Annual,UPI,4,693.27,693.27,0,11.8,15.1,18.2,7,0,0.0,4.4,0,0
CUST101719,21.0,Female,West,Basic,Annual,Card,2,195.96,235.15,0,37.1,49.2,69.7,25,1,1.4,,0,0
CUST101720,48.0,Other,West,Basic,Annual,UPI,1,203.84,244.61,1,15.9,18.7,17.6,20,2,2.8,1.3,0,1
CUST101721,21.0,Female,East,Basic,Monthly,NetBanking,24,195.07,195.07,1,11.5,9.7,7.7,10,2,2.4,5.0,0,0
CUST101722,29.0,Male,North,Standard,Annual,NetBanking,20,370.86,445.03,0,8.9,9.6,9.7,7,2,1.1,3.8,1,0
CUST101723,57.0,Female,North,Premium,Annual,UPI,3,689.64,620.68,0,17.6,19.6,24.7,8,2,2.0,2.9,1,1
CUST101724,,Male,North,Basic,Annual,UPI,14,203.54,203.54,0,9.2,10.7,12.7,6,2,0.2,3.2,1,0
CUST101725,37.0,Male,West,Basic,Monthly,Card,8,185.05,185.05,0,31.4,26.3,19.7,30,1,2.3,4.2,0,0
CUST101726,26.0,Male,North,Basic,Monthly,Wallet,11,204.79,204.79,0,25.4,34.4,36.4,13,1,3.0,3.8,0,0
CUST101727,30.0,Male,South,Basic,Monthly,Card,35,210.75,189.68,0,13.4,12.7,14.9,12,1,3.1,3.8,0,0
CUST101728,37.0,Female,South,Basic,Monthly,Card,3,213.73,192.36,0,41.2,41.2,45.1,22,2,8.6,3.2,0,0
CUST101729,36.0,Other,South,Standard,Annual,UPI,6,405.74,446.31,0,14.3,11.9,7.6,10,1,5.9,5.0,1,0
CUST101730,35.0,Male,South,Standard,Annual,Card,4,363.0,363.0,1,15.9,19.3,21.2,8,2,2.0,3.6,0,0
CUST101731,36.0,Female,North,Basic,Monthly,Card,1,205.44,205.44,0,12.0,12.1,14.1,10,1,4.5,4.7,1,0
CUST101732,34.0,Male,West,Standard,Monthly,Wallet,72,418.3,501.96,0,24.3,25.2,22.1,11,2,2.2,,1,0
CUST101733,20.0,Male,South,Standard,Monthly,Card,14,385.1,385.1,1,9.8,9.1,8.1,8,0,0.0,4.8,1,0
CUST101734,30.0,Male,South,Basic,Annual,Card,5,198.28,218.11,1,13.7,12.6,10.1,13,1,5.6,3.9,0,0
CUST101735,46.0,Male,South,Basic,Annual,Card,4,203.81,203.81,0,12.7,9.4,9.1,11,1,1.0,1.7,1,1
CUST101736,21.0,Male,North,Standard,Monthly,Card,23,434.66,478.13,0,20.2,21.6,23.8,18,2,1.7,2.9,0,1
CUST101737,34.0,Male,East,Basic,Monthly,Wallet,23,196.45,235.74,0,8.3,8.2,9.2,7,0,0.0,,2,0
CUST101738,27.0,Male,North,Premium,Annual,UPI,44,730.15,803.17,0,16.7,17.4,17.1,13,2,2.4,3.6,3,0
CUST101739,37.0,Male,West,Premium,Annual,Wallet,72,710.05,710.05,0,31.4,35.8,37.4,25,0,0.0,2.5,0,0
CUST101740,32.0,Female,West,Premium,Annual,NetBanking,8,705.97,705.97,0,9.1,,7.3,8,5,1.1,2.3,0,1
CUST101741,52.0,Male,West,Basic,Monthly,UPI,9,212.24,212.24,0,25.0,25.5,23.2,15,0,0.0,2.6,1,1
CUST101742,42.0,Male,West,Basic,Monthly,UPI,22,190.73,171.66,0,27.6,22.9,16.1,20,3,1.0,2.6,0,0
CUST101743,,Female,North,Premium,Annual,UPI,18,707.05,707.05,0,16.2,16.5,15.1,20,0,0.0,3.4,2,1
CUST101744,43.0,Male,North,Standard,Monthly,UPI,37,399.54,399.54,0,5.0,3.8,3.2,4,0,0.0,3.2,0,0
CUST101745,,Female,North,Basic,Annual,UPI,23,184.01,184.01,0,24.5,27.6,41.6,26,2,3.3,3.4,0,0
CUST101746,30.0,Male,West,Standard,Annual,UPI,8,423.59,508.31,1,30.9,34.5,32.3,27,2,1.5,1.3,0,0
CUST101747,39.0,Female,South,Basic,Monthly,UPI,16,207.25,248.7,0,39.6,35.6,35.4,26,1,2.7,,1,0
CUST101748,31.0,Female,South,Standard,Monthly,UPI,15,399.68,399.68,0,18.6,14.5,13.2,14,1,2.9,5.0,0,0
CUST101749,46.0,Female,South,Premium,Annual,Card,33,689.86,827.83,0,6.5,5.4,3.8,3,3,8.6,1.2,3,0
CUST101750,27.0,Female,East,Standard,Annual,UPI,1,399.0,399.0,0,24.3,21.5,18.8,26,3,0.7,4.1,0,0
CUST101751,29.0,Male,East,Standard,Monthly,UPI,15,413.11,371.8,1,7.2,8.8,9.2,7,1,0.6,4.2,0,1
CUST101752,29.0,Male,South,Premium,Annual,UPI,23,700.85,700.85,0,22.5,22.2,24.9,14,0,0.0,4.2,0,0
CUST101753,30.0,Male,North,Standard,Monthly,UPI,13,385.68,385.68,1,26.4,23.0,21.0,25,1,5.0,3.6,2,0
CUST101754,48.0,Female,North,Basic,Annual,NetBanking,20,193.86,232.63,0,31.9,,43.9,30,2,2.6,3.5,1,0
CUST101755,43.0,Male,West,Standard,Annual,NetBanking,5,398.76,398.76,0,13.9,12.9,13.5,11,1,5.9,4.4,0,1
CUST101756,55.0,Male,South,Basic,Monthly,Card,31,189.72,189.72,0,10.6,7.4,8.0,9,1,4.1,3.8,1,0
CUST101757,61.0,Female,South,Basic,Annual,UPI,2,202.32,202.32,0,18.7,19.1,16.7,17,2,,5.0,0,0
CUST101758,25.0,Male,East,Standard,Annual,Card,39,383.18,344.86,1,8.3,7.1,5.8,7,3,2.4,2.4,0,1
CUST101759,37.0,Male,North,Basic,Annual,Card,10,189.5,208.45,1,14.7,11.7,12.7,12,0,0.0,5.0,0,0
CUST101760,23.0,Female,West,Basic,Monthly,Card,9,230.77,230.77,0,12.5,18.4,24.1,10,1,2.4,,1,0
CUST101761,27.0,Male,North,Standard,Annual,NetBanking,6,437.7,437.7,0,28.9,23.9,22.0,20,0,0.0,3.4,0,0
CUST101762,29.0,Female,West,Basic,Annual,NetBanking,36,200.43,240.52,0,35.5,37.1,37.0,35,1,3.9,4.6,1,0
CUST101763,24.0,Female,South,Standard,Monthly,Card,45,415.98,374.38,0,23.4,23.5,26.1,28,0,0.0,3.5,0,0
CUST101764,,Female,North,Basic,Monthly,NetBanking,13,209.16,209.16,0,27.1,26.5,30.4,16,1,3.6,5.0,1,0
CUST101765,34.0,Male,West,Standard,Annual,UPI,7,397.49,476.99,0,18.8,21.8,25.9,15,0,0.0,3.1,0,0
CUST101766,23.0,Male,South,Premium,Monthly,NetBanking,42,708.88,850.66,1,18.0,16.8,16.8,12,1,1.8,4.8,0,0
CUST101767,45.0,Female,West,Basic,Monthly,UPI,1,196.39,196.39,0,7.3,7.0,7.1,7,0,0.0,4.4,0,0
CUST101768,26.0,Female,South,Standard,Annual,UPI,2,424.05,424.05,1,21.4,21.3,21.1,19,2,7.9,3.1,1,0
CUST101769,67.0,Female,North,Basic,Monthly,UPI,14,211.63,211.63,0,26.2,21.9,19.9,22,1,2.4,2.6,3,0
CUST101770,31.0,Male,South,Basic,Annual,Card,15,214.54,257.45,0,15.6,15.9,17.5,11,0,0.0,2.8,0,0
CUST101771,37.0,Male,North,Basic,Monthly,Card,33,201.65,181.48,0,16.0,17.6,16.9,11,2,3.5,,0,1
CUST101772,22.0,Male,West,Basic,Monthly,UPI,7,220.57,220.57,0,5.2,8.7,12.7,3,0,0.0,4.9,0,0
CUST101773,55.0,Male,South,Basic,Annual,Wallet,36,198.24,237.89,1,16.2,16.2,14.4,7,2,9.0,3.3,0,0
CUST101774,48.0,Male,South,Standard,Annual,UPI,15,439.84,439.84,0,29.0,21.1,24.0,30,1,1.1,4.3,0,0
CUST101775,39.0,Female,South,Standard,Monthly,NetBanking,9,389.76,350.78,0,20.8,23.7,23.4,19,3,2.7,3.2,0,0
CUST101776,21.0,Male,South,Premium,Annual,Card,9,653.65,719.02,0,17.1,16.3,15.0,18,0,0.0,2.7,1,0
CUST101777,38.0,Female,North,Premium,Annual,NetBanking,2,769.87,923.84,0,9.5,10.6,8.5,7,0,0.0,4.2,1,1
CUST101778,24.0,Female,West,Basic,Annual,NetBanking,14,205.57,205.57,0,13.7,10.8,8.9,12,0,0.0,4.4,2,0
CUST101779,52.0,Male,South,Basic,Monthly,UPI,47,204.17,204.17,0,12.3,11.4,10.1,8,1,1.7,1.8,0,0
CUST101780,45.0,Female,North,Basic,Monthly,UPI,1,195.41,234.49,0,10.2,9.6,10.2,7,2,5.0,2.7,0,1
CUST101781,37.0,Female,North,Standard,Annual,Card,7,382.14,382.14,1,20.7,19.0,17.3,25,0,0.0,3.0,0,0
CUST101782,18.0,Male,South,Premium,Annual,Card,18,672.78,672.78,0,14.0,18.6,23.7,10,2,3.4,2.0,0,0
CUST101783,25.0,Male,South,Basic,Monthly,Card,15,200.38,200.38,1,27.6,33.1,38.1,27,3,1.4,3.2,1,0
CUST101784,44.0,Female,East,Basic,Monthly,UPI,29,197.51,197.51,0,17.2,18.4,20.8,15,1,3.8,3.8,1,0
CUST101785,49.0,Female,East,Basic,Monthly,NetBanking,17,179.69,179.69,1,42.1,33.0,27.4,22,1,2.9,4.9,2,1
CUST101786,48.0,Female,West,Premium,Monthly,Card,14,758.2,909.84,0,13.8,13.8,10.4,11,1,1.4,4.4,2,1
CUST101787,18.0,Other,North,Standard,Monthly,Wallet,27,390.63,390.63,1,31.1,32.2,36.5,27,1,1.7,3.2,1,0
CUST101788,,Male,East,Standard,Monthly,NetBanking,15,423.71,381.34,0,34.3,28.6,20.7,32,0,0.0,3.5,0,0
CUST101789,47.0,Female,West,Standard,Monthly,UPI,3,384.92,384.92,0,13.2,,13.6,6,0,0.0,5.0,1,0
CUST101790,18.0,Female,West,Basic,Monthly,Wallet,17,200.54,200.54,0,16.5,16.3,16.4,10,2,0.9,3.8,1,0
CUST101791,36.0,Female,West,Basic,Monthly,NetBanking,15,208.67,229.54,0,14.5,18.2,23.3,13,1,0.6,,3,0
CUST101792,39.0,Female,South,Standard,Annual,Card,40,415.65,415.65,0,12.8,14.1,13.4,8,2,3.7,1.9,1,0
CUST101793,33.0,Female,West,Standard,Monthly,Wallet,4,393.65,393.65,0,24.0,25.3,31.0,25,1,3.4,2.0,0,0
CUST101794,18.0,Female,West,Basic,Monthly,UPI,34,204.07,204.07,0,25.3,27.0,24.4,20,1,1.6,3.1,0,0
CUST101795,32.0,Male,West,Basic,Monthly,Card,36,205.73,246.88,0,12.2,18.9,24.0,11,2,1.9,4.3,1,1
CUST101796,32.0,Female,East,Basic,Monthly,Card,5,197.53,237.04,1,12.1,11.4,11.8,13,2,7.8,4.9,0,1
CUST101797,34.0,Male,West,Basic,Monthly,UPI,6,187.92,187.92,0,17.5,18.5,22.8,10,3,6.7,2.3,0,0
CUST101798,30.0,Female,North,Basic,Annual,Wallet,3,192.79,192.79,0,17.2,14.6,13.4,15,1,1.8,4.1,0,1
CUST101799,31.0,Female,East,Basic,Monthly,UPI,47,195.23,234.28,1,7.3,6.3,6.0,6,1,8.6,4.0,0,0
CUST101800,36.0,Female,East,Standard,Monthly,UPI,18,399.52,479.42,0,24.2,22.9,22.8,20,1,2.5,2.4,0,0
CUST101801,41.0,Male,East,Premium,Annual,Card,19,754.65,754.65,0,6.7,6.3,8.7,5,1,3.4,2.7,0,0
CUST101802,33.0,Female,West,Standard,Annual,NetBanking,10,417.1,500.52,1,11.5,11.8,11.1,10,2,4.2,3.2,0,0
CUST101803,31.0,Male,South,Standard,Monthly,Card,3,382.72,382.72,0,19.2,20.6,19.7,4,1,5.3,2.3,0,1
CUST101804,37.0,Male,South,Premium,Monthly,UPI,26,763.19,763.19,0,24.1,19.0,16.8,25,0,0.0,5.0,0,0
CUST101805,18.0,Male,North,Premium,Monthly,UPI,45,696.24,765.86,0,11.1,11.1,12.8,6,3,1.5,2.0,1,1
CUST101806,41.0,Female,East,Basic,Monthly,Card,5,205.69,246.83,0,16.3,17.0,23.6,19,1,0.4,3.1,0,0
CUST101807,36.0,Male,East,Basic,Monthly,Wallet,46,189.66,189.66,0,14.0,12.2,10.8,9,5,5.7,2.9,0,1
CUST101808,36.0,Female,West,Basic,Annual,Wallet,8,194.5,175.05,0,3.3,3.0,2.8,2,1,0.8,3.8,0,0
CUST101809,47.0,Male,West,Premium,Monthly,UPI,2,735.28,661.75,0,14.3,14.7,10.9,13,0,,4.4,0,0
CUST101810,18.0,Female,North,Basic,Monthly,UPI,4,190.26,228.31,0,9.9,9.1,7.7,8,0,0.0,2.8,1,1
CUST101811,18.0,Female,South,Basic,Annual,NetBanking,20,199.55,219.51,0,17.3,12.6,10.0,15,0,0.0,2.4,1,0
CUST101812,39.0,Female,East,Standard,Monthly,Card,42,408.39,367.55,0,9.1,8.5,8.1,8,1,3.0,3.6,0,0
CUST101813,36.0,Female,West,Standard,Monthly,Card,7,378.59,416.45,0,13.8,17.3,18.1,11,1,3.1,2.6,1,1
CUST101814,38.0,Female,East,Standard,Annual,UPI,11,363.54,363.54,0,16.3,16.5,13.1,12,0,0.0,3.1,1,0
CUST101815,31.0,Female,West,Standard,Monthly,UPI,3,417.1,500.52,0,18.0,18.1,18.3,17,2,1.2,2.5,2,0
CUST101816,43.0,Female,West,Standard,Monthly,UPI,35,456.12,456.12,1,15.4,16.5,15.0,10,2,4.9,2.5,0,1
CUST101817,46.0,Male,North,Premium,Monthly,UPI,32,715.04,715.04,0,30.4,28.8,29.2,25,0,0.0,2.3,1,0
CUST101818,41.0,Male,East,Basic,Monthly,UPI,3,205.47,205.47,0,19.8,18.4,17.9,9,0,0.0,2.7,0,1
CUST101819,33.0,Female,North,Premium,Monthly,Card,25,668.1,601.29,0,23.1,17.9,12.3,20,0,0.0,3.4,1,0
CUST101820,18.0,Female,North,Standard,Monthly,Card,49,428.32,428.32,0,16.5,15.6,13.0,13,2,1.8,4.4,1,0
CUST101821,44.0,Female,South,Basic,Monthly,Card,33,195.25,195.25,0,1.9,1.7,1.8,2,2,2.0,5.0,0,0
CUST101822,49.0,Female,South,Premium,Monthly,UPI,15,739.67,813.64,0,8.7,8.0,6.3,10,0,0.0,4.7,0,0
CUST101823,43.0,Male,South,Premium,Monthly,NetBanking,17,720.23,720.23,0,7.9,7.6,7.3,9,1,6.8,3.8,2,0
CUST101824,26.0,Female,East,Premium,Annual,NetBanking,9,721.08,648.97,0,15.3,12.8,13.2,15,0,0.0,4.8,0,0
CUST101825,43.0,Female,South,Premium,Annual,UPI,25,719.74,791.71,1,33.7,44.3,59.0,33,3,,2.9,1,0
CUST101826,45.0,Female,North,Basic,Monthly,UPI,36,204.59,204.59,0,19.3,19.0,17.8,16,1,0.9,3.8,0,0
CUST101827,53.0,Female,North,Basic,Monthly,Card,23,201.82,201.82,1,26.9,27.9,25.9,23,0,0.0,4.5,0,0
CUST101828,26.0,Female,North,Basic,Annual,UPI,8,208.64,250.37,0,10.6,7.0,6.6,9,1,,4.1,1,0
CUST101829,34.0,Female,West,Premium,Monthly,Wallet,3,673.62,673.62,1,18.0,20.5,21.0,17,0,0.0,4.8,1,1
CUST101830,44.0,Female,North,Premium,Monthly,Card,3,690.65,690.65,0,30.6,26.3,20.4,25,0,0.0,4.5,0,0
CUST101831,37.0,Male,South,Premium,Annual,NetBanking,63,750.31,900.37,0,27.1,31.0,33.4,25,0,0.0,3.1,0,0
CUST101832,24.0,Female,West,Premium,Monthly,Card,34,705.04,705.04,1,12.7,7.7,6.3,10,1,0.8,4.2,3,0
CUST101833,41.0,Female,West,Standard,Monthly,Card,6,392.5,392.5,0,16.5,14.5,11.7,15,1,2.6,2.8,0,1
CUST101834,42.0,Male,East,Basic,Monthly,UPI,2,209.3,251.16,0,28.0,24.3,17.7,28,1,0.7,,0,0
CUST101835,37.0,Male,West,Basic,Monthly,NetBanking,10,207.33,248.8,0,12.1,11.8,11.7,8,0,0.0,3.4,1,0
CUST101836,38.0,Female,South,Standard,Monthly,UPI,12,373.07,335.76,1,15.9,16.2,17.6,13,0,0.0,2.5,1,0
CUST101837,33.0,Male,West,Standard,Monthly,NetBanking,17,413.56,413.56,0,5.6,5.5,6.2,5,0,0.0,2.4,1,0
CUST101838,52.0,Female,South,Basic,Annual,NetBanking,3,200.37,220.41,0,25.8,25.2,28.7,15,1,2.0,5.0,0,0
CUST101839,26.0,Male,North,Premium,Monthly,UPI,37,723.88,723.88,0,25.0,20.6,19.6,27,1,1.8,2.5,0,0
CUST101840,30.0,Male,South,Standard,Annual,Card,21,399.21,399.21,1,6.1,6.3,6.1,4,0,0.0,4.7,2,0
CUST101841,36.0,Female,West,Basic,Monthly,UPI,25,203.62,244.34,0,15.9,17.2,18.0,17,0,0.0,4.5,0,0
CUST101842,46.0,Male,South,Premium,Monthly,UPI,36,635.01,571.51,0,29.1,31.7,27.3,15,2,1.6,4.2,0,0
CUST101843,20.0,Male,South,Standard,Monthly,UPI,27,381.15,419.26,0,9.4,11.1,12.2,5,1,1.9,2.5,2,1
CUST101844,22.0,Female,South,Standard,Monthly,UPI,6,413.77,413.77,0,20.3,17.1,13.9,15,0,0.0,3.4,0,1
CUST101845,18.0,Female,East,Basic,Monthly,UPI,1,225.08,225.08,0,13.8,,16.1,12,2,2.0,2.3,0,1
CUST101846,36.0,Male,South,Basic,Monthly,Card,2,202.65,222.92,0,28.9,27.8,28.4,25,2,1.5,4.3,0,0
CUST101847,24.0,Female,North,Basic,Monthly,Card,38,192.11,192.11,0,5.4,6.7,6.9,6,1,1.6,5.0,0,0
CUST101848,32.0,Female,South,Standard,Monthly,UPI,5,401.7,482.04,1,5.7,5.4,6.2,4,1,2.5,3.5,0,0
CUST101849,43.0,Female,West,Standard,Monthly,NetBanking,7,381.18,381.18,0,12.0,13.0,14.0,12,2,1.9,5.0,1,0
CUST101850,29.0,Male,South,Premium,Monthly,NetBanking,1,742.68,742.68,1,17.7,15.1,13.2,8,1,8.5,3.8,0,0
CUST101851,39.0,Male,West,Premium,Monthly,Wallet,24,700.68,770.75,1,17.9,21.9,21.7,11,1,2.4,3.3,1,0
CUST101852,33.0,Female,South,Basic,Monthly,UPI,1,209.48,251.38,0,6.5,5.1,4.0,5,2,2.5,,0,1
CUST101853,43.0,Female,South,Premium,Annual,Card,7,693.64,624.28,1,21.7,18.0,16.1,13,1,2.4,4.0,1,0
CUST101854,41.0,Male,South,Basic,Annual,UPI,9,210.36,210.36,0,23.9,24.6,26.8,22,1,2.4,2.1,0,0
CUST101855,28.0,Female,South,Basic,Monthly,NetBanking,12,182.85,164.56,0,17.9,12.6,10.6,12,1,1.2,3.8,3,1
CUST101856,34.0,Male,North,Standard,Monthly,UPI,17,399.49,399.49,1,29.2,31.5,29.4,29,0,0.0,3.6,0,0
CUST101857,47.0,Female,South,Premium,Monthly,UPI,5,717.86,789.65,0,22.5,19.4,16.4,22,1,3.6,3.3,0,1
CUST101858,40.0,Female,West,Premium,Monthly,UPI,29,689.62,620.66,1,13.7,14.3,14.2,9,0,0.0,3.7,0,0
CUST101859,21.0,Female,North,Premium,Monthly,Card,11,711.56,711.56,0,33.7,33.5,35.3,25,0,0.0,4.8,0,0
CUST101860,43.0,Female,South,Basic,Monthly,Card,5,202.41,222.65,1,36.5,27.6,23.5,29,3,4.3,3.1,1,1
CUST101861,24.0,Male,North,Basic,Annual,Card,9,209.44,188.5,1,20.5,27.2,30.5,22,3,1.4,1.9,1,0
CUST101862,52.0,Female,South,Basic,Annual,UPI,44,205.18,225.7,0,10.7,8.9,6.7,7,1,1.9,3.6,1,0
CUST101863,47.0,Male,South,Standard,Monthly,NetBanking,58,406.84,406.84,0,28.7,29.5,30.1,9,0,0.0,3.5,0,0
CUST101864,39.0,Female,South,Standard,Monthly,Card,28,416.55,374.9,0,8.3,8.8,8.7,6,0,0.0,3.8,0,0
CUST101865,38.0,Female,South,Basic,Monthly,Card,72,185.54,222.65,0,11.1,,12.0,7,1,2.2,,1,0
CUST101866,34.0,Male,South,Standard,Monthly,NetBanking,1,383.99,383.99,0,26.8,21.3,22.9,13,1,4.6,3.9,1,0
CUST101867,43.0,Male,West,Standard,Monthly,NetBanking,2,371.36,334.22,0,10.3,12.6,11.7,8,2,0.5,1.9,1,0
CUST101868,32.0,Male,East,Standard,Monthly,UPI,5,409.94,491.93,0,32.2,42.4,52.8,18,1,1.1,2.2,0,0
CUST101869,39.0,Male,West,Basic,Monthly,UPI,6,203.12,203.12,0,10.7,8.5,7.8,9,0,0.0,3.7,0,0
CUST101870,46.0,Male,South,Basic,Monthly,UPI,37,212.78,212.78,0,14.9,13.6,15.6,8,3,0.6,2.8,0,1
CUST101871,30.0,Female,West,Standard,Annual,UPI,6,406.02,487.22,1,14.2,16.4,17.5,20,2,1.7,2.3,1,0
CUST101872,29.0,Female,North,Standard,Monthly,NetBanking,26,386.4,386.4,0,23.9,22.6,20.8,24,3,2.4,1.0,1,1
CUST101873,23.0,Female,South,Basic,Annual,Card,5,200.33,200.33,0,23.6,20.1,19.8,15,0,0.0,4.0,0,0
CUST101874,24.0,Female,West,Basic,Monthly,Wallet,1,180.34,198.37,0,14.0,18.1,23.5,9,0,0.0,3.3,3,1
CUST101875,18.0,Female,South,Premium,Monthly,UPI,1,684.73,616.26,0,22.3,19.2,15.6,17,1,1.8,3.9,1,1
CUST101876,44.0,Male,North,Standard,Monthly,UPI,3,352.18,316.96,0,19.1,17.1,15.7,18,1,1.7,3.8,1,1
CUST101877,56.0,Female,West,Basic,Monthly,Card,8,202.27,222.5,1,24.7,28.0,38.6,18,0,0.0,4.5,0,1
CUST101878,52.0,Female,East,Standard,Monthly,Wallet,15,393.43,472.12,0,23.0,24.1,20.6,13,2,1.9,2.2,2,1
CUST101879,18.0,Female,North,Standard,Monthly,UPI,12,396.36,356.72,1,10.6,11.4,10.3,5,0,0.0,3.8,0,0
CUST101880,44.0,Female,North,Basic,Monthly,UPI,7,189.73,189.73,0,32.3,30.0,24.0,26,1,3.2,5.0,1,0
CUST101881,52.0,Female,South,Basic,Monthly,UPI,16,192.34,230.81,0,6.0,5.5,5.0,4,0,0.0,4.0,1,0
CUST101882,31.0,Female,West,Premium,Monthly,Card,6,723.21,723.21,0,14.9,15.7,15.1,13,1,3.7,5.0,0,0
CUST101883,37.0,Female,South,Standard,Annual,Card,26,370.35,370.35,0,22.3,21.3,21.9,8,3,2.7,3.7,0,0
CUST101884,18.0,Male,South,Basic,Monthly,Card,1,204.03,204.03,0,17.0,22.4,27.1,15,2,1.6,2.4,0,0
CUST101885,39.0,Female,South,Standard,Annual,Card,2,382.82,459.38,0,16.1,13.7,11.2,12,0,0.0,5.0,0,0
CUST101886,24.0,Male,West,Standard,Annual,UPI,14,365.46,365.46,0,14.7,14.4,14.0,7,2,3.4,4.7,0,0
CUST101887,38.0,Male,West,Standard,Monthly,UPI,8,423.47,423.47,0,13.7,13.1,12.7,12,1,,,0,1
CUST101888,19.0,Female,North,Basic,Annual,UPI,13,212.23,212.23,1,30.5,26.3,20.0,27,0,0.0,3.6,0,0
CUST101889,42.0,Male,West,Basic,Monthly,UPI,56,193.63,212.99,0,16.3,16.8,14.8,10,0,0.0,5.0,0,0
CUST101890,47.0,Female,South,Basic,Monthly,Card,65,193.53,212.88,0,16.3,13.0,10.1,15,0,0.0,4.4,0,0
CUST101891,27.0,Male,West,Premium,Monthly,UPI,4,690.23,621.21,0,11.8,12.4,12.4,6,1,1.3,1.7,0,1
CUST101892,23.0,Female,South,Standard,Monthly,UPI,15,382.84,459.41,0,23.3,26.8,27.9,8,0,0.0,3.1,1,0
CUST101893,18.0,Male,North,Premium,Monthly,UPI,6,676.85,676.85,0,8.1,9.9,12.2,6,0,0.0,3.0,1,1
CUST101894,33.0,Female,South,Basic,Monthly,Card,35,203.48,203.48,1,39.7,33.8,38.1,25,3,2.2,4.5,1,0
CUST101895,30.0,Male,West,Standard,Monthly,Wallet,1,440.37,396.33,0,10.6,10.6,11.2,6,3,4.6,3.6,1,1
CUST101896,19.0,Male,West,Standard,Monthly,NetBanking,23,391.92,391.92,1,16.1,16.1,18.0,15,0,0.0,3.5,0,0
CUST101897,,Male,North,Standard,Annual,NetBanking,35,419.41,377.47,0,21.0,22.7,34.5,18,0,0.0,3.0,1,0
CUST101898,31.0,Female,South,Basic,Monthly,UPI,10,202.51,243.01,0,27.6,32.9,45.7,31,2,1.3,4.0,4,1
CUST101899,24.0,Other,South,Standard,Monthly,UPI,24,365.64,365.64,0,14.4,13.7,10.4,13,1,1.0,3.4,1,0
CUST101900,30.0,Female,North,Basic,Monthly,Wallet,3,198.76,178.88,0,13.0,12.8,13.8,12,5,1.5,2.7,0,1
CUST101901,48.0,Male,South,Basic,Annual,Wallet,36,197.51,177.76,0,18.4,21.8,31.3,12,1,2.8,,0,0
CUST101902,43.0,Male,South,Standard,Annual,NetBanking,33,428.22,428.22,1,12.1,14.0,17.8,4,1,1.7,3.7,0,0
CUST101903,35.0,Male,East,Basic,Monthly,NetBanking,2,213.98,235.38,0,15.4,16.3,17.8,18,1,3.0,2.2,0,1
CUST101904,43.0,Female,East,Basic,Monthly,Wallet,4,202.75,182.48,1,34.2,27.6,27.2,31,3,2.7,3.9,0,1
CUST101905,23.0,Female,West,Premium,Monthly,UPI,20,741.44,741.44,1,10.6,12.9,13.7,12,1,,4.6,0,0
CUST101906,36.0,Male,North,Basic,Monthly,Card,44,197.54,177.79,0,4.7,3.8,3.5,3,0,0.0,5.0,1,0
CUST101907,38.0,Female,South,Standard,Annual,UPI,1,421.33,463.46,1,11.5,10.0,6.9,12,1,1.2,2.9,0,0
CUST101908,31.0,Female,North,Premium,Monthly,UPI,8,702.51,632.26,0,8.0,7.2,7.7,7,3,2.4,4.3,1,1
CUST101909,41.0,Male,South,Standard,Annual,NetBanking,23,420.9,505.08,0,22.9,19.3,20.5,23,2,1.4,4.6,0,0
CUST101910,27.0,Male,East,Basic,Monthly,UPI,7,210.93,189.84,0,13.0,12.2,10.6,12,1,5.6,4.6,0,1
CUST101911,42.0,Male,West,Standard,Annual,UPI,9,413.29,495.95,1,29.1,31.0,32.8,22,3,6.8,3.2,0,0
CUST101912,42.0,Male,South,Standard,Monthly,Wallet,18,384.21,384.21,0,15.2,15.1,11.1,13,1,1.4,2.6,0,1
CUST101913,18.0,Male,South,Basic,Monthly,UPI,2,194.82,194.82,0,8.1,6.8,7.0,6,3,7.4,2.8,0,1
CUST101914,49.0,Female,West,Standard,Monthly,Card,3,414.01,414.01,0,27.3,32.2,45.2,26,1,4.2,,1,1
CUST101915,18.0,Male,North,Premium,Monthly,UPI,11,730.23,876.28,0,10.8,12.4,12.7,7,0,0.0,,0,0
CUST101916,29.0,Female,North,Basic,Annual,UPI,3,200.58,220.64,0,204.7,4.5,3.9,3,2,9.7,4.1,2,1
CUST101917,47.0,Female,East,Basic,Monthly,Card,6,195.89,195.89,0,20.5,,34.8,16,0,0.0,3.0,0,0
CUST101918,33.0,Female,North,Standard,Annual,UPI,5,402.82,443.1,0,11.8,10.9,12.4,11,2,0.5,1.3,1,0
CUST101919,20.0,Female,South,Standard,Monthly,Wallet,13,393.44,432.78,0,21.3,19.2,22.9,17,0,0.0,,0,0
CUST101920,24.0,Male,West,Standard,Monthly,Card,15,393.56,393.56,0,25.3,20.8,16.8,19,1,1.7,4.4,1,0
CUST101921,47.0,Male,West,Basic,Monthly,UPI,11,218.5,218.5,0,19.3,13.7,12.0,20,2,4.3,3.9,1,0
CUST101922,18.0,Male,South,Basic,Monthly,UPI,5,194.27,194.27,0,12.1,11.5,12.9,11,1,0.3,2.6,1,0
CUST101923,48.0,Female,South,Standard,Annual,UPI,18,409.13,490.96,0,27.7,42.4,62.7,20,0,0.0,3.2,1,0
CUST101924,35.0,Female,East,Premium,Monthly,UPI,22,704.34,774.77,0,10.3,10.4,11.7,6,3,3.7,3.5,0,0
CUST101925,23.0,Male,East,Basic,Monthly,UPI,6,186.8,186.8,1,21.3,12.7,8.5,16,4,,3.7,0,0
CUST101926,30.0,Male,North,Premium,Monthly,UPI,4,654.93,589.44,0,23.4,19.3,20.4,16,2,3.0,,0,1
CUST101927,25.0,Female,North,Basic,Annual,Wallet,27,198.19,237.83,0,17.5,25.8,43.1,11,1,6.3,4.4,0,1
CUST101928,46.0,Male,East,Basic,Annual,Card,1,179.57,179.57,1,25.0,17.9,12.8,24,1,5.8,3.4,0,1
CUST101929,44.0,Female,North,Standard,Annual,UPI,2,435.52,391.97,1,19.4,23.3,35.0,20,0,0.0,4.2,1,0
CUST101930,18.0,Male,South,Basic,Monthly,NetBanking,12,195.4,234.48,0,20.7,19.2,18.0,16,1,3.2,3.8,2,1
CUST101931,32.0,Male,South,Standard,Monthly,Card,39,390.16,351.14,0,25.1,28.6,31.5,20,1,0.4,2.5,0,1
CUST101932,27.0,Male,North,Basic,Monthly,NetBanking,25,211.17,211.17,0,18.9,15.8,14.1,12,1,1.2,1.8,3,0
CUST101933,50.0,Male,West,Standard,Annual,UPI,26,396.19,356.57,0,26.5,27.4,33.8,16,1,2.3,2.7,0,0
CUST101934,21.0,Male,North,Basic,Monthly,Card,12,205.48,205.48,1,31.6,36.3,37.7,30,2,0.8,2.6,0,1
CUST101935,54.0,Female,North,Premium,Annual,Card,18,678.99,678.99,1,21.7,19.9,16.6,12,2,1.7,4.6,0,0
CUST101936,36.0,Male,West,Premium,Annual,Card,15,700.59,700.59,1,25.3,26.7,34.7,17,1,4.5,3.4,0,0
CUST101937,23.0,Female,North,Basic,Annual,NetBanking,15,208.64,250.37,0,17.5,15.2,12.9,12,1,1.8,2.7,2,1
CUST101938,29.0,Male,North,Basic,Annual,UPI,53,190.42,209.46,0,31.8,29.0,29.2,28,0,0.0,3.6,4,0
CUST101939,27.0,Male,South,Premium,Monthly,NetBanking,41,717.44,717.44,0,20.1,20.6,18.5,15,1,3.3,3.8,0,0
CUST101940,22.0,Male,East,Basic,Monthly,NetBanking,3,174.96,192.46,0,24.3,24.2,26.4,17,2,3.5,2.9,1,1
CUST101941,37.0,Male,East,Premium,Monthly,UPI,14,743.23,668.91,0,8.2,9.7,10.7,9,1,3.8,3.0,0,1
CUST101942,22.0,Male,West,Standard,Monthly,Wallet,29,387.9,387.9,1,23.3,28.7,31.5,26,2,3.8,2.9,2,0
CUST101943,18.0,Male,South,Premium,Annual,NetBanking,2,696.01,626.41,0,18.3,16.9,13.2,16,0,0.0,4.0,1,1
CUST101944,32.0,Female,North,Basic,Monthly,Card,10,198.03,217.83,0,22.8,23.4,20.1,19,2,4.8,,1,0
CUST101945,18.0,Female,South,Basic,Annual,NetBanking,14,189.3,189.3,1,24.0,24.5,26.3,17,0,0.0,3.3,0,0
CUST101946,28.0,Female,West,Basic,Annual,NetBanking,1,188.54,188.54,1,25.1,23.7,24.0,20,0,0.0,3.0,0,1
CUST101947,26.0,Male,South,Basic,Monthly,UPI,3,204.19,183.77,0,23.4,,32.9,13,0,0.0,,1,1
CUST101948,26.0,Female,East,Basic,Monthly,Card,12,204.65,225.12,0,15.6,14.5,12.4,16,1,0.2,3.2,0,0
CUST101949,58.0,Female,East,Premium,Monthly,Card,8,668.06,668.06,0,37.4,34.0,35.0,29,0,0.0,4.4,1,0
CUST101950,37.0,Male,South,Basic,Monthly,Wallet,18,204.38,204.38,1,29.1,30.0,30.6,19,1,0.9,5.0,1,0
CUST101951,39.0,Male,North,Basic,Annual,UPI,10,204.55,204.55,0,16.4,13.9,12.9,12,2,1.0,2.2,2,1
CUST101952,,Female,South,Basic,Annual,NetBanking,58,195.24,234.29,0,16.0,21.7,28.5,15,2,0.5,3.1,0,0
CUST101953,29.0,Female,North,Basic,Annual,Wallet,15,186.13,223.36,0,2.6,2.8,2.7,2,3,3.7,1.4,0,1
CUST101954,38.0,Male,West,Standard,Monthly,Card,4,398.25,398.25,0,9.6,8.6,6.4,6,0,0.0,3.6,1,0
CUST101955,25.0,Male,North,Basic,Annual,Wallet,20,202.63,182.37,0,11.6,9.7,8.8,4,2,2.5,5.0,0,0
CUST101956,46.0,Other,West,Standard,Monthly,UPI,3,397.83,358.05,0,16.2,17.5,17.8,13,2,5.5,3.9,0,0
CUST101957,23.0,Male,South,Premium,Annual,UPI,12,678.29,746.12,1,31.3,36.1,39.6,27,0,,3.1,1,0
CUST101958,33.0,Female,North,Basic,Annual,Card,24,203.65,203.65,0,15.3,13.5,12.0,11,1,5.2,4.0,1,0
CUST101959,30.0,Female,West,Standard,Annual,Card,5,424.24,424.24,0,9.5,10.8,14.3,6,3,1.9,1.9,0,1
CUST101960,38.0,Female,West,Basic,Monthly,UPI,21,191.34,191.34,0,22.6,20.3,19.1,13,1,4.1,2.4,1,1
CUST101961,29.0,Female,South,Basic,Annual,Card,5,196.03,215.63,0,23.5,25.0,23.1,17,2,0.3,4.0,0,0
CUST101962,33.0,Male,East,Premium,Monthly,Card,8,794.87,794.87,1,15.4,14.4,14.9,9,2,5.1,3.0,0,0
CUST101963,33.0,Female,West,Premium,Monthly,Card,66,709.17,851.0,0,29.4,27.6,31.8,17,2,0.7,3.1,1,0
CUST101964,28.0,Female,West,Basic,Monthly,UPI,9,186.4,186.4,0,30.4,33.3,31.1,21,3,2.1,3.0,0,0
CUST101965,41.0,Female,East,Standard,Monthly,Wallet,21,389.47,389.47,0,6.3,8.6,10.4,7,2,5.5,3.0,0,0
CUST101966,39.0,Male,South,Basic,Monthly,Card,5,191.47,229.76,0,23.5,20.8,19.1,30,2,3.3,4.6,2,1
CUST101967,35.0,Male,South,Standard,Monthly,Card,6,406.59,406.59,0,4.4,4.3,3.9,5,2,,,1,1
CUST101968,31.0,Male,East,Standard,Annual,UPI,14,405.14,405.14,0,16.3,19.9,18.5,15,1,4.0,2.7,0,1
CUST101969,45.0,Male,North,Basic,Annual,UPI,5,192.67,192.67,1,46.1,44.3,44.0,19,1,1.8,3.8,0,0
CUST101970,33.0,Female,South,Premium,Annual,UPI,1,763.88,763.88,0,23.0,23.5,24.3,31,0,0.0,2.6,0,0
CUST101971,33.0,Female,South,Standard,Annual,Wallet,4,400.7,360.63,0,12.4,11.4,10.4,11,1,2.6,2.8,0,1
CUST101972,37.0,Female,North,Basic,Monthly,Card,26,194.47,194.47,1,24.1,23.5,19.8,14,1,0.3,4.4,0,0
CUST101973,55.0,Female,North,Premium,Annual,UPI,20,656.32,656.32,0,11.9,16.7,20.3,16,1,1.9,2.7,1,1
CUST101974,,Male,North,Standard,Monthly,Wallet,15,381.15,381.15,0,20.2,15.1,14.3,16,1,2.9,4.4,0,0
CUST101975,44.0,Male,North,Basic,Monthly,UPI,15,186.6,186.6,0,10.6,9.3,8.7,10,1,3.5,2.2,1,1
CUST101976,18.0,Male,South,Standard,Annual,UPI,11,395.2,395.2,0,14.3,12.4,11.8,11,1,4.3,5.0,0,0
CUST101977,38.0,Male,West,Premium,Annual,Wallet,59,668.07,801.68,1,29.2,41.6,64.0,27,1,1.8,4.2,0,0
CUST101978,53.0,Male,East,Premium,Monthly,Card,11,726.4,726.4,1,36.9,35.9,35.0,35,2,3.0,4.0,1,0
CUST101979,41.0,Male,South,Basic,Annual,Card,32,193.18,193.18,0,20.2,16.7,13.1,20,0,0.0,3.4,0,0
CUST101980,38.0,Male,North,Standard,Monthly,Card,12,415.76,415.76,1,25.5,24.0,25.9,27,1,7.6,3.6,0,1
CUST101981,30.0,Female,North,Premium,Annual,NetBanking,25,716.18,716.18,0,13.2,8.7,7.2,11,2,3.9,5.0,0,0
CUST101982,36.0,Male,East,Premium,Monthly,NetBanking,15,721.56,721.56,0,9.9,16.5,25.5,8,2,4.3,2.2,0,1
CUST101983,,Male,East,Basic,Monthly,Card,26,207.92,228.71,0,19.1,16.2,11.8,15,0,0.0,3.2,0,0
CUST101984,27.0,Male,East,Standard,Annual,UPI,34,438.77,438.77,0,18.5,19.1,18.6,11,1,2.6,3.2,1,0
CUST101985,33.0,Female,East,Premium,Monthly,UPI,12,669.33,669.33,0,47.3,41.5,38.6,29,4,5.7,3.0,1,1
CUST101986,38.0,Female,South,Basic,Monthly,Card,16,207.42,207.42,1,16.1,15.9,16.2,12,1,3.7,4.2,0,0
CUST101987,28.0,Male,South,Basic,Annual,NetBanking,5,202.96,202.96,0,15.7,21.6,21.4,17,2,3.8,3.8,3,0
CUST101988,27.0,Male,South,Standard,Annual,UPI,8,420.21,504.25,1,22.9,26.7,27.5,21,0,0.0,2.7,1,0
CUST101989,21.0,Female,North,Standard,Monthly,NetBanking,72,401.21,361.09,0,13.0,10.4,8.2,10,1,4.7,4.3,0,1
CUST101990,40.0,Female,North,Standard,Annual,NetBanking,18,422.46,380.21,1,11.5,15.1,19.6,9,3,3.2,3.8,1,1
CUST101991,42.0,Female,East,Basic,Monthly,Card,1,186.15,186.15,1,21.3,19.1,18.2,12,1,2.0,,0,0
CUST101992,39.0,Female,South,Standard,Monthly,UPI,1,378.96,378.96,0,7.6,8.5,9.0,5,0,0.0,3.2,1,0
CUST101993,47.0,Female,East,Basic,Annual,UPI,24,193.34,193.34,0,22.3,21.0,23.8,19,3,2.8,3.3,0,0
CUST101994,37.0,Female,South,Premium,Monthly,Card,4,696.39,696.39,0,13.9,,10.6,11,1,,3.3,0,1
CUST101995,40.0,Male,North,Basic,Monthly,Card,11,199.46,219.41,1,24.9,19.9,12.4,24,1,2.1,3.5,0,0
CUST101996,39.0,Female,East,Basic,Annual,NetBanking,37,191.64,191.64,0,32.2,31.7,30.8,24,1,2.6,3.6,0,0
CUST101997,35.0,Male,South,Premium,Annual,UPI,14,664.37,730.81,0,11.5,14.4,14.1,10,1,4.2,2.7,0,0
CUST101998,30.0,Female,South,Standard,Monthly,UPI,40,385.93,424.52,1,15.5,11.4,9.2,8,1,5.9,3.6,0,0
CUST101999,60.0,Male,North,Basic,Monthly,Card,55,181.99,218.39,0,28.3,31.4,50.0,17,1,4.9,4.6,0,0
CUST102000,31.0,Male,East,Basic,Annual,UPI,2,196.13,196.13,0,20.1,18.6,15.1,17,0,0.0,4.5,0,0
CUST102001,29.0,Female,South,Standard,Annual,UPI,20,397.83,397.83,0,37.3,30.9,26.9,30,0,0.0,3.6,0,0
CUST102002,41.0,Female,West,Premium,Monthly,Card,12,714.41,714.41,0,20.5,21.3,19.1,19,0,0.0,3.6,1,1
CUST102003,39.0,Male,West,Basic,Monthly,Card,12,200.66,200.66,1,31.4,33.2,34.7,33,0,0.0,5.0,0,0
CUST102004,21.0,Other,West,Premium,Monthly,UPI,8,761.68,837.85,1,9.1,11.1,10.6,9,1,1.2,2.7,0,1
CUST102005,48.0,Male,South,Basic,Monthly,UPI,23,207.08,207.08,0,11.3,10.9,9.2,13,1,0.9,4.2,3,0
CUST102006,35.0,Male,East,Standard,Monthly,Card,31,413.71,372.34,0,35.0,34.6,30.8,41,0,0.0,5.0,0,0
CUST102007,24.0,Female,South,Basic,Monthly,NetBanking,2,202.63,202.63,0,11.1,11.6,10.8,8,1,0.6,2.5,1,1
CUST102008,49.0,Male,West,Basic,Annual,Card,30,204.33,204.33,1,35.1,29.9,22.6,44,1,3.1,3.4,0,0
CUST102009,43.0,Male,North,Premium,Annual,NetBanking,1,691.29,691.29,0,12.1,9.1,7.9,17,0,0.0,4.9,0,0
CUST102010,22.0,Female,South,Basic,Monthly,Card,6,199.99,199.99,0,8.0,7.5,7.4,4,0,0.0,3.1,0,0
CUST102011,56.0,Male,South,Premium,Monthly,UPI,24,766.16,689.54,1,16.0,14.4,15.6,11,1,3.2,3.7,1,0
CUST102012,43.0,Male,West,Basic,Monthly,UPI,8,198.3,218.13,0,9.1,8.9,7.7,8,2,0.8,1.9,0,0
CUST102013,36.0,Male,West,Basic,Monthly,UPI,24,185.75,204.32,0,23.8,29.9,29.7,20,1,4.4,3.1,0,1
CUST102014,53.0,Female,North,Premium,Monthly,Wallet,72,723.35,723.35,0,4.5,4.5,5.7,2,0,0.0,5.0,0,0
CUST102015,38.0,Male,North,Standard,Annual,Card,19,416.46,499.75,0,41.8,43.1,50.5,25,1,1.6,2.3,1,0
CUST102016,36.0,Male,West,Basic,Monthly,Card,7,200.54,180.49,0,18.5,18.8,18.4,16,2,2.9,1.7,1,1
CUST102017,29.0,Female,West,Standard,Annual,Card,7,361.53,325.38,0,24.4,21.2,20.8,18,4,0.4,2.8,1,0
CUST102018,42.0,Male,West,Basic,Monthly,UPI,16,211.8,254.16,1,26.0,27.7,34.3,24,1,3.4,4.1,2,0
CUST102019,41.0,Male,North,Premium,Monthly,NetBanking,17,707.04,707.04,1,19.5,23.7,25.6,23,2,2.3,2.8,0,0
CUST102020,36.0,Female,East,Basic,Annual,Card,2,195.91,215.5,0,22.1,30.2,31.7,12,3,,2.7,0,1
CUST102021,27.0,Female,West,Standard,Annual,NetBanking,8,422.7,422.7,0,14.8,18.8,22.6,19,2,2.0,4.0,1,0
CUST102022,37.0,Male,South,Basic,Monthly,UPI,4,178.85,178.85,1,25.9,27.4,27.4,30,1,1.5,4.8,0,0
CUST102023,35.0,Female,North,Standard,Annual,Wallet,4,401.23,481.48,0,4.5,6.0,8.4,2,0,0.0,,0,0
CUST102024,21.0,Female,South,Premium,Monthly,UPI,36,680.1,816.12,0,38.1,39.7,38.2,21,1,,4.5,2,0
CUST102025,20.0,Male,North,Premium,Annual,Wallet,11,751.15,751.15,0,14.6,18.5,23.4,10,0,0.0,3.8,2,0
CUST102026,42.0,Female,West,Basic,Monthly,UPI,24,201.42,181.28,0,27.5,27.0,25.5,17,2,4.0,2.7,1,0
CUST102027,18.0,Female,South,Basic,Monthly,Wallet,6,190.4,190.4,1,29.9,,16.1,27,1,4.0,2.1,2,1
CUST102028,38.0,Female,North,Basic,Annual,UPI,32,210.33,210.33,0,14.1,18.5,22.4,13,0,0.0,2.4,0,0
CUST102029,31.0,Female,South,Premium,Annual,Card,6,613.06,613.06,0,17.5,16.4,12.5,15,0,0.0,3.7,3,1
CUST102030,50.0,Female,West,Basic,Annual,NetBanking,12,204.05,224.46,0,17.1,13.6,12.5,15,1,1.2,4.8,3,0
CUST102031,31.0,Other,West,Standard,Monthly,UPI,15,373.8,411.18,0,16.1,17.0,17.2,12,2,3.2,2.4,1,0
CUST102032,43.0,Female,North,Basic,Annual,Card,64,194.4,213.84,0,12.2,11.1,10.5,11,3,0.8,5.0,0,0
CUST102033,32.0,Female,East,Premium,Monthly,UPI,4,690.59,759.65,0,17.9,17.5,13.9,21,2,0.9,3.1,0,1
CUST102034,37.0,Female,South,Standard,Monthly,NetBanking,30,417.16,417.16,0,15.7,12.6,11.4,5,2,4.6,2.3,0,1
CUST102035,44.0,Female,West,Standard,Monthly,UPI,25,442.96,442.96,0,32.8,29.6,24.7,26,1,6.3,3.0,0,1
CUST102036,31.0,Female,East,Premium,Monthly,Card,2,636.8,573.12,0,20.3,18.4,18.1,18,0,0.0,3.7,0,1
CUST102037,47.0,Male,South,Premium,Monthly,NetBanking,15,714.6,714.6,0,12.9,14.7,16.4,10,2,5.4,4.7,0,0
CUST102038,25.0,Male,West,Standard,Annual,UPI,7,442.94,442.94,0,33.8,31.8,25.2,29,0,0.0,,0,0
CUST102039,39.0,Female,South,Standard,Monthly,Card,1,387.57,465.08,1,30.7,21.8,18.3,32,0,0.0,2.6,0,0
CUST102040,46.0,Male,East,Standard,Monthly,Card,28,386.33,424.96,1,16.0,15.5,15.9,11,0,0.0,5.0,1,0
CUST102041,43.0,Female,South,Basic,Monthly,Card,35,201.35,221.48,0,19.7,19.2,22.8,24,1,2.6,2.9,1,0
CUST102042,57.0,Female,East,Basic,Annual,UPI,1,207.25,207.25,0,33.0,44.8,44.6,17,1,4.0,2.7,0,1
CUST102043,28.0,Female,South,Standard,Monthly,Card,7,412.12,370.91,0,27.0,33.7,39.6,25,0,0.0,4.3,2,0
CUST102044,21.0,Male,South,Standard,Monthly,Card,2,391.84,352.66,0,7.1,8.1,8.8,6,3,4.2,4.0,0,1
CUST102045,25.0,Female,North,Basic,Monthly,UPI,13,191.01,191.01,0,10.7,10.8,10.0,9,1,7.4,4.5,1,1
CUST102046,43.0,Male,West,Basic,Annual,NetBanking,6,212.1,254.52,0,13.5,11.3,11.4,13,1,1.5,1.8,2,0
CUST102047,41.0,Female,South,Standard,Annual,UPI,2,383.55,383.55,0,14.4,15.6,16.0,10,0,0.0,5.0,0,0
CUST102048,37.0,Male,East,Basic,Monthly,UPI,14,179.93,197.92,1,17.3,18.5,16.4,18,2,4.2,2.3,1,0
CUST102049,24.0,Female,North,Standard,Annual,UPI,21,370.0,370.0,0,21.7,18.1,16.5,26,1,6.7,4.2,1,0
CUST102050,44.0,Female,West,Standard,Monthly,Card,9,387.51,387.51,0,17.3,,28.3,13,1,5.3,4.0,0,0
CUST102051,23.0,Female,South,Basic,Annual,NetBanking,32,213.85,256.62,0,30.2,28.6,28.5,21,1,7.6,4.2,0,0
CUST102052,49.0,Female,North,Basic,Monthly,Card,2,187.18,205.9,0,14.5,12.4,10.0,15,0,0.0,3.6,0,0
CUST102053,67.0,Male,West,Basic,Monthly,Card,2,214.14,235.55,0,30.2,35.0,41.4,30,0,,5.0,0,0
CUST102054,40.0,Male,South,Basic,Monthly,UPI,3,212.0,212.0,0,20.3,,18.1,10,2,4.3,3.3,0,1
CUST102055,42.0,Male,North,Standard,Annual,Card,1,403.49,403.49,0,19.7,17.9,19.9,18,2,2.6,4.7,1,1
CUST102056,31.0,Female,West,Standard,Monthly,Card,5,348.15,348.15,0,25.6,23.0,17.8,24,1,3.8,2.4,0,0
CUST102057,18.0,Female,South,Premium,Monthly,UPI,1,657.62,591.86,1,23.7,23.3,20.3,19,0,0.0,5.0,0,0
CUST102058,29.0,Male,North,Basic,Monthly,UPI,28,192.7,211.97,1,17.3,13.9,13.2,19,0,0.0,2.1,0,0
CUST102059,24.0,Male,South,Standard,Annual,Card,4,433.53,433.53,1,12.1,11.0,12.7,6,3,1.2,4.8,0,0
CUST102060,20.0,Male,West,Basic,Monthly,UPI,1,193.34,212.67,0,33.2,30.0,28.6,12,2,2.5,2.8,2,1
CUST102061,55.0,Female,West,Premium,Annual,UPI,39,671.99,671.99,1,19.1,17.7,18.0,19,1,0.4,4.0,1,0
CUST102062,39.0,Male,East,Basic,Monthly,Wallet,4,200.87,200.87,1,19.2,18.5,15.7,12,0,0.0,,1,0
CUST102063,40.0,Male,East,Standard,Annual,Card,3,370.88,445.06,0,51.5,51.4,59.3,41,2,1.6,2.4,0,1
CUST102064,33.0,Male,North,Standard,Monthly,NetBanking,22,398.51,358.66,0,30.3,29.8,29.6,17,0,0.0,3.4,0,0
CUST102065,34.0,Male,South,Basic,Monthly,UPI,3,191.05,210.16,1,16.5,14.1,13.0,16,1,6.1,4.4,1,0
CUST102066,47.0,Male,South,Premium,Monthly,UPI,11,792.94,951.53,0,18.3,23.7,28.1,16,3,3.3,,0,0
CUST102067,36.0,Male,South,Basic,Monthly,Card,20,189.87,189.87,0,11.5,10.2,9.2,9,2,9.1,4.6,1,0
CUST102068,42.0,Female,South,Basic,Annual,UPI,8,218.2,261.84,0,9.5,9.3,11.2,5,1,2.7,4.1,0,0
CUST102069,34.0,Female,East,Standard,Annual,Card,5,376.25,376.25,0,16.5,19.3,19.4,13,5,3.4,2.9,0,0
CUST102070,32.0,Male,South,Standard,Monthly,UPI,23,404.24,404.24,0,22.9,22.3,23.7,20,2,5.3,5.0,1,0
CUST102071,21.0,Female,South,Basic,Monthly,UPI,11,203.98,224.38,0,11.9,13.2,17.3,8,1,5.9,4.1,1,1
CUST102072,18.0,Female,North,Basic,Monthly,Card,43,200.41,180.37,0,27.0,28.0,28.7,19,1,3.3,2.6,0,0
CUST102073,33.0,Female,South,Basic,Monthly,Card,3,199.8,179.82,0,10.4,,8.5,8,0,0.0,2.6,0,0
CUST102074,37.0,Female,South,Premium,Annual,Wallet,12,729.11,874.93,0,16.6,17.9,16.7,16,2,4.7,5.0,0,0
CUST102075,22.0,Male,South,Standard,Monthly,UPI,14,407.33,407.33,0,25.8,23.9,23.5,23,1,0.7,3.5,0,1
CUST102076,36.0,Female,South,Basic,Monthly,UPI,24,197.28,197.28,0,43.2,35.5,32.9,45,1,3.2,3.6,2,0
CUST102077,37.0,Female,North,Basic,Monthly,Wallet,1,192.29,192.29,0,35.5,23.8,13.4,28,2,0.9,2.7,0,0
CUST102078,,Female,West,Premium,Annual,Card,13,693.21,693.21,0,31.7,30.3,29.0,32,0,0.0,2.3,2,0
CUST102079,26.0,Male,West,Premium,Annual,UPI,15,692.78,831.34,0,19.5,17.2,14.9,11,1,2.0,5.0,0,0
CUST102080,40.0,Male,West,Basic,Annual,NetBanking,3,197.03,197.03,0,27.7,24.9,24.5,24,3,0.3,1.8,0,1
CUST102081,40.0,Male,East,Standard,Monthly,Card,1,400.52,400.52,1,15.9,13.4,12.1,14,1,9.2,2.6,1,1
CUST102082,23.0,Other,West,Basic,Monthly,Card,1,184.98,184.98,0,25.0,31.2,38.4,32,2,2.0,3.0,0,1
CUST102083,38.0,Female,North,Basic,Monthly,NetBanking,5,188.78,188.78,0,9.0,12.6,19.7,6,2,0.6,2.9,0,0
CUST102084,47.0,Male,East,Premium,Annual,Card,55,728.07,728.07,0,21.7,34.6,44.5,12,0,0.0,3.2,1,0
CUST102085,45.0,Female,North,Premium,Monthly,Card,3,620.35,620.35,0,8.9,9.2,11.9,6,0,0.0,4.5,1,0
CUST102086,35.0,Male,South,Basic,Annual,UPI,72,210.91,210.91,0,30.7,27.1,20.9,21,0,0.0,4.9,2,0
CUST102087,31.0,Male,South,Premium,Monthly,NetBanking,49,679.47,747.42,1,27.1,26.0,28.8,24,0,0.0,3.8,0,0
CUST102088,29.0,Female,South,Standard,Annual,UPI,27,432.31,475.54,0,37.2,37.9,34.9,20,1,0.2,3.9,0,0
CUST102089,41.0,Female,West,Standard,Monthly,Card,12,423.46,465.81,0,9.7,9.8,8.9,8,0,0.0,2.9,0,0
CUST102090,38.0,Female,South,Standard,Annual,UPI,52,392.47,470.96,0,51.2,51.9,51.3,41,2,4.8,3.9,1,0
CUST102091,43.0,Female,East,Standard,Monthly,UPI,49,394.54,355.09,0,18.3,23.2,25.4,18,1,1.0,3.3,2,1
CUST102092,37.0,Female,West,Premium,Annual,UPI,50,754.68,754.68,0,30.5,30.4,25.8,28,2,6.5,3.0,0,0
CUST102093,45.0,Female,North,Basic,Monthly,NetBanking,31,211.67,211.67,0,11.2,8.5,7.5,11,2,2.3,4.3,1,0
CUST102094,37.0,Male,South,Standard,Annual,Card,17,418.41,460.25,0,22.6,18.7,16.1,20,2,3.7,1.9,1,1
CUST102095,45.0,Female,North,Basic,Annual,UPI,8,210.38,231.42,0,17.2,17.0,17.3,18,0,0.0,4.9,0,0
CUST102096,46.0,Female,South,Premium,Monthly,UPI,11,660.99,660.99,0,27.1,21.2,20.8,14,0,0.0,3.8,3,0
CUST102097,27.0,Male,West,Basic,Monthly,NetBanking,4,201.04,180.94,0,6.4,9.1,10.1,3,1,2.2,3.1,0,0
CUST102098,,Male,East,Basic,Monthly,UPI,3,191.33,229.6,0,10.7,7.1,5.2,9,0,0.0,5.0,0,0
CUST102099,53.0,Male,East,Standard,Monthly,Card,7,376.79,339.11,0,32.1,34.4,27.1,26,0,0.0,4.6,0,1
CUST102100,39.0,Male,North,Basic,Monthly,UPI,23,200.63,180.57,0,10.5,9.6,7.5,6,0,0.0,2.1,1,0
CUST102101,18.0,Female,East,Basic,Monthly,UPI,8,194.88,194.88,0,17.4,16.6,15.6,16,1,4.9,4.6,0,1
CUST102102,28.0,Male,East,Basic,Monthly,UPI,32,197.35,236.82,0,16.1,12.2,8.7,9,1,2.4,4.2,0,0
CUST102103,44.0,Female,South,Standard,Monthly,Card,2,389.02,389.02,0,21.4,18.7,15.7,16,2,7.0,2.1,0,0
CUST102104,33.0,Male,South,Basic,Monthly,Card,2,186.52,205.17,0,11.8,12.1,14.2,9,1,4.0,3.5,0,1
CUST102105,30.0,Male,South,Basic,Monthly,Card,28,215.88,215.88,0,33.5,36.0,36.5,31,1,2.2,4.4,1,0
CUST102106,51.0,Male,North,Standard,Annual,Card,6,402.11,402.11,0,21.6,17.4,13.3,15,2,4.8,1.5,1,0
CUST102107,24.0,Male,West,Premium,Monthly,Card,2,648.6,583.74,0,35.3,34.0,40.2,37,1,0.8,4.4,0,0
CUST102108,27.0,Other,East,Standard,Annual,Card,3,402.63,402.63,0,26.9,24.3,22.2,31,0,0.0,3.5,1,0
CUST102109,38.0,Male,North,Basic,Annual,Card,15,214.14,214.14,0,21.0,28.1,31.9,23,0,0.0,3.7,0,1
CUST102110,40.0,Male,West,Premium,Monthly,Card,1,732.51,732.51,0,3.7,4.1,3.8,4,2,2.0,4.5,0,0
CUST102111,41.0,Male,South,Premium,Annual,Wallet,8,680.87,748.96,0,24.9,27.7,30.4,25,1,2.9,2.8,0,1
CUST102112,46.0,Male,South,Standard,Monthly,UPI,7,389.13,350.22,0,24.7,23.1,19.7,23,1,2.1,2.5,0,1
CUST102113,38.0,Female,West,Standard,Monthly,Card,1,379.91,379.91,0,35.0,32.2,34.8,23,0,0.0,4.5,0,0
CUST102114,41.0,Female,West,Basic,Monthly,UPI,1,191.61,191.61,1,20.1,18.4,16.9,14,0,0.0,3.9,0,0
CUST102115,33.0,Male,East,Standard,Annual,UPI,1,385.82,462.98,0,2.5,2.7,3.5,2,1,1.1,3.1,2,1
CUST102116,37.0,Female,South,Standard,Monthly,Card,9,369.71,443.65,0,19.2,21.9,20.9,9,0,0.0,,2,0
CUST102117,37.0,Male,West,Basic,Monthly,UPI,13,194.58,194.58,0,25.6,26.0,29.2,27,0,0.0,3.4,0,0
CUST102118,38.0,Female,West,Basic,Monthly,Card,11,202.42,202.42,0,19.1,35.3,45.7,13,2,0.3,2.7,1,1
CUST102119,44.0,Female,East,Basic,Monthly,UPI,72,194.88,194.88,1,14.7,16.9,16.4,10,4,0.5,2.6,0,0
CUST102120,42.0,Male,South,Standard,Monthly,Card,9,403.34,403.34,0,27.9,22.8,17.9,27,0,0.0,2.2,0,0
CUST102121,36.0,Female,North,Basic,Monthly,UPI,11,215.14,193.63,0,5.7,4.9,3.9,5,1,1.3,2.9,1,1
CUST102122,27.0,Female,West,Standard,Monthly,Card,42,435.62,392.06,0,19.0,19.7,19.9,14,0,0.0,4.2,0,0
CUST102123,37.0,Male,West,Premium,Annual,Card,36,696.63,766.29,1,15.2,15.1,12.4,9,0,0.0,3.7,0,0
CUST102124,36.0,Other,North,Basic,Monthly,UPI,15,207.76,207.76,0,10.5,10.0,8.0,5,0,0.0,3.6,0,0
CUST102125,38.0,Female,North,Basic,Monthly,Card,4,197.34,197.34,0,21.2,26.3,31.9,8,1,0.5,2.6,1,1
CUST102126,60.0,Male,East,Basic,Monthly,UPI,11,194.15,174.74,0,37.3,34.6,32.5,41,2,3.1,2.4,1,1
CUST102127,30.0,Female,North,Basic,Annual,Card,16,187.89,187.89,0,11.6,10.9,12.8,9,3,3.4,2.8,0,1
CUST102128,41.0,Female,North,Premium,Annual,UPI,22,702.03,702.03,0,24.9,,23.8,15,1,2.2,3.5,0,0
CUST102129,48.0,Female,South,Standard,Monthly,UPI,8,420.63,420.63,1,23.0,21.3,22.2,22,0,0.0,3.0,0,0
CUST102130,37.0,Female,South,Premium,Annual,NetBanking,6,654.46,719.91,0,9.5,8.3,9.3,6,2,5.3,,1,0
CUST102131,62.0,Female,West,Premium,Annual,UPI,48,688.97,620.07,1,22.9,24.3,21.1,15,1,1.4,3.7,1,0
CUST102132,32.0,Female,South,Basic,Annual,Wallet,15,195.66,234.79,0,15.7,16.1,19.4,16,1,,2.5,1,1
CUST102133,40.0,Female,South,Standard,Annual,Card,6,403.93,403.93,0,13.1,10.3,8.8,12,0,0.0,5.0,1,0
CUST102134,27.0,Male,West,Standard,Annual,UPI,1,404.24,444.66,0,13.0,18.1,24.9,11,0,0.0,3.0,0,0
CUST102135,32.0,Male,East,Standard,Monthly,UPI,66,409.72,409.72,1,53.2,60.3,68.3,37,0,0.0,2.9,0,0
CUST102136,39.0,Female,South,Basic,Monthly,UPI,4,217.87,217.87,1,7.1,6.8,7.6,6,1,3.1,2.9,0,1
CUST102137,45.0,Female,South,Basic,Monthly,UPI,4,190.34,228.41,0,31.4,28.6,26.6,29,2,5.2,2.0,1,1
CUST102138,40.0,Male,West,Standard,Monthly,Wallet,10,380.54,342.49,0,16.7,17.1,18.9,14,0,0.0,2.1,1,1
CUST102139,50.0,Female,North,Standard,Monthly,NetBanking,1,403.93,403.93,0,11.0,15.1,17.1,12,3,1.4,4.1,0,1
CUST102140,35.0,Female,North,Basic,Annual,Card,6,213.45,213.45,0,15.0,16.3,14.9,9,0,0.0,4.7,1,0
CUST102141,32.0,Female,North,Basic,Annual,UPI,72,184.45,184.45,0,32.6,34.6,37.2,24,2,3.7,2.4,0,0
CUST102142,66.0,Male,South,Standard,Annual,Card,14,405.61,405.61,0,33.3,32.6,33.0,30,1,2.1,4.2,1,0
CUST102143,40.0,Female,East,Standard,Annual,UPI,6,394.98,355.48,0,10.9,11.9,15.8,7,0,0.0,3.2,2,0
CUST102144,28.0,Male,South,Standard,Annual,UPI,8,416.04,416.04,0,22.6,19.5,16.5,22,1,2.1,2.5,1,0
CUST102145,28.0,Male,North,Basic,Annual,Card,3,205.25,205.25,1,21.9,23.8,25.1,23,1,2.2,3.3,0,0
CUST102146,26.0,Female,South,Basic,Monthly,Card,16,199.48,239.38,0,16.3,26.8,41.2,13,1,2.5,3.3,0,0
CUST102147,46.0,Female,South,Standard,Monthly,Wallet,5,408.73,408.73,0,23.8,23.7,26.3,21,0,,4.8,1,0
CUST102148,32.0,Male,South,Standard,Monthly,Card,36,385.87,424.46,0,26.6,25.4,28.8,20,2,0.8,1.0,1,1
CUST102149,37.0,Female,West,Basic,Monthly,Card,23,206.96,186.26,0,10.5,13.7,15.9,8,4,3.8,2.5,0,0
CUST102150,35.0,Female,South,Standard,Monthly,Card,2,426.66,383.99,0,6.7,5.0,4.8,7,1,6.3,5.0,1,0
CUST102151,44.0,Male,South,Basic,Monthly,UPI,38,200.0,200.0,0,9.5,8.5,7.2,6,0,0.0,1.6,1,1
CUST102152,27.0,Male,South,Standard,Monthly,Card,1,390.86,390.86,1,14.8,14.8,14.4,14,3,3.6,2.5,2,1
CUST102153,,Female,East,Basic,Monthly,UPI,60,197.56,197.56,0,16.4,18.1,19.5,11,0,0.0,3.5,0,0
CUST102154,38.0,Female,North,Standard,Annual,Card,20,414.75,414.75,0,27.9,29.0,24.0,18,0,0.0,3.9,1,0
CUST102155,43.0,Male,West,Premium,Monthly,Card,4,697.54,767.29,0,17.7,24.6,37.4,18,1,6.0,4.3,0,1
CUST102156,40.0,Female,East,Basic,Annual,Card,72,187.06,187.06,0,14.8,14.0,12.9,14,2,2.5,3.4,1,0
CUST102157,27.0,Female,North,Basic,Monthly,Card,1,208.47,187.62,0,6.5,7.0,5.8,4,0,0.0,5.0,0,0
CUST102158,43.0,Female,East,Basic,Annual,UPI,14,189.22,189.22,1,32.1,31.5,27.9,25,3,4.0,2.7,1,0
CUST102159,28.0,Female,South,Basic,Annual,Card,7,203.22,223.54,0,10.8,12.0,14.9,8,2,4.8,4.4,0,0
CUST102160,30.0,Male,West,Premium,Annual,UPI,28,633.77,633.77,0,33.4,31.7,33.6,28,0,0.0,3.7,1,0
CUST102161,26.0,Male,West,Premium,Monthly,UPI,9,702.78,702.78,0,14.0,17.6,23.5,10,0,0.0,4.6,1,1
CUST102162,50.0,Male,South,Basic,Monthly,Card,6,198.32,237.98,0,9.9,9.2,9.0,11,1,4.8,2.9,0,1
CUST102163,43.0,Female,East,Premium,Monthly,Card,27,630.25,630.25,0,18.5,17.8,20.3,11,4,4.4,1.9,1,0
CUST102164,43.0,Female,South,Basic,Monthly,UPI,19,202.31,202.31,1,11.7,13.3,12.6,6,2,2.2,2.0,0,1
CUST102165,50.0,Female,North,Standard,Annual,UPI,15,377.03,414.73,0,15.8,11.7,10.0,12,0,0.0,3.5,0,0
CUST102166,67.0,Male,West,Standard,Monthly,UPI,37,400.69,400.69,0,18.2,20.8,22.6,7,0,0.0,3.1,1,0
CUST102167,18.0,Female,West,Basic,Monthly,NetBanking,16,194.9,194.9,0,26.5,31.2,35.9,17,3,2.1,3.4,0,0
CUST102168,28.0,Male,South,Standard,Annual,Card,18,369.46,369.46,0,42.2,39.4,37.5,28,0,0.0,4.5,0,0
CUST102169,29.0,Male,East,Standard,Monthly,UPI,10,378.14,378.14,0,1.7,2.3,3.0,1,1,2.1,4.6,0,0
CUST102170,,Male,East,Basic,Annual,UPI,33,189.39,170.45,1,13.2,14.9,15.4,10,0,0.0,4.6,0,0
CUST102171,24.0,Female,South,Premium,Monthly,Card,1,733.34,733.34,0,19.4,,26.0,16,1,2.9,4.6,1,0
CUST102172,33.0,Male,East,Basic,Monthly,UPI,12,207.32,248.78,0,8.6,10.4,15.6,6,1,3.9,4.2,0,0
CUST102173,23.0,Female,East,Basic,Monthly,UPI,26,220.84,220.84,0,24.3,20.1,17.1,18,0,0.0,2.7,2,0
CUST102174,40.0,Other,West,Premium,Monthly,UPI,5,681.11,681.11,0,20.1,20.6,23.9,18,3,2.6,3.3,1,1
CUST102175,37.0,Female,West,Basic,Annual,UPI,21,193.59,193.59,0,6.4,7.9,7.5,2,1,1.7,2.8,2,1
CUST102176,41.0,Male,South,Basic,Annual,Card,22,200.34,180.31,0,20.7,19.9,18.2,18,7,1.5,1.9,0,1
CUST102177,42.0,Female,South,Basic,Monthly,UPI,8,195.47,234.56,0,11.5,8.9,6.9,4,0,0.0,3.8,0,1
CUST102178,43.0,Female,South,Basic,Monthly,NetBanking,5,193.2,173.88,0,15.7,15.5,18.0,13,1,0.6,1.1,1,1
CUST102179,32.0,Male,South,Basic,Annual,UPI,24,199.54,179.59,0,37.2,30.5,25.5,34,2,1.5,2.3,0,0
CUST102180,59.0,Female,North,Basic,Monthly,UPI,1,206.0,226.6,0,7.1,7.2,7.8,6,0,0.0,3.3,1,0
CUST102181,39.0,Female,West,Standard,Monthly,UPI,47,356.86,356.86,0,25.4,,26.5,17,0,0.0,1.0,2,1
CUST102182,18.0,Male,North,Standard,Monthly,UPI,1,387.58,465.1,0,10.5,13.2,12.0,9,0,0.0,5.0,0,0
CUST102183,25.0,Female,East,Premium,Annual,Card,5,649.97,714.97,0,9.5,10.7,10.2,6,2,3.7,3.4,0,1
CUST102184,18.0,Male,North,Premium,Monthly,UPI,13,693.62,832.34,0,12.8,11.8,10.9,14,0,0.0,3.9,1,0
CUST102185,36.0,Male,South,Basic,Monthly,UPI,5,203.3,182.97,0,9.0,11.2,15.2,9,0,0.0,4.8,0,0
CUST102186,35.0,Female,West,Premium,Annual,Card,3,738.04,811.84,0,47.3,58.7,62.2,29,1,2.1,4.3,3,0
CUST102187,31.0,Male,East,Premium,Annual,Card,4,683.84,752.22,1,6.7,7.2,7.2,7,0,0.0,4.5,0,0
CUST102188,58.0,Male,North,Premium,Annual,Card,1,702.71,702.71,0,8.5,8.3,10.7,7,2,2.5,4.3,2,1
CUST102189,42.0,Male,West,Standard,Annual,UPI,15,365.44,365.44,0,5.6,,7.2,3,1,4.5,3.9,0,0
CUST102190,44.0,Male,North,Basic,Annual,Card,17,190.44,209.48,0,11.3,9.7,9.4,12,1,3.4,3.9,1,0
CUST102191,26.0,Male,South,Basic,Monthly,NetBanking,5,201.06,180.95,0,18.7,20.8,21.6,21,1,2.3,4.0,1,1
CUST102192,25.0,Female,North,Premium,Annual,Wallet,1,651.5,651.5,0,19.8,22.4,27.6,15,2,1.3,2.0,0,0
CUST102193,36.0,Male,East,Standard,Monthly,Wallet,8,423.68,508.42,0,21.1,21.4,23.2,18,1,6.5,1.4,1,1
CUST102194,38.0,Male,North,Premium,Monthly,Card,15,717.3,789.03,0,21.8,23.1,23.4,17,2,1.0,1.2,0,1
CUST102195,18.0,Female,West,Standard,Annual,UPI,4,380.95,419.04,0,29.0,27.9,30.5,27,2,0.8,4.0,1,0
CUST102196,34.0,Female,North,Basic,Annual,NetBanking,5,184.25,202.68,1,37.6,41.3,41.5,36,0,0.0,3.3,0,0
CUST102197,36.0,Male,North,Basic,Monthly,UPI,26,191.84,191.84,0,24.2,21.3,16.6,24,1,0.5,3.3,0,0
CUST102198,34.0,Male,West,Premium,Monthly,Card,1,667.57,667.57,0,18.3,16.1,16.2,8,1,2.6,3.7,0,0
CUST102199,27.0,Male,North,Basic,Annual,NetBanking,26,186.89,205.58,0,10.7,9.8,12.5,7,1,1.3,5.0,0,1
CUST102200,30.0,Male,North,Standard,Monthly,UPI,23,370.93,370.93,0,19.3,15.7,11.9,19,1,2.3,4.2,0,0
CUST102201,34.0,Male,South,Premium,Annual,UPI,24,690.95,690.95,0,23.7,18.7,14.4,16,2,3.4,3.5,0,0
CUST102202,37.0,Female,North,Basic,Monthly,Wallet,2,206.29,247.55,0,15.4,20.5,25.4,13,0,0.0,4.2,1,1
CUST102203,43.0,Female,North,Basic,Monthly,Wallet,12,191.92,191.92,0,26.3,28.7,30.6,16,0,0.0,5.0,0,0
CUST102204,48.0,Male,South,Standard,Annual,UPI,17,407.88,448.67,0,21.6,19.1,14.8,20,2,1.9,2.3,0,0
CUST102205,33.0,Female,North,Premium,Annual,Card,21,687.55,687.55,0,11.8,9.8,7.1,10,1,1.4,4.9,1,1
CUST102206,31.0,Male,South,Standard,Annual,UPI,24,411.22,493.46,0,12.9,12.4,9.4,12,0,0.0,3.8,0,1
CUST102207,41.0,Male,South,Basic,Annual,UPI,42,191.17,229.4,1,31.4,26.6,27.3,28,1,2.9,,1,0
CUST102208,43.0,Male,North,Basic,Monthly,UPI,15,201.8,201.8,0,5.5,5.7,5.3,3,1,3.3,4.2,0,0
CUST102209,31.0,Male,South,Basic,Annual,UPI,18,200.2,200.2,1,6.2,6.3,7.6,8,1,0.3,1.7,0,0
CUST102210,45.0,Female,East,Basic,Monthly,UPI,1,212.56,233.82,0,9.7,12.3,16.7,5,0,0.0,2.7,0,1
CUST102211,47.0,Male,East,Basic,Monthly,UPI,11,204.56,184.1,0,48.9,50.1,66.3,63,2,2.4,3.7,2,1
CUST102212,50.0,Female,South,Premium,Monthly,Wallet,11,707.95,849.54,0,22.0,21.1,18.0,8,1,3.0,4.0,0,0
CUST102213,56.0,Male,South,Basic,Monthly,NetBanking,7,184.37,165.93,0,12.8,13.6,13.1,10,2,1.9,3.9,1,0
CUST102214,26.0,Female,North,Premium,Monthly,UPI,23,680.64,680.64,0,22.2,28.9,25.8,11,2,1.7,4.0,0,0
CUST102215,36.0,Female,South,Premium,Monthly,UPI,11,671.03,671.03,0,12.2,11.9,12.4,14,1,1.8,5.0,0,0
CUST102216,36.0,Male,North,Standard,Monthly,UPI,6,382.6,382.6,0,18.2,17.6,19.7,11,0,0.0,,0,0
CUST102217,35.0,Male,East,Standard,Monthly,UPI,6,399.31,399.31,0,13.6,11.5,12.0,8,4,0.9,3.2,0,0
CUST102218,29.0,Female,East,Basic,Monthly,Card,43,201.4,201.4,0,21.8,23.5,23.2,18,4,3.2,3.5,0,1
CUST102219,20.0,Female,North,Standard,Monthly,UPI,42,404.58,404.58,0,16.1,13.7,13.4,17,1,4.2,3.9,0,0
CUST102220,37.0,Male,West,Basic,Annual,UPI,16,211.55,253.86,0,12.9,14.7,16.6,14,1,0.7,3.4,0,0
CUST102221,28.0,Female,South,Basic,Monthly,UPI,37,203.81,183.43,0,18.2,18.6,17.2,14,1,2.4,2.8,0,0
CUST102222,37.0,Male,West,Standard,Annual,Wallet,37,374.5,374.5,0,14.5,14.2,16.4,11,1,5.5,3.3,2,0
CUST102223,27.0,Male,West,Basic,Monthly,Wallet,12,201.02,201.02,0,14.5,12.4,10.8,13,0,0.0,5.0,0,0
CUST102224,24.0,Female,North,Basic,Annual,NetBanking,2,204.81,184.33,1,7.7,8.6,8.4,6,0,0.0,5.0,1,0
CUST102225,39.0,Male,South,Standard,Annual,Wallet,26,424.18,424.18,0,21.5,19.3,16.3,18,3,1.0,1.3,0,0
CUST102226,38.0,Male,South,Standard,Annual,UPI,32,395.92,395.92,0,57.1,47.4,40.4,44,1,4.2,3.6,0,0
CUST102227,42.0,Male,West,Basic,Annual,Wallet,8,197.56,197.56,0,18.7,18.0,16.4,17,2,9.1,1.5,0,1
CUST102228,60.0,Male,South,Basic,Annual,Wallet,57,209.74,251.69,0,15.0,13.1,13.5,13,2,1.4,2.6,0,0
CUST102229,39.0,Male,West,Basic,Monthly,UPI,33,200.78,200.78,0,15.2,13.4,9.7,17,0,0.0,4.0,0,0
CUST102230,41.0,Male,North,Standard,Monthly,Card,13,367.11,367.11,0,30.8,31.3,40.2,21,4,2.5,1.6,1,1
CUST102231,24.0,Female,North,Standard,Monthly,Card,6,362.83,362.83,0,2.9,3.2,3.7,2,2,1.2,2.9,0,1
CUST102232,22.0,Female,East,Basic,Annual,UPI,26,217.32,217.32,0,18.9,17.0,17.0,15,2,4.1,2.7,0,1
CUST102233,53.0,Male,South,Standard,Annual,UPI,24,364.81,364.81,0,16.6,22.6,31.6,13,3,2.8,3.2,1,0
CUST102234,26.0,Male,North,Premium,Monthly,UPI,57,693.16,762.48,0,16.1,15.9,16.9,16,0,0.0,3.4,0,0
CUST102235,25.0,Female,West,Standard,Annual,NetBanking,1,416.62,374.96,1,17.9,16.3,15.3,11,0,0.0,5.0,1,0
CUST102236,36.0,Male,South,Standard,Monthly,NetBanking,5,363.8,363.8,0,10.1,9.0,8.5,11,2,0.9,3.2,4,0
CUST102237,35.0,Male,West,Standard,Annual,Card,3,377.42,377.42,0,10.3,6.7,7.2,8,1,3.5,2.7,2,0
CUST102238,26.0,Female,West,Premium,Monthly,Card,16,655.43,786.52,0,7.1,6.9,5.8,7,2,2.8,1.7,1,1
CUST102239,33.0,Male,South,Premium,Monthly,UPI,22,761.95,761.95,1,21.8,20.6,18.6,28,0,0.0,2.9,0,0
CUST102240,50.0,Female,North,Basic,Annual,Card,38,219.08,197.17,0,3.8,3.1,2.8,4,0,0.0,3.6,1,0
CUST102241,27.0,Female,South,Basic,Monthly,Wallet,44,191.69,210.86,0,19.5,17.7,18.0,18,2,3.1,3.8,0,0
CUST102242,21.0,Female,East,Basic,Annual,NetBanking,2,204.77,225.25,0,12.8,11.8,14.6,13,0,0.0,4.5,0,0
CUST102243,46.0,Male,West,Standard,Annual,UPI,28,405.15,405.15,0,10.0,8.3,8.4,7,2,1.3,4.2,0,0
CUST102244,41.0,Male,West,Basic,Monthly,UPI,20,196.21,235.45,1,18.3,28.8,43.4,16,3,3.3,3.6,0,0
CUST102245,29.0,Male,West,Premium,Monthly,NetBanking,10,642.14,770.57,0,13.9,12.3,10.6,9,1,3.1,4.5,0,0
CUST102246,19.0,Female,South,Basic,Monthly,NetBanking,72,221.96,199.76,0,18.1,16.1,16.3,12,2,1.9,2.9,2,0
CUST102247,28.0,Female,North,Standard,Monthly,UPI,1,362.77,362.77,0,10.4,15.0,19.5,9,3,3.3,2.9,1,1
CUST102248,35.0,Female,South,Basic,Annual,Wallet,18,201.11,241.33,1,20.5,19.1,20.9,17,2,1.2,2.7,0,1
CUST102249,49.0,Male,West,Standard,Monthly,UPI,2,386.08,463.3,0,16.4,14.4,13.0,15,0,0.0,3.0,2,0
CUST102250,25.0,Female,South,Basic,Monthly,Card,11,209.03,209.03,1,25.7,25.5,24.5,21,2,10.7,4.7,0,0
CUST102251,35.0,Female,South,Standard,Monthly,UPI,19,415.88,415.88,0,7.9,6.6,6.1,6,1,1.7,3.4,1,1
CUST102252,43.0,Female,South,Standard,Monthly,NetBanking,29,379.47,455.36,0,13.9,11.4,8.7,14,1,4.9,2.4,0,0
CUST102253,18.0,Female,South,Basic,Monthly,Wallet,4,191.14,172.03,0,13.0,11.5,10.7,9,3,2.3,2.2,0,1
CUST102254,47.0,Male,South,Standard,Monthly,Card,7,368.07,331.26,0,23.1,22.4,25.8,20,0,0.0,5.0,2,1
CUST102255,23.0,Male,South,Premium,Monthly,UPI,1,705.81,705.81,0,28.8,41.4,63.6,30,1,2.2,3.8,1,1
CUST102256,,Female,West,Standard,Annual,UPI,1,413.18,413.18,0,18.9,18.6,17.5,18,1,1.9,4.0,0,0
CUST102257,39.0,Male,West,Standard,Monthly,NetBanking,3,390.19,390.19,0,16.1,18.8,24.4,13,1,2.4,3.0,0,1
CUST102258,48.0,Male,South,Standard,Monthly,UPI,1,394.12,354.71,0,25.7,23.3,22.8,11,2,1.3,1.1,0,0
CUST102259,,Male,West,Premium,Monthly,Card,24,765.68,842.25,0,14.5,15.1,14.2,11,1,1.9,2.3,1,0
CUST102260,18.0,Male,North,Standard,Monthly,NetBanking,3,417.68,501.22,0,37.4,35.5,34.2,46,0,0.0,3.1,0,1
CUST102261,27.0,Female,West,Premium,Monthly,UPI,16,746.1,746.1,0,11.6,11.0,10.6,9,0,0.0,3.2,1,0
CUST102262,38.0,Male,South,Premium,Annual,NetBanking,31,620.64,558.58,0,5.1,5.8,8.1,4,1,1.3,3.5,0,0
CUST102263,34.0,Male,North,Basic,Annual,NetBanking,1,204.44,184.0,0,7.8,5.8,5.5,6,1,1.8,4.4,1,0
CUST102264,41.0,Female,North,Basic,Monthly,Card,20,201.5,201.5,0,14.1,16.1,15.6,13,2,1.7,3.3,1,1
CUST102265,45.0,Female,South,Standard,Monthly,Wallet,10,374.02,411.42,0,46.4,44.7,41.7,31,1,1.5,4.0,1,0
CUST102266,43.0,Male,North,Standard,Monthly,UPI,7,378.17,378.17,0,10.3,10.3,9.5,10,0,0.0,4.7,0,1
CUST102267,34.0,Male,West,Standard,Monthly,Wallet,10,394.64,394.64,0,37.2,34.0,34.4,33,1,1.2,5.0,1,0
CUST102268,18.0,Male,West,Premium,Annual,Card,14,652.1,586.89,0,18.8,20.0,25.8,9,1,4.1,2.6,1,1
CUST102269,31.0,Male,North,Standard,Monthly,NetBanking,20,383.07,383.07,0,10.3,13.8,15.4,3,1,13.7,3.9,0,1
CUST102270,41.0,Male,North,Basic,Annual,Card,3,194.41,194.41,0,14.8,19.2,20.0,10,1,0.5,4.0,0,0
CUST102271,24.0,Male,West,Standard,Monthly,Card,30,410.44,410.44,0,27.1,32.6,26.6,15,0,0.0,4.0,1,0
CUST102272,43.0,Female,South,Basic,Monthly,Wallet,20,191.97,172.77,0,15.8,16.1,16.3,14,1,2.4,3.1,2,1
CUST102273,,Female,South,Standard,Annual,Card,9,390.08,390.08,0,10.5,10.2,10.1,8,0,0.0,2.8,0,0
CUST102274,37.0,Female,North,Premium,Monthly,Card,1,734.8,661.32,0,14.3,13.5,12.5,13,2,1.2,3.1,1,1
CUST102275,18.0,Male,South,Basic,Annual,NetBanking,15,181.45,217.74,0,30.2,35.8,33.7,27,3,2.8,3.3,0,0
CUST102276,22.0,Male,North,Premium,Annual,UPI,18,706.94,706.94,0,53.5,55.2,55.0,32,1,2.0,4.6,0,0
CUST102277,57.0,Other,South,Premium,Monthly,UPI,14,712.61,712.61,1,26.4,34.2,40.4,19,0,0.0,3.6,2,1
CUST102278,30.0,Female,North,Basic,Monthly,Wallet,2,203.15,223.47,0,38.5,46.5,45.8,27,0,0.0,2.6,1,1
CUST102279,18.0,Female,East,Premium,Monthly,UPI,3,681.48,749.63,0,26.0,17.9,18.0,26,1,0.2,2.5,0,0
CUST102280,50.0,Male,West,Standard,Monthly,Card,56,377.76,415.54,0,25.9,23.6,22.7,20,0,0.0,2.6,0,1
CUST102281,36.0,Male,East,Standard,Annual,UPI,42,429.31,429.31,0,23.0,26.8,29.2,24,2,0.4,3.2,0,0
CUST102282,48.0,Female,North,Basic,Monthly,UPI,27,190.48,190.48,1,21.0,17.5,19.0,22,1,0.4,2.1,2,0
CUST102283,39.0,Female,West,Basic,Monthly,Card,46,187.89,169.1,0,11.8,11.1,8.2,9,1,4.0,2.7,0,0
CUST102284,41.0,Male,East,Standard,Annual,UPI,16,399.4,399.4,1,17.8,20.2,22.4,12,1,1.0,5.0,1,0
CUST102285,40.0,Female,North,Basic,Annual,UPI,12,191.65,191.65,0,26.3,21.0,19.5,16,0,0.0,3.6,1,1
CUST102286,44.0,Female,South,Basic,Annual,Card,25,209.46,209.46,0,21.1,22.2,23.3,20,2,10.1,3.3,0,0
CUST102287,61.0,Female,East,Premium,Monthly,Card,9,689.73,827.68,0,7.1,6.2,4.8,6,1,4.6,2.2,0,1
CUST102288,47.0,Male,North,Standard,Monthly,Wallet,8,422.55,464.81,1,30.0,33.3,39.6,20,1,2.8,3.5,0,0
CUST102289,19.0,Female,East,Standard,Monthly,Card,1,407.95,407.95,1,23.7,24.3,20.0,23,3,4.4,1.4,2,1
CUST102290,41.0,Female,West,Premium,Annual,Card,23,685.43,685.43,0,29.2,27.3,30.3,29,0,0.0,3.9,0,0
CUST102291,49.0,Male,West,Basic,Annual,Wallet,2,210.08,189.07,0,10.2,10.4,11.1,6,0,0.0,2.5,1,1
CUST102292,49.0,Female,West,Basic,Annual,UPI,10,192.52,192.52,0,7.2,5.7,4.4,6,2,5.2,4.6,0,0
CUST102293,31.0,Female,East,Standard,Monthly,Wallet,34,392.61,471.13,0,15.8,15.3,12.5,14,1,3.1,5.0,0,0
CUST102294,49.0,Female,West,Basic,Annual,NetBanking,2,204.27,204.27,0,21.6,20.9,20.2,25,2,1.2,,0,1
CUST102295,46.0,Male,West,Basic,Annual,UPI,16,201.25,241.5,0,35.5,46.8,60.8,27,3,2.6,1.5,2,0
CUST102296,64.0,Female,South,Standard,Monthly,UPI,24,385.56,385.56,0,20.2,22.5,20.5,16,3,3.4,2.6,0,0
CUST102297,28.0,Male,East,Basic,Monthly,Card,20,183.71,165.34,0,43.2,36.7,33.8,40,1,,1.9,1,0
CUST102298,30.0,Male,South,Standard,Monthly,Card,72,398.63,398.63,0,13.9,12.0,11.8,15,0,0.0,3.4,0,0
CUST102299,33.0,Male,South,Standard,Monthly,Card,9,384.49,384.49,0,23.0,21.9,22.6,20,1,0.6,2.6,0,1
CUST102300,31.0,Male,South,Standard,Monthly,UPI,8,399.59,399.59,1,6.2,6.8,8.8,5,3,2.0,4.2,0,0
CUST102301,26.0,Male,North,Basic,Monthly,UPI,24,194.81,233.77,1,27.3,49.7,91.8,19,3,3.9,1.0,1,1
CUST102302,18.0,Female,South,Basic,Monthly,NetBanking,5,191.86,230.23,0,34.4,44.4,53.2,25,2,1.4,2.0,1,1
CUST102303,31.0,Female,South,Premium,Annual,Card,15,689.63,827.56,0,20.9,20.0,19.4,16,2,2.1,4.1,1,0
CUST102304,40.0,Male,South,Premium,Annual,UPI,5,696.43,766.07,0,9.0,8.7,9.3,8,3,0.4,2.4,0,0
CUST102305,31.0,Other,East,Standard,Annual,Card,31,412.87,412.87,0,17.8,16.3,15.0,16,1,0.3,5.0,3,0
CUST102306,57.0,Male,West,Basic,Annual,Card,12,203.21,203.21,0,13.6,11.7,11.8,9,1,0.5,3.6,0,0
CUST102307,36.0,Female,West,Standard,Monthly,NetBanking,24,440.78,396.7,0,14.5,10.9,8.2,14,0,0.0,,0,0
CUST102308,50.0,Female,North,Basic,Annual,UPI,2,200.41,220.45,0,17.7,20.7,22.5,14,3,0.4,3.3,0,1
CUST102309,39.0,Female,South,Basic,Monthly,UPI,72,192.3,192.3,0,8.8,10.6,14.3,7,0,0.0,4.2,1,0
CUST102310,,Female,West,Basic,Annual,UPI,13,197.35,177.62,0,20.0,19.9,20.8,19,1,0.8,3.3,2,0
CUST102311,39.0,Female,South,Basic,Annual,UPI,8,204.65,204.65,1,14.2,11.5,10.5,14,0,0.0,3.6,1,0
CUST102312,51.0,Male,West,Basic,Annual,NetBanking,60,208.98,188.08,0,22.1,19.5,21.0,19,0,0.0,5.0,1,0
CUST102313,37.0,Male,East,Basic,Monthly,UPI,4,212.35,191.12,0,22.1,22.3,21.1,26,2,3.0,2.5,0,0
CUST102314,41.0,Male,North,Premium,Monthly,UPI,9,663.46,663.46,0,10.2,10.2,9.9,4,1,1.1,3.7,0,1
CUST102315,40.0,Male,South,Standard,Monthly,Card,9,424.55,424.55,0,15.3,16.4,20.3,15,2,1.4,2.9,0,1
CUST102316,33.0,Male,South,Basic,Monthly,UPI,13,198.54,238.25,0,15.0,19.9,20.8,9,1,2.2,4.2,1,1
CUST102317,40.0,Male,North,Basic,Monthly,UPI,25,189.78,189.78,1,17.3,15.8,17.8,14,2,3.5,4.6,3,0
CUST102318,61.0,Female,North,Premium,Monthly,Card,15,691.88,761.07,0,32.3,29.6,30.1,26,2,3.4,,0,0
CUST102319,33.0,Female,West,Basic,Monthly,UPI,8,211.05,189.95,0,12.5,10.6,10.2,10,1,3.6,2.6,1,0
CUST102320,41.0,Female,East,Basic,Annual,UPI,5,203.55,223.91,0,15.2,15.3,14.1,9,2,4.2,2.5,0,1
CUST102321,50.0,Female,North,Standard,Monthly,Card,60,374.82,374.82,0,22.2,21.1,17.1,12,3,3.1,4.0,0,0
CUST102322,49.0,Male,South,Standard,Annual,Wallet,72,374.97,374.97,0,18.3,22.2,24.3,8,0,0.0,4.0,0,0
CUST102323,36.0,Male,North,Premium,Monthly,Card,7,655.93,721.52,0,26.9,29.5,28.8,20,1,1.1,,2,1
CUST102324,18.0,Female,South,Basic,Monthly,NetBanking,5,191.72,191.72,1,21.9,19.2,19.8,18,0,0.0,3.6,0,0
CUST102325,42.0,Female,East,Basic,Monthly,UPI,72,199.77,219.75,0,15.2,15.2,17.1,14,1,0.7,,1,0
CUST102326,18.0,Male,East,Basic,Annual,Card,68,187.79,187.79,1,19.1,20.7,24.2,20,0,0.0,4.7,0,0
CUST102327,52.0,Male,West,Standard,Monthly,Card,9,390.45,390.45,0,30.3,36.2,31.7,29,1,5.8,3.7,0,0
CUST102328,38.0,Male,North,Basic,Annual,UPI,10,212.95,212.95,0,9.3,8.3,7.8,9,0,0.0,5.0,1,0
CUST102329,47.0,Male,South,Basic,Monthly,NetBanking,8,215.1,215.1,1,9.8,11.7,13.7,6,1,4.3,3.5,1,1
CUST102330,26.0,Male,West,Basic,Monthly,UPI,59,214.43,214.43,1,10.5,10.5,11.4,11,0,0.0,4.1,0,0
CUST102331,19.0,Male,East,Premium,Monthly,UPI,24,636.27,699.9,0,15.5,,22.3,14,0,0.0,3.3,1,1
CUST102332,39.0,Female,East,Basic,Monthly,Card,14,215.65,215.65,0,16.4,14.6,15.7,9,0,0.0,3.2,0,1
CUST102333,,Female,North,Basic,Monthly,NetBanking,2,199.91,199.91,0,32.6,32.8,35.1,33,1,2.0,3.5,0,0
CUST102334,31.0,Female,West,Premium,Annual,NetBanking,10,701.73,701.73,0,13.6,14.7,17.0,9,1,3.1,4.7,0,0
CUST102335,37.0,Female,South,Standard,Monthly,UPI,1,419.53,503.44,0,7.6,8.3,9.3,4,5,5.9,2.1,1,0
CUST102336,66.0,Female,North,Standard,Monthly,NetBanking,3,413.03,495.64,0,30.3,30.1,39.5,34,2,2.1,2.8,0,0
CUST102337,45.0,Male,West,Standard,Monthly,UPI,4,361.72,397.89,0,13.3,16.0,16.5,11,0,0.0,2.4,0,0
CUST102338,48.0,Female,South,Basic,Annual,UPI,12,192.91,231.49,1,24.9,18.6,15.6,15,2,2.3,5.0,0,0
CUST102339,,Male,West,Premium,Monthly,UPI,2,686.21,617.59,0,27.9,29.5,29.7,19,1,1.3,3.0,1,0
CUST102340,52.0,Female,North,Basic,Monthly,Card,4,185.76,185.76,1,19.8,19.3,18.2,20,1,2.2,2.1,0,0
CUST102341,34.0,Male,South,Premium,Monthly,Card,7,733.85,733.85,0,17.3,18.8,17.2,10,4,1.1,3.0,0,1
CUST102342,18.0,Female,South,Basic,Annual,UPI,7,213.32,191.99,0,11.7,13.3,17.0,9,1,2.1,3.8,0,0
CUST102343,34.0,Female,West,Standard,Monthly,Wallet,2,398.79,358.91,0,11.5,16.9,21.3,9,0,0.0,4.6,0,1
CUST102344,45.0,Male,West,Standard,Annual,UPI,31,404.96,404.96,1,28.4,29.4,34.8,38,4,3.5,3.0,2,0
CUST102345,25.0,Male,South,Basic,Annual,Card,30,198.89,179.0,0,21.4,18.4,22.3,11,0,0.0,2.0,2,0
CUST102346,34.0,Male,South,Basic,Monthly,Card,40,199.99,179.99,0,28.5,27.6,28.6,15,0,0.0,3.0,0,0
CUST102347,28.0,Female,South,Standard,Monthly,UPI,28,421.3,421.3,0,13.8,13.7,14.3,9,3,3.2,4.1,0,0
CUST102348,53.0,Female,South,Basic,Monthly,UPI,2,181.43,181.43,1,31.3,,34.7,21,1,2.9,4.5,0,0
CUST102349,44.0,Male,East,Premium,Monthly,Card,17,715.99,715.99,0,36.9,36.5,35.8,30,0,0.0,4.2,1,1
CUST102350,43.0,Female,South,Basic,Monthly,Card,33,199.12,238.94,0,8.8,8.9,8.5,6,3,2.3,4.5,0,0
CUST102351,43.0,Male,South,Standard,Monthly,UPI,4,384.77,384.77,1,9.1,9.9,12.8,9,2,2.1,3.1,1,1
CUST102352,36.0,Male,South,Standard,Monthly,Card,25,388.96,427.86,0,25.7,39.4,68.6,21,2,0.6,4.5,0,0
CUST102353,38.0,Male,North,Standard,Annual,UPI,5,435.56,435.56,0,19.3,22.5,25.0,12,3,4.4,2.6,0,1
CUST102354,23.0,Female,East,Standard,Monthly,UPI,70,372.52,372.52,0,16.0,17.7,18.2,12,4,2.6,4.5,1,0
CUST102355,18.0,Male,East,Standard,Monthly,Card,36,395.64,395.64,0,27.6,24.0,21.5,21,0,0.0,3.3,0,0
CUST102356,38.0,Male,North,Standard,Monthly,UPI,36,431.51,431.51,0,12.8,12.1,13.6,13,0,0.0,2.6,1,1
CUST102357,40.0,Male,West,Standard,Monthly,Card,13,373.66,448.39,0,13.2,,11.2,13,2,5.5,2.1,0,1
CUST102358,49.0,Female,North,Standard,Monthly,Card,15,389.9,467.88,0,9.5,9.3,7.8,9,2,3.0,4.7,1,0
CUST102359,53.0,Female,West,Basic,Annual,Wallet,17,199.42,199.42,0,29.4,28.8,31.8,19,0,0.0,5.0,0,0
CUST102360,53.0,Female,East,Basic,Monthly,UPI,6,203.11,203.11,1,8.4,8.6,8.1,7,0,,2.9,2,1
CUST102361,25.0,Female,South,Basic,Monthly,Card,3,198.2,237.84,0,27.7,23.2,16.0,16,0,0.0,3.1,1,0
CUST102362,32.0,Female,West,Standard,Annual,Card,72,381.14,381.14,0,23.6,30.4,36.5,22,0,0.0,1.4,1,0
CUST102363,41.0,Male,North,Premium,Monthly,Card,6,714.64,643.18,0,28.2,25.9,20.0,29,0,0.0,2.6,0,0
CUST102364,64.0,Female,East,Basic,Monthly,NetBanking,2,198.0,198.0,0,9.9,14.7,25.2,4,2,2.0,3.0,0,1
CUST102365,52.0,Male,South,Standard,Monthly,UPI,15,411.52,452.67,0,17.0,18.1,21.9,13,1,0.6,3.3,2,1
CUST102366,48.0,Male,North,Basic,Monthly,UPI,18,208.19,249.83,0,11.7,12.0,14.1,9,1,5.5,1.4,0,1
CUST102367,32.0,Male,West,Standard,Annual,Card,14,369.35,443.22,0,35.2,42.9,47.6,35,3,0.8,1.6,0,0
CUST102368,26.0,Male,South,Standard,Annual,Wallet,2,419.61,461.57,1,18.6,17.7,18.2,13,1,2.4,5.0,0,0
CUST102369,45.0,Female,South,Standard,Annual,NetBanking,26,393.92,393.92,0,13.5,13.3,15.5,9,2,1.9,,0,1
CUST102370,,Other,South,Standard,Monthly,Card,5,415.46,415.46,1,11.4,10.5,10.5,9,1,3.1,3.7,3,1
CUST102371,33.0,Female,North,Standard,Annual,UPI,4,408.85,408.85,0,19.7,18.6,16.3,18,1,8.1,3.7,1,0
CUST102372,,Male,West,Basic,Monthly,UPI,27,217.45,239.2,1,13.6,12.0,12.7,11,2,2.3,3.3,0,0
CUST102373,54.0,Female,East,Standard,Annual,UPI,22,399.12,478.94,0,14.4,12.1,9.3,14,2,4.7,3.2,0,0
CUST102374,32.0,Female,West,Basic,Annual,UPI,7,194.99,175.49,0,16.6,14.8,12.6,16,0,0.0,3.8,1,0
CUST102375,18.0,Male,North,Premium,Monthly,Card,7,681.07,681.07,0,45.4,43.7,37.2,32,2,3.2,1.7,1,0
CUST102376,42.0,Female,North,Standard,Annual,UPI,8,378.31,453.97,0,18.2,16.9,16.5,15,3,0.4,2.8,1,0
CUST102377,28.0,Female,South,Basic,Monthly,UPI,15,207.04,207.04,0,13.3,15.7,18.2,12,1,3.8,1.5,1,1
CUST102378,36.0,Male,South,Basic,Monthly,UPI,8,188.04,188.04,0,18.2,24.4,26.1,12,1,2.5,3.3,0,1
CUST102379,35.0,Female,East,Standard,Monthly,UPI,9,414.95,414.95,0,12.1,11.1,10.5,8,1,5.3,4.0,0,0
CUST102380,,Female,South,Premium,Monthly,Card,5,691.19,622.07,1,35.0,40.1,45.4,18,2,,2.7,0,0
CUST102381,45.0,Male,South,Basic,Monthly,UPI,20,181.46,181.46,0,25.3,25.7,24.9,26,1,0.5,3.8,3,0
CUST102382,19.0,Male,West,Standard,Annual,NetBanking,1,428.69,514.43,0,8.7,12.3,15.6,11,3,1.6,2.9,0,1
CUST102383,30.0,Female,North,Basic,Monthly,UPI,1,165.41,165.41,0,25.2,26.7,29.8,17,0,0.0,4.2,1,0
CUST102384,44.0,Female,South,Standard,Annual,Wallet,2,397.37,397.37,0,20.0,21.1,21.7,18,3,1.7,3.4,0,0
CUST102385,29.0,Female,East,Standard,Monthly,UPI,7,403.67,363.3,1,22.9,20.2,18.5,24,1,4.2,2.7,0,0
CUST102386,18.0,Female,North,Basic,Annual,NetBanking,19,176.05,176.05,0,29.8,38.2,37.4,17,3,3.0,1.6,1,1
CUST102387,43.0,Female,West,Standard,Annual,UPI,4,407.8,489.36,0,10.4,9.2,9.7,9,1,1.7,2.2,1,1
CUST102388,48.0,Female,East,Basic,Annual,Card,43,192.34,192.34,0,17.0,18.4,22.9,18,1,2.1,2.6,0,0
CUST102389,36.0,Female,South,Premium,Monthly,Wallet,12,690.31,690.31,0,22.3,,38.6,17,2,3.4,,0,1
CUST102390,18.0,Female,South,Basic,Annual,UPI,3,212.36,191.12,0,28.2,29.6,31.3,22,0,,4.5,0,0
CUST102391,44.0,Male,South,Standard,Monthly,Wallet,7,401.85,482.22,1,24.3,27.3,30.8,26,1,3.4,3.1,1,1
CUST102392,18.0,Female,East,Basic,Annual,UPI,21,195.51,195.51,0,16.7,14.1,15.8,12,0,0.0,3.5,1,0
CUST102393,39.0,Female,North,Standard,Monthly,UPI,5,395.6,395.6,0,29.3,31.5,38.3,20,2,3.2,2.0,0,1
CUST102394,26.0,Female,East,Basic,Monthly,Card,1,216.67,238.34,0,15.9,16.8,17.0,12,2,2.3,2.0,0,1
CUST102395,23.0,Female,North,Standard,Monthly,UPI,1,407.07,447.78,0,14.5,18.9,27.0,17,2,1.0,3.7,0,1
CUST102396,31.0,Female,South,Basic,Monthly,UPI,23,190.21,190.21,0,5.6,6.9,8.9,5,0,0.0,3.4,0,0
CUST102397,34.0,Male,South,Basic,Monthly,Wallet,2,194.14,232.97,0,9.5,9.0,6.8,9,1,1.5,3.2,0,1
CUST102398,29.0,Male,South,Premium,Monthly,NetBanking,37,657.41,788.89,1,16.0,18.3,21.6,15,0,0.0,4.5,0,0
CUST102399,42.0,Male,North,Standard,Monthly,UPI,51,389.99,350.99,0,9.8,12.0,14.0,6,1,4.4,4.0,0,0
CUST102400,31.0,Male,North,Standard,Annual,UPI,4,431.08,387.97,0,6.9,6.3,6.6,6,2,1.4,3.1,0,1
CUST102401,47.0,Male,West,Standard,Monthly,Card,10,395.68,474.82,0,10.7,7.4,5.9,8,1,1.8,4.7,0,0
CUST102402,39.0,Male,South,Basic,Monthly,UPI,1,185.7,185.7,0,36.8,35.4,30.4,28,0,0.0,3.3,1,0
CUST102403,28.0,Male,East,Premium,Annual,Wallet,17,714.06,714.06,0,8.5,9.4,10.0,6,0,0.0,2.8,0,0
CUST102404,26.0,Male,South,Basic,Monthly,UPI,38,195.09,195.09,0,9.1,10.4,11.8,9,2,2.7,2.0,0,0
CUST102405,18.0,Female,East,Premium,Annual,UPI,7,718.62,862.34,0,27.5,29.1,35.9,32,3,2.0,4.2,0,0
CUST102406,39.0,Female,South,Premium,Monthly,NetBanking,13,690.53,690.53,0,22.1,21.4,22.3,14,0,0.0,3.2,0,1
CUST102407,32.0,Male,East,Basic,Monthly,Card,3,213.38,256.06,0,17.1,17.0,16.7,18,3,5.4,3.1,0,0
CUST102408,18.0,Male,South,Basic,Monthly,Wallet,28,189.94,189.94,0,26.4,26.5,27.1,21,2,0.3,5.0,0,0
CUST102409,30.0,Male,South,Standard,Annual,UPI,11,375.76,338.18,0,18.5,16.1,19.5,18,0,0.0,3.0,0,0
CUST102410,26.0,Male,North,Standard,Annual,Card,41,417.71,417.71,0,1.5,1.4,1.5,1,2,1.9,3.4,0,0
CUST102411,53.0,Male,North,Basic,Annual,UPI,19,179.06,161.15,0,12.7,9.6,5.5,9,1,2.4,3.7,1,0
CUST102412,18.0,Male,North,Basic,Monthly,Card,12,197.29,217.02,0,49.6,50.5,57.3,34,3,2.2,3.1,0,1
CUST102413,20.0,Male,South,Basic,Annual,UPI,24,206.97,227.67,0,18.5,11.0,8.1,14,1,1.5,4.5,0,0
CUST102414,48.0,Female,West,Standard,Monthly,Card,24,355.22,390.74,1,30.9,30.5,24.9,28,2,2.4,3.7,0,0
CUST102415,51.0,Female,South,Standard,Annual,Card,2,400.29,480.35,0,32.0,48.4,65.5,30,0,0.0,4.0,1,0
CUST102416,28.0,Female,North,Basic,Monthly,UPI,8,184.12,184.12,0,24.0,22.9,22.2,34,0,0.0,5.0,0,0
CUST102417,29.0,Male,West,Standard,Annual,UPI,3,362.2,362.2,0,17.5,15.5,12.0,16,2,2.3,1.8,0,0
CUST102418,43.0,Male,East,Standard,Annual,Card,19,377.73,377.73,0,11.2,10.6,12.1,6,0,0.0,2.6,1,0
CUST102419,18.0,Female,South,Premium,Monthly,NetBanking,2,692.59,692.59,0,8.6,8.5,8.7,9,4,5.8,2.7,0,1
CUST102420,18.0,Male,North,Basic,Annual,Card,7,191.98,211.18,1,31.5,31.4,31.5,30,1,1.9,,2,0
CUST102421,33.0,Female,South,Basic,Monthly,UPI,23,210.02,210.02,0,21.4,21.9,21.0,17,1,6.4,3.5,2,1
CUST102422,53.0,Female,North,Basic,Monthly,UPI,5,199.82,219.8,0,21.6,28.8,40.0,13,0,0.0,3.1,0,0
CUST102423,31.0,Female,North,Standard,Monthly,Card,32,389.25,389.25,0,24.0,18.4,16.5,18,2,3.3,4.6,2,0
CUST102424,37.0,Male,West,Basic,Annual,Wallet,11,185.97,204.57,0,14.7,17.2,19.2,16,2,,4.1,3,0
CUST102425,48.0,Female,West,Basic,Monthly,UPI,5,201.23,201.23,0,28.6,22.8,19.6,26,2,4.0,2.7,1,0
CUST102426,59.0,Male,South,Standard,Monthly,Card,6,440.08,440.08,0,19.2,23.8,24.6,21,3,0.5,4.7,0,0
CUST102427,30.0,Male,South,Standard,Annual,UPI,21,384.98,423.48,0,15.5,14.4,14.8,17,0,0.0,3.4,0,0
CUST102428,36.0,Male,North,Basic,Monthly,UPI,8,193.17,173.85,1,21.7,16.2,13.5,19,0,,3.5,0,0
CUST102429,56.0,Female,North,Basic,Annual,Card,72,188.45,188.45,0,29.1,29.8,25.3,6,1,3.2,2.0,0,0
CUST102430,19.0,Female,North,Basic,Monthly,Card,5,210.78,189.7,0,15.2,11.7,12.1,10,1,6.2,3.8,0,0
CUST102431,47.0,Male,East,Basic,Monthly,UPI,3,208.22,229.04,0,49.4,49.8,62.2,25,2,1.6,5.0,0,0
CUST102432,25.0,Male,North,Basic,Annual,UPI,22,194.56,175.1,0,8.4,8.5,10.0,9,0,0.0,5.0,0,0
CUST102433,37.0,Female,West,Basic,Monthly,Card,31,193.04,231.65,1,23.2,21.0,17.9,21,0,,,1,0
CUST102434,33.0,Female,North,Basic,Monthly,UPI,10,189.61,189.61,0,12.0,11.4,13.8,9,2,0.9,2.8,0,1
CUST102435,25.0,Male,South,Premium,Monthly,Card,2,688.89,688.89,0,19.4,18.1,14.9,14,2,2.5,,1,1
CUST102436,25.0,Male,South,Premium,Annual,Card,10,734.64,808.1,0,25.7,20.0,17.9,27,1,1.0,5.0,0,0
CUST102437,39.0,Female,East,Basic,Monthly,UPI,1,199.41,199.41,0,85.9,92.3,95.8,55,2,1.2,3.5,2,1
CUST102438,47.0,Female,South,Standard,Annual,Card,21,424.69,424.69,0,6.5,7.8,8.8,4,1,1.9,4.3,0,0
CUST102439,35.0,Female,South,Basic,Annual,Card,56,191.83,230.2,0,10.1,7.8,7.6,6,2,5.6,4.0,0,0
CUST102440,37.0,Male,South,Premium,Monthly,Card,1,618.17,618.17,0,23.7,19.5,20.5,20,1,3.6,4.7,0,0
CUST102441,42.0,Male,East,Premium,Monthly,UPI,9,790.06,948.07,1,29.4,24.9,21.7,19,0,0.0,4.7,1,0
CUST102442,25.0,Male,West,Standard,Monthly,UPI,33,403.28,362.95,0,14.3,15.6,15.9,15,0,0.0,3.2,1,0
CUST102443,44.0,Male,North,Standard,Monthly,UPI,1,414.53,455.98,0,9.7,,6.1,8,0,0.0,,0,0
CUST102444,45.0,Female,South,Basic,Monthly,UPI,44,191.16,191.16,0,24.1,19.9,15.5,13,1,0.6,3.1,0,0
CUST102445,65.0,Male,North,Basic,Monthly,UPI,47,185.44,185.44,1,13.0,9.7,8.4,10,3,0.2,4.0,0,0
CUST102446,32.0,Female,North,Standard,Monthly,Card,1,402.09,361.88,0,34.1,26.6,21.5,21,0,0.0,4.3,2,0
CUST102447,31.0,Female,West,Basic,Annual,Card,3,179.18,161.26,1,22.7,23.8,24.1,18,2,6.7,3.9,0,0
CUST102448,44.0,Female,North,Standard,Monthly,Card,72,393.67,472.4,0,23.8,27.7,30.1,25,2,3.2,3.7,0,1
CUST102449,45.0,Female,East,Standard,Monthly,NetBanking,38,419.4,503.28,0,32.0,36.7,36.1,25,4,2.9,1.3,0,1
CUST102450,30.0,Female,West,Basic,Monthly,Card,29,203.46,203.46,0,43.7,40.8,33.3,30,1,1.2,4.1,0,0
CUST102451,32.0,Male,East,Standard,Monthly,Card,13,404.09,363.68,0,10.8,11.6,12.0,10,1,3.9,2.3,0,0
CUST102452,42.0,Male,South,Standard,Monthly,UPI,44,433.79,433.79,0,15.8,18.3,17.6,12,2,2.2,2.3,0,0
CUST102453,27.0,Male,East,Standard,Annual,UPI,9,406.49,406.49,1,34.1,36.9,40.3,31,2,1.2,4.4,3,0
CUST102454,31.0,Other,North,Standard,Monthly,NetBanking,20,361.01,361.01,0,18.9,18.2,18.5,17,0,0.0,3.4,0,0
CUST102455,37.0,Female,North,Premium,Monthly,UPI,10,693.79,693.79,0,13.8,13.4,12.8,8,1,5.0,2.2,0,0
CUST102456,47.0,Male,West,Basic,Annual,Card,2,218.16,218.16,0,17.8,19.1,19.2,10,1,,,0,0
CUST102457,29.0,Male,South,Standard,Monthly,UPI,2,392.83,392.83,0,41.9,37.3,35.2,31,0,0.0,4.5,0,0
CUST102458,18.0,Male,North,Basic,Annual,UPI,14,217.55,217.55,0,18.3,21.1,22.0,16,0,0.0,3.3,1,0
CUST102459,18.0,Male,South,Basic,Monthly,Wallet,17,209.19,230.11,0,25.2,33.4,39.2,29,0,0.0,4.9,0,0
CUST102460,22.0,Female,South,Premium,Annual,UPI,64,684.72,684.72,0,15.6,20.3,21.1,9,1,6.9,4.5,0,0
CUST102461,22.0,Male,East,Basic,Annual,UPI,13,188.25,188.25,0,7.6,6.7,7.3,5,4,0.7,3.8,0,1
CUST102462,34.0,Female,West,Basic,Annual,Card,36,202.38,222.62,0,29.0,35.2,35.5,29,0,0.0,4.5,0,0
CUST102463,23.0,Female,East,Basic,Monthly,Wallet,2,211.64,211.64,0,15.6,21.1,29.7,13,0,0.0,2.5,1,1
CUST102464,28.0,Male,South,Premium,Monthly,UPI,27,643.83,643.83,1,30.7,27.8,21.0,24,4,1.0,2.5,0,0
CUST102465,27.0,Male,South,Premium,Annual,Card,26,703.21,773.53,0,24.6,27.9,24.5,23,0,0.0,4.2,1,0
CUST102466,31.0,Other,North,Basic,Monthly,UPI,1,178.69,214.43,0,21.7,22.4,27.4,23,1,1.4,2.7,0,1
CUST102467,51.0,Female,North,Standard,Monthly,UPI,7,392.23,431.45,0,35.3,38.7,41.2,36,3,3.4,3.6,1,0
CUST102468,43.0,Male,West,Basic,Monthly,Card,9,182.54,164.29,0,15.6,15.1,14.2,10,1,1.6,4.6,2,1
CUST102469,36.0,Male,East,Standard,Monthly,UPI,5,410.22,410.22,1,28.7,41.2,51.5,26,1,0.8,2.4,0,0
CUST102470,31.0,Female,West,Standard,Monthly,UPI,3,385.25,423.78,0,18.4,16.7,17.4,19,0,0.0,2.0,1,1
CUST102471,,Female,West,Basic,Monthly,Card,25,210.52,189.47,0,15.0,12.6,12.0,11,1,0.5,3.6,0,0
CUST102472,40.0,Female,North,Standard,Monthly,Wallet,2,388.22,388.22,0,23.4,20.3,18.1,21,0,0.0,,1,0
CUST102473,42.0,Female,East,Premium,Monthly,Wallet,6,676.93,676.93,1,14.0,11.9,10.7,10,5,4.3,2.5,1,1
CUST102474,26.0,Female,East,Basic,Monthly,Card,1,182.93,164.64,0,16.0,17.9,19.2,10,1,1.1,2.3,1,1
CUST102475,36.0,Male,West,Basic,Monthly,UPI,1,202.89,223.18,0,20.1,20.1,16.6,18,2,2.4,3.9,0,0
CUST102476,18.0,Female,North,Premium,Annual,NetBanking,3,716.2,716.2,0,34.4,26.1,23.9,34,2,3.1,3.6,0,0
CUST102477,38.0,Male,East,Basic,Monthly,UPI,19,208.35,208.35,1,36.2,43.5,52.3,35,1,1.3,4.1,1,0
CUST102478,,Female,North,Standard,Monthly,Wallet,23,412.07,412.07,0,9.9,9.0,8.1,5,6,3.5,4.5,0,1
CUST102479,33.0,Other,East,Standard,Annual,Card,7,407.01,407.01,1,14.6,13.6,13.0,16,0,0.0,2.6,1,0
CUST102480,56.0,Other,West,Basic,Monthly,UPI,38,204.93,245.92,0,26.2,19.6,15.7,24,2,0.5,4.1,0,0
CUST102481,26.0,Female,West,Basic,Monthly,UPI,11,205.93,205.93,1,13.5,11.8,11.3,14,0,0.0,3.8,0,1
CUST102482,38.0,Female,South,Basic,Monthly,Card,13,208.03,208.03,0,14.4,15.2,15.5,9,3,0.7,,2,0
CUST102483,36.0,Female,South,Basic,Monthly,UPI,3,183.8,183.8,0,18.0,16.9,18.6,18,1,3.9,2.9,0,1
CUST102484,35.0,Other,West,Standard,Monthly,Card,44,389.79,428.77,0,25.6,26.0,23.5,24,0,0.0,2.4,1,0
CUST102485,35.0,Female,East,Premium,Monthly,Card,20,642.27,706.5,0,21.4,22.1,20.2,12,1,4.8,5.0,0,0
CUST102486,37.0,Male,West,Basic,Annual,Card,67,202.3,182.07,1,36.5,43.3,54.0,33,0,0.0,5.0,1,0
CUST102487,45.0,Male,South,Standard,Monthly,Card,1,431.52,474.67,1,20.0,15.4,11.3,12,2,1.2,5.0,0,0
CUST102488,51.0,Female,West,Basic,Monthly,Card,72,207.92,187.13,1,21.6,25.0,27.0,18,3,0.9,2.3,2,0
CUST102489,36.0,Female,East,Basic,Monthly,UPI,4,192.96,192.96,0,18.4,16.1,14.7,23,3,2.6,2.9,1,0
CUST102490,45.0,Female,South,Standard,Monthly,Card,14,409.08,409.08,0,22.9,28.1,28.9,20,1,2.9,4.8,0,0
CUST102491,28.0,Female,South,Basic,Monthly,Card,38,202.47,202.47,0,15.1,18.5,19.9,12,1,1.4,3.4,0,0
CUST102492,44.0,Male,East,Standard,Annual,Card,25,403.65,403.65,0,23.5,20.1,15.5,12,1,4.9,2.9,1,0
CUST102493,28.0,Male,South,Basic,Annual,NetBanking,48,186.03,186.03,0,13.4,15.6,18.0,12,1,8.9,4.0,0,0
CUST102494,48.0,Female,West,Standard,Annual,Card,35,425.24,510.29,0,33.0,37.4,49.6,26,1,0.9,2.3,0,0
CUST102495,60.0,Male,North,Premium,Monthly,UPI,20,657.83,592.05,0,19.0,15.6,11.2,8,1,2.1,1.7,0,0
CUST102496,35.0,Female,North,Basic,Monthly,Card,3,195.35,195.35,0,39.8,57.2,72.5,24,1,1.1,5.0,0,1
CUST102497,18.0,Female,South,Premium,Monthly,Card,10,732.52,732.52,0,32.7,28.4,23.8,32,1,3.8,3.3,0,0
CUST102498,,Female,West,Basic,Monthly,UPI,58,195.28,214.81,0,21.9,19.3,14.6,23,0,0.0,4.6,2,0
CUST102499,50.0,Male,East,Basic,Monthly,UPI,6,199.79,239.75,0,26.8,26.0,18.5,22,1,1.0,3.3,3,0
CUST102500,42.0,Female,West,Basic,Monthly,UPI,72,200.19,180.17,0,23.8,23.3,24.9,24,1,1.9,3.8,0,0
CUST102501,39.0,Male,West,Premium,Monthly,UPI,16,701.3,631.17,0,10.1,10.7,11.5,8,1,3.1,3.6,1,1
CUST102502,47.0,Male,North,Standard,Monthly,Card,30,401.3,401.3,0,21.4,22.6,19.3,14,1,,,0,0
CUST102503,41.0,Male,West,Premium,Monthly,Card,1,706.48,847.78,0,20.9,18.1,15.8,26,1,3.1,3.0,0,1
CUST102504,49.0,Male,North,Standard,Monthly,NetBanking,21,400.49,480.59,0,18.3,17.3,16.1,10,1,1.4,4.3,0,0
CUST102505,46.0,Female,North,Basic,Monthly,Card,41,190.09,190.09,0,24.7,25.6,22.6,22,1,0.2,3.9,0,0
CUST102506,53.0,Female,South,Premium,Monthly,NetBanking,11,644.83,773.8,0,21.7,18.3,15.4,15,1,3.5,3.5,0,0
CUST102507,40.0,Male,South,Premium,Monthly,UPI,9,733.88,733.88,0,22.5,26.4,27.9,17,0,0.0,,1,1
CUST102508,46.0,Female,East,Standard,Monthly,Card,14,419.82,419.82,0,38.8,36.0,31.2,44,2,1.5,3.8,0,0
CUST102509,33.0,Female,South,Standard,Monthly,Card,12,405.73,405.73,1,20.1,18.7,22.2,17,1,2.1,3.1,0,0
CUST102510,29.0,Female,East,Premium,Annual,UPI,63,710.5,710.5,0,28.9,28.7,25.9,22,1,4.1,2.9,0,0
CUST102511,55.0,Female,West,Basic,Monthly,UPI,36,189.89,227.87,0,18.9,20.2,18.1,13,1,3.1,2.7,0,1
CUST102512,38.0,Female,North,Premium,Monthly,Wallet,38,613.77,552.39,0,39.2,30.5,27.2,36,2,3.9,3.4,0,0
CUST102513,45.0,Male,South,Premium,Monthly,Card,17,690.31,621.28,0,26.2,26.1,28.9,16,1,4.3,3.4,0,0
CUST102514,37.0,Male,East,Standard,Monthly,Wallet,72,361.15,325.03,0,21.9,17.8,17.9,18,1,1.8,3.1,1,0
CUST102515,30.0,Female,South,Basic,Monthly,Card,38,200.83,200.83,0,14.1,16.2,13.2,11,2,7.6,,0,0
CUST102516,36.0,Female,West,Basic,Monthly,Card,26,211.98,190.78,1,39.6,35.4,33.5,26,0,0.0,3.8,0,0
CUST102517,52.0,Female,North,Premium,Monthly,UPI,11,677.47,812.96,1,31.6,29.7,26.8,17,0,0.0,2.3,2,0
CUST102518,42.0,Male,North,Premium,Annual,Wallet,6,679.47,679.47,0,13.6,15.0,18.0,11,2,2.3,,1,1
CUST102519,18.0,Male,North,Standard,Annual,UPI,40,378.93,341.04,1,8.5,8.5,10.0,6,3,2.2,3.3,1,0
CUST102520,34.0,Female,North,Premium,Monthly,NetBanking,17,700.55,700.55,0,17.1,15.8,12.7,15,0,0.0,4.5,0,0
CUST102521,56.0,Male,South,Standard,Monthly,UPI,4,398.34,398.34,1,11.9,,15.2,5,2,2.1,2.3,1,1
CUST102522,34.0,Female,South,Premium,Annual,NetBanking,13,663.38,663.38,0,18.0,21.8,24.9,13,4,2.4,1.8,0,1
CUST102523,18.0,Female,North,Basic,Monthly,NetBanking,2,208.08,208.08,1,28.0,27.7,29.0,28,4,2.0,3.3,1,1
CUST102524,57.0,Male,West,Basic,Annual,UPI,7,225.89,271.07,0,31.5,30.6,34.9,15,2,0.9,3.4,0,1
CUST102525,44.0,Male,South,Standard,Annual,UPI,9,422.74,465.01,0,8.0,7.1,6.9,10,2,2.7,3.7,0,0
CUST102526,35.0,Male,South,Basic,Monthly,UPI,12,197.9,197.9,1,9.7,7.5,7.3,9,2,1.9,2.6,0,0
CUST102527,32.0,Male,South,Basic,Monthly,Wallet,54,197.78,178.0,0,11.7,14.6,16.1,9,1,4.5,4.4,1,0
CUST102528,48.0,Female,North,Standard,Monthly,UPI,6,388.75,466.5,0,21.3,18.0,17.3,18,2,5.5,4.1,0,0
CUST102529,30.0,Female,South,Basic,Annual,Card,16,193.68,193.68,0,32.5,41.2,44.9,21,1,3.8,4.2,0,0
CUST102530,49.0,Male,West,Standard,Monthly,NetBanking,1,418.12,418.12,0,18.9,19.8,21.9,21,2,4.9,2.8,0,0
CUST102531,42.0,Female,South,Basic,Annual,UPI,20,208.97,208.97,0,7.9,7.5,5.9,7,0,0.0,3.3,1,0
CUST102532,39.0,Male,East,Premium,Monthly,UPI,28,658.12,658.12,0,22.6,27.0,40.2,19,1,2.4,3.4,0,0
CUST102533,38.0,Male,South,Basic,Annual,UPI,13,202.64,202.64,0,15.6,16.5,17.0,16,4,,1.0,0,1
CUST102534,34.0,Female,North,Standard,Annual,Card,8,421.17,421.17,0,15.7,13.9,12.8,14,2,1.1,2.9,1,0
CUST102535,48.0,Female,South,Standard,Monthly,UPI,45,392.01,352.81,1,21.2,31.3,48.4,14,1,2.5,4.4,2,1
CUST102536,26.0,Female,East,Basic,Monthly,Card,17,196.9,196.9,0,25.2,29.0,30.1,20,3,6.1,2.2,1,1
CUST102537,18.0,Male,West,Basic,Monthly,NetBanking,1,205.93,205.93,0,30.8,39.1,44.3,29,0,0.0,5.0,0,0
CUST102538,43.0,Female,South,Basic,Annual,UPI,38,206.21,206.21,0,33.0,30.3,35.1,27,0,0.0,2.5,0,0
CUST102539,43.0,Male,West,Basic,Annual,NetBanking,4,203.27,203.27,1,28.9,28.3,27.2,16,3,2.7,2.1,2,1
CUST102540,41.0,Other,South,Basic,Monthly,Card,15,201.53,221.68,0,27.3,,22.1,30,1,3.4,2.8,0,0
CUST102541,40.0,Female,North,Basic,Annual,Wallet,8,202.87,223.16,1,9.4,9.4,9.3,8,2,0.8,3.8,0,0
CUST102542,32.0,Female,East,Standard,Monthly,UPI,12,393.46,393.46,0,26.3,29.9,31.4,19,2,7.2,2.9,1,1
CUST102543,45.0,Male,South,Basic,Monthly,UPI,15,187.88,225.46,0,18.2,19.8,17.5,17,2,4.5,2.0,1,1
CUST102544,35.0,Male,North,Basic,Annual,Wallet,28,183.51,165.16,0,32.7,30.9,25.4,23,0,,4.3,0,0
CUST102545,31.0,Female,South,Basic,Monthly,UPI,26,204.93,204.93,0,15.0,19.2,17.1,8,2,1.2,3.5,1,0
CUST102546,33.0,Male,East,Standard,Annual,Wallet,4,401.16,401.16,1,17.5,14.7,18.7,14,1,1.4,2.8,0,1
CUST102547,58.0,Female,North,Standard,Monthly,UPI,10,408.09,448.9,0,14.0,17.3,20.0,13,3,2.8,4.8,0,1
CUST102548,18.0,Female,West,Standard,Monthly,Card,28,382.46,420.71,0,15.3,13.6,12.9,12,1,3.0,4.3,0,0
CUST102549,41.0,Other,South,Standard,Monthly,UPI,11,401.05,360.94,0,36.0,35.9,34.1,28,2,0.4,3.8,0,0
CUST102550,18.0,Male,West,Standard,Monthly,NetBanking,24,400.57,400.57,0,14.4,15.6,16.3,11,2,0.6,2.7,1,0
CUST102551,35.0,Female,South,Basic,Monthly,UPI,4,211.73,211.73,0,20.3,17.9,18.0,16,0,0.0,2.7,1,0
CUST102552,,Male,East,Basic,Annual,UPI,60,207.47,207.47,0,15.0,15.6,16.9,13,1,2.4,5.0,0,0
CUST102553,18.0,Male,South,Standard,Monthly,Card,14,384.24,384.24,1,20.3,17.9,17.2,20,1,3.8,2.6,1,1
CUST102554,40.0,Female,South,Basic,Monthly,UPI,3,204.02,224.42,0,22.6,23.0,22.8,22,0,0.0,4.3,0,1
CUST102555,32.0,Male,South,Premium,Monthly,NetBanking,6,672.9,807.48,0,26.1,25.0,25.9,32,1,1.0,4.5,0,0
CUST102556,18.0,Female,East,Standard,Monthly,Wallet,34,346.87,346.87,0,19.3,20.7,24.3,22,0,0.0,2.4,1,0
CUST102557,45.0,Female,South,Standard,Monthly,Card,5,433.43,433.43,0,37.6,41.1,54.9,24,4,1.2,2.6,1,0
CUST102558,52.0,Female,North,Standard,Annual,Card,11,391.52,430.67,0,8.4,9.1,7.6,6,1,4.2,,0,0
CUST102559,52.0,Other,West,Premium,Annual,Card,16,735.33,882.4,0,14.1,12.1,12.6,13,5,1.4,2.9,1,1
CUST102560,40.0,Female,South,Basic,Monthly,Card,3,192.42,192.42,0,13.8,16.1,15.2,6,0,0.0,3.0,3,1
CUST102561,37.0,Male,South,Basic,Monthly,NetBanking,2,190.97,210.07,0,12.2,9.3,7.3,11,2,1.0,2.4,0,1
CUST102562,51.0,Female,South,Premium,Monthly,UPI,24,679.9,611.91,0,25.1,26.4,22.1,16,3,2.4,1.7,0,0
CUST102563,55.0,Male,South,Standard,Monthly,Card,16,404.04,484.85,0,13.8,18.6,25.5,11,2,1.8,3.2,0,1
CUST102564,48.0,Female,North,Basic,Annual,NetBanking,45,200.75,180.68,1,3.6,2.8,2.7,3,1,6.6,1.8,1,0
CUST102565,26.0,Female,East,Basic,Monthly,NetBanking,15,203.95,203.95,0,21.5,25.9,30.2,10,1,0.7,5.0,0,1
CUST102566,38.0,Female,South,Basic,Annual,UPI,25,194.06,194.06,0,38.1,37.0,41.4,49,3,1.6,2.8,0,0
CUST102567,41.0,Male,South,Premium,Monthly,Wallet,4,700.41,700.41,0,4.6,4.5,4.2,3,3,1.8,,0,0
CUST102568,18.0,Male,East,Basic,Annual,UPI,4,190.61,209.67,0,24.5,23.4,22.0,27,2,1.6,3.2,0,0
CUST102569,41.0,Male,South,Basic,Annual,Card,20,213.62,256.34,1,30.0,30.5,33.2,15,1,1.4,3.8,0,0
CUST102570,61.0,Male,North,Basic,Annual,NetBanking,23,185.93,185.93,0,14.7,19.0,19.5,10,2,2.3,2.0,0,0
CUST102571,43.0,Male,West,Premium,Annual,Card,3,670.27,804.32,0,22.8,24.8,33.3,22,3,2.3,3.6,1,0
CUST102572,52.0,Male,South,Standard,Monthly,Wallet,22,390.55,429.61,0,1.6,1.7,1.9,1,0,0.0,2.6,1,1
CUST102573,38.0,Male,North,Standard,Annual,UPI,17,446.66,446.66,1,20.7,20.3,19.9,20,0,0.0,,0,0
CUST102574,35.0,Female,West,Premium,Monthly,Wallet,15,725.8,798.38,0,25.8,28.3,28.0,24,1,3.7,,0,1
CUST102575,40.0,Male,East,Basic,Monthly,Card,58,190.51,190.51,0,15.5,19.7,20.1,10,2,4.9,4.0,0,0
CUST102576,27.0,Female,West,Standard,Monthly,UPI,24,415.4,373.86,0,15.8,17.6,20.7,17,2,2.1,2.0,0,0
CUST102577,25.0,Male,West,Standard,Monthly,NetBanking,9,409.29,409.29,0,23.1,25.9,27.0,21,2,0.2,4.0,0,1
CUST102578,50.0,Female,North,Standard,Annual,NetBanking,1,404.46,485.35,0,19.4,25.8,31.4,10,1,4.0,1.8,2,1
CUST102579,51.0,Male,North,Standard,Monthly,NetBanking,10,412.88,454.17,0,31.8,30.6,29.0,26,3,2.8,1.4,0,0
CUST102580,25.0,Female,East,Premium,Monthly,Card,42,701.03,771.13,0,20.2,18.4,17.5,19,0,0.0,4.8,0,0
CUST102581,47.0,Female,East,Basic,Monthly,UPI,3,200.7,220.77,0,23.6,21.0,19.5,19,2,6.4,4.2,1,1
CUST102582,35.0,Female,East,Basic,Monthly,UPI,13,183.55,183.55,0,16.0,18.6,19.8,13,2,3.1,2.8,0,1
CUST102583,40.0,Male,North,Premium,Annual,Card,5,749.44,824.38,1,15.9,17.7,16.5,14,0,0.0,3.4,1,0
CUST102584,41.0,Female,West,Basic,Annual,UPI,43,194.55,194.55,0,27.6,26.5,21.9,13,0,0.0,,0,0
CUST102585,47.0,Male,South,Standard,Monthly,UPI,11,374.32,374.32,0,29.1,22.8,20.3,22,2,2.5,3.5,0,0
CUST102586,37.0,Male,South,Basic,Monthly,UPI,7,193.98,193.98,0,9.2,9.1,8.3,7,1,8.1,4.5,0,0
CUST102587,52.0,Male,South,Premium,Monthly,Card,4,682.78,682.78,0,17.6,16.5,13.8,17,1,3.6,3.2,0,0
CUST102588,39.0,Female,South,Standard,Monthly,NetBanking,1,383.02,459.62,0,23.7,26.2,29.2,16,0,0.0,2.2,1,1
CUST102589,43.0,Male,East,Premium,Monthly,Wallet,4,726.18,798.8,0,5.0,5.6,6.0,6,0,0.0,3.7,1,0
CUST102590,27.0,Female,South,Standard,Annual,UPI,8,418.44,418.44,1,17.5,16.9,17.2,12,1,9.1,2.8,2,1
CUST102591,60.0,Male,East,Premium,Monthly,NetBanking,30,630.53,630.53,0,46.6,69.7,86.1,27,1,1.8,4.8,0,0
CUST102592,41.0,Male,North,Standard,Monthly,NetBanking,1,388.73,349.86,1,12.3,11.0,7.5,13,0,0.0,3.4,0,0
CUST102593,44.0,Male,South,Standard,Annual,Card,41,390.16,351.14,1,12.1,13.7,14.8,11,0,0.0,5.0,0,0
CUST102594,18.0,Male,South,Standard,Monthly,UPI,2,395.57,356.01,0,18.8,23.0,31.1,17,0,0.0,3.7,1,1
CUST102595,27.0,Female,North,Standard,Annual,Wallet,19,433.04,433.04,0,19.5,18.0,16.8,15,1,2.3,2.9,1,0
CUST102596,50.0,Female,East,Standard,Monthly,UPI,9,382.77,382.77,1,16.5,13.9,12.2,12,0,0.0,4.9,1,0
CUST102597,39.0,Female,North,Basic,Monthly,Card,37,214.55,214.55,0,29.4,30.1,31.1,26,3,1.4,,0,0
CUST102598,18.0,Male,South,Basic,Monthly,UPI,10,197.55,197.55,0,6.9,5.8,6.1,5,0,0.0,3.8,0,1
CUST102599,47.0,Male,South,Standard,Monthly,NetBanking,6,430.36,473.4,0,11.8,10.7,9.8,14,0,0.0,3.4,0,0
CUST102600,30.0,Female,South,Basic,Annual,UPI,5,195.91,215.5,0,17.5,18.3,17.6,15,0,0.0,,0,0
CUST102601,52.0,Male,South,Standard,Monthly,Card,13,390.46,468.55,0,32.5,40.3,53.6,24,2,5.5,3.6,0,1
CUST102602,35.0,Male,West,Basic,Monthly,Card,1,198.77,198.77,0,14.2,14.3,15.5,10,2,3.5,2.7,1,1
CUST102603,,Female,South,Basic,Annual,NetBanking,68,211.86,190.67,0,11.2,9.8,8.9,6,3,2.1,2.2,1,0
CUST102604,49.0,Male,South,Standard,Monthly,UPI,34,402.16,402.16,0,5.8,9.6,13.6,5,4,2.2,2.6,1,1
CUST102605,26.0,Male,West,Basic,Monthly,Wallet,11,201.08,221.19,0,10.5,11.3,9.6,7,2,1.4,2.6,1,1
CUST102606,25.0,Male,East,Premium,Annual,UPI,12,721.25,865.5,0,6.1,8.0,8.7,5,2,0.5,,1,1
CUST102607,34.0,Female,North,Premium,Monthly,NetBanking,4,668.25,801.9,0,13.7,13.5,12.5,18,2,8.5,,0,0
CUST102608,45.0,Male,East,Standard,Annual,Card,24,405.72,486.86,0,24.9,19.1,15.9,11,2,6.5,3.8,0,0
CUST102609,21.0,Female,West,Basic,Monthly,NetBanking,8,192.75,192.75,1,22.7,23.4,22.3,18,3,2.9,2.5,2,1
CUST102610,18.0,Male,South,Basic,Annual,NetBanking,10,213.64,192.28,0,25.5,27.9,33.7,13,1,1.8,2.2,1,0
CUST102611,45.0,Male,South,Standard,Monthly,UPI,19,407.35,448.08,1,9.6,8.8,6.8,7,1,1.1,4.0,0,0
CUST102612,29.0,Male,West,Basic,Monthly,Card,20,205.89,247.07,0,7.8,7.5,5.6,6,1,3.6,2.9,0,0
CUST102613,32.0,Female,West,Premium,Annual,Wallet,19,627.73,564.96,0,22.1,28.0,34.6,12,1,4.9,3.8,1,0
CUST102614,18.0,Male,West,Premium,Monthly,NetBanking,3,723.7,723.7,0,28.3,38.7,65.3,25,3,4.6,4.1,0,1
CUST102615,29.0,Female,South,Basic,Monthly,UPI,16,197.23,197.23,0,18.8,16.5,14.7,21,1,10.5,3.4,0,1
CUST102616,36.0,Male,West,Standard,Monthly,UPI,8,370.33,370.33,0,23.0,20.8,17.2,20,2,0.4,2.4,0,0
CUST102617,46.0,Male,South,Standard,Monthly,Wallet,39,400.89,400.89,1,18.1,16.6,14.0,18,0,0.0,3.5,0,0
CUST102618,28.0,Male,East,Standard,Monthly,UPI,2,368.71,368.71,0,14.7,,20.4,17,2,0.2,2.5,1,1
CUST102619,54.0,Female,West,Basic,Monthly,UPI,22,205.08,205.08,1,16.0,16.1,16.9,15,0,0.0,2.9,1,1
CUST102620,28.0,Male,South,Standard,Monthly,UPI,55,427.61,427.61,1,28.0,27.8,25.8,9,2,3.5,2.9,1,0
CUST102621,28.0,Female,South,Basic,Annual,Card,3,181.18,181.18,0,18.0,13.3,9.2,15,1,2.4,2.3,1,0
CUST102622,53.0,Female,North,Premium,Annual,NetBanking,34,697.95,837.54,0,27.9,27.0,29.0,8,1,1.9,2.4,1,0
CUST102623,38.0,Female,West,Standard,Annual,NetBanking,53,395.71,395.71,0,20.2,21.6,24.2,13,1,6.7,4.2,0,0
CUST102624,30.0,Female,South,Standard,Monthly,UPI,72,359.31,359.31,1,13.6,17.3,26.5,7,0,0.0,3.9,0,0
CUST102625,34.0,Female,West,Premium,Monthly,Card,14,731.03,804.13,1,23.7,18.2,18.4,20,1,1.7,3.8,0,0
CUST102626,51.0,Female,South,Standard,Monthly,Card,13,411.48,493.78,0,18.3,15.6,15.1,11,1,2.5,4.2,1,1
CUST102627,52.0,Male,North,Standard,Monthly,Card,17,439.42,439.42,0,31.1,33.6,27.9,27,0,0.0,,1,1
CUST102628,27.0,Female,South,Basic,Monthly,Wallet,31,203.94,183.55,0,12.0,9.9,7.9,12,2,3.0,2.9,0,1
CUST102629,36.0,Female,West,Standard,Annual,NetBanking,32,381.46,381.46,1,6.2,6.4,8.4,4,1,1.5,5.0,0,0
CUST102630,37.0,Male,South,Basic,Annual,UPI,28,204.12,244.94,1,24.9,24.4,24.2,21,2,2.2,4.9,0,0
CUST102631,25.0,Female,North,Premium,Monthly,Card,12,743.9,669.51,0,34.4,31.1,25.8,9,1,1.6,2.8,0,0
CUST102632,35.0,Female,South,Basic,Monthly,Card,9,194.37,194.37,1,28.2,21.6,20.1,14,0,0.0,2.8,0,0
CUST102633,36.0,Male,West,Basic,Monthly,UPI,3,207.48,207.48,0,35.8,30.5,29.6,38,0,0.0,1.7,0,0
CUST102634,49.0,Female,West,Standard,Monthly,Card,5,352.02,387.22,1,39.6,32.7,31.2,25,2,0.4,2.8,0,0
CUST102635,49.0,Male,South,Basic,Monthly,Card,22,213.68,213.68,0,17.0,15.8,16.2,12,1,1.3,4.0,1,1
CUST102636,32.0,Male,South,Premium,Annual,Wallet,17,726.97,799.67,0,10.8,10.3,8.9,7,1,4.7,,0,0
CUST102637,34.0,Male,North,Basic,Monthly,UPI,7,173.68,191.05,0,3.6,3.9,3.9,2,0,0.0,2.4,1,1
CUST102638,43.0,Female,North,Basic,Monthly,NetBanking,15,202.81,182.53,0,6.5,5.5,3.9,4,5,3.6,2.3,0,1
CUST102639,30.0,Male,West,Standard,Annual,Card,28,359.37,359.37,0,24.4,22.7,21.5,19,2,4.2,2.7,0,0
CUST102640,42.0,Female,North,Standard,Annual,Card,11,386.81,386.81,1,6.8,6.2,6.8,5,1,8.0,2.4,1,1
CUST102641,35.0,Male,North,Premium,Annual,NetBanking,9,722.73,650.46,1,21.3,23.8,17.2,22,2,1.6,2.6,0,0
CUST102642,25.0,Male,East,Basic,Monthly,NetBanking,60,197.65,197.65,0,25.2,23.9,20.6,17,1,2.3,,0,0
CUST102643,25.0,Female,North,Basic,Monthly,UPI,5,211.5,211.5,0,19.2,18.9,18.1,15,1,1.4,3.9,1,0
CUST102644,52.0,Male,South,Basic,Annual,UPI,4,199.63,199.63,1,15.8,11.7,9.8,11,2,5.8,3.6,1,0
CUST102645,34.0,Female,South,Basic,Annual,Card,11,198.63,178.77,0,11.7,12.0,9.6,12,2,1.3,4.5,0,0
CUST102646,54.0,Male,South,Standard,Annual,UPI,6,420.91,505.09,1,37.0,31.9,26.4,19,3,8.0,2.8,0,0
CUST102647,30.0,Female,East,Basic,Monthly,Card,10,195.64,215.2,0,4.1,4.0,4.1,4,1,3.8,3.3,0,0
CUST102648,39.0,Female,South,Standard,Annual,Card,29,398.5,398.5,0,11.7,12.5,13.5,10,1,3.9,3.9,0,0
CUST102649,62.0,Male,North,Premium,Monthly,UPI,62,702.73,702.73,0,15.9,16.0,16.1,10,0,0.0,2.7,0,0
CUST102650,24.0,Male,South,Basic,Monthly,Card,1,198.33,198.33,1,14.9,12.7,10.1,12,2,1.7,4.0,0,0
CUST102651,,Male,East,Standard,Monthly,Card,4,422.15,464.36,1,26.0,26.9,28.6,23,1,0.4,4.1,0,0
CUST102652,50.0,Female,South,Basic,Monthly,Card,29,192.37,230.84,0,20.2,21.3,21.2,13,2,5.3,3.6,2,0
CUST102653,27.0,Female,North,Premium,Monthly,Card,41,669.98,803.98,0,9.0,7.6,7.8,6,3,1.6,2.2,0,0
CUST102654,36.0,Male,South,Basic,Monthly,NetBanking,17,188.44,188.44,0,27.4,24.2,22.5,15,4,3.1,3.4,0,1
CUST102655,30.0,Male,South,Standard,Annual,Wallet,1,356.27,391.9,1,11.7,12.4,14.7,14,1,1.2,5.0,0,0
CUST102656,39.0,Female,South,Basic,Monthly,Card,24,213.76,213.76,0,21.5,20.9,19.9,15,0,0.0,4.2,0,0
CUST102657,26.0,Male,North,Basic,Monthly,Card,17,190.04,190.04,0,35.4,39.0,44.1,20,2,2.2,2.6,0,1
CUST102658,34.0,Female,West,Basic,Annual,NetBanking,15,196.63,216.29,0,13.2,13.8,12.3,6,1,4.2,5.0,0,0
CUST102659,41.0,Female,South,Basic,Monthly,Card,44,214.5,214.5,0,13.6,12.7,11.3,9,0,0.0,4.1,0,0
CUST102660,25.0,Male,East,Premium,Monthly,UPI,15,694.04,694.04,0,17.0,16.3,15.7,15,4,8.3,4.4,0,0
CUST102661,28.0,Female,North,Basic,Annual,Card,10,204.12,244.94,0,17.4,15.7,14.7,13,1,2.7,2.5,0,0
CUST102662,32.0,Male,North,Premium,Monthly,UPI,72,649.35,649.35,1,20.6,,22.5,18,1,2.8,2.8,2,0
CUST102663,20.0,Male,North,Standard,Monthly,Card,11,426.9,426.9,1,23.9,24.9,26.8,23,0,0.0,4.5,0,1
CUST102664,31.0,Female,South,Basic,Monthly,UPI,1,197.79,197.79,0,11.3,11.3,10.1,9,0,0.0,1.1,0,0
CUST102665,37.0,Female,East,Basic,Monthly,UPI,7,188.87,169.98,0,18.3,22.6,24.0,14,1,7.8,5.0,0,0
CUST102666,32.0,Female,West,Basic,Monthly,Card,66,188.86,188.86,0,10.3,,12.5,11,0,0.0,5.0,0,0
CUST102667,33.0,Female,West,Premium,Annual,UPI,23,758.06,909.67,0,25.5,35.7,41.2,24,1,5.5,2.8,0,1
CUST102668,36.0,Male,South,Basic,Monthly,UPI,20,193.17,173.85,0,30.5,40.2,35.3,27,0,0.0,5.0,1,0
CUST102669,29.0,Female,East,Premium,Monthly,Wallet,8,664.17,664.17,0,14.8,18.0,16.6,11,1,0.7,3.5,0,1
CUST102670,44.0,Female,South,Basic,Annual,UPI,10,194.69,214.16,1,19.7,19.3,18.2,18,1,4.8,3.3,1,0
CUST102671,52.0,Male,North,Basic,Monthly,Card,5,199.45,199.45,0,34.4,40.4,42.2,30,0,0.0,2.8,2,0
CUST102672,31.0,Male,South,Basic,Monthly,UPI,31,200.51,200.51,1,22.1,23.1,23.2,19,1,1.6,4.5,0,0
CUST102673,41.0,Female,South,Standard,Monthly,Card,50,407.86,407.86,1,10.3,10.1,8.5,10,0,0.0,4.4,2,0
CUST102674,33.0,Female,East,Standard,Monthly,NetBanking,7,403.68,363.31,1,7.5,6.8,5.6,7,1,2.1,3.8,0,0
CUST102675,40.0,Male,West,Premium,Annual,NetBanking,20,721.62,865.94,0,12.2,13.6,11.7,6,1,3.6,2.3,0,0
CUST102676,53.0,Female,South,Basic,Annual,Card,25,196.29,196.29,0,16.3,21.3,23.0,13,1,2.5,4.0,0,0
CUST102677,42.0,Male,North,Basic,Monthly,UPI,14,219.62,197.66,0,27.0,29.0,35.1,16,0,0.0,4.7,1,1
CUST102678,18.0,Male,East,Standard,Monthly,UPI,21,389.26,428.19,0,15.6,12.1,9.7,14,2,2.9,5.0,0,0
CUST102679,41.0,Male,West,Standard,Monthly,Card,6,425.98,511.18,1,9.9,7.4,6.5,5,0,0.0,,1,0
CUST102680,50.0,Female,East,Premium,Annual,UPI,6,678.06,678.06,0,16.0,14.6,14.9,13,1,4.0,3.0,0,0
CUST102681,34.0,Male,South,Basic,Monthly,UPI,5,184.79,166.31,0,16.5,15.5,14.2,13,2,2.5,2.2,1,1
CUST102682,47.0,Male,South,Standard,Annual,UPI,9,365.74,402.31,0,12.5,12.4,12.5,7,0,0.0,3.9,0,0
CUST102683,28.0,Male,East,Basic,Monthly,UPI,8,202.02,222.22,0,15.7,13.8,14.7,12,0,0.0,4.6,1,0
CUST102684,,Female,South,Premium,Monthly,UPI,1,739.61,813.57,0,19.8,18.1,15.1,19,2,3.8,5.0,0,0
CUST102685,38.0,Female,West,Basic,Annual,UPI,29,187.55,206.31,0,7.0,6.1,5.4,5,0,0.0,4.3,0,0
CUST102686,18.0,Male,West,Premium,Annual,UPI,41,668.33,802.0,0,16.5,14.9,12.4,14,1,6.3,4.9,1,0
CUST102687,33.0,Female,West,Basic,Monthly,UPI,1,202.84,202.84,0,50.8,61.7,70.6,46,2,2.8,3.4,1,1
CUST102688,50.0,Male,South,Standard,Monthly,UPI,59,398.95,438.84,0,21.8,25.6,29.2,13,1,0.5,4.2,1,1
CUST102689,18.0,Male,East,Premium,Annual,UPI,43,678.53,678.53,0,27.2,32.5,30.4,22,3,3.8,2.5,0,1
CUST102690,22.0,Female,East,Premium,Annual,Card,12,654.29,654.29,0,34.3,30.8,24.9,26,2,2.7,3.5,0,0
CUST102691,25.0,Female,South,Standard,Monthly,UPI,5,405.17,405.17,0,37.4,35.4,32.7,30,2,1.7,2.3,0,0
CUST102692,35.0,Male,South,Basic,Annual,UPI,4,205.5,246.6,0,13.7,14.7,12.8,7,0,0.0,4.9,1,0
CUST102693,32.0,Female,South,Premium,Annual,Card,30,716.19,716.19,0,7.3,8.0,7.2,4,0,0.0,5.0,0,0
CUST102694,51.0,Male,North,Standard,Monthly,Card,3,399.53,399.53,0,29.4,41.4,51.9,31,0,,4.0,0,1
CUST102695,46.0,Female,West,Standard,Monthly,UPI,11,377.94,377.94,0,16.5,15.5,15.8,16,0,0.0,3.4,0,1
CUST102696,41.0,Female,West,Basic,Monthly,Card,18,202.13,242.56,0,16.9,18.2,18.5,14,1,,5.0,0,0
CUST102697,38.0,Female,South,Basic,Annual,UPI,29,201.39,221.53,0,23.7,26.9,26.8,23,0,0.0,4.9,0,0
CUST102698,40.0,Male,North,Basic,Monthly,UPI,8,185.93,185.93,0,18.5,22.2,25.6,10,0,0.0,5.0,2,1
CUST102699,27.0,Female,South,Standard,Monthly,UPI,2,392.97,392.97,0,20.7,19.7,19.3,16,1,1.1,3.9,0,0
CUST102700,45.0,Female,South,Basic,Annual,Wallet,27,202.65,202.65,1,21.6,21.4,18.1,16,3,3.4,2.0,0,1
CUST102701,24.0,Male,South,Basic,Monthly,NetBanking,5,198.22,198.22,1,29.6,46.7,51.4,19,2,3.2,3.1,0,1
CUST102702,45.0,Male,East,Premium,Annual,Wallet,35,630.48,630.48,0,22.7,28.1,34.7,13,3,3.4,3.1,0,1
CUST102703,49.0,Other,East,Standard,Monthly,Wallet,10,386.22,463.46,0,10.2,11.3,12.5,11,1,0.5,3.5,0,1
CUST102704,38.0,Male,West,Premium,Annual,Card,71,674.29,674.29,1,10.0,8.6,8.7,7,2,5.7,2.2,0,0
CUST102705,34.0,Female,West,Basic,Monthly,Card,5,204.56,204.56,0,13.1,11.9,9.7,12,2,2.5,,1,0
CUST102706,40.0,Male,South,Basic,Monthly,Card,16,224.85,247.34,0,22.1,17.8,14.5,19,1,1.3,2.4,0,0
CUST102707,18.0,Female,East,Standard,Monthly,Card,46,401.67,482.0,0,10.6,9.9,11.0,11,0,0.0,2.5,1,1
CUST102708,39.0,Male,South,Basic,Monthly,NetBanking,4,187.08,187.08,0,10.6,11.8,11.7,10,1,3.1,2.8,1,1
CUST102709,,Female,North,Standard,Annual,NetBanking,4,395.8,395.8,1,21.3,22.7,23.7,16,1,2.7,3.3,0,0
CUST102710,35.0,Female,North,Basic,Annual,UPI,2,199.11,199.11,1,13.7,14.7,13.1,7,3,4.6,2.8,0,1
CUST102711,44.0,Male,South,Standard,Monthly,NetBanking,17,414.09,414.09,0,36.0,30.0,25.0,35,3,0.3,2.9,1,0
CUST102712,35.0,Female,South,Basic,Monthly,UPI,19,211.36,211.36,0,14.1,15.2,15.4,15,0,0.0,5.0,0,0
CUST102713,23.0,Female,South,Standard,Annual,UPI,35,426.75,512.1,0,25.9,26.7,30.5,33,2,5.9,3.2,0,0
CUST102714,34.0,Male,South,Premium,Monthly,Card,22,717.78,717.78,0,17.1,15.4,12.9,17,1,1.2,1.7,0,1
CUST102715,37.0,Male,West,Basic,Annual,Wallet,13,198.99,198.99,1,9.5,,10.3,6,2,3.4,2.9,0,1
CUST102716,37.0,Female,South,Standard,Monthly,UPI,24,428.59,385.73,0,13.8,14.7,17.4,10,1,3.7,3.3,0,0
CUST102717,38.0,Female,North,Standard,Monthly,UPI,13,392.07,352.86,1,17.7,15.4,15.3,7,2,3.1,1.0,0,0
CUST102718,47.0,Male,West,Standard,Monthly,Card,51,400.09,480.11,0,14.0,17.2,18.8,9,1,3.5,3.5,0,0
CUST102719,24.0,Female,North,Basic,Monthly,NetBanking,6,196.58,196.58,0,34.0,29.4,29.4,19,1,1.7,2.9,0,0
CUST102720,38.0,Male,North,Basic,Annual,NetBanking,3,177.79,213.35,0,11.4,9.9,8.7,10,1,2.6,3.4,1,0
CUST102721,50.0,Male,West,Standard,Annual,UPI,10,424.37,509.24,0,14.8,16.0,17.9,15,3,2.1,3.2,2,1
CUST102722,18.0,Female,South,Standard,Annual,Wallet,17,412.48,412.48,1,22.6,19.1,17.6,28,0,0.0,3.6,1,0
CUST102723,38.0,Male,South,Standard,Annual,UPI,9,351.72,351.72,1,41.3,37.6,32.5,59,0,0.0,3.6,0,0
CUST102724,30.0,Male,North,Basic,Annual,Wallet,2,208.97,208.97,1,24.1,30.1,31.3,21,3,3.2,,0,0
CUST102725,32.0,Female,North,Premium,Annual,UPI,63,688.39,688.39,1,21.9,18.7,15.7,15,2,4.9,,0,0
CUST102726,26.0,Male,West,Basic,Annual,UPI,20,208.84,208.84,0,27.6,23.5,27.3,20,1,1.1,3.1,0,0
CUST102727,34.0,Male,South,Basic,Annual,Wallet,5,199.75,179.78,0,31.2,31.4,32.0,21,1,3.1,4.1,1,0
CUST102728,56.0,Female,East,Standard,Monthly,NetBanking,5,371.92,334.73,0,34.4,36.0,26.0,44,1,0.2,2.4,0,0
CUST102729,22.0,Female,East,Standard,Monthly,Card,16,399.53,479.44,0,24.1,22.4,19.7,6,0,0.0,3.3,1,0
CUST102730,,Female,West,Standard,Monthly,NetBanking,4,381.08,342.97,0,20.4,21.8,18.3,23,1,3.8,3.9,0,0
CUST102731,22.0,Female,South,Basic,Monthly,UPI,12,186.83,186.83,1,11.6,14.4,14.7,7,1,1.1,2.3,0,0
CUST102732,55.0,Male,South,Basic,Monthly,Card,19,207.63,207.63,0,21.1,21.4,18.9,15,3,0.3,2.4,0,0
CUST102733,31.0,Male,West,Standard,Monthly,UPI,4,406.81,406.81,0,37.5,41.0,48.6,11,0,0.0,4.3,0,1
CUST102734,36.0,Female,East,Basic,Monthly,UPI,5,213.9,192.51,0,4.7,4.9,4.1,5,1,1.8,2.7,1,0
CUST102735,32.0,Male,South,Standard,Monthly,UPI,25,391.13,430.24,1,32.6,35.0,43.1,31,0,0.0,4.9,1,0
CUST102736,26.0,Male,South,Standard,Annual,UPI,4,379.79,417.77,0,20.4,20.6,22.1,12,0,,3.7,0,1
CUST102737,33.0,Female,West,Basic,Annual,Card,33,205.36,205.36,0,29.0,24.8,25.0,30,3,2.6,,2,1
CUST102738,63.0,Female,North,Standard,Monthly,Card,34,382.37,382.37,0,24.6,22.5,22.5,24,2,2.2,3.8,0,0
CUST102739,51.0,Female,North,Premium,Annual,NetBanking,31,688.16,688.16,0,18.9,20.6,17.2,13,1,1.2,3.5,0,0
CUST102740,27.0,Male,West,Premium,Annual,Card,17,717.35,717.35,0,20.3,23.1,22.1,8,1,2.0,,0,0
CUST102741,43.0,Male,South,Basic,Annual,UPI,7,197.75,217.52,0,25.6,30.2,31.1,19,2,4.0,3.0,0,1
CUST102742,27.0,Female,South,Standard,Monthly,UPI,16,389.25,389.25,1,11.9,12.5,14.3,12,1,3.6,3.3,2,0
CUST102743,18.0,Female,East,Premium,Monthly,Card,20,649.98,649.98,0,18.9,23.1,21.6,12,4,0.5,1.7,0,0
CUST102744,47.0,Male,West,Standard,Monthly,Card,13,417.69,459.46,0,23.9,24.2,23.4,24,2,3.6,3.9,1,0
CUST102745,49.0,Male,South,Basic,Annual,UPI,72,195.33,214.86,0,26.9,36.5,43.1,17,1,0.9,2.9,1,0
CUST102746,48.0,Male,East,Basic,Monthly,NetBanking,1,205.15,184.64,0,25.6,20.9,21.9,20,0,0.0,4.7,1,0
CUST102747,31.0,Female,South,Standard,Annual,Wallet,49,408.7,408.7,0,16.3,15.5,13.9,11,1,2.6,2.5,1,0
CUST102748,34.0,Female,South,Standard,Annual,UPI,25,420.77,420.77,0,19.6,23.5,22.3,16,2,1.5,4.4,0,0
CUST102749,44.0,Male,West,Premium,Annual,Card,40,690.77,759.85,0,10.0,9.8,11.5,10,1,5.4,2.7,0,0
CUST102750,40.0,Male,South,Premium,Monthly,UPI,34,686.85,686.85,0,31.8,34.6,37.3,36,0,0.0,4.5,1,0
CUST102751,32.0,Male,South,Basic,Annual,UPI,1,187.97,169.17,0,21.5,26.8,36.3,18,1,4.3,3.1,1,0
CUST102752,18.0,Male,West,Standard,Annual,UPI,17,388.17,388.17,0,19.6,23.4,24.9,10,1,1.6,3.6,1,0
CUST102753,37.0,Female,North,Basic,Monthly,UPI,22,202.39,182.15,0,19.5,21.9,22.8,18,0,0.0,3.1,0,0
CUST102754,48.0,Male,North,Basic,Annual,UPI,10,190.87,229.04,1,17.3,18.2,17.6,13,0,0.0,2.9,1,0
CUST102755,23.0,Female,West,Basic,Monthly,Card,5,202.14,222.35,0,27.1,27.7,27.1,20,0,0.0,3.4,1,1
CUST102756,43.0,Female,South,Premium,Monthly,NetBanking,38,750.28,825.31,0,19.8,18.7,17.3,16,1,1.2,4.1,0,0
CUST102757,40.0,Female,East,Basic,Annual,UPI,15,194.57,194.57,1,11.5,10.2,10.7,10,3,2.3,3.6,0,0
CUST102758,44.0,Female,South,Standard,Monthly,Card,24,372.78,447.34,0,13.3,13.5,14.6,10,1,2.0,4.0,1,0
CUST102759,46.0,Male,South,Basic,Monthly,Wallet,15,194.89,194.89,0,9.2,8.8,6.3,8,0,0.0,3.9,1,0
CUST102760,28.0,Male,East,Basic,Annual,UPI,53,184.84,203.32,0,36.8,36.6,37.1,32,0,0.0,5.0,2,0
CUST102761,18.0,Male,South,Standard,Monthly,Card,23,425.62,383.06,0,18.0,21.1,20.7,17,2,1.5,2.4,0,1
CUST102762,30.0,Female,West,Basic,Monthly,Card,1,199.84,199.84,0,38.7,29.0,25.8,38,0,0.0,3.6,0,0
CUST102763,46.0,Male,West,Basic,Monthly,UPI,13,191.75,191.75,0,20.8,28.7,34.1,7,0,0.0,1.3,2,0
CUST102764,30.0,Male,West,Standard,Monthly,UPI,3,387.83,426.61,0,15.9,14.2,16.1,11,0,0.0,,0,1
CUST102765,28.0,Male,South,Premium,Monthly,UPI,21,657.69,723.46,0,17.5,17.1,17.7,13,2,6.2,2.3,1,0
CUST102766,18.0,Male,South,Standard,Monthly,Card,43,419.17,419.17,0,20.5,21.3,23.3,15,2,3.2,3.2,0,0
CUST102767,55.0,Female,West,Premium,Annual,Card,2,763.21,915.85,0,11.6,8.1,7.5,7,1,2.3,2.7,0,0
CUST102768,45.0,Female,North,Basic,Monthly,UPI,1,184.13,184.13,1,9.8,11.7,10.1,7,0,0.0,3.6,0,1
CUST102769,44.0,Female,East,Basic,Monthly,UPI,3,209.38,209.38,0,30.2,29.2,33.9,27,1,1.7,3.6,0,1
CUST102770,47.0,Female,West,Basic,Monthly,UPI,2,196.55,235.86,0,15.5,13.9,13.9,14,1,3.1,2.8,0,0
CUST102771,42.0,Male,South,Premium,Monthly,UPI,10,743.3,668.97,0,39.1,39.9,36.3,32,1,,3.8,0,1
CUST102772,33.0,Male,South,Basic,Monthly,UPI,7,180.75,180.75,0,24.3,20.9,22.0,15,2,5.7,2.8,1,1
CUST102773,34.0,Male,East,Basic,Monthly,UPI,7,201.24,201.24,0,14.9,12.9,13.7,14,0,0.0,3.1,1,0
CUST102774,31.0,Female,North,Premium,Monthly,UPI,2,684.74,821.69,0,46.2,47.0,40.5,44,1,2.6,4.1,0,0
CUST102775,65.0,Female,South,Premium,Monthly,UPI,18,722.04,722.04,0,31.0,28.2,25.9,32,1,4.3,3.7,0,0
CUST102776,42.0,Male,North,Basic,Monthly,Card,15,199.61,199.61,0,8.4,9.5,10.2,5,1,7.6,1.7,0,1
CUST102777,31.0,Female,West,Standard,Monthly,UPI,45,399.44,399.44,0,12.7,9.9,8.2,19,2,0.5,2.9,0,0
CUST102778,41.0,Male,North,Basic,Monthly,Card,2,197.95,217.74,0,2.4,2.2,3.0,2,0,0.0,2.7,0,1
CUST102779,25.0,Male,South,Standard,Monthly,UPI,2,430.17,430.17,0,16.7,13.5,14.9,11,4,1.3,4.0,0,1
CUST102780,53.0,Female,East,Standard,Monthly,UPI,25,395.51,474.61,0,43.3,38.7,35.5,55,0,0.0,3.0,1,0
CUST102781,29.0,Female,West,Premium,Monthly,UPI,12,729.21,875.05,1,6.8,5.0,5.0,6,0,0.0,3.1,0,1
CUST102782,42.0,Female,West,Basic,Annual,NetBanking,30,205.25,184.72,0,22.2,22.6,21.3,19,1,4.1,3.5,2,0
CUST102783,48.0,Female,South,Standard,Monthly,UPI,14,416.73,375.06,1,51.3,62.0,60.1,44,0,0.0,4.2,2,1
CUST102784,40.0,Male,West,Basic,Monthly,Card,10,188.9,188.9,0,17.3,16.6,18.6,18,0,0.0,3.0,2,0
CUST102785,37.0,Female,West,Standard,Monthly,NetBanking,1,413.11,495.73,0,21.6,21.0,19.0,18,1,,3.6,0,1
CUST102786,36.0,Female,East,Standard,Monthly,UPI,11,405.72,486.86,0,15.3,12.4,11.6,7,1,3.6,3.7,1,1
CUST102787,35.0,Female,South,Standard,Monthly,UPI,22,375.27,375.27,0,12.5,11.0,9.3,10,2,8.6,1.6,2,1
CUST102788,30.0,Male,South,Premium,Monthly,Card,17,691.58,829.9,1,26.7,31.6,34.9,26,2,4.6,3.7,0,0
CUST102789,31.0,Other,North,Standard,Monthly,UPI,17,444.77,489.25,0,27.0,34.8,38.8,21,1,1.0,3.0,0,1
CUST102790,52.0,Male,South,Standard,Monthly,UPI,8,391.18,391.18,0,23.3,29.2,32.8,14,2,3.2,2.1,1,1
CUST102791,35.0,Male,South,Basic,Monthly,NetBanking,21,195.34,195.34,0,14.1,17.6,25.7,11,1,3.2,5.0,0,0
CUST102792,27.0,Female,West,Premium,Annual,UPI,1,714.75,714.75,0,23.5,18.6,16.6,23,2,2.8,2.4,0,0
CUST102793,30.0,Female,South,Standard,Annual,UPI,26,388.21,388.21,1,8.1,9.9,12.3,9,4,1.8,3.5,0,0
CUST102794,48.0,Other,West,Basic,Monthly,NetBanking,6,200.4,200.4,0,24.7,28.1,25.6,14,1,8.6,3.9,1,1
CUST102795,43.0,Female,North,Standard,Annual,NetBanking,13,390.04,351.04,0,12.1,13.1,14.6,7,1,1.5,1.8,1,1
CUST102796,42.0,Male,West,Basic,Monthly,Card,5,203.0,182.7,1,11.6,14.9,18.7,9,1,1.3,2.7,0,1
CUST102797,33.0,Female,South,Standard,Monthly,UPI,72,397.77,357.99,0,37.8,34.6,27.3,25,2,1.1,2.1,3,0
CUST102798,42.0,Male,East,Basic,Monthly,Card,21,218.42,262.1,0,3.9,5.1,5.7,3,0,0.0,4.6,2,1
CUST102799,29.0,Female,North,Basic,Annual,Card,16,199.46,199.46,0,17.0,15.0,11.2,13,1,4.2,4.2,0,0
CUST102800,33.0,Male,West,Premium,Monthly,NetBanking,32,691.22,829.46,0,8.5,6.6,5.4,8,1,2.0,5.0,1,0
CUST102801,47.0,Female,South,Premium,Annual,NetBanking,2,734.98,881.98,0,20.2,15.8,16.9,13,1,2.2,2.5,0,0
CUST102802,46.0,Female,South,Standard,Monthly,NetBanking,10,371.25,408.38,0,12.8,17.6,27.4,7,2,4.2,5.0,2,1
CUST102803,25.0,Female,West,Premium,Monthly,UPI,11,758.13,682.32,0,8.9,8.6,10.3,6,0,0.0,4.6,0,0
CUST102804,27.0,Male,South,Basic,Monthly,Card,21,189.16,170.24,1,15.5,11.4,8.7,8,1,,5.0,2,0
CUST102805,37.0,Male,East,Basic,Monthly,Card,15,210.86,253.03,0,11.1,9.5,9.4,9,2,3.0,3.4,0,1
CUST102806,55.0,Male,South,Premium,Annual,Card,10,749.91,749.91,0,11.4,11.0,11.9,9,2,3.8,3.0,1,1
CUST102807,18.0,Male,South,Standard,Monthly,UPI,17,388.51,388.51,1,25.1,25.8,29.4,25,1,3.6,2.6,1,1
CUST102808,39.0,Female,North,Standard,Monthly,UPI,3,390.43,429.47,0,7.8,7.0,6.3,5,0,0.0,,1,0
CUST102809,21.0,Male,North,Basic,Monthly,UPI,12,197.91,237.49,0,4.6,4.1,4.4,4,0,0.0,3.6,0,0
CUST102810,29.0,Female,North,Basic,Annual,Card,18,205.18,225.7,0,20.8,18.6,16.7,18,0,0.0,3.6,0,1
CUST102811,32.0,Male,North,Basic,Annual,Card,30,189.07,189.07,0,16.9,15.6,12.0,8,1,7.4,4.6,0,0
CUST102812,31.0,Male,East,Premium,Monthly,Card,12,695.18,764.7,0,12.5,11.0,10.0,11,1,6.5,4.3,1,1
CUST102813,30.0,Female,West,Basic,Monthly,NetBanking,54,195.88,176.29,0,25.0,23.7,21.6,21,2,1.3,3.0,1,0
CUST102814,36.0,Male,South,Standard,Monthly,Card,20,376.03,376.03,0,39.4,48.9,72.3,31,1,1.3,3.6,0,1
CUST102815,30.0,Male,South,Basic,Monthly,Card,53,188.6,169.74,0,18.1,18.8,20.3,10,0,0.0,4.0,0,0
CUST102816,20.0,Male,South,Standard,Monthly,UPI,19,401.56,401.56,0,18.3,22.7,27.0,14,0,0.0,3.8,1,0
CUST102817,45.0,Male,West,Basic,Annual,Card,1,200.1,240.12,0,9.6,11.6,12.2,4,2,2.0,4.4,0,0
CUST102818,44.0,Female,South,Standard,Monthly,UPI,12,383.76,460.51,0,8.1,7.6,5.5,7,0,0.0,4.3,0,0
CUST102819,45.0,Male,East,Standard,Monthly,NetBanking,26,400.58,400.58,0,17.3,11.3,9.5,16,0,0.0,3.4,2,0
CUST102820,19.0,Male,North,Basic,Monthly,Card,72,192.56,192.56,0,6.6,5.8,5.2,5,1,9.7,4.8,1,0
CUST102821,39.0,Female,East,Basic,Monthly,Card,10,212.01,212.01,1,5.9,5.9,6.8,6,0,0.0,3.1,0,1
CUST102822,43.0,Female,West,Basic,Monthly,Card,42,197.98,237.58,0,22.4,25.6,28.8,15,0,0.0,3.7,0,0
CUST102823,25.0,Female,North,Standard,Annual,Card,55,420.9,505.08,0,8.1,8.0,7.6,5,2,1.4,3.0,0,1
CUST102824,36.0,Male,North,Premium,Monthly,Wallet,5,639.84,639.84,1,22.9,21.2,17.6,17,0,0.0,3.4,1,1
CUST102825,35.0,Female,South,Basic,Monthly,UPI,24,202.21,202.21,0,32.2,33.7,33.6,40,4,0.6,2.4,0,0
CUST102826,56.0,Male,North,Standard,Monthly,UPI,27,410.89,410.89,0,21.5,18.4,18.3,16,2,2.4,4.2,0,0
CUST102827,57.0,Male,South,Basic,Monthly,UPI,2,197.63,217.39,0,7.3,5.9,5.6,9,1,4.1,3.6,0,1
CUST102828,18.0,Female,West,Premium,Annual,Card,14,680.17,680.17,0,46.4,67.8,92.7,37,4,4.2,,2,1
CUST102829,63.0,Female,North,Premium,Annual,UPI,2,693.62,693.62,0,19.0,17.9,16.5,12,1,2.1,3.0,0,1
CUST102830,26.0,Female,South,Standard,Annual,Card,5,413.81,413.81,0,18.1,13.7,10.6,22,0,0.0,,1,0
CUST102831,47.0,Female,South,Basic,Annual,NetBanking,3,186.96,186.96,0,16.7,17.5,16.6,14,2,3.2,2.0,1,0
CUST102832,47.0,Male,North,Basic,Annual,UPI,21,205.97,205.97,0,12.3,12.7,11.7,9,2,1.0,2.0,0,0
CUST102833,25.0,Female,West,Premium,Monthly,Card,1,710.13,781.14,0,10.1,12.7,15.4,10,3,4.0,2.3,1,1
CUST102834,41.0,Female,South,Basic,Monthly,NetBanking,15,196.41,235.69,0,3.9,4.7,4.3,4,0,0.0,3.0,0,1
CUST102835,35.0,Male,South,Standard,Annual,Card,16,394.65,394.65,1,8.5,6.9,6.5,6,1,3.1,3.0,0,0
CUST102836,42.0,Male,North,Premium,Monthly,Card,15,701.16,841.39,0,15.8,18.6,18.9,16,2,5.6,3.4,1,0
CUST102837,39.0,Male,West,Standard,Monthly,Card,25,432.09,432.09,0,22.3,19.1,15.3,17,1,2.0,2.7,0,1
CUST102838,49.0,Female,West,Standard,Annual,Card,16,405.94,405.94,0,10.7,10.6,9.8,6,0,0.0,5.0,0,0
CUST102839,37.0,Male,South,Standard,Monthly,Card,6,380.19,380.19,0,20.9,22.0,21.3,14,1,2.4,3.4,0,0
CUST102840,34.0,Male,East,Premium,Monthly,Wallet,1,683.79,683.79,1,15.2,13.7,12.3,9,2,1.1,4.1,0,0
CUST102841,48.0,Female,West,Basic,Monthly,Card,16,187.61,168.85,0,17.2,16.2,13.3,14,1,1.9,,2,1
CUST102842,42.0,Female,West,Premium,Monthly,UPI,2,632.95,632.95,0,28.0,27.3,24.6,23,2,0.7,2.9,1,0
CUST102843,44.0,Male,North,Basic,Monthly,Card,20,187.44,187.44,0,21.0,24.5,33.9,22,1,1.3,3.8,1,0
CUST102844,29.0,Female,East,Standard,Monthly,Card,5,401.4,401.4,0,23.2,21.9,23.8,23,0,0.0,4.2,0,0
CUST102845,25.0,Female,North,Premium,Monthly,Card,1,743.52,743.52,0,48.8,55.4,56.6,35,1,2.7,4.4,3,0
CUST102846,30.0,Female,South,Standard,Monthly,Card,72,418.87,418.87,1,10.8,10.9,14.6,8,1,1.6,2.2,0,0
CUST102847,29.0,Male,South,Basic,Monthly,Card,4,187.51,225.01,0,26.8,38.1,38.3,18,4,3.8,5.0,0,1
CUST102848,45.0,Male,North,Basic,Monthly,Card,9,191.06,191.06,1,22.9,21.6,20.7,19,1,6.9,5.0,1,0
CUST102849,47.0,Female,South,Premium,Monthly,Card,13,666.19,666.19,0,22.9,20.5,16.3,17,3,0.7,3.3,0,0
CUST102850,,Male,North,Standard,Monthly,UPI,17,347.5,417.0,0,19.6,15.2,12.1,16,0,0.0,4.1,0,0
CUST102851,52.0,Female,West,Basic,Monthly,Wallet,38,197.33,197.33,0,21.8,20.0,16.9,24,1,0.6,3.7,0,0
CUST102852,51.0,Male,West,Premium,Monthly,Card,5,727.07,727.07,0,15.5,13.6,12.7,17,1,2.9,,0,1
CUST102853,39.0,Female,South,Premium,Annual,UPI,32,690.18,621.16,1,18.3,24.4,31.5,12,1,1.0,2.2,2,0
CUST102854,27.0,Female,South,Premium,Monthly,UPI,4,654.69,654.69,0,30.0,27.1,24.3,29,1,4.4,2.4,0,0
CUST102855,53.0,Female,East,Standard,Monthly,UPI,18,382.14,382.14,0,13.1,14.3,12.6,12,0,0.0,2.5,0,0
CUST102856,35.0,Female,North,Premium,Monthly,UPI,3,687.51,687.51,0,13.9,13.8,14.2,10,3,3.2,4.7,1,1
CUST102857,37.0,Female,South,Premium,Monthly,UPI,1,725.92,798.51,1,22.2,21.1,20.6,24,2,3.8,2.8,0,0
CUST102858,32.0,Male,West,Basic,Monthly,Wallet,7,197.18,177.46,0,21.1,21.8,28.2,11,1,0.3,4.6,0,0
CUST102859,26.0,Male,South,Premium,Annual,Card,2,721.19,793.31,1,15.2,21.9,25.5,15,0,0.0,3.5,0,0
CUST102860,20.0,Female,South,Standard,Annual,UPI,16,397.38,397.38,1,22.5,23.4,24.1,17,1,1.0,3.4,0,0
CUST102861,43.0,Female,East,Premium,Annual,UPI,10,707.28,848.74,1,22.4,24.6,28.3,13,1,5.4,3.3,0,0
CUST102862,27.0,Female,East,Standard,Monthly,Wallet,72,380.24,380.24,0,45.1,43.1,40.6,34,4,1.5,,0,0
CUST102863,70.0,Female,North,Standard,Annual,UPI,11,385.32,423.85,0,52.4,44.1,42.9,62,3,4.3,4.8,0,0
CUST102864,24.0,Male,East,Basic,Annual,Wallet,9,186.5,186.5,0,56.7,61.5,58.0,74,1,4.2,3.7,2,0
CUST102865,22.0,Female,West,Basic,Monthly,UPI,33,204.99,225.49,0,22.2,23.0,22.9,14,3,2.6,4.4,1,0
CUST102866,42.0,Female,South,Basic,Monthly,UPI,5,196.1,215.71,0,28.2,23.1,23.0,22,1,0.2,3.8,0,0
CUST102867,53.0,Female,East,Standard,Monthly,NetBanking,2,327.23,327.23,0,22.0,21.9,21.5,17,1,0.7,5.0,1,1
CUST102868,,Female,South,Premium,Monthly,UPI,12,715.82,715.82,0,17.3,14.5,11.8,14,0,0.0,3.9,0,0
CUST102869,42.0,Female,North,Basic,Monthly,UPI,17,208.69,208.69,0,23.0,,16.6,26,0,0.0,3.5,1,0
CUST102870,18.0,Female,North,Basic,Monthly,NetBanking,5,190.92,229.1,0,17.2,20.0,29.2,12,1,4.0,2.1,1,1
CUST102871,29.0,Male,North,Standard,Annual,Card,26,408.58,408.58,1,18.9,19.5,15.9,12,1,,4.3,0,0
CUST102872,24.0,Female,South,Basic,Monthly,Wallet,72,196.91,177.22,0,18.0,15.8,12.0,13,1,2.1,5.0,1,0
CUST102873,18.0,Male,West,Basic,Annual,NetBanking,55,177.93,195.72,0,18.1,13.5,11.6,14,0,0.0,4.8,0,0
CUST102874,37.0,Male,North,Basic,Monthly,UPI,8,218.43,196.59,0,13.2,14.9,15.0,13,1,3.5,3.1,0,1
CUST102875,18.0,Male,West,Standard,Monthly,Card,1,394.94,394.94,1,26.9,26.8,23.0,22,0,0.0,4.6,0,0
CUST102876,21.0,Male,North,Standard,Annual,Card,26,403.02,362.72,0,22.7,23.0,25.7,21,1,5.0,2.5,0,0
CUST102877,30.0,Male,West,Premium,Monthly,Card,36,677.17,812.6,0,12.9,11.4,10.7,13,0,0.0,2.8,0,0
CUST102878,27.0,Female,North,Basic,Annual,Card,1,196.06,196.06,0,17.8,21.4,20.3,13,0,0.0,3.1,2,1
CUST102879,40.0,Female,North,Basic,Annual,UPI,4,200.61,180.55,1,10.4,10.9,12.7,8,1,1.7,2.9,1,0
CUST102880,39.0,Female,East,Standard,Monthly,NetBanking,26,378.2,453.84,0,20.4,23.1,21.4,18,1,1.9,4.1,1,1
CUST102881,46.0,Male,West,Premium,Monthly,UPI,25,758.2,758.2,0,29.9,26.8,27.2,20,1,1.0,4.4,3,0
CUST102882,44.0,Male,North,Basic,Monthly,UPI,15,207.34,207.34,1,15.6,19.3,22.5,13,0,0.0,,0,0
CUST102883,49.0,Female,North,Premium,Monthly,Wallet,1,717.06,788.77,0,26.6,23.8,26.8,27,0,0.0,5.0,1,1
CUST102884,36.0,Female,North,Standard,Annual,NetBanking,8,396.17,396.17,0,18.2,25.1,44.5,15,1,1.4,3.0,0,0
CUST102885,39.0,Female,North,Premium,Annual,UPI,10,672.4,672.4,0,16.0,16.1,15.8,17,0,0.0,5.0,0,0
CUST102886,42.0,Female,North,Basic,Monthly,UPI,3,209.25,209.25,0,12.5,17.6,19.2,8,1,0.4,3.2,2,1
CUST102887,38.0,Female,West,Basic,Annual,UPI,16,205.08,205.08,1,16.8,15.2,15.0,15,1,4.6,3.6,0,0
CUST102888,32.0,Female,North,Basic,Annual,UPI,10,195.03,195.03,0,27.0,26.6,31.1,25,0,0.0,3.9,0,0
CUST102889,32.0,Female,North,Standard,Monthly,Card,21,377.36,377.36,0,21.8,20.3,23.1,19,1,1.9,4.4,1,1
CUST102890,27.0,Female,East,Premium,Monthly,UPI,1,643.92,579.53,0,11.4,10.0,9.3,8,0,0.0,3.6,0,0
CUST102891,41.0,Female,West,Standard,Annual,UPI,19,399.57,359.61,0,23.2,22.9,20.5,12,2,0.6,1.6,1,1
CUST102892,35.0,Male,South,Basic,Annual,Card,59,196.52,196.52,0,20.0,20.1,15.2,20,1,4.8,4.3,0,0
CUST102893,29.0,Male,South,Basic,Monthly,Wallet,1,210.8,231.88,1,10.5,10.1,9.3,5,0,0.0,3.8,1,0
CUST102894,29.0,Male,South,Standard,Monthly,NetBanking,35,418.79,418.79,0,9.0,9.5,9.2,5,2,6.1,5.0,0,0
CUST102895,23.0,Female,East,Premium,Monthly,UPI,67,700.36,700.36,0,8.8,8.4,7.0,8,2,4.8,2.0,0,0
CUST102896,47.0,Female,North,Basic,Monthly,Card,72,198.19,178.37,1,27.9,25.4,30.2,20,0,0.0,3.6,0,0
CUST102897,37.0,Male,North,Standard,Monthly,Card,4,376.02,376.02,0,10.6,11.5,11.9,9,1,4.4,,2,1
CUST102898,27.0,Female,South,Standard,Monthly,UPI,9,420.17,462.19,0,16.2,22.2,29.7,9,2,2.2,3.4,2,1
CUST102899,45.0,Male,West,Premium,Annual,NetBanking,33,697.02,627.32,0,22.4,19.0,15.5,19,2,6.5,3.4,2,0
CUST102900,30.0,Male,North,Premium,Monthly,UPI,19,720.15,720.15,0,21.8,25.0,30.2,21,2,5.6,4.7,0,0
CUST102901,21.0,Female,East,Basic,Annual,Card,24,210.71,189.64,0,21.8,17.4,12.8,11,1,4.0,4.0,0,0
CUST102902,47.0,Male,South,Standard,Monthly,Card,4,387.72,465.26,0,9.9,8.8,7.4,8,1,0.2,3.0,1,0
CUST102903,30.0,Male,South,Premium,Monthly,Card,17,670.06,670.06,0,22.6,20.9,21.3,22,0,0.0,3.9,0,0
CUST102904,32.0,Male,South,Premium,Monthly,UPI,17,785.28,706.75,0,15.8,15.5,17.3,8,1,,4.5,0,0
CUST102905,36.0,Male,North,Standard,Monthly,UPI,7,410.86,369.77,0,19.1,21.0,25.3,16,2,2.6,1.5,0,0
CUST102906,49.0,Female,North,Basic,Annual,Card,8,196.23,196.23,0,18.6,12.7,10.6,15,2,3.3,3.8,0,0
CUST102907,36.0,Female,South,Standard,Monthly,UPI,8,423.74,423.74,0,17.3,19.5,23.5,15,1,4.0,2.8,3,1
CUST102908,23.0,Female,South,Standard,Monthly,NetBanking,8,392.85,392.85,0,29.4,27.5,23.9,22,3,0.7,2.7,0,0
CUST102909,42.0,Female,South,Basic,Annual,UPI,6,202.24,242.69,0,27.5,30.5,30.2,14,1,5.4,3.6,1,0
CUST102910,31.0,Male,North,Premium,Annual,Card,4,679.14,679.14,0,61.9,68.4,83.3,45,2,6.6,1.8,0,0
CUST102911,57.0,Female,South,Basic,Monthly,UPI,27,198.83,238.6,0,35.5,27.0,22.5,24,0,0.0,2.3,0,0
CUST102912,36.0,Male,South,Premium,Monthly,Wallet,8,689.42,620.48,0,7.3,8.3,7.9,6,1,4.5,4.2,0,0
CUST102913,18.0,Male,South,Basic,Monthly,Card,51,191.52,172.37,0,18.1,17.2,16.4,19,1,3.0,3.1,2,0
CUST102914,40.0,Female,East,Basic,Monthly,Card,11,201.42,201.42,0,34.1,51.0,67.9,17,1,2.5,3.5,0,0
CUST102915,57.0,Male,West,Standard,Annual,UPI,72,386.26,386.26,0,17.0,19.4,18.9,17,2,1.1,3.5,0,0
CUST102916,53.0,Female,East,Standard,Monthly,Card,7,410.49,410.49,0,15.2,12.9,11.8,18,3,13.2,1.8,1,1
CUST102917,56.0,Male,South,Premium,Monthly,NetBanking,6,688.36,688.36,1,9.7,6.7,6.6,11,1,3.4,2.8,0,0
CUST102918,25.0,Female,West,Standard,Monthly,UPI,29,364.68,364.68,0,9.2,9.4,7.6,11,0,0.0,2.9,1,0
CUST102919,46.0,Male,West,Basic,Monthly,Card,40,205.18,184.66,0,26.4,27.5,28.5,22,1,2.5,1.2,0,0
CUST102920,28.0,Male,North,Premium,Monthly,NetBanking,9,721.28,793.41,0,19.3,17.5,17.2,16,2,4.4,3.1,0,0
CUST102921,38.0,Female,South,Standard,Monthly,UPI,6,443.96,488.36,1,4.9,6.1,8.3,2,2,2.0,3.1,1,1
CUST102922,22.0,Male,East,Basic,Annual,UPI,3,199.18,199.18,1,30.4,29.6,34.9,23,2,3.5,3.8,0,0
CUST102923,29.0,Female,West,Premium,Annual,Card,25,705.41,634.87,0,32.4,30.3,25.8,33,2,1.9,3.7,0,0
CUST102924,29.0,Male,West,Basic,Annual,UPI,24,203.76,224.14,0,16.3,17.3,26.5,8,2,4.4,1.6,0,0
CUST102925,46.0,Female,East,Basic,Monthly,NetBanking,6,209.15,250.98,0,18.3,18.5,17.3,11,2,2.9,1.6,0,1
CUST102926,45.0,Female,East,Standard,Monthly,Card,44,418.1,459.91,0,36.0,39.1,42.1,30,1,4.3,2.9,1,0
CUST102927,39.0,Female,West,Standard,Annual,UPI,16,405.36,405.36,0,16.0,16.9,16.4,7,5,1.4,2.8,0,0
CUST102928,21.0,Female,South,Standard,Monthly,Wallet,12,398.34,398.34,1,6.5,6.0,6.5,8,1,6.5,,1,0
CUST102929,,Male,South,Premium,Monthly,UPI,13,728.45,728.45,0,26.5,30.2,36.5,24,2,1.7,2.5,0,0
CUST102930,28.0,Female,West,Basic,Annual,Card,3,198.26,218.09,0,31.9,32.0,24.4,28,1,3.3,4.9,1,0
CUST102931,46.0,Female,South,Premium,Annual,Card,37,653.94,588.55,0,19.8,20.0,17.9,19,3,0.8,3.6,0,0
CUST102932,49.0,Female,North,Basic,Annual,UPI,8,184.06,220.87,1,10.6,10.6,12.4,8,1,1.2,4.3,1,0
CUST102933,48.0,Female,South,Basic,Monthly,UPI,18,196.08,196.08,1,34.0,37.2,35.7,29,0,0.0,4.1,0,0
CUST102934,28.0,Female,South,Basic,Monthly,Card,10,200.19,240.23,0,14.7,16.1,17.3,9,0,0.0,2.7,0,1
CUST102935,18.0,Female,South,Basic,Monthly,Card,61,223.6,223.6,0,11.7,16.9,24.4,4,2,2.4,4.0,0,0
CUST102936,18.0,Male,North,Basic,Monthly,UPI,1,197.81,178.03,1,19.6,20.4,19.1,16,2,1.8,5.0,0,0
CUST102937,52.0,Female,North,Premium,Monthly,UPI,8,700.63,770.69,0,16.2,14.2,13.5,18,0,0.0,4.4,0,0
CUST102938,32.0,Female,North,Premium,Annual,Card,20,684.87,684.87,0,25.3,29.2,42.1,29,0,0.0,3.7,0,0
CUST102939,28.0,Female,South,Standard,Monthly,UPI,11,411.35,411.35,0,48.4,50.3,46.5,37,0,0.0,2.3,2,0
CUST102940,54.0,Male,West,Basic,Monthly,UPI,16,201.79,201.79,0,11.3,11.8,9.9,8,0,0.0,3.0,1,1
CUST102941,50.0,Female,North,Premium,Annual,Card,2,676.69,609.02,0,27.4,33.8,41.5,13,0,0.0,4.5,0,0
CUST102942,36.0,Female,West,Basic,Annual,Card,33,188.94,207.83,0,15.8,16.0,18.2,16,4,3.5,3.4,1,1
CUST102943,33.0,Female,North,Standard,Monthly,Wallet,3,390.97,469.16,0,25.2,29.7,34.1,22,3,5.2,2.0,1,0
CUST102944,35.0,Male,South,Standard,Monthly,NetBanking,17,382.17,382.17,1,20.0,14.2,14.4,15,1,4.5,4.0,0,0
CUST102945,38.0,Male,West,Basic,Monthly,Card,13,196.7,196.7,0,14.3,18.7,21.6,6,0,0.0,2.8,1,1
CUST102946,54.0,Male,West,Standard,Monthly,NetBanking,7,401.82,361.64,0,27.8,23.9,18.7,12,0,0.0,4.7,2,0
CUST102947,41.0,Male,South,Premium,Monthly,UPI,7,681.48,749.63,0,15.2,13.0,10.4,13,1,3.8,4.2,0,0
CUST102948,44.0,Other,East,Basic,Monthly,Wallet,19,213.47,234.82,0,11.8,15.2,21.6,6,2,,4.3,0,1
CUST102949,49.0,Male,East,Standard,Annual,Wallet,8,422.13,422.13,0,26.9,,17.6,24,3,0.4,2.6,0,0
CUST102950,23.0,Female,South,Premium,Annual,UPI,55,690.98,760.08,0,11.8,9.7,8.9,11,1,0.9,4.3,0,0
CUST102951,44.0,Male,North,Basic,Monthly,UPI,9,189.41,189.41,0,26.3,27.3,26.8,14,2,1.4,,1,1
CUST102952,33.0,Male,South,Basic,Monthly,Card,24,198.7,198.7,0,18.9,18.1,14.4,15,1,4.1,3.9,0,0
CUST102953,18.0,Other,South,Standard,Monthly,UPI,1,396.33,396.33,0,19.5,17.3,16.8,12,2,2.2,3.4,0,1
CUST102954,18.0,Male,West,Premium,Annual,UPI,4,696.81,836.17,0,11.0,11.9,13.8,11,2,1.3,2.4,0,0
CUST102955,25.0,Male,North,Basic,Annual,UPI,60,195.04,195.04,0,20.0,,18.3,29,2,4.5,3.6,0,0
CUST102956,42.0,Male,West,Standard,Annual,Card,7,378.06,378.06,0,14.6,15.7,15.6,11,3,3.7,3.5,0,0
CUST102957,37.0,Female,East,Basic,Monthly,NetBanking,10,199.35,219.29,0,36.8,39.7,38.0,40,0,0.0,2.7,0,1
CUST102958,38.0,Other,West,Premium,Monthly,Wallet,41,686.74,686.74,0,9.1,8.6,8.5,9,0,0.0,4.4,2,1
CUST102959,57.0,Male,North,Premium,Monthly,Card,44,689.85,620.86,0,30.9,36.8,44.1,24,3,0.2,3.6,0,1
CUST102960,22.0,Female,North,Standard,Monthly,UPI,1,400.87,400.87,1,32.1,27.0,28.7,29,0,0.0,3.1,0,0
CUST102961,36.0,Male,South,Premium,Monthly,NetBanking,10,696.58,696.58,0,23.1,25.8,20.5,13,1,1.2,3.8,0,0
CUST102962,39.0,Female,East,Standard,Monthly,UPI,2,400.44,400.44,0,35.8,31.2,33.7,30,0,0.0,3.2,1,0
CUST102963,28.0,Male,North,Premium,Monthly,Wallet,7,685.12,616.61,0,16.3,16.0,18.8,12,2,3.3,3.9,0,0
CUST102964,36.0,Female,East,Basic,Monthly,UPI,7,202.58,202.58,0,17.4,16.4,16.3,19,1,0.9,2.7,1,1
CUST102965,18.0,Female,North,Basic,Annual,Card,23,191.86,172.67,0,23.8,25.3,28.9,16,1,1.0,4.9,1,1
CUST102966,52.0,Male,South,Premium,Annual,UPI,5,660.98,660.98,0,16.6,16.7,21.0,10,1,1.5,4.8,0,1
CUST102967,29.0,Male,West,Basic,Annual,UPI,1,190.14,171.13,1,5.4,4.9,3.7,3,1,8.7,4.4,0,0
CUST102968,58.0,Male,West,Basic,Monthly,Card,2,192.27,192.27,0,9.2,9.5,9.7,9,2,4.2,5.0,0,1
CUST102969,36.0,Male,North,Standard,Annual,NetBanking,36,373.31,335.98,0,9.7,10.3,10.9,7,1,6.6,5.0,0,0
CUST102970,47.0,Male,East,Standard,Monthly,UPI,7,365.23,365.23,0,27.1,23.4,21.3,13,3,0.4,4.0,3,0
CUST102971,35.0,Male,North,Basic,Monthly,UPI,9,204.01,204.01,1,18.3,16.0,18.4,18,1,1.6,,0,0
CUST102972,36.0,Other,West,Basic,Monthly,UPI,28,211.68,211.68,0,26.0,,33.4,13,1,6.4,3.4,0,1
CUST102973,30.0,Male,North,Basic,Monthly,UPI,7,204.55,204.55,0,28.0,20.0,12.3,19,0,0.0,3.2,1,0
CUST102974,37.0,Female,North,Basic,Annual,UPI,7,194.19,194.19,1,16.4,16.9,20.1,12,0,0.0,4.8,1,1
CUST102975,39.0,Male,South,Basic,Annual,UPI,2,181.92,181.92,0,21.3,26.8,32.5,12,1,5.8,3.4,0,1
CUST102976,27.0,Female,South,Standard,Monthly,Card,19,402.83,483.4,0,9.0,7.0,6.5,4,2,2.4,4.2,0,0
CUST102977,35.0,Male,West,Standard,Monthly,NetBanking,49,366.93,366.93,0,13.2,14.5,14.6,13,1,1.3,2.8,0,0
CUST102978,29.0,Female,North,Basic,Monthly,Wallet,12,198.14,198.14,0,16.0,17.5,13.9,15,0,0.0,3.1,1,1
CUST102979,61.0,Male,South,Basic,Monthly,UPI,42,191.04,171.94,0,18.6,15.4,12.9,15,1,2.9,2.1,0,1
CUST102980,35.0,Male,South,Standard,Monthly,UPI,5,353.5,353.5,0,8.1,10.1,11.7,7,1,10.6,2.4,1,1
CUST102981,53.0,Female,North,Basic,Annual,Wallet,16,213.73,213.73,0,16.2,14.7,11.6,7,0,0.0,4.1,0,0
CUST102982,34.0,Female,East,Basic,Annual,Card,25,186.5,223.8,0,11.9,11.2,11.4,11,2,2.6,1.9,0,1
CUST102983,39.0,Female,North,Basic,Monthly,Card,16,195.46,195.46,0,46.1,33.8,29.3,41,3,2.5,2.1,1,0
CUST102984,21.0,Male,East,Standard,Monthly,Card,17,396.43,356.79,0,19.2,21.0,20.1,17,0,0.0,3.0,0,0
CUST102985,31.0,Male,West,Basic,Monthly,UPI,18,194.32,213.75,1,25.9,25.9,23.6,23,0,,3.4,1,1
CUST102986,38.0,Female,South,Basic,Monthly,Card,8,203.62,183.26,0,25.9,19.5,13.9,26,2,2.4,3.4,2,0
CUST102987,53.0,Female,West,Standard,Monthly,UPI,6,384.22,422.64,0,19.8,20.5,21.0,15,2,4.8,5.0,0,1
CUST102988,38.0,Female,South,Premium,Monthly,UPI,22,712.35,783.58,0,22.5,28.8,29.4,18,0,0.0,4.6,0,0
CUST102989,51.0,Male,North,Standard,Monthly,Card,2,405.35,486.42,1,21.5,24.1,24.4,11,0,0.0,3.2,0,0
CUST102990,43.0,Male,South,Premium,Monthly,UPI,12,650.85,650.85,1,21.5,15.0,13.4,20,1,2.7,3.6,0,0
CUST102991,54.0,Female,South,Standard,Annual,Card,1,403.71,444.08,0,34.2,32.6,31.6,23,2,1.6,2.8,0,0
CUST102992,35.0,Female,South,Basic,Monthly,UPI,11,188.51,207.36,0,18.8,18.7,17.2,13,1,2.1,4.4,1,0
CUST102993,62.0,Male,South,Basic,Monthly,Card,7,187.4,187.4,0,11.6,13.5,10.5,8,3,4.9,3.6,0,1
CUST102994,31.0,Female,West,Basic,Annual,Card,14,201.89,201.89,0,26.4,28.4,27.9,15,0,0.0,3.3,2,0
CUST102995,28.0,Female,North,Basic,Annual,Card,8,194.94,194.94,0,10.3,10.1,11.3,8,3,3.0,3.4,2,1
CUST102996,23.0,Male,West,Basic,Monthly,UPI,25,202.71,202.71,0,17.3,20.1,20.6,17,0,0.0,4.3,0,1
CUST102997,62.0,Male,North,Basic,Monthly,Card,7,202.8,202.8,1,14.3,10.2,8.9,8,0,0.0,3.9,1,0
CUST102998,45.0,Female,East,Standard,Monthly,UPI,19,370.51,333.46,1,16.5,15.7,14.8,13,2,5.3,3.7,1,0
CUST102999,32.0,Male,South,Standard,Annual,NetBanking,38,413.78,496.54,1,23.4,18.1,17.6,22,1,1.6,4.1,2,1
CUST103000,50.0,Female,North,Basic,Monthly,UPI,7,201.84,242.21,0,22.5,,36.7,7,1,2.6,5.0,0,1
CUST103001,44.0,Female,North,Standard,Monthly,Card,29,387.3,387.3,0,16.5,15.8,14.0,19,6,1.8,3.5,1,1
CUST103002,58.0,Male,West,Basic,Annual,UPI,56,197.65,197.65,0,2.6,2.3,2.0,2,2,1.1,2.3,0,0
CUST103003,19.0,Female,West,Standard,Annual,Card,1,414.34,455.77,0,13.4,15.0,15.4,8,0,0.0,4.1,0,0
CUST103004,33.0,Male,South,Standard,Monthly,NetBanking,8,392.62,471.14,0,28.6,26.5,23.5,23,2,7.8,5.0,0,0
CUST103005,31.0,Male,East,Basic,Monthly,NetBanking,51,220.05,264.06,0,24.1,29.5,28.3,16,5,1.4,2.9,1,1
CUST103006,18.0,Female,East,Basic,Monthly,UPI,68,213.83,213.83,1,8.0,8.1,6.5,6,1,0.2,5.0,0,0
CUST103007,48.0,Female,North,Premium,Monthly,Card,13,703.08,632.77,0,8.6,11.5,15.1,6,1,3.7,5.0,1,0
CUST103008,33.0,Male,South,Standard,Monthly,UPI,1,394.45,355.0,1,14.2,12.5,11.3,15,1,7.8,2.6,1,0
CUST103009,44.0,Female,East,Standard,Annual,UPI,4,395.32,395.32,0,6.3,7.7,8.6,8,0,0.0,3.7,1,0
CUST103010,62.0,Female,West,Basic,Annual,Card,42,193.02,212.32,0,9.3,9.9,10.5,9,1,2.2,3.6,1,0
CUST103011,32.0,Female,South,Basic,Annual,NetBanking,62,200.25,180.22,0,20.2,16.5,12.4,17,0,0.0,2.5,0,0
CUST103012,31.0,Female,North,Basic,Annual,Card,1,205.84,247.01,0,22.4,19.6,14.5,15,0,0.0,5.0,0,0
CUST103013,37.0,Male,South,Premium,Monthly,NetBanking,2,651.84,651.84,1,17.1,22.9,31.7,17,2,11.4,3.6,0,0
CUST103014,47.0,Male,West,Basic,Monthly,NetBanking,26,205.4,205.4,0,17.1,14.6,12.1,11,3,1.7,1.4,1,1
CUST103015,30.0,Female,South,Basic,Annual,Card,1,208.29,208.29,1,14.5,,10.7,12,0,0.0,4.1,1,0
CUST103016,29.0,Male,South,Premium,Monthly,Card,39,719.0,719.0,0,12.7,11.4,13.7,9,3,5.0,2.3,0,1
CUST103017,48.0,Female,South,Standard,Monthly,UPI,12,396.41,396.41,0,25.6,18.8,16.5,14,1,5.6,3.5,0,0
CUST103018,40.0,Male,West,Basic,Monthly,NetBanking,3,204.28,204.28,0,26.6,27.5,26.5,20,2,2.2,1.0,0,1
CUST103019,18.0,Male,East,Standard,Annual,Card,40,424.92,424.92,0,16.7,18.9,20.5,10,3,4.3,2.9,1,0
CUST103020,23.0,Male,South,Standard,Monthly,Card,32,397.84,397.84,0,9.5,11.9,12.5,10,2,2.5,4.1,2,0
CUST103021,53.0,Male,South,Premium,Monthly,UPI,5,699.83,699.83,0,12.7,10.8,9.9,8,2,,2.9,0,0
CUST103022,40.0,Male,West,Basic,Monthly,Card,11,220.22,198.2,1,17.6,18.4,20.0,14,0,0.0,2.0,0,1
CUST103023,28.0,Female,North,Standard,Annual,Card,13,405.13,364.62,0,16.7,18.4,21.9,11,5,0.6,2.5,4,1
CUST103024,34.0,Female,South,Basic,Monthly,NetBanking,13,188.98,207.88,0,24.4,26.6,23.2,13,2,2.8,3.1,2,0
CUST103025,36.0,Male,West,Premium,Monthly,UPI,19,729.51,729.51,0,12.4,10.5,11.7,12,3,3.3,4.6,0,1
CUST103026,44.0,Male,South,Premium,Annual,UPI,20,713.05,713.05,0,22.9,23.1,26.5,18,0,0.0,,1,0
CUST103027,21.0,Female,North,Premium,Annual,Card,16,676.09,743.7,0,17.9,19.5,16.9,23,0,0.0,3.6,3,1
CUST103028,27.0,Male,South,Premium,Monthly,UPI,56,660.42,792.5,0,45.2,43.3,40.4,46,1,2.0,2.3,1,0
CUST103029,39.0,Female,East,Standard,Monthly,UPI,9,403.76,484.51,0,17.4,15.9,12.7,14,1,4.4,3.5,1,0
CUST103030,35.0,Female,West,Basic,Annual,UPI,6,198.4,178.56,0,13.1,10.0,6.6,11,1,6.7,5.0,0,0
CUST103031,42.0,Female,North,Basic,Monthly,Wallet,2,186.62,186.62,0,33.4,34.1,35.9,26,1,2.6,3.9,0,0
CUST103032,22.0,Female,East,Basic,Annual,Card,5,198.12,198.12,0,16.8,13.2,11.0,10,2,0.4,4.0,1,0
CUST103033,40.0,Female,West,Standard,Annual,UPI,8,395.98,435.58,0,22.4,21.0,23.7,11,0,0.0,1.3,0,1
CUST103034,48.0,Female,West,Basic,Annual,NetBanking,61,198.38,178.54,0,6.9,6.7,6.5,4,0,0.0,4.7,0,0
CUST103035,41.0,Female,North,Standard,Monthly,Card,23,408.81,490.57,0,29.8,29.9,30.3,32,3,1.2,3.1,1,0
CUST103036,38.0,Male,North,Standard,Monthly,Wallet,1,363.85,363.85,0,12.7,11.0,11.2,11,1,7.1,3.6,0,0
CUST103037,35.0,Male,West,Premium,Monthly,UPI,18,660.13,660.13,0,10.1,,10.1,9,1,2.3,3.7,1,0
CUST103038,27.0,Male,South,Basic,Monthly,Card,3,194.15,194.15,0,27.1,33.0,40.5,26,2,6.5,3.5,1,1
CUST103039,35.0,Male,South,Standard,Monthly,Card,50,425.46,425.46,0,12.1,13.3,15.9,9,3,1.5,2.8,1,1
CUST103040,50.0,Female,South,Standard,Monthly,Card,13,446.24,401.62,0,11.1,8.1,7.1,8,2,0.9,2.8,0,1
CUST103041,35.0,Male,West,Premium,Monthly,Wallet,15,699.17,629.25,1,9.3,8.1,5.9,11,0,0.0,2.4,0,1
CUST103042,26.0,Male,South,Standard,Monthly,Wallet,1,399.91,399.91,0,14.2,12.3,10.9,13,3,4.2,2.7,0,0
CUST103043,31.0,Male,South,Basic,Monthly,UPI,8,174.69,174.69,0,12.1,12.9,10.3,6,1,3.4,4.7,0,0
CUST103044,38.0,Female,East,Basic,Monthly,Card,14,208.0,208.0,0,25.5,22.5,21.0,11,1,5.0,3.0,0,0
CUST103045,32.0,Female,South,Premium,Monthly,UPI,1,714.72,857.66,0,12.6,16.2,17.6,12,1,5.5,4.3,0,1
CUST103046,41.0,Female,South,Standard,Annual,UPI,28,404.65,485.58,1,13.8,11.8,11.4,9,1,2.1,2.5,0,0
CUST103047,42.0,Male,North,Premium,Monthly,Card,34,655.44,720.98,0,13.2,15.3,16.9,10,2,5.9,1.9,2,1
CUST103048,46.0,Male,South,Standard,Annual,Card,14,438.5,526.2,1,23.4,25.9,30.9,8,6,0.5,1.9,0,0
CUST103049,52.0,Female,West,Standard,Monthly,UPI,1,429.33,429.33,0,26.6,25.3,20.9,19,1,6.1,4.5,1,1
CUST103050,47.0,Female,South,Standard,Monthly,UPI,1,404.87,445.36,0,17.7,17.8,19.7,17,4,3.1,1.3,1,1
CUST103051,26.0,Female,West,Premium,Annual,UPI,16,733.67,660.3,0,17.3,18.6,13.1,12,1,7.5,5.0,1,0
CUST103052,26.0,Female,North,Premium,Monthly,UPI,13,700.79,840.95,0,18.9,13.1,10.3,11,0,0.0,5.0,1,0
CUST103053,35.0,Male,South,Basic,Monthly,Card,30,207.17,207.17,0,19.7,18.4,16.7,15,3,3.4,3.8,1,0
CUST103054,31.0,Female,South,Basic,Annual,Card,14,185.99,204.59,0,24.4,27.9,32.3,20,1,4.5,3.0,0,0
CUST103055,23.0,Female,North,Basic,Monthly,UPI,16,176.38,158.74,0,23.7,22.1,24.5,17,2,2.9,2.8,5,1
CUST103056,31.0,Female,North,Basic,Monthly,UPI,28,186.37,186.37,1,2.5,2.0,1.7,1,0,0.0,3.1,1,1
CUST103057,31.0,Female,South,Premium,Annual,Card,1,670.81,737.89,0,10.7,,10.0,9,0,0.0,3.1,0,0
CUST103058,29.0,Male,West,Premium,Annual,NetBanking,29,676.51,676.51,0,5.7,5.6,6.0,4,2,2.2,3.1,1,1
CUST103059,33.0,Male,North,Basic,Monthly,UPI,6,203.46,203.46,0,20.4,20.4,25.1,17,1,4.0,1.7,0,1
CUST103060,49.0,Female,West,Basic,Monthly,Card,6,196.44,196.44,0,9.0,13.0,18.7,5,2,1.1,3.6,2,1
CUST103061,38.0,Female,South,Standard,Monthly,Card,24,398.43,398.43,0,22.1,21.5,17.9,23,0,0.0,2.7,0,0
CUST103062,63.0,Male,South,Premium,Annual,Wallet,5,657.6,591.84,0,19.6,18.6,17.8,18,2,5.6,2.4,0,1
CUST103063,38.0,Male,North,Standard,Annual,UPI,2,373.64,373.64,0,17.3,20.4,18.9,13,2,4.3,2.5,1,0
CUST103064,33.0,Female,South,Basic,Monthly,Card,32,199.41,179.47,0,15.7,11.3,10.0,13,0,0.0,4.2,0,0
CUST103065,36.0,Male,South,Basic,Monthly,UPI,32,193.61,193.61,0,26.2,28.3,25.3,30,2,0.6,4.4,0,1
CUST103066,39.0,Male,South,Standard,Annual,Card,5,399.09,399.09,0,22.9,25.7,25.6,24,1,3.6,2.5,2,1
CUST103067,41.0,Female,South,Standard,Monthly,NetBanking,12,409.86,409.86,0,10.3,9.0,9.2,11,0,0.0,5.0,0,0
CUST103068,59.0,Female,West,Premium,Annual,NetBanking,8,756.3,831.93,0,19.9,20.3,18.3,18,3,2.9,,1,0
CUST103069,27.0,Female,South,Premium,Monthly,NetBanking,11,698.29,698.29,0,18.6,20.5,22.2,13,0,0.0,3.1,0,0
CUST103070,45.0,Female,West,Basic,Monthly,UPI,16,217.04,217.04,0,30.2,29.4,26.2,28,1,0.6,4.4,0,0
CUST103071,38.0,Male,South,Basic,Monthly,UPI,16,203.04,203.04,1,32.2,26.5,25.8,37,1,3.7,1.9,0,1
CUST103072,19.0,Female,North,Basic,Monthly,Card,30,205.86,205.86,0,18.0,16.7,14.3,17,2,4.1,2.7,0,0
CUST103073,44.0,Female,North,Basic,Monthly,NetBanking,2,209.48,251.38,0,43.6,41.0,37.4,28,2,1.1,2.4,0,1
CUST103074,50.0,Female,North,Basic,Monthly,Card,22,206.16,206.16,1,12.1,13.4,15.6,10,1,2.8,3.1,0,1
CUST103075,27.0,Female,West,Basic,Monthly,Card,39,191.02,171.92,1,7.8,5.9,5.3,7,2,2.4,2.6,2,1
CUST103076,36.0,Male,West,Basic,Monthly,Wallet,15,209.78,209.78,0,33.9,31.9,26.7,28,2,0.8,1.6,0,1
CUST103077,18.0,Male,South,Premium,Annual,Wallet,5,685.93,685.93,0,11.3,8.1,7.6,11,3,1.7,3.7,0,1
CUST103078,22.0,Male,North,Basic,Monthly,UPI,26,202.0,202.0,1,8.0,7.7,7.0,5,0,0.0,4.1,1,0
CUST103079,48.0,Male,West,Premium,Monthly,UPI,23,703.64,774.0,0,11.7,6.9,5.1,9,3,5.2,3.9,1,0
CUST103080,31.0,Other,South,Basic,Annual,Card,2,210.38,210.38,0,13.7,15.6,18.6,12,3,,2.6,0,1
CUST103081,24.0,Male,North,Basic,Monthly,UPI,25,202.91,202.91,0,5.9,6.3,6.7,5,1,4.0,3.5,0,1
CUST103082,39.0,Female,South,Basic,Monthly,Card,28,185.21,185.21,0,15.2,17.2,16.2,10,3,3.9,3.9,1,1
CUST103083,30.0,Male,North,Basic,Annual,Card,22,219.81,197.83,0,13.0,12.7,11.8,4,1,5.1,3.8,0,1
CUST103084,31.0,Male,North,Basic,Monthly,UPI,15,207.31,186.58,0,18.4,20.0,20.3,4,0,0.0,4.7,1,0
CUST103085,44.0,Male,North,Premium,Monthly,NetBanking,24,679.76,747.74,0,4.2,3.8,3.5,3,0,0.0,,1,0
CUST103086,23.0,Male,West,Premium,Annual,Wallet,38,659.25,659.25,0,15.9,13.7,12.5,13,0,0.0,3.8,0,0
CUST103087,26.0,Female,North,Basic,Annual,Wallet,16,208.45,187.6,0,47.5,53.3,62.3,36,1,,3.6,0,0
CUST103088,38.0,Female,West,Basic,Annual,NetBanking,65,188.86,207.75,0,27.9,27.0,25.3,22,0,,3.7,0,0
CUST103089,47.0,Male,East,Basic,Monthly,Card,8,206.97,206.97,0,8.4,6.8,6.4,9,3,1.0,3.1,0,0
CUST103090,50.0,Female,North,Standard,Monthly,Card,36,420.33,420.33,0,12.2,8.9,8.3,9,2,1.1,2.8,0,0
CUST103091,29.0,Female,North,Basic,Monthly,UPI,32,192.53,231.04,0,14.0,19.5,25.4,12,1,5.7,3.9,1,1
CUST103092,46.0,Female,North,Basic,Monthly,Card,29,191.65,191.65,0,33.3,33.1,30.2,38,4,6.6,3.0,0,0
CUST103093,27.0,Male,West,Premium,Monthly,UPI,17,682.57,614.31,1,15.4,15.0,14.9,9,3,2.2,2.4,0,0
CUST103094,56.0,Male,South,Premium,Annual,UPI,19,664.44,664.44,0,14.1,8.8,8.4,16,1,14.0,3.9,0,1
CUST103095,24.0,Female,West,Standard,Monthly,NetBanking,1,403.58,484.3,0,9.1,10.3,11.2,9,0,0.0,5.0,0,0
CUST103096,51.0,Female,North,Basic,Annual,UPI,14,202.7,202.7,1,14.2,16.2,22.3,10,1,5.9,3.6,0,1
CUST103097,29.0,Male,East,Basic,Annual,UPI,8,206.24,206.24,0,15.1,12.9,12.9,4,0,0.0,3.9,0,0
CUST103098,58.0,Female,North,Basic,Monthly,NetBanking,16,190.71,228.85,0,19.2,,15.5,21,1,2.0,3.7,1,0
CUST103099,43.0,Male,North,Standard,Monthly,UPI,1,415.76,415.76,0,11.4,12.5,12.9,13,1,3.9,1.6,0,0
CUST103100,25.0,Female,East,Standard,Annual,Card,2,379.3,455.16,0,9.2,10.0,11.0,6,0,0.0,3.4,0,0
CUST103101,30.0,Male,East,Basic,Monthly,UPI,18,207.35,186.62,0,9.0,10.6,10.9,11,1,6.5,5.0,0,0
CUST103102,45.0,Female,South,Premium,Annual,UPI,17,647.04,647.04,1,28.3,29.2,28.3,13,0,0.0,3.8,0,0
CUST103103,48.0,Male,North,Standard,Monthly,Card,18,430.28,430.28,0,30.5,28.0,26.4,26,0,0.0,2.9,0,0
CUST103104,35.0,Male,North,Standard,Monthly,UPI,5,388.6,388.6,0,28.5,25.0,23.5,22,0,0.0,3.8,0,0
CUST103105,36.0,Female,East,Basic,Monthly,Wallet,33,204.96,184.46,1,14.3,15.7,14.6,8,0,0.0,3.2,0,0
CUST103106,44.0,Male,North,Basic,Monthly,Card,6,205.75,205.75,0,27.7,26.5,29.2,21,2,1.9,3.5,0,1
CUST103107,37.0,Female,South,Basic,Annual,UPI,44,186.37,205.01,0,25.8,32.1,32.3,21,2,2.3,3.5,1,1
CUST103108,22.0,Female,East,Standard,Monthly,Card,13,415.66,498.79,0,21.8,23.1,25.4,12,1,1.9,3.5,0,0
CUST103109,27.0,Male,North,Basic,Monthly,UPI,8,193.52,193.52,0,14.9,15.3,15.2,14,2,0.4,4.2,1,0
CUST103110,39.0,Male,North,Basic,Annual,Wallet,23,195.95,176.36,0,21.8,16.2,14.0,14,1,3.3,2.3,0,0
CUST103111,49.0,Female,East,Standard,Annual,Card,12,385.63,347.07,0,8.5,9.3,8.1,6,2,1.5,3.6,1,1
CUST103112,54.0,Female,East,Standard,Monthly,NetBanking,18,431.2,474.32,0,26.4,33.1,49.2,29,0,0.0,4.8,1,0
CUST103113,45.0,Female,East,Standard,Annual,NetBanking,72,2253.96,413.23,0,5.0,6.9,7.9,3,1,1.4,3.3,1,0
CUST103114,39.0,Male,South,Standard,Monthly,Card,37,407.58,366.82,0,15.0,12.5,11.0,5,4,2.1,3.6,2,0
CUST103115,44.0,Female,South,Standard,Annual,NetBanking,1,386.56,463.87,1,16.4,16.9,17.6,12,0,0.0,3.6,0,0
CUST103116,29.0,Female,East,Standard,Annual,Wallet,1,420.77,420.77,0,14.6,14.1,13.1,12,1,3.6,2.5,2,1
CUST103117,34.0,Female,South,Basic,Annual,Wallet,24,222.1,222.1,0,26.7,27.4,24.1,20,2,0.2,1.4,0,0
CUST103118,27.0,Male,South,Basic,Monthly,UPI,59,192.73,192.73,1,8.7,8.8,8.4,8,0,0.0,3.2,1,0
CUST103119,22.0,Male,South,Basic,Annual,Card,11,200.39,240.47,0,10.5,8.8,6.0,9,1,2.2,3.2,1,0
CUST103120,40.0,Female,South,Basic,Monthly,Card,3,195.17,234.2,0,18.4,18.6,20.0,13,0,0.0,5.0,0,0
CUST103121,38.0,Other,West,Standard,Annual,Card,27,419.71,419.71,0,7.3,5.8,5.6,7,2,0.6,3.3,0,0
CUST103122,44.0,Male,South,Standard,Annual,UPI,3,394.04,394.04,0,14.0,15.7,14.4,12,3,3.6,2.5,0,1
CUST103123,42.0,Female,South,Basic,Monthly,UPI,4,208.01,208.01,0,34.8,43.2,52.2,31,0,0.0,4.3,0,0
CUST103124,,Male,West,Standard,Annual,UPI,3,391.07,391.07,1,26.3,24.2,24.1,20,1,6.2,3.2,1,0
CUST103125,42.0,Male,West,Standard,Annual,NetBanking,10,443.76,399.38,0,37.8,26.9,23.1,32,1,4.7,4.6,2,1
CUST103126,36.0,Male,South,Standard,Annual,Card,2,355.28,319.75,1,17.5,12.8,9.1,14,1,1.3,5.0,0,0
CUST103127,41.0,Male,West,Premium,Monthly,Wallet,22,712.17,712.17,0,27.3,23.0,18.7,20,2,5.7,3.5,1,0
CUST103128,28.0,Male,South,Basic,Annual,Card,2,198.9,179.01,1,28.0,33.9,42.7,25,1,4.7,1.8,0,1
CUST103129,40.0,Male,West,Basic,Monthly,Card,23,198.53,238.24,0,7.5,8.4,9.3,7,0,,3.7,0,0
CUST103130,43.0,Male,South,Basic,Annual,NetBanking,35,201.84,242.21,0,12.6,11.6,11.1,11,2,2.5,3.1,1,0
CUST103131,29.0,Female,North,Standard,Monthly,Card,24,400.17,440.19,0,14.5,12.8,14.0,13,4,2.9,4.4,0,0
CUST103132,37.0,Female,South,Basic,Monthly,Card,28,201.18,201.18,0,48.0,36.5,35.8,17,1,2.5,4.0,0,0
CUST103133,29.0,Female,East,Premium,Monthly,Wallet,2,713.26,855.91,0,30.7,24.8,18.6,30,1,3.4,3.2,0,0
CUST103134,30.0,Male,South,Basic,Annual,Wallet,9,216.4,216.4,0,9.7,7.8,5.4,6,0,0.0,5.0,0,0
CUST103135,24.0,Female,North,Standard,Monthly,NetBanking,19,343.83,343.83,0,36.7,43.3,43.8,38,2,1.6,3.2,1,0
CUST103136,50.0,Male,East,Standard,Annual,Card,2,435.85,392.27,0,13.8,11.4,9.7,7,1,0.7,3.4,0,0
CUST103137,48.0,Female,South,Basic,Annual,Card,1,224.47,224.47,0,23.3,30.8,37.3,26,0,0.0,3.3,1,0
CUST103138,42.0,Female,West,Standard,Monthly,Card,1,364.07,436.88,0,15.0,14.2,12.3,5,1,3.2,4.7,0,1
CUST103139,58.0,Male,North,Standard,Annual,Card,22,399.95,479.94,0,5.3,5.2,6.0,5,1,3.1,3.0,1,0
CUST103140,34.0,Male,South,Standard,Annual,Wallet,19,426.36,426.36,0,236.9,41.3,53.9,27,1,3.1,4.2,1,0
CUST103141,69.0,Female,South,Standard,Monthly,Card,41,417.32,500.78,0,28.7,29.5,30.2,26,0,0.0,4.2,0,0
CUST103142,33.0,Female,South,Standard,Monthly,UPI,32,432.44,432.44,1,15.8,18.5,25.9,18,1,2.9,,1,0
CUST103143,39.0,Female,South,Basic,Monthly,Card,1,202.7,222.97,0,21.6,22.7,24.5,18,0,0.0,4.7,0,0
CUST103144,32.0,Female,North,Standard,Monthly,UPI,20,358.45,358.45,0,12.6,14.6,15.1,12,0,0.0,5.0,0,0
CUST103145,,Female,East,Basic,Monthly,Card,10,211.98,211.98,0,11.7,11.8,12.7,13,2,0.2,2.1,2,1
CUST103146,45.0,Male,North,Basic,Monthly,Card,18,205.32,205.32,0,28.6,32.4,30.0,19,5,3.4,2.4,0,0
CUST103147,35.0,Female,North,Basic,Monthly,Card,12,213.59,213.59,0,26.7,24.0,22.6,23,0,,3.6,1,0
CUST103148,56.0,Male,West,Standard,Annual,Wallet,6,368.4,331.56,0,42.4,27.8,24.0,46,0,0.0,3.9,1,0
CUST103149,39.0,Male,South,Basic,Monthly,UPI,7,186.9,186.9,0,27.1,24.2,23.4,24,1,0.7,3.0,2,0
CUST103150,39.0,Male,East,Premium,Annual,UPI,23,699.58,699.58,0,21.3,23.5,20.8,15,2,3.6,2.3,0,0
CUST103151,26.0,Female,West,Basic,Annual,Card,44,212.26,212.26,0,27.5,24.2,25.4,25,2,3.9,3.2,0,0
CUST103152,41.0,Female,South,Basic,Annual,UPI,8,215.04,258.05,0,22.6,19.5,14.0,19,0,0.0,4.8,1,0
CUST103153,35.0,Male,East,Basic,Monthly,UPI,18,191.78,191.78,0,23.7,30.5,44.0,21,0,0.0,3.6,0,0
CUST103154,29.0,Male,West,Basic,Monthly,UPI,1,194.96,214.46,0,25.9,22.9,20.7,18,3,5.7,3.5,0,1
CUST103155,27.0,Male,North,Basic,Annual,UPI,27,227.58,273.1,0,28.4,25.9,22.3,24,1,1.2,5.0,1,0
CUST103156,65.0,Female,West,Standard,Annual,NetBanking,3,387.97,426.77,0,17.1,13.4,11.3,13,1,3.5,3.7,0,0
CUST103157,33.0,Female,South,Basic,Annual,Wallet,9,205.72,205.72,1,4.7,3.9,4.1,3,1,3.5,4.5,1,0
CUST103158,20.0,Male,North,Basic,Monthly,Wallet,16,194.5,175.05,1,17.6,21.2,22.3,19,3,8.9,4.1,0,1
CUST103159,28.0,Male,South,Basic,Monthly,UPI,24,203.72,203.72,0,10.5,9.3,9.0,7,2,4.5,4.5,1,0
CUST103160,35.0,Female,South,Basic,Monthly,Card,22,190.38,190.38,0,1.0,0.7,0.5,1,0,0.0,5.0,2,0
CUST103161,42.0,Male,West,Premium,Monthly,Card,29,669.72,736.69,1,31.9,34.3,32.8,18,1,1.7,3.4,0,0
CUST103162,42.0,Female,South,Basic,Annual,Card,18,195.31,195.31,0,35.4,30.0,37.5,28,3,2.9,4.0,0,0
CUST103163,43.0,Male,West,Standard,Monthly,Card,13,388.12,465.74,1,11.0,9.2,7.4,8,2,2.3,3.5,0,0
CUST103164,29.0,Male,East,Standard,Monthly,UPI,33,392.93,392.93,0,14.9,20.1,27.0,14,1,7.9,4.0,0,0
CUST103165,40.0,Male,West,Basic,Monthly,UPI,46,204.23,204.23,0,16.7,22.5,25.8,9,4,0.7,3.2,0,0
CUST103166,26.0,Female,West,Premium,Monthly,UPI,37,765.07,918.08,0,11.4,9.8,8.4,5,1,4.1,4.7,0,0
CUST103167,29.0,Male,North,Basic,Monthly,UPI,7,193.12,212.43,0,22.6,20.0,19.6,10,2,1.3,2.8,0,1
CUST103168,26.0,Male,West,Premium,Monthly,Wallet,2,664.45,664.45,0,8.8,8.4,7.9,8,1,6.0,3.9,1,1
CUST103169,23.0,Female,West,Standard,Monthly,Card,13,399.19,399.19,0,20.4,19.0,15.1,21,1,2.9,2.3,1,0
CUST103170,48.0,Female,North,Basic,Annual,Card,22,190.53,190.53,0,26.5,31.4,30.4,26,0,0.0,3.0,1,0
CUST103171,44.0,Male,East,Premium,Annual,UPI,28,641.85,641.85,0,24.0,28.2,30.8,17,0,0.0,3.2,1,0
CUST103172,47.0,Male,South,Basic,Monthly,UPI,2,209.59,230.55,0,23.1,24.3,22.7,19,2,0.5,,0,0
CUST103173,36.0,Female,South,Premium,Monthly,UPI,1,701.81,701.81,1,12.2,11.4,9.9,4,1,5.3,4.0,1,0
CUST103174,45.0,Male,South,Premium,Annual,NetBanking,6,705.24,705.24,0,34.6,29.8,25.9,39,0,0.0,5.0,0,0
CUST103175,18.0,Female,North,Basic,Monthly,Card,9,179.82,197.8,0,30.4,29.0,24.2,31,0,0.0,4.8,0,0
CUST103176,45.0,Male,South,Basic,Monthly,UPI,7,193.18,193.18,0,14.7,18.4,22.3,14,2,4.3,3.3,0,1
CUST103177,38.0,Male,North,Premium,Monthly,Wallet,4,649.52,779.42,0,25.2,30.1,33.7,16,2,1.9,,2,1
CUST103178,43.0,Male,East,Basic,Annual,UPI,1,198.8,178.92,0,13.5,12.2,12.7,10,0,0.0,4.0,1,0
CUST103179,40.0,Female,East,Standard,Monthly,UPI,22,401.68,361.51,0,25.5,33.1,31.7,19,1,3.4,2.2,0,1
CUST103180,25.0,Male,West,Basic,Annual,Card,43,200.33,200.33,0,9.1,11.0,13.1,10,2,1.1,2.0,1,1
CUST103181,20.0,Male,West,Basic,Monthly,Card,1,192.36,211.6,0,29.3,30.3,39.2,29,1,0.8,4.2,1,0
CUST103182,28.0,Male,West,Standard,Monthly,Card,10,381.98,420.18,0,13.9,11.8,10.0,11,0,0.0,2.2,0,0
CUST103183,42.0,Female,East,Standard,Monthly,UPI,41,395.15,395.15,0,10.8,10.7,7.8,10,0,0.0,4.0,0,0
CUST103184,44.0,Male,South,Standard,Annual,UPI,25,406.12,446.73,0,10.0,9.1,7.6,6,0,0.0,3.5,0,1
CUST103185,21.0,Female,West,Standard,Monthly,Wallet,4,387.44,387.44,0,20.9,22.3,20.8,11,1,6.5,5.0,3,1
CUST103186,25.0,Female,South,Basic,Monthly,UPI,20,189.67,208.64,0,6.2,5.9,4.6,5,3,4.5,1.9,0,0
CUST103187,28.0,Male,South,Basic,Annual,Card,8,190.1,228.12,0,24.0,21.7,15.4,14,3,0.3,4.0,1,0
CUST103188,32.0,Female,South,Basic,Monthly,NetBanking,6,192.45,192.45,0,16.3,15.3,13.5,8,0,0.0,3.5,1,1
CUST103189,21.0,Female,North,Basic,Monthly,Card,17,194.5,233.4,0,26.6,32.3,38.1,21,1,7.2,3.1,0,0
CUST103190,20.0,Male,East,Basic,Annual,UPI,10,188.07,225.68,0,5.5,6.1,8.2,4,0,0.0,5.0,0,0
CUST103191,27.0,Male,South,Standard,Monthly,Card,4,390.11,390.11,1,18.9,14.0,9.6,11,0,0.0,3.3,3,0
CUST103192,37.0,Male,West,Basic,Monthly,NetBanking,6,211.3,253.56,0,16.1,17.4,17.0,12,2,0.5,2.4,0,0
CUST103193,23.0,Male,South,Basic,Annual,Wallet,17,196.07,196.07,0,11.5,10.5,11.6,10,2,3.9,2.8,0,1
CUST103194,35.0,Female,South,Standard,Monthly,Card,72,374.28,336.85,0,10.4,10.4,13.0,8,1,1.9,2.5,1,0
CUST103195,48.0,Female,South,Basic,Monthly,UPI,3,176.53,176.53,0,24.9,18.3,18.2,21,1,1.5,2.0,2,1
CUST103196,22.0,Female,South,Premium,Monthly,UPI,33,763.18,763.18,1,9.2,8.2,8.8,7,1,1.2,,1,1
CUST103197,34.0,Male,West,Basic,Monthly,Card,24,210.34,210.34,0,18.2,19.3,20.5,21,0,0.0,2.2,1,0
CUST103198,47.0,Male,South,Basic,Monthly,Card,6,201.83,242.2,1,7.7,7.9,8.1,8,3,2.5,2.2,1,0
CUST103199,31.0,Male,South,Premium,Monthly,UPI,24,739.64,887.57,0,6.8,5.9,5.7,6,1,1.3,2.7,1,0
CUST103200,30.0,Female,South,Standard,Monthly,Card,3,409.53,491.44,0,17.6,17.8,18.2,11,0,0.0,4.0,1,1
CUST103201,49.0,Male,West,Premium,Monthly,Card,57,696.36,696.36,0,20.2,20.1,15.7,14,0,0.0,2.5,0,0
CUST103202,33.0,Female,West,Basic,Monthly,NetBanking,40,186.66,186.66,0,11.6,9.5,8.5,6,0,0.0,4.4,0,0
CUST103203,48.0,Female,East,Basic,Monthly,UPI,6,217.99,261.59,0,23.0,29.5,32.5,15,2,6.3,1.1,0,1
CUST103204,41.0,Male,North,Standard,Monthly,Card,1,390.28,351.25,0,30.4,29.4,33.1,28,2,2.2,2.4,0,1
CUST103205,32.0,Female,West,Basic,Annual,Wallet,5,195.2,234.24,0,25.3,27.0,32.1,17,1,3.7,3.3,0,0
CUST103206,,Female,South,Standard,Monthly,NetBanking,35,399.75,479.7,0,17.6,18.2,17.8,13,1,0.2,3.1,0,0
CUST103207,40.0,Female,South,Basic,Monthly,Wallet,10,199.54,219.49,0,29.3,36.9,41.5,30,0,0.0,3.9,0,0
CUST103208,47.0,Male,North,Basic,Annual,UPI,4,204.72,204.72,1,19.2,16.8,15.9,17,1,0.9,2.2,0,0
CUST103209,30.0,Male,South,Basic,Monthly,Card,18,203.57,244.28,0,10.7,10.4,13.3,9,0,0.0,5.0,0,1
CUST103210,36.0,Female,North,Standard,Annual,Card,15,387.49,387.49,1,24.1,25.8,29.5,19,0,0.0,5.0,2,0
CUST103211,35.0,Male,North,Basic,Annual,Wallet,19,199.26,199.26,0,27.8,29.9,36.0,21,1,4.0,1.0,0,1
CUST103212,44.0,Female,South,Premium,Monthly,NetBanking,64,717.98,861.58,0,8.1,8.2,6.6,8,3,0.3,3.7,0,0
CUST103213,25.0,Male,North,Basic,Monthly,UPI,48,192.41,211.65,0,15.4,19.7,21.4,13,2,10.5,,0,1
CUST103214,47.0,Female,North,Standard,Monthly,UPI,29,427.86,427.86,0,10.7,11.1,11.6,8,0,0.0,3.7,0,0
CUST103215,41.0,Female,South,Basic,Annual,UPI,23,198.8,198.8,1,19.5,19.7,18.1,11,0,0.0,3.7,1,0
CUST103216,22.0,Male,West,Standard,Monthly,UPI,7,430.89,430.89,0,16.3,18.4,19.6,15,0,0.0,3.0,0,1
CUST103217,49.0,Male,East,Premium,Annual,Card,19,650.34,650.34,0,10.5,10.1,11.3,9,2,2.0,3.2,1,0
CUST103218,61.0,Female,South,Standard,Annual,UPI,56,412.06,494.47,0,17.6,19.9,23.2,9,0,0.0,5.0,1,1
CUST103219,47.0,Male,South,Basic,Annual,UPI,2,190.14,171.13,1,20.6,22.6,22.7,16,0,0.0,5.0,0,0
CUST103220,52.0,Female,South,Standard,Monthly,NetBanking,18,386.34,463.61,0,23.3,20.0,18.3,20,1,3.2,3.4,2,0
CUST103221,37.0,Female,South,Basic,Annual,UPI,14,208.0,208.0,0,39.2,38.5,30.3,29,6,1.5,1.0,0,0
CUST103222,18.0,Male,South,Standard,Annual,UPI,4,394.44,394.44,0,15.9,12.8,13.4,18,2,5.4,3.0,0,0
CUST103223,18.0,Female,South,Standard,Monthly,Card,4,450.82,540.98,0,18.5,20.8,23.5,20,1,1.3,3.2,0,1
CUST103224,39.0,Female,West,Basic,Annual,Card,15,204.15,183.74,0,18.1,20.8,22.7,10,1,1.6,5.0,0,0
CUST103225,29.0,Female,West,Standard,Monthly,Card,1,385.12,385.12,0,47.5,61.4,81.2,36,0,0.0,2.6,0,0
CUST103226,26.0,Male,West,Standard,Annual,Card,35,409.37,409.37,1,13.9,12.9,13.0,14,4,3.6,1.0,2,0
CUST103227,35.0,Male,East,Basic,Monthly,Card,9,196.64,196.64,0,16.3,14.9,15.6,13,1,1.8,2.8,0,0
CUST103228,43.0,Male,East,Basic,Monthly,UPI,3,207.28,207.28,1,16.9,17.8,18.8,16,4,,3.4,1,0
CUST103229,20.0,Female,East,Basic,Annual,UPI,23,196.05,215.66,0,9.1,10.0,9.8,6,1,1.3,2.6,1,0
CUST103230,31.0,Female,West,Standard,Monthly,UPI,1,407.11,366.4,0,22.7,22.3,23.6,11,1,2.7,3.3,0,0
CUST103231,53.0,Female,East,Standard,Monthly,UPI,21,402.96,402.96,0,19.8,23.0,27.8,19,1,,,0,0
CUST103232,24.0,Male,East,Basic,Monthly,NetBanking,1,199.78,219.76,0,13.5,12.9,12.9,10,0,0.0,2.2,0,0
CUST103233,46.0,Female,West,Basic,Annual,Card,39,209.37,209.37,0,23.2,20.9,16.7,31,2,3.3,3.2,0,0
CUST103234,31.0,Female,North,Basic,Monthly,UPI,31,181.06,181.06,1,21.5,17.9,15.8,21,3,2.6,3.3,1,1
CUST103235,42.0,Female,South,Basic,Monthly,Card,5,1199.82,219.97,0,10.3,10.9,10.6,6,0,0.0,4.4,0,0
CUST103236,48.0,Male,South,Basic,Monthly,Card,1,192.02,192.02,0,22.8,18.4,16.6,21,1,4.0,3.1,0,0
CUST103237,44.0,Female,North,Basic,Monthly,UPI,17,185.58,185.58,0,6.4,5.2,3.8,5,1,0.7,5.0,0,0
CUST103238,46.0,Male,South,Basic,Monthly,NetBanking,1,190.66,190.66,0,18.6,19.5,22.1,17,4,4.6,2.3,0,1
CUST103239,23.0,Male,South,Standard,Monthly,Card,50,386.64,347.98,1,11.6,13.0,16.0,8,1,2.5,4.3,0,0
CUST103240,48.0,Female,South,Standard,Annual,UPI,20,394.31,433.74,1,35.0,25.4,27.1,30,0,0.0,4.9,1,0
CUST103241,27.0,Male,South,Basic,Annual,Card,7,202.36,202.36,0,29.4,32.6,35.2,30,3,0.2,1.0,1,0
CUST103242,39.0,Male,West,Standard,Annual,Card,52,409.82,409.82,0,35.2,29.5,19.2,34,0,0.0,5.0,0,0
CUST103243,39.0,Female,North,Basic,Annual,NetBanking,16,194.93,175.44,0,12.3,11.5,12.1,13,1,1.4,2.4,0,0
CUST103244,41.0,Other,South,Basic,Annual,UPI,57,214.77,214.77,0,10.6,9.2,8.3,15,1,3.0,3.1,0,0
CUST103245,40.0,Male,North,Premium,Annual,UPI,12,686.02,823.22,0,17.2,20.1,23.0,12,1,3.5,4.6,0,0
CUST103246,27.0,Female,South,Standard,Monthly,NetBanking,11,360.17,360.17,1,13.0,11.0,11.2,15,1,8.5,3.1,0,0
CUST103247,21.0,Male,East,Basic,Annual,UPI,5,195.57,195.57,0,11.6,15.3,19.9,10,3,2.8,2.9,2,1
CUST103248,46.0,Male,East,Basic,Monthly,Card,1,199.47,199.47,0,30.6,29.4,26.4,22,3,2.6,4.0,1,0
CUST103249,38.0,Male,South,Standard,Monthly,UPI,16,333.7,367.07,1,30.3,27.8,25.8,24,1,1.0,3.7,1,0
CUST103250,49.0,Female,North,Basic,Monthly,UPI,9,211.01,211.01,0,26.2,18.5,14.5,26,0,0.0,2.8,1,0
CUST103251,36.0,Male,South,Premium,Monthly,UPI,5,695.54,834.65,1,6.7,7.5,7.8,5,3,1.1,4.2,0,1
CUST103252,21.0,Male,East,Basic,Monthly,UPI,28,187.53,225.04,1,21.6,26.8,39.6,9,0,0.0,4.1,2,0
CUST103253,47.0,Female,West,Basic,Monthly,UPI,29,189.45,189.45,0,15.6,15.7,14.7,15,2,3.6,1.7,0,0
CUST103254,32.0,Female,West,Standard,Monthly,Card,23,414.2,372.78,0,25.1,21.4,21.1,21,1,4.5,3.4,0,0
CUST103255,40.0,Female,South,Standard,Annual,UPI,51,416.63,416.63,0,24.5,28.5,30.3,17,0,0.0,4.1,3,0
CUST103256,29.0,Female,East,Standard,Monthly,Card,14,386.06,347.45,0,20.4,27.0,33.2,11,2,0.7,2.9,2,0
CUST103257,54.0,Male,West,Premium,Monthly,Card,10,651.63,716.79,0,30.7,31.9,26.1,27,1,2.0,,0,1
CUST103258,26.0,Male,West,Premium,Annual,UPI,10,703.57,703.57,0,20.0,20.6,19.0,21,2,2.8,1.9,0,0
CUST103259,32.0,Female,South,Basic,Monthly,UPI,8,202.13,222.34,0,6.1,4.4,3.5,4,1,7.3,2.9,1,0
CUST103260,37.0,Female,North,Basic,Annual,NetBanking,13,204.62,184.16,1,15.0,23.0,37.9,13,1,7.7,,0,1
CUST103261,24.0,Male,South,Basic,Monthly,UPI,5,193.4,232.08,0,12.4,9.5,7.8,15,0,,4.9,1,0
CUST103262,40.0,Male,South,Standard,Monthly,UPI,2,396.56,396.56,0,10.5,12.1,12.0,10,2,2.5,1.9,3,1
CUST103263,54.0,Male,East,Standard,Annual,Card,44,399.4,479.28,0,10.9,17.3,23.4,9,2,0.8,2.7,2,1
CUST103264,31.0,Male,North,Basic,Monthly,UPI,4,208.62,208.62,0,14.0,10.7,9.8,11,3,0.5,1.0,1,1
CUST103265,,Female,South,Premium,Annual,Card,1,745.46,894.55,1,13.0,10.6,9.8,9,1,5.0,3.5,0,1
CUST103266,18.0,Female,West,Basic,Monthly,UPI,4,214.93,214.93,1,22.3,14.4,12.3,18,2,0.5,4.8,2,0
CUST103267,36.0,Male,North,Premium,Monthly,UPI,13,744.52,744.52,0,12.0,9.8,10.2,9,1,4.9,4.5,0,1
CUST103268,33.0,Female,West,Premium,Annual,Card,8,762.38,914.86,0,22.9,26.5,32.0,17,0,0.0,3.5,0,0
CUST103269,27.0,Female,West,Basic,Monthly,Wallet,10,209.08,250.9,0,27.4,30.6,25.3,21,3,1.3,2.7,0,1
CUST103270,48.0,Male,West,Basic,Monthly,UPI,1,193.14,231.77,0,22.6,19.5,17.6,11,0,0.0,3.4,0,0
CUST103271,32.0,Male,West,Basic,Annual,UPI,10,214.26,214.26,1,18.8,18.9,17.8,15,1,2.1,3.2,0,0
CUST103272,34.0,Female,South,Premium,Monthly,UPI,15,650.89,650.89,0,23.8,22.4,23.3,32,0,0.0,3.8,0,0
CUST103273,32.0,Male,South,Basic,Monthly,UPI,17,222.53,222.53,0,10.7,8.9,9.0,6,4,2.6,2.4,0,1
CUST103274,18.0,Female,West,Premium,Monthly,UPI,21,664.92,664.92,0,6.6,7.3,6.3,7,2,1.7,3.3,2,1
CUST103275,24.0,Female,South,Standard,Monthly,Card,10,416.71,416.71,0,24.3,22.4,24.8,25,1,0.4,2.4,1,0
CUST103276,47.0,Female,North,Standard,Monthly,Wallet,17,427.81,513.37,0,19.9,13.7,12.3,19,0,0.0,4.2,0,0
CUST103277,18.0,Other,East,Premium,Monthly,UPI,43,715.05,715.05,0,36.4,34.8,29.6,26,1,5.7,,0,0
CUST103278,28.0,Female,South,Basic,Monthly,UPI,28,178.6,160.74,1,27.6,39.9,46.0,28,3,2.3,5.0,3,1
CUST103279,32.0,Female,South,Standard,Monthly,UPI,13,380.09,418.1,0,15.1,14.5,12.6,18,1,1.8,4.0,1,0
CUST103280,55.0,Male,North,Basic,Annual,Card,2,202.55,202.55,0,16.0,14.3,11.6,17,1,6.7,3.4,0,1
CUST103281,44.0,Female,North,Basic,Monthly,NetBanking,6,205.32,205.32,0,19.1,18.4,16.1,17,1,1.3,,1,0
CUST103282,30.0,Female,East,Basic,Annual,UPI,58,197.22,236.66,1,16.5,16.4,16.7,14,1,2.6,4.9,1,0
CUST103283,50.0,Female,South,Basic,Monthly,NetBanking,11,199.74,219.71,0,18.9,20.6,17.9,13,2,5.8,2.6,0,1
CUST103284,28.0,Female,North,Standard,Monthly,Card,5,369.7,443.64,0,13.3,13.7,16.4,11,0,0.0,5.0,1,0
CUST103285,47.0,Male,South,Basic,Annual,NetBanking,2,216.65,216.65,0,25.6,21.8,19.0,24,1,6.2,3.9,0,0
CUST103286,21.0,Female,East,Standard,Monthly,Wallet,13,391.46,391.46,0,22.0,17.4,17.0,18,4,1.9,1.4,0,1
CUST103287,48.0,Female,South,Basic,Monthly,Wallet,18,206.85,248.22,0,17.1,14.5,14.1,14,0,0.0,3.1,2,0
CUST103288,32.0,Female,South,Standard,Annual,NetBanking,25,427.0,427.0,0,9.9,11.2,13.3,8,3,3.2,2.4,0,0
CUST103289,25.0,Female,West,Premium,Annual,UPI,11,658.63,790.36,1,17.0,12.7,11.2,20,2,4.2,4.8,1,0
CUST103290,34.0,Female,South,Standard,Monthly,UPI,19,401.55,441.71,0,20.6,20.4,19.4,18,3,1.7,3.2,1,0
CUST103291,39.0,Female,East,Premium,Annual,Card,7,708.72,850.46,0,16.5,16.3,17.3,14,2,3.0,3.4,0,0
CUST103292,31.0,Male,South,Basic,Monthly,UPI,4,196.43,196.43,1,14.7,14.3,15.7,5,2,2.2,3.2,0,0
CUST103293,42.0,Male,South,Basic,Annual,UPI,16,208.23,229.05,0,5.4,5.5,6.1,5,4,2.2,,0,0
CUST103294,30.0,Female,South,Standard,Monthly,Card,5,385.69,462.83,0,48.3,61.9,70.7,45,1,3.4,3.3,0,0
CUST103295,43.0,Female,West,Basic,Monthly,UPI,5,199.55,199.55,0,11.5,12.0,11.3,11,0,0.0,3.4,0,0
CUST103296,41.0,Female,North,Standard,Monthly,Card,8,391.6,469.92,1,21.1,25.8,28.4,20,1,1.1,4.7,0,1
CUST103297,35.0,Male,South,Standard,Monthly,UPI,31,445.39,445.39,0,10.5,10.2,11.9,7,2,0.5,3.5,0,0
CUST103298,31.0,Male,North,Basic,Annual,UPI,2,192.41,192.41,0,20.2,25.2,32.4,15,2,1.6,4.7,0,0
CUST103299,38.0,Male,North,Premium,Monthly,NetBanking,17,725.04,725.04,0,21.2,26.7,31.4,25,3,3.8,2.6,0,1
CUST103300,42.0,Female,West,Basic,Monthly,Card,17,216.88,195.19,0,15.3,15.8,13.4,8,2,3.6,3.5,0,1
CUST103301,59.0,Female,West,Standard,Annual,Card,8,380.68,380.68,0,16.4,18.0,20.5,9,1,4.6,5.0,0,0
CUST103302,46.0,Female,North,Basic,Monthly,UPI,17,199.95,199.95,0,12.8,11.9,12.8,7,3,0.9,2.5,0,1
CUST103303,47.0,Male,North,Standard,Annual,UPI,8,379.32,379.32,0,48.3,48.1,46.2,38,0,0.0,4.8,1,0
CUST103304,70.0,Female,South,Basic,Monthly,Card,2,178.97,196.87,1,26.4,26.8,27.9,30,1,0.9,2.0,4,0
CUST103305,42.0,Female,West,Premium,Monthly,UPI,40,671.56,805.87,0,18.8,21.0,21.2,17,1,1.8,4.3,0,0
CUST103306,41.0,Male,North,Premium,Monthly,Wallet,1,679.07,814.88,1,13.5,13.5,14.6,14,0,0.0,3.1,0,1
CUST103307,44.0,Female,South,Standard,Monthly,UPI,17,388.81,427.69,0,25.2,31.9,39.3,11,1,4.4,4.4,0,0
CUST103308,25.0,Female,West,Standard,Monthly,Card,3,393.02,393.02,0,25.3,22.8,22.0,17,1,3.6,2.4,0,0
CUST103309,31.0,Male,West,Standard,Annual,Card,6,399.12,359.21,0,10.6,11.0,8.8,7,2,2.1,4.3,2,1
CUST103310,30.0,Male,North,Standard,Monthly,UPI,4,375.12,450.14,0,7.7,9.3,9.5,9,0,0.0,3.7,0,0
CUST103311,43.0,Female,South,Standard,Annual,UPI,27,406.01,406.01,1,13.4,11.3,9.2,11,2,1.4,3.7,2,0
CUST103312,34.0,Female,East,Standard,Monthly,Wallet,6,423.21,423.21,0,13.1,16.7,19.3,11,0,0.0,3.9,0,0
CUST103313,38.0,Female,West,Premium,Annual,Card,1,745.51,670.96,0,8.1,8.3,10.8,7,1,7.3,3.4,0,1
CUST103314,48.0,Female,North,Standard,Monthly,UPI,5,393.81,433.19,0,11.4,12.6,17.1,9,1,3.3,2.9,1,1
CUST103315,45.0,Male,South,Basic,Monthly,Wallet,11,207.89,249.47,0,9.9,7.3,6.3,12,3,1.2,2.1,3,1
CUST103316,34.0,Female,South,Premium,Monthly,Card,16,675.2,675.2,0,30.9,26.4,26.4,37,0,0.0,4.5,1,0
CUST103317,29.0,Female,South,Basic,Monthly,Wallet,5,195.58,195.58,0,20.6,20.8,19.8,22,1,2.4,2.4,2,1
CUST103318,48.0,Male,South,Basic,Monthly,UPI,5,202.97,223.27,0,21.9,21.7,22.4,22,1,,3.4,0,0
CUST103319,45.0,Female,West,Premium,Monthly,UPI,17,687.3,687.3,0,26.0,20.0,14.7,19,3,1.2,2.0,2,0
CUST103320,18.0,Male,South,Basic,Monthly,UPI,50,186.42,205.06,0,10.4,16.3,19.8,10,1,1.5,3.2,0,0
CUST103321,33.0,Male,North,Basic,Annual,NetBanking,3,207.29,228.02,0,22.1,25.0,23.9,9,0,0.0,1.9,0,1
CUST103322,38.0,Male,West,Standard,Monthly,Wallet,44,382.47,420.72,1,14.5,14.4,15.2,11,2,5.2,4.5,0,0
CUST103323,45.0,Female,North,Premium,Monthly,Card,14,680.83,612.75,0,30.9,25.4,28.1,16,0,0.0,4.5,0,0
CUST103324,46.0,Male,South,Basic,Monthly,UPI,24,209.53,209.53,0,28.8,28.7,25.8,26,2,3.7,3.2,0,0
CUST103325,39.0,Male,West,Standard,Monthly,Card,18,409.72,368.75,0,33.9,29.2,28.0,27,0,0.0,4.0,0,0
CUST103326,42.0,Female,South,Basic,Monthly,Card,4,200.75,220.82,1,11.0,11.6,12.5,11,4,3.7,4.0,1,1
CUST103327,37.0,Male,West,Basic,Monthly,UPI,34,184.38,184.38,0,16.6,22.7,28.6,16,0,0.0,3.2,1,0
CUST103328,29.0,Female,South,Basic,Monthly,UPI,6,187.43,187.43,1,12.9,9.5,7.1,14,4,1.3,4.1,0,0
CUST103329,33.0,Female,North,Basic,Annual,UPI,18,202.95,202.95,0,12.4,14.0,15.1,8,2,0.8,2.6,0,1
CUST103330,36.0,Male,East,Premium,Monthly,Card,5,721.02,648.92,0,13.3,12.6,14.9,6,1,2.9,3.5,1,1
CUST103331,36.0,Male,North,Standard,Monthly,Card,18,404.05,404.05,1,24.3,22.1,21.0,29,1,4.2,2.1,0,0
CUST103332,18.0,Female,North,Premium,Annual,Card,7,682.44,750.68,0,12.6,14.3,16.8,9,2,2.6,4.7,0,0
CUST103333,32.0,Male,South,Premium,Monthly,Card,20,681.29,613.16,1,11.4,10.8,11.1,9,3,1.3,2.7,0,0
CUST103334,37.0,Male,North,Premium,Monthly,Card,1,706.54,706.54,1,12.5,15.2,14.7,13,0,0.0,4.1,2,1
CUST103335,33.0,Female,South,Standard,Monthly,NetBanking,4,374.03,374.03,1,8.4,6.3,5.5,6,0,0.0,3.0,2,0
CUST103336,33.0,Female,West,Basic,Annual,Card,20,199.91,199.91,0,12.7,10.7,11.6,8,0,0.0,,2,0
CUST103337,41.0,Female,North,Premium,Monthly,Wallet,18,650.46,650.46,1,29.2,30.9,36.9,36,1,1.8,2.5,1,0
CUST103338,24.0,Female,North,Standard,Annual,Card,6,378.0,415.8,1,42.4,43.5,32.1,30,0,0.0,2.9,0,0
CUST103339,18.0,Female,South,Basic,Monthly,UPI,3,200.77,240.92,0,14.7,15.5,13.3,17,2,0.8,1.6,0,0
CUST103340,32.0,Female,North,Basic,Annual,Card,1,204.8,204.8,1,30.0,30.7,38.7,27,0,0.0,3.5,0,0
CUST103341,44.0,Female,North,Basic,Monthly,Card,5,202.4,222.64,1,36.9,43.2,54.6,38,3,0.7,2.3,1,0
CUST103342,55.0,Female,South,Standard,Annual,UPI,20,376.77,376.77,0,28.5,26.2,24.8,29,2,4.1,5.0,0,0
CUST103343,45.0,Female,East,Standard,Monthly,Card,36,361.67,434.0,0,6.4,5.6,4.8,5,0,0.0,2.6,0,0
CUST103344,20.0,Female,South,Standard,Annual,Card,40,398.83,398.83,1,14.5,14.8,16.2,14,1,0.2,2.8,0,0
CUST103345,33.0,Male,South,Basic,Monthly,UPI,19,180.1,162.09,0,33.0,33.8,35.6,40,0,0.0,4.5,0,0
CUST103346,39.0,Female,East,Basic,Annual,NetBanking,8,208.4,208.4,0,24.9,23.3,19.1,27,1,1.9,2.5,0,0
CUST103347,38.0,Female,South,Premium,Annual,UPI,17,661.21,727.33,1,27.4,30.6,31.1,29,2,0.9,,0,0
CUST103348,42.0,Male,South,Basic,Monthly,Card,44,221.23,221.23,0,17.9,19.2,21.3,17,1,1.2,4.2,0,0
CUST103349,26.0,Male,East,Basic,Monthly,Card,3,189.43,170.49,0,20.8,22.1,26.0,17,0,0.0,4.4,0,0
CUST103350,37.0,Female,East,Standard,Monthly,UPI,21,408.24,367.42,1,15.5,13.9,14.8,10,2,1.9,3.3,0,0
CUST103351,41.0,Male,South,Premium,Annual,Wallet,13,673.26,673.26,0,29.8,27.3,28.8,34,1,0.6,3.4,0,0
CUST103352,45.0,Male,South,Standard,Annual,Card,2,395.64,395.64,0,15.6,14.2,10.3,11,0,0.0,4.7,0,0
CUST103353,27.0,Male,North,Standard,Monthly,Card,13,402.67,402.67,0,19.3,19.6,19.7,14,0,0.0,4.9,0,0
CUST103354,32.0,Male,North,Basic,Monthly,UPI,17,207.56,228.32,0,13.3,14.4,15.2,11,2,1.2,3.3,0,1
CUST103355,18.0,Female,North,Premium,Monthly,Wallet,20,734.63,734.63,0,11.5,10.3,9.1,6,0,0.0,4.2,1,0
CUST103356,29.0,Male,East,Standard,Monthly,Card,3,413.51,413.51,0,31.0,28.7,30.7,23,2,4.3,2.7,0,1
CUST103357,30.0,Male,West,Standard,Monthly,NetBanking,15,419.7,377.73,1,29.5,24.7,24.0,20,0,0.0,,2,0
CUST103358,25.0,Female,West,Basic,Annual,UPI,4,192.87,192.87,0,12.5,13.4,15.2,7,1,5.6,4.2,0,1
CUST103359,38.0,Male,South,Standard,Monthly,Card,14,411.94,411.94,1,21.1,27.4,30.7,12,1,0.6,3.1,0,0
CUST103360,35.0,Male,South,Basic,Annual,NetBanking,11,195.61,195.61,0,29.4,27.9,23.2,24,1,2.0,2.9,0,0
CUST103361,18.0,Female,South,Standard,Annual,UPI,8,418.68,418.68,0,46.1,56.6,61.4,47,1,7.6,5.0,0,0
CUST103362,38.0,Female,South,Standard,Monthly,Card,13,401.31,481.57,1,22.0,17.3,15.6,18,1,0.5,3.0,0,0
CUST103363,26.0,Female,North,Standard,Monthly,Card,2,411.37,411.37,1,28.8,26.7,24.9,17,1,1.3,3.3,1,0
CUST103364,41.0,Female,West,Basic,Monthly,Card,38,201.9,181.71,1,28.5,33.5,47.4,20,4,2.3,1.5,1,1
CUST103365,22.0,Female,South,Premium,Monthly,Card,1,725.58,725.58,1,26.7,31.9,30.3,24,1,0.2,4.5,0,0
CUST103366,36.0,Male,South,Basic,Annual,UPI,4,190.96,190.96,0,7.1,7.2,7.0,7,1,4.9,,0,1
CUST103367,33.0,Female,North,Standard,Monthly,UPI,22,367.64,441.17,0,20.7,20.4,21.4,21,1,8.2,3.5,0,0
CUST103368,39.0,Female,West,Basic,Monthly,NetBanking,21,208.84,208.84,0,15.7,12.5,15.1,14,2,1.9,3.2,2,0
CUST103369,37.0,Male,South,Basic,Annual,UPI,15,212.38,233.62,1,11.3,9.4,8.3,13,0,0.0,5.0,1,0
CUST103370,33.0,Female,West,Premium,Monthly,UPI,6,694.95,694.95,0,10.6,13.9,14.3,8,1,2.0,5.0,1,0
CUST103371,19.0,Male,West,Basic,Monthly,Card,22,207.07,248.48,0,13.4,11.3,10.9,8,1,3.9,3.8,0,0
CUST103372,20.0,Female,North,Premium,Annual,NetBanking,16,642.06,642.06,0,32.6,29.9,29.5,25,2,2.7,2.6,0,0
CUST103373,30.0,Female,East,Basic,Monthly,Card,19,192.82,231.38,0,10.3,12.8,14.4,11,2,7.6,3.4,2,1
CUST103374,36.0,Female,North,Standard,Monthly,Card,55,400.63,400.63,0,26.8,25.5,24.3,26,0,0.0,3.7,0,0
CUST103375,29.0,Male,South,Basic,Monthly,UPI,15,181.73,199.9,0,36.1,27.5,23.3,38,1,4.5,5.0,0,0
CUST103376,43.0,Female,North,Standard,Monthly,NetBanking,4,368.49,368.49,0,13.3,14.3,14.3,11,1,2.5,5.0,1,1
CUST103377,33.0,Female,South,Premium,Monthly,Card,25,704.52,704.52,0,34.7,37.2,35.7,30,2,,3.6,1,0
CUST103378,25.0,Male,East,Standard,Annual,UPI,11,386.92,386.92,1,30.0,27.4,23.7,23,0,0.0,4.5,1,0
CUST103379,33.0,Male,West,Basic,Monthly,Card,13,195.55,234.66,0,15.4,15.9,15.9,10,1,0.7,5.0,0,0
CUST103380,38.0,Female,South,Standard,Monthly,NetBanking,3,390.89,390.89,0,19.7,21.3,21.4,16,0,0.0,4.3,1,0
CUST103381,40.0,Male,North,Standard,Monthly,UPI,44,373.39,336.05,1,12.2,13.6,12.6,9,4,2.3,1.9,0,1
CUST103382,57.0,Female,South,Basic,Monthly,UPI,2,196.84,196.84,0,17.4,22.4,29.0,13,3,2.2,2.9,0,1
CUST103383,29.0,Female,South,Standard,Annual,Card,3,398.73,358.86,0,57.7,64.0,68.4,55,0,0.0,3.8,1,1
CUST103384,35.0,Male,East,Standard,Annual,UPI,2,387.37,348.63,0,19.1,22.2,26.1,16,0,0.0,3.0,0,0
CUST103385,41.0,Female,South,Standard,Annual,Card,25,389.0,427.9,0,14.0,12.1,12.2,15,0,0.0,3.8,1,0
CUST103386,36.0,Male,West,Basic,Monthly,UPI,55,196.97,177.27,1,7.2,6.5,6.7,5,2,,1.7,0,0
CUST103387,30.0,Female,South,Basic,Monthly,Wallet,54,207.16,186.44,0,22.0,23.4,22.5,16,1,1.9,1.5,1,0
CUST103388,19.0,Female,West,Premium,Annual,Card,11,695.7,695.7,0,11.2,11.4,14.2,5,0,0.0,3.7,0,0
CUST103389,30.0,Male,North,Standard,Annual,UPI,2,360.57,324.51,0,9.3,7.0,5.2,6,1,0.5,3.3,2,1
CUST103390,24.0,Female,North,Standard,Annual,Card,4,375.18,375.18,0,21.7,23.3,22.6,21,0,0.0,5.0,0,0
CUST103391,18.0,Female,West,Premium,Monthly,UPI,11,731.57,658.41,0,12.0,12.4,12.1,12,2,1.6,2.8,1,1
CUST103392,27.0,Female,North,Basic,Monthly,UPI,11,192.18,211.4,0,27.3,26.6,24.4,26,2,2.4,3.6,2,1
CUST103393,24.0,Male,South,Basic,Monthly,UPI,4,198.12,217.93,0,6.9,7.9,9.6,7,1,2.7,3.1,0,0
CUST103394,42.0,Female,West,Standard,Monthly,UPI,9,437.4,437.4,0,24.0,25.4,21.4,22,0,0.0,1.9,1,1
CUST103395,43.0,Female,South,Standard,Monthly,Wallet,8,411.6,370.44,0,39.0,31.2,24.0,33,3,1.6,3.0,0,1
CUST103396,26.0,Male,South,Premium,Monthly,NetBanking,11,623.92,686.31,0,22.8,23.0,19.2,22,1,2.6,3.8,0,0
CUST103397,33.0,Female,North,Standard,Monthly,Wallet,1,427.83,470.61,0,28.1,31.6,35.7,19,1,2.6,3.0,2,0
CUST103398,18.0,Male,North,Basic,Monthly,Card,21,200.49,200.49,0,12.8,15.7,17.4,6,2,4.8,3.1,0,1
CUST103399,31.0,Female,East,Basic,Monthly,Wallet,51,202.67,182.4,0,28.6,35.4,41.6,21,2,0.7,,1,0
CUST103400,40.0,Male,West,Basic,Monthly,Card,14,202.03,202.03,0,22.6,21.2,19.4,17,1,1.8,3.3,0,0
CUST103401,45.0,Female,North,Premium,Monthly,Card,18,730.92,730.92,0,19.9,21.7,21.5,17,2,1.2,4.6,1,0
CUST103402,28.0,Male,South,Basic,Monthly,UPI,1,198.21,237.85,0,32.8,31.4,41.2,22,1,4.9,3.8,0,0
CUST103403,48.0,Male,South,Standard,Annual,Card,24,369.44,406.38,0,24.8,19.4,16.0,18,3,0.4,4.1,1,0
CUST103404,19.0,Female,South,Basic,Monthly,NetBanking,5,202.22,202.22,0,11.5,11.5,13.0,11,1,5.2,5.0,0,0
CUST103405,22.0,Female,East,Basic,Annual,Card,6,185.25,222.3,0,15.3,18.3,22.3,9,3,1.0,,0,0
CUST103406,44.0,Female,South,Basic,Monthly,UPI,37,217.08,217.08,1,36.5,30.7,28.6,29,2,5.4,4.4,0,0
CUST103407,54.0,Female,East,Standard,Monthly,Card,26,391.78,391.78,0,10.9,11.8,14.8,8,2,1.3,4.6,0,0
CUST103408,41.0,Male,North,Basic,Monthly,Card,13,198.49,238.19,0,10.9,11.3,10.7,5,2,,4.4,0,1
CUST103409,36.0,Female,West,Premium,Annual,NetBanking,1,675.37,607.83,0,27.2,27.8,27.6,20,0,0.0,3.5,0,0
CUST103410,18.0,Male,South,Premium,Annual,UPI,9,710.85,853.02,1,15.0,16.3,18.5,10,1,3.0,1.0,0,1
CUST103411,18.0,Male,South,Basic,Monthly,Card,6,203.52,203.52,0,39.5,37.8,34.3,29,1,2.8,5.0,2,1
CUST103412,37.0,Female,West,Premium,Annual,UPI,21,675.28,675.28,0,25.1,20.2,19.8,21,3,1.4,1.5,0,0
CUST103413,32.0,Female,North,Basic,Annual,NetBanking,9,203.51,203.51,0,15.6,16.5,18.5,6,0,0.0,5.0,1,0
CUST103414,24.0,Male,North,Basic,Annual,UPI,13,199.67,199.67,0,22.7,33.0,52.1,23,2,1.6,2.1,0,0
CUST103415,37.0,Male,East,Basic,Monthly,Card,54,198.05,217.86,0,12.9,18.5,20.5,18,2,1.1,2.0,1,1
CUST103416,37.0,Female,West,Premium,Monthly,Wallet,5,672.73,672.73,1,42.6,30.9,20.3,27,1,11.1,3.6,0,0
CUST103417,46.0,Male,South,Standard,Annual,UPI,16,445.17,445.17,0,20.3,20.9,22.0,14,0,0.0,3.7,0,0
CUST103418,38.0,Male,West,Basic,Annual,Card,72,210.77,189.69,0,16.4,14.5,12.0,11,3,3.1,5.0,0,0
CUST103419,50.0,Male,South,Standard,Annual,Card,20,413.53,496.24,0,14.0,7.9,6.8,9,0,0.0,3.1,2,0
CUST103420,36.0,Male,West,Standard,Monthly,Card,35,421.47,421.47,0,11.4,11.7,11.5,14,1,1.7,4.5,2,1
CUST103421,35.0,Male,South,Standard,Annual,Wallet,72,404.98,404.98,0,12.2,11.3,11.0,9,0,0.0,4.3,2,0
CUST103422,48.0,Female,South,Standard,Annual,Wallet,20,392.03,392.03,0,13.4,15.7,21.9,13,1,,2.7,0,0
CUST103423,25.0,Male,South,Premium,Annual,UPI,3,606.62,667.28,0,8.3,9.5,10.6,9,0,0.0,4.4,0,0
CUST103424,67.0,Female,West,Standard,Annual,UPI,46,374.68,449.62,0,15.6,16.6,15.5,16,1,3.1,3.5,0,0
CUST103425,40.0,Female,West,Basic,Monthly,NetBanking,1,220.54,220.54,0,17.1,16.9,19.0,18,2,1.6,4.5,0,1
CUST103426,40.0,Female,South,Premium,Annual,UPI,1,739.55,739.55,0,22.9,18.8,15.6,13,0,0.0,3.6,1,0
CUST103427,42.0,Female,South,Basic,Monthly,UPI,15,201.01,241.21,1,12.5,11.9,11.4,13,2,0.5,4.8,0,0
CUST103428,57.0,Female,South,Standard,Monthly,Wallet,6,367.53,441.04,1,12.0,10.5,9.5,9,0,0.0,4.2,0,1
CUST103429,45.0,Female,South,Standard,Monthly,Card,5,411.66,411.66,0,17.9,22.5,26.2,21,0,,2.6,0,0
CUST103430,18.0,Female,West,Basic,Annual,Card,3,196.23,196.23,0,16.4,14.9,14.1,11,0,0.0,2.0,1,0
CUST103431,51.0,Female,South,Basic,Monthly,NetBanking,23,205.94,205.94,0,22.0,20.2,16.3,13,2,9.6,5.0,1,0
CUST103432,32.0,Female,West,Standard,Monthly,UPI,19,376.82,376.82,0,7.0,5.0,3.9,6,2,3.3,3.3,2,1
CUST103433,37.0,Female,West,Premium,Monthly,Card,30,681.88,681.88,0,22.7,21.0,22.3,21,0,0.0,3.7,2,0
CUST103434,22.0,Male,South,Premium,Annual,Card,3,729.93,802.92,1,17.8,22.0,23.6,8,3,2.5,3.3,0,0
CUST103435,42.0,Female,North,Standard,Annual,UPI,21,437.46,524.95,0,5.2,4.3,3.5,4,0,0.0,3.8,0,0
CUST103436,29.0,Female,West,Basic,Monthly,UPI,13,192.45,230.94,1,15.8,15.4,17.8,9,0,0.0,3.9,1,0
CUST103437,37.0,Male,West,Basic,Monthly,NetBanking,1,189.05,226.86,0,26.4,22.8,22.5,26,2,1.8,1.7,0,1
CUST103438,33.0,Female,East,Standard,Monthly,NetBanking,21,419.41,461.35,0,18.9,17.5,17.7,13,1,1.8,4.5,1,0
CUST103439,57.0,Male,South,Basic,Monthly,UPI,2,186.46,205.11,0,16.6,17.6,17.0,17,1,5.5,3.7,0,1
CUST103440,58.0,Male,South,Standard,Annual,UPI,29,375.3,412.83,0,12.7,15.5,20.1,9,2,2.0,4.0,1,0
CUST103441,37.0,Female,West,Basic,Monthly,UPI,36,201.65,221.82,1,7.0,6.7,7.2,6,2,1.3,2.8,1,0
CUST103442,37.0,Male,North,Basic,Monthly,Card,37,219.75,219.75,1,18.4,19.6,24.2,10,1,3.7,3.5,1,0
CUST103443,32.0,Male,East,Standard,Annual,UPI,27,382.07,343.86,1,29.5,29.5,34.5,23,2,4.8,1.9,0,0
CUST103444,48.0,Male,East,Standard,Monthly,UPI,11,391.62,391.62,0,36.5,30.6,23.3,22,0,0.0,4.9,0,0
CUST103445,32.0,Female,North,Standard,Monthly,NetBanking,3,401.22,401.22,1,10.6,11.0,9.4,12,0,0.0,3.7,0,0
CUST103446,31.0,Male,South,Basic,Monthly,NetBanking,35,194.3,233.16,1,19.2,19.4,23.9,20,1,7.1,1.2,0,1
CUST103447,47.0,Female,North,Premium,Monthly,Card,2,637.25,700.98,0,19.8,23.8,23.9,17,3,4.0,2.7,2,0
CUST103448,30.0,Female,West,Standard,Monthly,NetBanking,13,415.0,415.0,1,14.6,12.5,13.7,15,2,0.4,3.7,3,0
CUST103449,36.0,Female,South,Standard,Annual,UPI,44,402.72,402.72,0,29.7,24.0,18.5,21,2,2.3,4.8,0,0
CUST103450,19.0,Female,South,Standard,Annual,Card,8,406.32,406.32,0,20.2,20.9,19.6,19,0,0.0,2.3,0,0
CUST103451,44.0,Female,West,Basic,Annual,UPI,18,197.59,197.59,0,9.0,8.4,7.6,7,1,4.9,4.9,0,0
CUST103452,57.0,Male,East,Standard,Annual,NetBanking,40,429.19,386.27,0,16.8,14.1,14.4,15,1,0.2,4.3,2,0
CUST103453,44.0,Female,North,Standard,Monthly,UPI,28,388.93,427.82,0,27.3,34.3,32.1,23,0,0.0,3.4,0,0
CUST103454,52.0,Female,West,Standard,Annual,UPI,4,377.51,377.51,0,9.6,8.8,8.2,8,0,0.0,4.7,0,0
CUST103455,27.0,Male,North,Standard,Monthly,UPI,18,432.19,432.19,0,17.8,23.3,31.0,8,2,4.9,3.6,0,1
CUST103456,39.0,Male,West,Basic,Monthly,UPI,3,177.12,177.12,0,18.5,17.3,18.0,13,1,1.2,3.0,0,0
CUST103457,26.0,Female,West,Premium,Monthly,UPI,1,693.62,832.34,0,20.2,19.8,19.0,24,1,3.8,4.7,0,0
CUST103458,33.0,Male,South,Basic,Monthly,UPI,20,198.25,198.25,1,25.4,26.7,25.9,20,2,4.4,4.7,0,1
CUST103459,44.0,Female,North,Basic,Monthly,Wallet,45,197.86,217.65,1,13.5,13.4,15.1,9,0,0.0,2.4,0,0
CUST103460,37.0,Male,South,Standard,Monthly,UPI,26,368.05,368.05,0,39.6,39.1,41.3,33,3,2.1,3.4,0,0
CUST103461,20.0,Female,East,Basic,Monthly,Card,42,187.21,187.21,0,21.4,21.6,18.1,11,2,5.8,3.1,1,0
CUST103462,22.0,Male,East,Premium,Monthly,UPI,68,732.48,805.73,0,45.6,64.4,110.1,33,1,2.1,4.0,0,0
CUST103463,21.0,Female,North,Basic,Monthly,UPI,45,212.78,191.5,0,14.7,19.0,15.8,13,0,0.0,3.5,1,1
CUST103464,41.0,Male,West,Basic,Monthly,UPI,5,194.85,194.85,1,23.5,20.1,16.2,22,1,0.7,5.0,0,0
CUST103465,59.0,Male,North,Basic,Monthly,UPI,18,189.74,170.77,0,2.9,3.0,3.0,3,0,0.0,1.9,0,1
CUST103466,51.0,Male,West,Basic,Monthly,Card,17,181.24,217.49,1,41.3,35.8,31.6,46,1,1.9,3.7,2,0
CUST103467,18.0,Male,East,Basic,Monthly,UPI,4,208.36,208.36,0,21.9,20.3,21.2,15,0,0.0,3.3,2,0
CUST103468,52.0,Female,North,Basic,Monthly,NetBanking,17,208.95,229.84,0,14.6,14.1,15.2,8,1,2.7,3.3,1,0
CUST103469,46.0,Female,South,Basic,Monthly,UPI,7,171.03,188.13,0,8.0,7.8,9.0,6,2,,1.4,1,1
CUST103470,19.0,Male,East,Basic,Annual,UPI,21,174.88,174.88,0,22.2,29.9,32.3,16,1,4.7,4.8,0,0
CUST103471,33.0,Female,East,Basic,Monthly,UPI,8,200.36,220.4,0,13.8,11.3,9.7,12,0,0.0,2.4,0,1
CUST103472,48.0,Male,South,Basic,Monthly,UPI,7,201.65,201.65,0,29.0,31.9,33.9,22,2,1.6,3.8,0,0
CUST103473,42.0,Male,West,Basic,Annual,UPI,32,194.25,213.68,0,38.9,,25.5,33,0,0.0,3.2,0,0
CUST103474,22.0,Female,North,Basic,Monthly,UPI,11,198.67,198.67,1,20.4,15.9,18.7,17,3,0.6,2.8,1,0
CUST103475,43.0,Female,South,Basic,Monthly,UPI,22,196.54,176.89,0,227.0,34.4,42.6,27,0,0.0,4.4,0,0
CUST103476,18.0,Female,West,Basic,Monthly,UPI,35,199.26,199.26,1,15.9,14.4,14.5,13,1,1.5,4.8,0,0
CUST103477,34.0,Male,South,Basic,Annual,UPI,1,190.04,209.04,0,4.7,4.3,4.6,4,1,2.9,2.2,0,1
CUST103478,49.0,Male,East,Basic,Monthly,UPI,12,198.88,218.77,0,23.0,24.6,28.2,27,2,1.9,2.9,0,0
CUST103479,36.0,Female,East,Premium,Annual,Card,25,675.43,675.43,0,25.9,28.5,25.2,13,0,0.0,,0,0
CUST103480,31.0,Male,South,Basic,Annual,UPI,5,191.46,172.31,0,16.0,23.8,28.0,14,1,0.3,3.5,0,0
CUST103481,46.0,Male,North,Basic,Monthly,UPI,14,180.42,198.46,1,7.4,8.3,8.7,6,1,10.3,4.4,0,0
CUST103482,47.0,Other,South,Standard,Monthly,Card,3,395.5,395.5,0,13.7,12.7,12.8,11,1,2.9,5.0,0,0
CUST103483,50.0,Female,South,Standard,Monthly,Card,10,415.02,456.52,0,22.4,16.8,18.3,21,0,0.0,3.1,0,0
CUST103484,46.0,Male,East,Basic,Monthly,UPI,17,195.76,195.76,0,15.7,16.0,18.6,10,0,0.0,,1,1
CUST103485,48.0,Male,South,Standard,Monthly,UPI,1,391.95,391.95,0,16.8,14.4,12.8,12,2,0.3,3.9,0,0
CUST103486,44.0,Female,West,Standard,Monthly,UPI,58,424.05,424.05,0,36.1,28.6,29.4,35,2,3.0,2.1,1,0
CUST103487,39.0,Male,North,Premium,Annual,UPI,11,734.82,808.3,1,21.8,22.7,22.2,17,2,0.4,3.8,0,0
CUST103488,37.0,Male,South,Premium,Annual,NetBanking,72,759.62,759.62,0,44.1,35.4,24.1,28,1,1.6,3.5,0,0
CUST103489,33.0,Male,West,Standard,Annual,Card,35,444.03,444.03,0,8.7,8.6,9.1,8,4,2.5,2.6,2,1
CUST103490,23.0,Female,North,Standard,Monthly,UPI,72,400.19,440.21,0,7.6,8.7,9.8,7,0,,4.5,0,0
CUST103491,25.0,Female,East,Basic,Annual,UPI,18,187.49,187.49,0,24.9,22.3,24.5,21,1,0.8,3.1,0,0
CUST103492,33.0,Male,East,Premium,Annual,Card,15,680.79,816.95,0,30.7,28.7,26.0,28,1,0.8,5.0,1,0
CUST103493,39.0,Male,West,Standard,Annual,Wallet,7,410.43,369.39,0,24.4,23.2,20.6,23,5,4.6,2.3,1,1
CUST103494,52.0,Female,South,Basic,Annual,NetBanking,47,213.33,192.0,0,49.4,61.2,74.9,39,1,5.3,2.8,2,0
CUST103495,36.0,Female,South,Basic,Monthly,Card,1,188.56,188.56,1,36.9,35.9,34.6,32,0,0.0,5.0,1,0
CUST103496,47.0,Female,West,Standard,Annual,Card,15,404.09,484.91,0,32.1,32.6,42.2,18,1,5.6,3.5,1,0
CUST103497,48.0,Male,South,Standard,Monthly,NetBanking,2,383.18,344.86,1,12.5,17.3,18.3,10,2,10.3,2.2,0,1
CUST103498,33.0,Female,East,Premium,Annual,Card,6,693.87,624.48,0,11.9,12.4,12.3,12,0,0.0,3.6,0,0
CUST103499,43.0,Female,East,Basic,Monthly,Wallet,18,197.39,217.13,0,32.8,33.2,41.4,41,3,4.7,4.9,1,0
CUST103500,33.0,Female,North,Premium,Monthly,Card,27,712.32,783.55,0,16.7,21.6,24.7,14,1,2.3,3.8,3,0
CUST103501,51.0,Male,West,Basic,Monthly,UPI,4,219.22,241.14,0,28.4,35.6,37.9,18,1,,2.6,0,0
CUST103502,43.0,Female,West,Standard,Monthly,Card,5,408.48,408.48,0,16.7,12.4,11.7,12,2,0.5,4.3,1,0
CUST103503,23.0,Male,South,Basic,Monthly,UPI,3,194.72,194.72,0,6.8,,6.3,4,0,0.0,,1,1
CUST103504,38.0,Male,East,Basic,Annual,Card,11,193.08,193.08,1,34.1,36.3,41.7,32,1,1.2,4.2,0,0
CUST103505,54.0,Male,East,Basic,Monthly,UPI,1,197.1,197.1,1,25.4,27.4,28.2,21,0,0.0,2.2,2,1
CUST103506,34.0,Female,South,Basic,Monthly,Wallet,27,190.33,190.33,0,13.9,13.0,13.5,9,0,0.0,2.7,1,0
CUST103507,41.0,Male,West,Basic,Monthly,Card,10,200.39,180.35,0,5.1,7.1,10.8,4,1,2.4,2.0,1,1
CUST103508,42.0,Female,North,Premium,Monthly,UPI,6,614.73,614.73,0,43.1,37.5,33.7,41,3,10.3,,3,0
CUST103509,25.0,Female,South,Basic,Monthly,Card,29,196.9,236.28,0,28.3,37.9,35.7,23,0,0.0,5.0,0,0
CUST103510,42.0,Female,West,Standard,Annual,UPI,5,396.37,436.01,0,26.1,19.7,17.4,18,2,1.8,1.4,0,0
CUST103511,21.0,Male,West,Standard,Annual,Card,1,375.85,375.85,0,29.1,25.3,26.1,30,1,4.8,2.4,2,0
CUST103512,,Female,South,Basic,Monthly,UPI,8,195.2,195.2,0,9.4,10.3,14.2,8,4,2.5,1.1,0,1
CUST103513,48.0,Male,West,Premium,Monthly,NetBanking,8,738.14,738.14,0,36.9,39.3,43.5,24,0,0.0,4.6,0,1
CUST103514,40.0,Male,South,Standard,Annual,NetBanking,15,422.78,422.78,0,1.1,1.1,1.1,1,3,3.8,4.9,0,0
CUST103515,33.0,Male,South,Standard,Monthly,Wallet,18,388.36,388.36,0,12.2,13.0,16.9,5,0,0.0,4.1,1,0
CUST103516,41.0,Male,South,Premium,Annual,Card,37,717.3,717.3,0,13.4,12.6,11.9,12,0,0.0,4.3,0,0
CUST103517,35.0,Female,West,Standard,Monthly,Card,29,369.1,369.1,0,13.1,12.4,11.9,18,0,0.0,3.8,0,0
CUST103518,36.0,Male,South,Premium,Annual,Card,3,688.65,757.52,0,17.7,25.9,34.6,18,2,5.1,3.1,0,0
CUST103519,43.0,Male,South,Basic,Monthly,UPI,6,201.3,221.43,0,27.4,21.8,21.6,21,1,1.3,4.2,0,0
CUST103520,28.0,Other,East,Basic,Annual,Card,1,214.19,214.19,0,9.4,9.2,8.7,8,1,2.1,2.6,0,0
CUST103521,36.0,Male,North,Standard,Annual,NetBanking,14,422.8,380.52,0,7.8,6.2,5.4,7,1,,4.2,1,0
CUST103522,33.0,Male,South,Basic,Monthly,Wallet,44,201.08,201.08,0,30.2,33.3,35.0,28,1,2.1,3.2,0,1
CUST103523,19.0,Male,South,Standard,Monthly,Card,16,380.82,342.74,0,15.4,16.5,17.8,12,4,1.9,2.8,0,1
CUST103524,26.0,Male,West,Basic,Monthly,Card,46,212.52,191.27,0,12.8,15.7,16.0,5,1,3.2,,1,0
CUST103525,53.0,Female,East,Basic,Monthly,UPI,41,195.61,195.61,1,39.4,39.5,44.2,29,1,1.2,1.4,0,0
CUST103526,40.0,Male,West,Premium,Annual,UPI,26,714.67,714.67,0,28.6,24.3,21.9,20,1,,4.3,0,0
CUST103527,21.0,Male,South,Basic,Monthly,UPI,6,197.78,197.78,0,12.3,10.7,9.8,10,0,0.0,3.7,0,1
CUST103528,19.0,Female,North,Basic,Monthly,Card,56,218.82,240.7,0,4.4,4.0,4.5,3,3,0.9,3.0,0,0
CUST103529,35.0,Male,West,Standard,Monthly,NetBanking,1,386.83,386.83,0,20.6,28.4,40.7,19,1,3.5,5.0,0,0
CUST103530,53.0,Female,South,Standard,Monthly,UPI,53,417.28,417.28,0,12.5,15.6,20.6,15,0,0.0,3.9,0,0
CUST103531,34.0,Female,South,Premium,Annual,Card,26,695.98,765.58,0,28.2,37.0,52.2,28,0,0.0,3.0,1,0
CUST103532,50.0,Male,North,Basic,Monthly,Card,25,204.66,204.66,0,29.2,26.2,23.6,23,0,0.0,2.2,0,1
CUST103533,40.0,Male,South,Premium,Annual,NetBanking,59,755.62,755.62,0,17.5,16.3,14.9,19,0,0.0,3.5,1,0
CUST103534,41.0,Male,South,Standard,Monthly,Card,25,359.01,323.11,0,13.9,13.1,12.4,14,3,1.0,3.5,1,1
CUST103535,21.0,Male,West,Premium,Annual,NetBanking,3,696.71,696.71,0,17.8,20.5,21.4,17,1,1.2,2.1,2,0
CUST103536,46.0,Female,North,Basic,Monthly,UPI,71,190.1,190.1,0,16.3,17.5,19.7,11,1,4.9,4.6,0,0
CUST103537,32.0,Female,East,Basic,Monthly,Wallet,6,203.44,203.44,0,23.6,26.2,31.7,18,0,0.0,3.4,0,1
CUST103538,45.0,Male,South,Standard,Monthly,NetBanking,6,412.79,412.79,0,18.3,15.4,15.9,17,0,0.0,3.6,0,0
CUST103539,27.0,Male,East,Standard,Annual,NetBanking,24,389.61,350.65,1,23.8,26.1,30.7,30,2,1.3,3.3,0,0
CUST103540,38.0,Male,North,Basic,Annual,UPI,36,193.81,174.43,0,16.9,12.9,9.6,19,1,4.6,2.1,1,0
CUST103541,40.0,Other,West,Standard,Annual,UPI,20,403.07,483.68,0,12.3,13.0,14.4,11,0,0.0,3.3,1,0
CUST103542,34.0,Female,North,Standard,Monthly,Card,6,373.6,410.96,1,20.2,18.3,15.6,17,1,1.3,3.9,2,0
CUST103543,40.0,Male,West,Basic,Monthly,UPI,66,202.32,182.09,0,13.5,15.5,19.1,13,0,0.0,3.7,0,0
CUST103544,33.0,Female,South,Standard,Monthly,UPI,5,382.69,344.42,0,34.7,40.7,44.3,32,0,0.0,3.3,1,0
CUST103545,29.0,Male,North,Basic,Annual,UPI,5,206.3,226.93,0,22.8,26.4,27.4,25,0,0.0,3.4,0,0
CUST103546,54.0,Female,West,Premium,Annual,UPI,45,652.94,587.65,1,13.0,13.6,15.3,8,1,1.3,4.1,0,0
CUST103547,48.0,Female,East,Standard,Monthly,Card,31,387.68,387.68,0,23.5,20.1,17.2,19,1,4.6,4.9,0,0
CUST103548,28.0,Female,East,Standard,Monthly,UPI,6,384.01,422.41,0,23.6,25.5,21.2,23,0,0.0,3.6,0,1
CUST103549,42.0,Male,West,Premium,Monthly,Card,1,688.58,826.3,0,21.3,26.5,25.5,23,0,0.0,2.9,0,1
CUST103550,28.0,Male,West,Standard,Monthly,UPI,19,426.46,426.46,0,13.7,15.6,16.4,17,1,6.9,5.0,1,0
CUST103551,23.0,Other,South,Basic,Annual,UPI,7,207.42,207.42,1,28.5,25.4,24.0,15,0,0.0,4.8,0,0
CUST103552,47.0,Male,South,Standard,Annual,NetBanking,72,389.43,389.43,1,28.6,27.7,25.0,19,0,,3.7,0,0
CUST103553,18.0,Male,North,Premium,Monthly,UPI,9,682.2,682.2,0,12.0,17.2,23.1,10,0,0.0,3.2,1,0
CUST103554,46.0,Female,West,Basic,Annual,Wallet,21,207.81,207.81,1,9.7,7.0,6.5,5,1,1.0,5.0,1,0
CUST103555,33.0,Female,North,Standard,Annual,Wallet,6,375.78,450.94,1,14.6,18.5,23.3,17,1,4.9,2.7,0,0
CUST103556,34.0,Female,South,Basic,Monthly,Card,1,199.22,179.3,0,24.9,29.7,37.2,21,1,6.0,3.5,0,0
CUST103557,41.0,Female,North,Premium,Monthly,UPI,5,677.83,813.4,0,14.4,12.6,16.7,15,0,0.0,4.5,0,0
CUST103558,42.0,Female,South,Standard,Monthly,Card,14,395.57,356.01,0,23.6,23.2,23.2,18,3,1.6,3.2,1,0
CUST103559,27.0,Male,South,Premium,Annual,NetBanking,24,727.28,654.55,0,28.5,28.4,25.5,25,2,1.6,2.3,0,0
CUST103560,,Female,South,Standard,Monthly,UPI,23,385.65,347.08,0,8.4,9.2,11.0,5,1,5.8,3.1,0,0
CUST103561,37.0,Female,South,Basic,Monthly,Card,10,208.69,208.69,0,27.8,25.6,25.6,17,1,0.8,3.5,0,0
CUST103562,22.0,Female,East,Standard,Monthly,Card,2,442.88,487.17,1,17.5,19.5,20.4,11,1,0.3,2.4,1,0
CUST103563,34.0,Male,South,Premium,Annual,UPI,2,720.11,720.11,0,45.0,56.4,67.7,21,1,3.6,3.4,0,0
CUST103564,51.0,Male,South,Basic,Monthly,Card,17,198.16,198.16,0,17.2,17.5,16.1,17,3,2.4,4.5,0,0
CUST103565,54.0,Female,North,Basic,Annual,UPI,41,210.51,189.46,0,13.3,13.8,14.8,11,1,4.7,5.0,0,0
CUST103566,44.0,Male,South,Standard,Monthly,NetBanking,14,376.88,452.26,0,22.4,23.8,26.3,23,2,2.7,3.1,0,0
CUST103567,23.0,Male,North,Standard,Annual,Card,1,429.35,429.35,0,23.0,26.3,24.7,18,0,,3.7,1,0
CUST103568,41.0,Female,South,Basic,Monthly,UPI,7,191.51,191.51,1,49.6,47.3,37.6,51,1,4.8,,0,0
CUST103569,45.0,Female,South,Basic,Monthly,UPI,6,220.57,198.51,0,15.8,18.8,19.5,16,1,4.4,1.4,1,1
CUST103570,44.0,Male,East,Basic,Annual,Card,4,191.86,230.23,0,17.1,15.2,12.0,13,1,2.9,4.0,0,0
CUST103571,45.0,Male,South,Standard,Monthly,Card,14,412.2,370.98,0,14.4,14.9,14.8,12,1,7.4,3.8,2,0
CUST103572,40.0,Male,South,Standard,Monthly,Card,10,367.89,367.89,0,20.6,20.8,20.7,18,2,6.2,4.3,0,0
CUST103573,35.0,Female,South,Standard,Annual,Wallet,5,394.75,394.75,0,17.1,15.2,16.2,18,2,5.4,4.3,1,0
CUST103574,29.0,Male,South,Premium,Monthly,UPI,13,661.26,727.39,0,17.2,18.4,18.7,14,1,2.2,4.2,0,1
CUST103575,18.0,Male,South,Basic,Monthly,UPI,6,184.66,184.66,0,38.3,46.4,44.1,34,1,2.0,4.2,1,0
CUST103576,40.0,Male,South,Standard,Annual,NetBanking,45,423.05,465.36,1,14.1,14.1,12.6,7,2,0.8,2.2,0,1
CUST103577,38.0,Male,South,Basic,Annual,Card,2,186.79,186.79,0,22.5,23.0,26.6,14,3,3.7,3.2,0,1
CUST103578,42.0,Male,South,Basic,Monthly,Card,10,191.69,230.03,0,37.0,35.3,31.9,25,1,2.4,2.1,1,0
CUST103579,21.0,Male,West,Standard,Monthly,Card,19,382.01,420.21,0,15.8,14.9,17.3,14,0,0.0,3.4,2,1
CUST103580,43.0,Female,South,Standard,Monthly,NetBanking,4,421.74,421.74,0,17.3,15.9,13.4,12,1,6.7,5.0,0,0
CUST103581,59.0,Male,South,Premium,Monthly,UPI,5,734.56,661.1,0,17.9,15.0,11.0,15,0,0.0,4.3,2,0
CUST103582,37.0,Male,North,Basic,Monthly,UPI,34,211.64,211.64,0,10.2,11.2,10.6,8,1,0.5,3.8,0,0
CUST103583,35.0,Male,South,Basic,Monthly,Card,7,191.17,210.29,0,16.5,15.2,13.1,13,1,1.3,3.5,0,0
CUST103584,39.0,Male,West,Basic,Annual,NetBanking,6,212.43,212.43,1,9.8,8.9,10.5,10,0,0.0,3.8,2,0
CUST103585,58.0,Male,South,Standard,Monthly,NetBanking,5,383.14,383.14,1,44.0,37.8,33.9,37,1,10.3,3.7,1,0
CUST103586,25.0,Male,North,Basic,Monthly,UPI,29,191.49,172.34,0,15.0,13.9,11.4,11,2,4.4,3.4,0,0
CUST103587,38.0,Male,West,Premium,Annual,Card,41,674.58,674.58,0,28.6,24.1,23.0,26,1,4.6,4.2,1,0
CUST103588,27.0,Male,South,Standard,Annual,UPI,72,385.79,385.79,0,20.3,19.3,15.8,23,1,0.8,5.0,0,0
CUST103589,30.0,Female,South,Standard,Annual,Card,13,397.19,476.63,0,12.0,11.3,9.8,10,1,2.7,5.0,0,0
CUST103590,35.0,Male,East,Standard,Monthly,Card,3,382.27,382.27,0,16.3,15.2,14.4,9,0,0.0,3.4,1,1
CUST103591,51.0,Female,West,Basic,Monthly,UPI,45,201.3,221.43,0,13.7,12.7,14.6,7,2,1.4,2.7,1,0
CUST103592,56.0,Female,North,Standard,Annual,UPI,20,346.94,346.94,0,12.7,9.4,8.0,9,2,4.1,2.8,0,0
CUST103593,41.0,Male,East,Standard,Monthly,NetBanking,72,403.55,484.26,0,14.1,13.0,12.0,8,0,0.0,3.2,0,0
CUST103594,32.0,Male,South,Premium,Monthly,Card,43,660.92,793.1,0,22.1,22.3,22.5,7,0,0.0,2.1,0,0
CUST103595,63.0,Male,East,Standard,Monthly,Card,2,385.65,347.08,1,23.0,23.8,22.5,17,3,3.8,3.2,1,0
CUST103596,31.0,Male,South,Basic,Annual,UPI,25,192.58,192.58,1,22.6,28.0,25.1,20,2,0.5,2.9,1,0
CUST103597,30.0,Female,East,Basic,Monthly,UPI,2,208.38,208.38,0,22.0,17.6,20.2,24,2,1.9,3.3,0,0
CUST103598,18.0,Male,South,Basic,Monthly,UPI,2,204.02,204.02,0,22.9,24.5,29.7,18,0,0.0,3.3,0,0
CUST103599,51.0,Female,North,Premium,Monthly,UPI,1,693.21,762.53,0,14.0,15.1,13.8,12,0,0.0,3.9,3,0
CUST103600,47.0,Female,South,Standard,Annual,Card,6,384.73,384.73,0,25.1,29.3,34.4,23,3,2.1,2.4,1,1
CUST103601,63.0,Female,East,Premium,Monthly,UPI,1,726.36,653.72,0,12.3,9.6,7.0,10,1,6.0,,0,1
CUST103602,21.0,Female,East,Premium,Monthly,Wallet,9,761.73,761.73,0,214.5,15.6,16.5,10,2,1.7,5.0,1,0
CUST103603,52.0,Female,West,Basic,Annual,Card,1,198.72,198.72,0,6.9,6.6,5.8,9,1,13.6,2.3,0,1
CUST103604,37.0,Female,West,Standard,Monthly,UPI,8,367.11,403.82,0,11.6,11.3,12.1,7,1,2.0,5.0,0,0
CUST103605,45.0,Other,North,Standard,Monthly,Card,1,384.98,423.48,0,22.8,18.3,17.2,20,1,0.8,2.2,0,1
CUST103606,18.0,Male,East,Basic,Monthly,Card,14,204.56,204.56,0,24.0,21.9,21.4,15,2,1.5,2.5,0,0
CUST103607,52.0,Male,South,Standard,Monthly,NetBanking,13,390.17,351.15,1,31.5,28.8,34.0,26,2,5.1,,0,0
CUST103608,45.0,Male,West,Standard,Monthly,UPI,6,381.87,343.68,0,11.8,13.3,13.2,10,0,0.0,3.4,0,0
CUST103609,36.0,Male,East,Premium,Monthly,Card,2,667.47,667.47,0,12.4,9.9,8.6,9,0,0.0,1.0,0,0
CUST103610,43.0,Female,North,Basic,Monthly,UPI,19,199.91,179.92,0,10.4,9.0,7.7,6,2,1.8,4.3,0,0
CUST103611,28.0,Male,North,Premium,Annual,Card,5,645.39,645.39,0,23.1,23.6,17.9,17,2,0.7,2.5,0,0
CUST103612,30.0,Male,West,Premium,Monthly,UPI,4,697.79,697.79,0,11.1,10.8,12.7,11,0,0.0,4.1,0,1
CUST103613,31.0,Female,West,Premium,Monthly,NetBanking,36,702.09,702.09,1,31.1,37.4,36.5,16,1,1.4,5.0,0,0
CUST103614,18.0,Male,West,Basic,Annual,Card,5,194.53,194.53,0,14.1,12.5,12.3,16,1,2.1,3.0,0,1
CUST103615,45.0,Female,North,Basic,Annual,UPI,4,188.62,188.62,0,18.2,20.9,22.8,15,2,2.0,3.7,1,0
CUST103616,49.0,Male,North,Standard,Monthly,UPI,20,419.32,419.32,0,20.2,19.1,17.4,19,4,1.7,1.9,0,1
CUST103617,28.0,Female,West,Basic,Monthly,NetBanking,3,185.74,185.74,0,31.1,30.2,28.3,18,2,2.4,4.1,1,1
CUST103618,40.0,Female,East,Basic,Monthly,Card,14,200.72,220.79,1,38.3,40.0,36.8,30,1,4.9,3.9,1,0
CUST103619,33.0,Male,North,Standard,Annual,UPI,7,413.52,496.22,0,21.6,22.2,19.0,14,2,1.6,2.0,0,0
CUST103620,40.0,Female,North,Basic,Annual,Card,2,200.59,200.59,0,25.5,28.1,31.5,22,2,3.9,4.7,1,1
CUST103621,29.0,Male,East,Basic,Monthly,Card,34,211.25,232.38,0,11.6,10.5,8.8,7,0,0.0,3.7,0,0
CUST103622,26.0,Female,East,Premium,Monthly,Card,3,659.32,659.32,0,36.5,45.9,57.1,25,0,0.0,3.6,0,1
CUST103623,48.0,Female,North,Basic,Monthly,UPI,4,191.13,191.13,0,26.0,21.4,23.3,32,2,3.5,4.0,2,1
CUST103624,35.0,Male,West,Premium,Annual,Card,1,682.88,751.17,0,55.3,43.4,40.0,51,1,0.8,4.6,0,0
CUST103625,58.0,Female,West,Basic,Monthly,Wallet,11,231.74,278.09,1,18.7,15.0,13.6,16,1,1.8,2.5,1,0
CUST103626,37.0,Female,North,Basic,Monthly,UPI,34,204.05,244.86,0,12.4,11.2,13.0,11,0,0.0,4.7,0,0
CUST103627,26.0,Female,South,Basic,Monthly,NetBanking,5,205.92,226.51,0,15.8,17.0,17.8,17,0,0.0,3.8,0,1
CUST103628,49.0,Female,North,Basic,Annual,Card,7,205.5,184.95,0,30.7,26.6,25.9,24,1,2.8,3.3,0,1
CUST103629,43.0,Female,East,Basic,Annual,Card,67,199.78,219.76,1,36.7,37.9,42.9,36,0,0.0,3.2,0,0
CUST103630,44.0,Male,North,Premium,Monthly,UPI,19,735.68,662.11,0,44.0,63.1,87.6,14,0,0.0,4.0,2,0
CUST103631,49.0,Female,West,Premium,Annual,UPI,19,633.63,633.63,1,12.8,13.2,13.2,10,1,2.8,2.1,1,1
CUST103632,29.0,Female,South,Basic,Monthly,UPI,1,201.76,181.58,1,9.0,7.7,5.7,7,1,4.5,2.7,0,0
CUST103633,35.0,Male,South,Basic,Annual,NetBanking,9,203.26,203.26,0,17.6,18.0,16.7,12,1,7.8,1.9,0,0
CUST103634,34.0,Male,West,Standard,Annual,UPI,12,419.32,419.32,0,11.5,13.1,14.2,11,4,4.1,3.6,0,1
CUST103635,22.0,Male,West,Standard,Monthly,NetBanking,1,375.94,413.53,0,28.7,20.0,17.8,22,1,4.9,3.7,0,0
CUST103636,33.0,Male,North,Basic,Monthly,Card,7,188.23,188.23,0,17.1,12.6,11.1,13,0,0.0,4.0,2,0
CUST103637,51.0,Male,South,Basic,Monthly,UPI,18,188.86,188.86,0,16.1,21.6,27.0,10,2,4.9,2.8,0,0
CUST103638,39.0,Male,North,Basic,Annual,UPI,24,204.2,204.2,0,16.2,17.1,19.6,12,0,0.0,3.6,0,0
CUST103639,21.0,Female,North,Standard,Monthly,UPI,1,409.7,368.73,1,15.4,14.1,11.4,6,0,0.0,3.6,1,0
CUST103640,19.0,Male,North,Basic,Monthly,UPI,2,189.55,189.55,0,9.0,14.2,18.2,7,2,5.9,3.6,0,1
CUST103641,54.0,Male,South,Standard,Monthly,UPI,5,437.19,437.19,0,12.0,12.7,12.5,6,1,2.9,2.0,2,0
CUST103642,35.0,Female,South,Basic,Monthly,NetBanking,27,201.85,201.85,0,25.9,26.3,24.6,29,1,2.8,3.6,0,0
CUST103643,29.0,Male,East,Basic,Monthly,Card,28,200.24,240.29,0,10.8,11.8,13.2,10,0,,4.3,1,0
CUST103644,33.0,Male,East,Standard,Annual,Card,12,394.86,394.86,1,25.4,19.1,17.0,25,0,0.0,4.3,2,0
CUST103645,20.0,Female,East,Basic,Monthly,Card,10,208.26,229.09,0,19.9,18.5,15.1,11,2,1.6,5.0,2,0
CUST103646,52.0,Other,North,Premium,Monthly,Card,13,712.61,855.13,0,30.8,31.5,22.5,30,1,3.1,3.8,2,1
CUST103647,32.0,Female,South,Standard,Monthly,UPI,37,436.7,393.03,1,18.8,25.2,32.1,13,1,5.6,4.4,0,0
CUST103648,51.0,Male,North,Premium,Annual,UPI,28,656.57,787.88,1,12.4,9.0,8.4,11,1,1.0,4.5,0,0
CUST103649,,Male,West,Standard,Monthly,Card,12,368.17,441.8,0,12.2,11.1,11.3,9,4,2.2,,3,1
CUST103650,52.0,Female,North,Basic,Monthly,Wallet,64,191.64,191.64,1,7.5,7.1,7.9,4,3,1.6,3.8,2,0
CUST103651,39.0,Female,East,Basic,Monthly,Wallet,1,204.51,245.41,0,12.9,10.7,9.9,8,0,0.0,1.9,0,0
CUST103652,45.0,Female,North,Standard,Monthly,UPI,1,390.46,390.46,1,16.8,16.5,14.6,16,2,1.1,2.5,0,0
CUST103653,44.0,Female,West,Standard,Monthly,UPI,14,424.36,509.23,0,32.6,35.4,32.6,30,1,1.0,4.2,1,0
CUST103654,43.0,Male,North,Basic,Monthly,Card,7,195.08,195.08,1,25.9,31.7,34.7,14,0,0.0,2.7,0,0
CUST103655,40.0,Male,North,Basic,Monthly,UPI,47,209.76,209.76,0,15.8,15.0,14.3,16,3,0.7,4.1,1,0
CUST103656,33.0,Female,West,Basic,Monthly,UPI,8,190.73,228.88,1,11.1,14.1,17.1,8,0,0.0,4.8,0,0
CUST103657,57.0,Female,South,Basic,Monthly,Card,29,210.77,189.69,1,23.5,29.5,26.6,13,1,6.8,4.0,1,1
CUST103658,26.0,Male,North,Basic,Monthly,NetBanking,1,212.62,191.36,0,13.4,12.9,12.8,9,1,0.3,3.8,1,1
CUST103659,36.0,Female,North,Standard,Annual,UPI,72,387.73,426.5,0,11.2,10.1,8.6,6,0,,3.6,0,0
CUST103660,36.0,Male,West,Premium,Monthly,Card,3,716.11,859.33,0,23.6,,24.3,15,2,1.0,3.5,0,1
CUST103661,40.0,Female,East,Basic,Monthly,UPI,14,201.66,201.66,0,12.0,10.9,11.5,8,3,1.7,4.1,0,1
CUST103662,31.0,Male,South,Basic,Annual,UPI,8,204.14,244.97,0,27.9,29.0,26.1,25,1,1.1,4.7,1,0
CUST103663,39.0,Female,West,Basic,Monthly,Card,3,211.78,232.96,1,7.7,8.2,9.3,7,1,0.8,3.7,0,0
CUST103664,34.0,Male,East,Basic,Annual,Card,15,208.68,187.81,0,11.9,11.4,10.9,12,0,0.0,2.5,1,0
CUST103665,19.0,Female,North,Standard,Monthly,Card,6,409.26,409.26,0,11.6,9.8,10.5,11,3,1.2,2.8,0,0
CUST103666,36.0,Female,South,Basic,Annual,UPI,1,205.6,246.72,1,26.7,27.0,29.5,11,2,4.3,3.6,0,0
CUST103667,24.0,Male,South,Premium,Monthly,UPI,62,654.64,654.64,0,18.4,17.6,18.6,9,1,1.5,4.4,2,0
CUST103668,18.0,Female,East,Premium,Monthly,Card,18,697.57,837.08,1,26.4,28.8,32.3,27,2,10.9,3.7,0,1
CUST103669,38.0,Female,North,Standard,Annual,NetBanking,15,377.02,339.32,0,10.4,11.6,11.8,7,2,1.9,4.6,0,0
CUST103670,,Female,West,Premium,Monthly,NetBanking,34,698.37,698.37,0,26.0,20.9,15.2,20,0,0.0,3.1,3,0
CUST103671,42.0,Male,South,Standard,Monthly,UPI,21,421.28,421.28,0,24.8,25.5,26.7,23,0,0.0,3.1,0,1
CUST103672,42.0,Female,East,Premium,Monthly,NetBanking,4,698.75,628.88,0,12.0,11.9,11.8,13,0,0.0,4.8,0,1
CUST103673,18.0,Female,South,Basic,Monthly,UPI,17,174.07,208.88,0,12.5,11.8,15.0,11,0,0.0,2.9,0,0
CUST103674,21.0,Female,East,Premium,Annual,Card,12,662.41,596.17,0,12.7,12.2,12.5,8,2,1.4,2.3,0,0
CUST103675,58.0,Male,South,Basic,Monthly,UPI,32,204.78,204.78,1,39.9,,36.7,22,2,1.7,3.4,0,0
CUST103676,24.0,Female,North,Basic,Monthly,Card,43,193.64,174.28,0,17.7,19.1,20.1,10,2,3.5,4.1,0,1
CUST103677,43.0,Male,South,Premium,Monthly,UPI,16,726.4,871.68,0,9.7,7.7,6.7,10,1,2.4,3.8,1,0
CUST103678,28.0,Male,East,Basic,Monthly,Wallet,28,186.99,186.99,0,12.3,15.1,18.5,12,1,5.5,1.0,1,1
CUST103679,37.0,Male,South,Basic,Annual,UPI,12,202.8,202.8,0,51.0,52.2,44.3,41,1,2.3,3.4,0,0
CUST103680,29.0,Male,West,Basic,Monthly,Card,26,203.3,223.63,1,19.8,20.0,24.4,10,1,8.7,2.8,0,0
CUST103681,42.0,Male,South,Basic,Monthly,Card,11,206.86,186.17,0,16.7,24.6,31.6,16,4,3.8,4.0,1,1
CUST103682,38.0,Male,North,Basic,Monthly,NetBanking,2,192.48,192.48,0,7.7,9.1,9.8,6,1,7.2,2.0,1,1
CUST103683,31.0,Female,North,Basic,Monthly,Card,13,206.76,248.11,1,11.5,12.5,13.8,7,2,1.0,3.9,1,1
CUST103684,24.0,Female,South,Standard,Monthly,Wallet,38,429.06,386.15,0,31.3,37.0,42.6,25,0,,3.8,1,0
CUST103685,39.0,Male,South,Premium,Annual,Card,13,619.57,743.48,0,20.2,17.1,13.7,18,0,0.0,4.1,0,0
CUST103686,23.0,Female,South,Basic,Monthly,NetBanking,30,199.51,239.41,0,11.7,9.0,6.7,8,1,2.2,4.4,0,1
CUST103687,41.0,Female,East,Premium,Monthly,Card,4,635.87,635.87,0,49.1,46.0,47.2,29,2,2.5,3.1,0,0
CUST103688,65.0,Female,West,Standard,Annual,Card,54,381.84,381.84,0,20.0,19.5,22.5,17,2,13.1,3.4,2,0
CUST103689,51.0,Female,South,Standard,Monthly,Card,23,383.47,383.47,0,54.8,70.3,94.6,47,2,4.9,5.0,0,1
CUST103690,44.0,Other,East,Standard,Annual,Card,10,397.67,397.67,0,10.5,10.4,9.9,4,1,0.9,4.6,0,0
CUST103691,35.0,Female,East,Premium,Monthly,Card,12,712.2,640.98,0,8.9,9.7,10.5,7,1,7.0,4.5,0,1
CUST103692,18.0,Female,East,Basic,Monthly,Card,13,208.0,249.6,0,17.6,21.3,26.8,11,1,1.8,4.4,0,0
CUST103693,21.0,Female,North,Standard,Monthly,UPI,8,404.27,363.84,0,7.7,6.9,4.8,7,5,2.3,4.5,0,0
CUST103694,50.0,Male,West,Premium,Monthly,UPI,19,722.54,794.79,0,14.9,13.4,13.7,7,3,1.7,3.6,1,0
CUST103695,27.0,Female,North,Standard,Annual,Card,1,377.48,377.48,0,24.1,29.2,27.9,13,2,3.7,3.4,0,0
CUST103696,,Female,West,Basic,Monthly,UPI,70,209.51,230.46,1,22.7,22.5,23.5,8,1,0.8,4.2,0,0
CUST103697,34.0,Female,South,Standard,Monthly,NetBanking,1,333.25,333.25,0,19.8,18.3,23.9,17,1,9.7,3.0,1,1
CUST103698,24.0,Female,West,Standard,Annual,Wallet,43,429.46,472.41,1,11.8,13.5,17.2,6,3,,3.9,0,0
CUST103699,23.0,Male,West,Basic,Monthly,UPI,19,212.4,254.88,0,28.2,25.1,22.1,15,2,2.4,4.3,0,1
CUST103700,35.0,Male,West,Standard,Monthly,UPI,19,413.96,372.56,0,16.6,15.6,16.0,13,1,1.5,3.2,1,0
CUST103701,26.0,Female,South,Premium,Monthly,Wallet,48,776.9,699.21,0,5.0,4.6,4.5,4,3,0.6,2.9,0,1
CUST103702,,Female,West,Standard,Monthly,Wallet,35,363.01,363.01,0,10.8,10.8,10.8,10,2,0.4,3.7,1,0
CUST103703,27.0,Female,South,Basic,Annual,Wallet,19,206.76,206.76,0,10.9,10.6,12.4,10,1,4.6,2.9,0,0
CUST103704,42.0,Female,East,Standard,Monthly,UPI,25,401.7,401.7,0,30.5,33.8,41.6,31,0,0.0,2.8,0,1
CUST103705,33.0,Female,South,Standard,Monthly,UPI,18,403.87,444.26,0,10.8,8.3,6.4,12,0,0.0,3.6,1,0
CUST103706,34.0,Female,East,Basic,Monthly,Wallet,3,187.42,206.16,0,22.2,,25.7,22,2,3.3,3.4,1,1
CUST103707,43.0,Male,North,Standard,Monthly,UPI,6,406.88,366.19,0,6.4,8.9,9.5,6,1,1.3,4.2,1,1
CUST103708,34.0,Female,South,Basic,Monthly,Card,4,202.46,202.46,0,23.8,21.6,21.3,20,3,1.7,3.6,2,0
CUST103709,33.0,Male,South,Premium,Monthly,Wallet,13,674.9,674.9,0,7.6,9.1,10.5,7,2,1.1,3.3,0,1
CUST103710,41.0,Female,South,Standard,Monthly,NetBanking,2,397.63,437.39,0,30.0,31.3,28.5,12,1,0.8,4.1,0,1
CUST103711,43.0,Male,North,Premium,Monthly,Card,13,653.06,587.75,0,16.7,18.6,17.5,13,0,0.0,,0,1
CUST103712,34.0,Female,West,Standard,Monthly,Card,9,391.11,469.33,0,26.3,27.3,23.1,11,1,1.1,2.0,0,0
CUST103713,37.0,Male,East,Basic,Monthly,NetBanking,63,208.56,208.56,0,16.2,17.2,14.5,11,0,0.0,3.6,0,0
CUST103714,27.0,Male,West,Standard,Monthly,Card,5,418.57,460.43,1,12.8,14.1,15.6,6,0,0.0,4.1,1,0
CUST103715,27.0,Female,West,Basic,Monthly,UPI,34,206.65,227.32,0,7.3,6.9,5.5,6,1,2.0,3.0,0,0
CUST103716,44.0,Female,North,Standard,Annual,Card,10,418.16,418.16,0,5.9,5.8,5.2,5,3,2.9,1.6,0,1
CUST103717,41.0,Male,North,Basic,Monthly,Card,42,208.69,187.82,0,12.7,11.7,12.0,13,2,1.4,2.4,0,1
CUST103718,41.0,Female,North,Standard,Monthly,UPI,25,386.16,463.39,0,18.0,24.6,33.7,11,2,0.9,2.1,2,1
CUST103719,39.0,Male,South,Standard,Annual,Wallet,16,405.77,405.77,1,9.2,10.3,9.7,6,1,1.3,2.2,0,1
CUST103720,37.0,Male,North,Basic,Monthly,UPI,1,209.81,209.81,0,43.0,33.6,25.9,44,3,2.7,3.1,0,0
CUST103721,44.0,Male,East,Basic,Monthly,Card,9,185.27,185.27,0,33.5,29.9,22.6,23,1,1.4,,0,0
CUST103722,46.0,Female,East,Basic,Annual,Card,13,185.22,203.74,0,16.6,18.5,22.9,11,4,,2.8,0,1
CUST103723,46.0,Female,East,Basic,Monthly,Card,15,184.67,203.14,0,35.7,39.7,46.1,34,0,0.0,5.0,0,0
CUST103724,35.0,Female,South,Basic,Monthly,Wallet,26,181.23,199.35,0,16.8,12.3,9.6,15,2,1.7,1.0,0,0
CUST103725,51.0,Female,West,Premium,Monthly,UPI,17,662.27,662.27,0,9.3,9.9,9.3,9,2,0.6,3.5,0,1
CUST103726,39.0,Female,South,Premium,Monthly,Wallet,1,680.63,816.76,0,15.4,16.2,16.0,14,0,0.0,4.4,1,1
CUST103727,43.0,Female,West,Premium,Monthly,NetBanking,10,751.86,751.86,0,24.9,21.7,17.0,18,1,2.9,2.8,0,1
CUST103728,39.0,Female,South,Basic,Monthly,UPI,21,194.65,175.18,0,11.8,10.7,12.3,13,1,4.5,2.7,1,1
CUST103729,39.0,Male,North,Basic,Monthly,Card,25,183.91,202.3,0,38.5,27.2,24.9,38,2,4.3,2.9,0,0
CUST103730,28.0,Male,North,Standard,Monthly,Wallet,27,402.32,442.55,0,13.7,12.0,11.7,11,2,4.1,,1,0
CUST103731,44.0,Male,South,Standard,Monthly,Card,11,395.23,474.28,0,26.5,25.1,27.5,26,0,0.0,2.6,0,0
CUST103732,67.0,Female,North,Standard,Monthly,NetBanking,2,383.4,421.74,0,16.0,16.9,15.9,13,2,5.6,2.5,1,0
CUST103733,32.0,Female,South,Standard,Monthly,UPI,5,387.26,387.26,0,11.2,10.3,9.3,7,2,1.2,2.0,0,0
CUST103734,37.0,Male,North,Standard,Monthly,Card,50,420.29,420.29,0,8.7,9.0,10.3,7,0,0.0,4.4,1,0
CUST103735,31.0,Female,West,Standard,Monthly,UPI,31,370.87,370.87,0,27.9,23.6,20.6,33,1,2.6,2.9,0,0
CUST103736,31.0,Female,South,Premium,Monthly,UPI,20,640.78,640.78,0,4.3,5.4,5.8,4,0,0.0,3.7,1,1
CUST103737,53.0,Male,North,Basic,Annual,UPI,42,203.65,203.65,1,21.1,20.9,20.4,19,0,0.0,,1,0
CUST103738,29.0,Male,West,Premium,Annual,UPI,9,677.54,677.54,0,12.3,9.3,9.7,8,0,0.0,3.3,0,0
CUST103739,31.0,Male,North,Standard,Monthly,Card,4,429.97,429.97,0,28.2,37.8,39.4,16,0,0.0,2.3,1,1
CUST103740,19.0,Male,West,Basic,Monthly,UPI,1,197.46,177.71,0,12.6,13.2,13.4,9,3,2.1,3.6,1,0
CUST103741,28.0,Female,North,Premium,Annual,UPI,8,695.49,695.49,0,20.5,23.4,24.0,14,2,2.5,3.9,0,0
CUST103742,18.0,Female,North,Premium,Monthly,Wallet,10,726.49,726.49,0,22.2,24.2,39.3,18,1,4.4,5.0,1,1
CUST103743,43.0,Male,South,Standard,Annual,NetBanking,13,365.64,365.64,1,46.3,44.8,49.4,38,0,0.0,4.1,0,0
CUST103744,67.0,Male,South,Basic,Annual,UPI,19,202.36,242.83,0,44.9,56.4,69.4,23,1,,3.6,1,0
CUST103745,32.0,Male,East,Basic,Annual,Wallet,13,195.36,195.36,0,12.7,10.6,9.4,8,1,3.4,3.8,1,0
CUST103746,18.0,Male,West,Standard,Monthly,UPI,8,419.48,419.48,0,11.2,12.0,10.9,8,2,3.5,3.1,0,0
CUST103747,46.0,Male,South,Basic,Monthly,Card,10,192.56,192.56,0,19.6,20.5,19.5,17,0,0.0,3.8,1,0
CUST103748,28.0,Female,West,Basic,Monthly,Card,17,200.76,200.76,1,29.9,31.7,28.8,27,2,0.4,2.7,1,1
CUST103749,50.0,Female,North,Basic,Monthly,NetBanking,18,195.43,195.43,0,5.7,8.0,11.1,3,3,6.3,3.3,0,1
CUST103750,33.0,Female,North,Basic,Annual,UPI,19,203.11,203.11,1,39.6,49.0,45.0,22,1,5.4,3.8,0,0
CUST103751,29.0,Male,West,Standard,Annual,NetBanking,16,393.99,393.99,1,14.2,9.2,6.6,9,1,5.0,3.4,0,0
CUST103752,34.0,Female,West,Standard,Monthly,UPI,17,404.23,404.23,0,29.3,19.4,15.5,28,0,,2.9,1,0
CUST103753,44.0,Male,North,Basic,Monthly,Card,29,216.44,216.44,0,14.3,12.7,10.1,10,1,5.5,2.1,0,0
CUST103754,,Male,South,Standard,Annual,UPI,6,393.29,471.95,0,37.7,41.9,52.8,31,2,3.7,2.8,2,0
CUST103755,31.0,Female,South,Basic,Annual,UPI,45,203.01,203.01,0,14.2,19.0,21.4,13,5,2.2,,1,1
CUST103756,34.0,Female,South,Basic,Annual,UPI,51,221.75,199.58,1,25.4,31.1,35.4,27,1,0.9,,2,0
CUST103757,22.0,Male,West,Standard,Monthly,NetBanking,32,406.78,488.14,0,18.2,17.1,16.6,10,2,1.2,2.8,1,0
CUST103758,40.0,Female,South,Standard,Annual,UPI,50,350.44,315.4,0,9.1,6.8,4.9,9,5,6.6,4.3,0,1
CUST103759,18.0,Female,East,Basic,Monthly,UPI,16,192.37,192.37,0,13.8,12.8,11.2,13,1,1.9,3.2,0,0
CUST103760,31.0,Female,South,Standard,Monthly,UPI,27,374.99,374.99,0,5.1,5.9,5.7,6,2,2.2,2.0,0,1
CUST103761,44.0,Female,North,Basic,Monthly,Card,12,208.17,208.17,0,12.8,13.9,15.3,14,2,3.3,3.3,0,1
CUST103762,39.0,Male,North,Standard,Monthly,NetBanking,9,397.13,397.13,0,21.8,24.0,26.8,18,1,1.9,3.2,0,0
CUST103763,42.0,Female,North,Basic,Annual,Card,68,209.58,209.58,1,36.7,43.6,45.1,24,2,3.2,,0,0
CUST103764,35.0,Male,North,Standard,Monthly,UPI,7,411.2,452.32,0,17.7,16.3,14.6,16,2,2.1,3.6,1,1
CUST103765,49.0,Male,West,Standard,Monthly,UPI,17,411.11,493.33,0,53.7,54.5,48.2,31,2,2.7,4.2,0,1
CUST103766,46.0,Female,West,Basic,Monthly,Card,2,186.83,205.51,0,31.5,28.5,30.3,27,0,0.0,,0,0
CUST103767,41.0,Female,East,Standard,Annual,UPI,18,409.07,409.07,0,11.5,8.8,7.7,7,1,1.5,3.7,1,0
CUST103768,46.0,Male,South,Standard,Monthly,UPI,6,426.26,426.26,1,18.4,15.9,18.5,14,1,3.3,3.0,0,0
CUST103769,44.0,Female,West,Basic,Monthly,UPI,19,184.6,184.6,0,24.1,26.2,25.2,9,2,1.9,3.2,1,0
CUST103770,31.0,Female,West,Standard,Monthly,UPI,2,392.67,431.94,1,14.4,15.6,15.8,11,2,7.7,2.4,0,1
CUST103771,21.0,Female,West,Standard,Monthly,Card,3,406.07,406.07,0,21.7,21.0,22.6,18,1,0.4,3.1,1,0
CUST103772,41.0,Male,North,Basic,Monthly,Card,22,199.98,199.98,0,13.2,16.0,17.4,9,1,5.6,3.9,0,0
CUST103773,42.0,Male,South,Premium,Monthly,UPI,1,749.21,674.29,1,18.1,17.7,16.5,14,1,1.9,3.9,0,0
CUST103774,48.0,Male,West,Basic,Monthly,UPI,2,206.25,185.62,1,34.4,26.6,21.6,20,1,4.3,3.8,2,0
CUST103775,26.0,Male,North,Standard,Annual,UPI,7,407.1,407.1,0,13.8,12.7,14.8,13,4,2.1,2.2,2,1
CUST103776,26.0,Male,South,Premium,Annual,Card,44,727.58,654.82,0,7.5,6.5,6.7,6,0,0.0,5.0,1,0
CUST103777,,Male,North,Premium,Monthly,Card,1,725.71,870.85,0,45.8,45.0,40.6,57,2,3.3,3.2,1,0
CUST103778,35.0,Male,North,Standard,Monthly,UPI,17,399.82,399.82,1,28.3,27.7,27.7,24,1,2.1,3.8,0,1
CUST103779,18.0,Male,South,Standard,Monthly,NetBanking,7,391.92,391.92,0,23.5,22.4,21.8,21,3,1.2,4.3,0,0
CUST103780,40.0,Female,East,Basic,Monthly,UPI,13,208.85,208.85,0,39.0,38.3,39.2,28,1,0.5,2.6,1,1
CUST103781,18.0,Female,East,Basic,Monthly,UPI,45,191.61,191.61,0,29.3,24.7,23.4,30,2,3.4,3.1,0,0
CUST103782,26.0,Male,North,Premium,Annual,UPI,38,696.47,696.47,0,14.4,12.7,9.0,10,1,4.5,5.0,2,0
CUST103783,51.0,Female,South,Basic,Annual,UPI,23,187.49,168.74,1,45.5,31.5,30.3,52,1,0.6,4.0,0,0
CUST103784,56.0,Male,West,Premium,Monthly,NetBanking,1,724.57,724.57,0,21.8,21.5,22.7,25,0,0.0,4.6,0,1
CUST103785,23.0,Male,North,Basic,Annual,Card,15,211.26,211.26,0,26.9,21.8,18.4,19,0,0.0,3.4,0,0
CUST103786,32.0,Female,North,Basic,Annual,UPI,2,189.69,170.72,0,6.1,8.1,9.7,5,2,4.0,2.9,1,1
CUST103787,36.0,Male,North,Basic,Monthly,Card,25,197.47,177.72,0,10.0,12.0,14.1,7,0,0.0,2.7,0,0
CUST103788,56.0,Male,North,Standard,Annual,Card,10,389.42,389.42,0,8.7,8.2,8.0,5,1,1.2,5.0,0,0
CUST103789,31.0,Male,East,Basic,Annual,Card,20,209.7,230.67,0,8.4,6.6,6.7,7,2,1.9,2.9,0,0
CUST103790,31.0,Female,South,Basic,Annual,Card,9,213.1,213.1,0,24.5,31.7,38.1,20,3,2.8,1.7,0,0
CUST103791,53.0,Female,West,Premium,Annual,Card,5,682.26,750.49,0,11.2,10.5,8.5,10,1,2.4,4.7,0,0
CUST103792,32.0,Male,South,Standard,Monthly,Card,3,337.33,303.6,1,21.2,18.3,20.6,17,3,5.6,,0,1
CUST103793,44.0,Male,West,Standard,Monthly,Card,3,422.0,422.0,0,28.8,23.4,19.5,28,1,6.4,4.3,0,0
CUST103794,20.0,Male,East,Basic,Annual,Card,29,199.45,219.4,0,12.6,15.1,20.1,10,1,4.6,4.2,0,0
CUST103795,34.0,Female,South,Basic,Monthly,Card,41,199.49,199.49,0,11.1,8.6,8.9,8,3,2.0,4.1,0,0
CUST103796,18.0,Male,North,Standard,Monthly,Card,11,418.23,418.23,0,6.3,8.6,12.0,5,2,2.6,1.9,0,1
CUST103797,24.0,Female,South,Basic,Monthly,NetBanking,9,195.38,175.84,1,33.2,27.4,25.1,32,0,0.0,4.2,1,1
CUST103798,45.0,Female,West,Basic,Monthly,UPI,5,192.73,192.73,0,12.9,9.7,8.5,9,1,2.1,2.5,0,0
CUST103799,35.0,Male,West,Premium,Monthly,Card,20,686.57,755.23,1,40.1,48.5,59.2,39,0,,3.9,0,0
CUST103800,32.0,Female,North,Basic,Annual,UPI,1,203.87,203.87,0,23.2,30.1,31.5,15,1,7.5,4.4,0,0
CUST103801,28.0,Male,North,Premium,Monthly,UPI,38,729.72,729.72,0,35.9,42.1,42.4,26,1,5.0,1.8,0,0
CUST103802,34.0,Male,West,Basic,Monthly,Card,35,215.25,215.25,1,7.9,7.0,7.4,3,0,0.0,3.4,1,0
CUST103803,39.0,Male,East,Basic,Monthly,UPI,6,203.01,203.01,0,26.3,21.8,21.4,19,3,2.7,2.1,0,0
CUST103804,47.0,Male,North,Basic,Monthly,Card,10,197.56,217.32,0,26.7,30.5,28.4,15,3,3.0,,0,0
CUST103805,18.0,Female,North,Premium,Annual,UPI,2,729.97,656.97,1,32.2,26.2,30.1,29,1,2.7,2.4,0,0
CUST103806,27.0,Female,South,Standard,Annual,UPI,1,379.62,455.54,0,11.5,8.3,7.4,10,1,5.0,4.2,0,0
CUST103807,38.0,Male,East,Standard,Annual,UPI,2,427.32,427.32,0,13.3,14.6,18.2,14,0,0.0,3.6,1,0
CUST103808,35.0,Male,North,Basic,Monthly,Card,4,201.1,201.1,1,32.7,25.4,22.1,37,1,2.3,3.5,0,0
CUST103809,40.0,Female,West,Premium,Annual,Card,1,691.01,691.01,0,6.9,8.0,8.7,5,2,4.3,3.5,0,1
CUST103810,39.0,Male,North,Standard,Monthly,NetBanking,40,379.69,417.66,0,10.6,9.3,6.7,7,1,2.5,1.0,2,0
CUST103811,33.0,Male,North,Standard,Monthly,UPI,3,411.51,411.51,0,25.9,27.7,30.0,23,0,0.0,2.7,0,0
CUST103812,30.0,Female,North,Standard,Annual,UPI,4,393.4,472.08,1,14.3,15.1,12.8,10,1,1.3,,0,0
CUST103813,33.0,Female,West,Standard,Monthly,Wallet,4,397.12,397.12,0,15.7,16.7,18.1,11,2,0.6,2.1,0,1
CUST103814,49.0,Female,North,Standard,Monthly,UPI,1,365.66,365.66,0,3.8,3.9,4.3,3,3,10.4,2.0,0,1
CUST103815,28.0,Male,West,Basic,Annual,Card,16,194.67,175.2,0,38.5,36.4,42.1,26,3,3.6,2.7,0,0
CUST103816,35.0,Male,South,Premium,Monthly,UPI,12,679.13,679.13,0,15.0,16.1,16.1,18,0,0.0,4.6,0,0
CUST103817,38.0,Male,East,Basic,Annual,Card,6,203.16,203.16,0,25.0,21.1,21.4,19,1,0.9,2.2,0,0
CUST103818,53.0,Female,West,Premium,Monthly,UPI,9,689.65,758.62,0,33.2,32.2,30.5,26,0,0.0,3.5,0,1
CUST103819,33.0,Male,West,Basic,Monthly,UPI,1,172.64,172.64,1,15.5,15.3,15.0,15,0,0.0,5.0,0,0
CUST103820,47.0,Male,South,Basic,Annual,Card,32,194.87,194.87,1,4.8,4.1,3.5,6,1,2.2,,0,0
CUST103821,50.0,Male,East,Basic,Monthly,Card,1,184.53,184.53,0,25.2,25.7,19.3,19,1,0.9,2.6,0,0
CUST103822,35.0,Female,South,Standard,Monthly,UPI,55,378.2,416.02,0,39.1,41.2,50.2,17,0,0.0,4.8,0,0
CUST103823,34.0,Female,South,Basic,Monthly,UPI,3,208.99,208.99,0,27.8,,50.6,22,1,,3.2,0,1
CUST103824,32.0,Female,West,Premium,Monthly,Card,2,639.97,703.97,1,22.6,25.7,25.1,10,1,3.1,4.0,0,0
CUST103825,33.0,Male,West,Standard,Monthly,Card,1,404.88,404.88,0,27.7,26.1,29.6,19,1,1.6,2.8,0,1
CUST103826,45.0,Female,South,Basic,Annual,UPI,8,193.95,213.34,0,29.8,20.8,18.2,33,1,1.8,4.5,2,0
CUST103827,39.0,Male,West,Standard,Monthly,NetBanking,1,385.03,423.53,0,17.6,18.9,23.9,11,1,0.4,3.2,0,1
CUST103828,39.0,Male,North,Standard,Monthly,NetBanking,10,379.46,341.51,0,39.5,47.2,48.3,23,3,3.1,3.3,1,1
CUST103829,24.0,Male,West,Premium,Monthly,UPI,38,710.17,710.17,0,20.4,,15.2,20,1,1.5,1.7,0,1
CUST103830,25.0,Female,West,Basic,Monthly,UPI,4,203.3,223.63,0,30.8,31.6,38.3,23,0,0.0,5.0,1,1
CUST103831,60.0,Male,West,Premium,Monthly,UPI,17,638.71,638.71,0,10.2,11.1,15.0,11,2,5.9,4.6,0,1
CUST103832,34.0,Female,West,Basic,Annual,Card,36,210.45,210.45,0,18.1,17.7,18.2,13,0,0.0,2.6,0,0
CUST103833,27.0,Male,West,Standard,Monthly,Card,9,375.33,375.33,0,11.8,11.8,11.8,11,0,0.0,5.0,1,0
CUST103834,52.0,Male,East,Standard,Monthly,Card,30,406.75,406.75,1,23.7,17.8,16.9,12,0,0.0,2.5,0,0
CUST103835,39.0,Female,South,Basic,Monthly,NetBanking,3,187.25,205.98,0,9.7,,18.9,6,1,4.2,2.3,0,0
CUST103836,42.0,Female,North,Basic,Monthly,UPI,27,194.43,174.99,0,27.9,27.0,27.7,21,1,2.8,3.3,0,0
CUST103837,34.0,Male,West,Standard,Monthly,Card,11,373.49,373.49,0,24.8,26.0,26.2,18,3,1.3,3.2,1,1
CUST103838,32.0,Female,South,Basic,Monthly,UPI,9,193.74,193.74,1,16.7,18.1,24.2,22,2,3.4,4.2,2,0
CUST103839,34.0,Male,West,Basic,Monthly,Card,16,197.0,197.0,0,29.2,27.7,26.7,29,4,1.2,,0,0
CUST103840,21.0,Male,South,Basic,Monthly,UPI,8,187.56,225.07,0,10.2,7.3,6.2,10,1,6.7,2.5,0,0
CUST103841,35.0,Female,West,Standard,Monthly,UPI,2,405.27,405.27,0,27.8,35.0,32.2,21,2,,4.4,0,0
CUST103842,39.0,Female,North,Basic,Annual,NetBanking,4,203.43,244.12,0,10.9,12.3,12.9,6,1,,3.4,0,1
CUST103843,56.0,Male,West,Standard,Monthly,UPI,3,452.99,452.99,0,12.9,14.6,20.3,15,2,0.9,3.9,0,1
CUST103844,37.0,Male,West,Premium,Annual,NetBanking,1,731.46,877.75,0,33.2,33.0,28.5,16,1,0.5,4.5,1,0
CUST103845,18.0,Female,North,Standard,Monthly,Card,26,422.47,422.47,0,33.6,34.9,36.2,23,1,6.2,3.0,1,0
CUST103846,35.0,Male,East,Standard,Monthly,UPI,23,363.71,400.08,0,23.6,21.8,17.0,22,0,0.0,3.6,0,0
CUST103847,66.0,Female,South,Standard,Monthly,NetBanking,20,359.93,359.93,0,53.1,55.2,46.7,70,0,,4.5,0,1
CUST103848,46.0,Female,West,Basic,Monthly,Card,5,196.04,176.44,0,41.5,48.4,43.7,48,2,4.0,4.3,0,0
CUST103849,27.0,Female,West,Basic,Annual,NetBanking,15,216.78,195.1,0,16.6,15.6,17.8,15,0,0.0,3.2,0,0
CUST103850,43.0,Male,South,Basic,Monthly,Wallet,16,223.62,223.62,0,10.7,8.9,7.4,13,2,10.8,3.3,0,1
CUST103851,28.0,Female,South,Basic,Monthly,UPI,9,192.16,211.38,0,27.8,20.9,15.8,20,5,2.4,1.2,1,1
CUST103852,21.0,Male,North,Basic,Monthly,Card,6,193.17,193.17,0,20.8,30.9,34.3,19,5,6.2,2.1,1,1
CUST103853,32.0,Male,South,Standard,Annual,Card,38,409.85,450.84,1,25.3,28.1,28.8,28,3,2.6,4.5,0,0
CUST103854,37.0,Male,West,Basic,Monthly,UPI,1,197.04,197.04,0,26.5,29.8,31.5,14,2,1.3,1.5,0,1
CUST103855,18.0,Male,South,Basic,Annual,NetBanking,23,197.29,197.29,0,12.2,10.2,9.0,11,2,3.2,5.0,1,0
CUST103856,23.0,Female,West,Premium,Monthly,Card,24,721.19,865.43,0,10.3,9.4,7.6,9,2,6.3,5.0,2,0
CUST103857,36.0,Female,West,Basic,Monthly,Card,2,226.02,226.02,0,25.6,25.8,33.0,23,2,3.0,2.1,0,1
CUST103858,32.0,Female,West,Standard,Annual,Card,8,425.03,510.04,0,25.1,23.5,22.9,15,2,2.3,2.3,1,1
CUST103859,40.0,Female,North,Basic,Monthly,UPI,10,217.6,261.12,1,8.4,8.1,8.7,7,1,,3.6,1,0
CUST103860,23.0,Female,South,Standard,Monthly,NetBanking,1,362.21,398.43,1,12.9,13.4,14.9,11,2,,2.9,1,1
CUST103861,44.0,Female,West,Basic,Monthly,UPI,69,209.69,188.72,0,10.3,8.8,6.7,7,3,4.9,4.1,1,0
CUST103862,23.0,Female,East,Basic,Annual,UPI,11,189.55,189.55,0,19.4,22.8,21.9,19,1,3.4,4.3,0,1
CUST103863,54.0,Female,West,Premium,Annual,UPI,14,757.59,681.83,0,18.0,22.1,32.1,19,0,0.0,3.7,0,0
CUST103864,18.0,Female,North,Standard,Monthly,UPI,11,426.08,511.3,1,6.0,11.9,24.6,4,0,0.0,2.5,0,1
CUST103865,24.0,Male,South,Basic,Annual,UPI,1,205.01,184.51,0,19.5,22.9,26.8,18,1,2.4,3.3,1,1
CUST103866,41.0,Female,West,Basic,Monthly,Card,5,191.61,210.77,0,21.8,24.3,25.6,23,3,2.2,5.0,2,0
CUST103867,54.0,Male,West,Standard,Monthly,Card,15,389.35,389.35,0,22.4,23.2,20.4,24,4,4.2,3.0,1,1
CUST103868,39.0,Male,South,Basic,Annual,NetBanking,7,194.99,194.99,0,10.3,10.1,10.7,8,0,0.0,5.0,1,0
CUST103869,42.0,Female,East,Standard,Annual,UPI,3,414.21,414.21,0,18.3,19.4,17.9,19,0,0.0,4.2,0,0
CUST103870,36.0,Male,South,Standard,Annual,Card,2,407.06,366.35,0,36.7,54.1,78.5,28,0,0.0,5.0,0,0
CUST103871,25.0,Male,North,Standard,Annual,UPI,3,427.33,427.33,0,35.6,41.6,43.3,34,0,0.0,3.8,1,0
CUST103872,31.0,Male,North,Premium,Monthly,UPI,30,755.3,755.3,0,13.0,10.0,9.4,8,1,3.2,4.8,0,0
CUST103873,23.0,Male,North,Basic,Annual,Card,22,190.59,209.65,0,34.6,27.8,18.8,17,1,0.2,4.5,1,0
CUST103874,22.0,Female,South,Premium,Monthly,UPI,3,715.61,715.61,0,14.5,15.6,14.2,13,1,1.2,3.7,0,1
CUST103875,40.0,Female,South,Standard,Monthly,Card,2,408.24,408.24,0,31.2,36.1,45.0,30,0,0.0,3.9,1,1
CUST103876,24.0,Male,North,Standard,Annual,NetBanking,1,397.1,397.1,0,25.0,26.0,26.2,24,1,0.3,2.1,1,1
CUST103877,40.0,Female,South,Standard,Monthly,UPI,1,417.79,459.57,0,19.0,17.7,16.3,12,0,0.0,3.4,0,0
CUST103878,22.0,Female,North,Standard,Monthly,NetBanking,14,408.79,408.79,0,22.9,26.5,30.1,7,2,5.0,5.0,1,0
CUST103879,39.0,Female,North,Basic,Annual,UPI,13,193.28,193.28,0,4.4,5.0,6.6,4,1,0.5,5.0,0,0
CUST103880,31.0,Male,East,Premium,Monthly,NetBanking,2,694.03,694.03,1,29.5,24.3,22.5,32,2,3.5,3.2,0,0
CUST103881,51.0,Male,East,Premium,Monthly,Card,11,686.79,686.79,0,9.3,9.4,10.0,4,0,0.0,,1,0
CUST103882,40.0,Male,South,Basic,Monthly,Card,7,191.76,230.11,0,37.3,39.3,36.4,28,1,6.2,4.8,1,1
CUST103883,50.0,Male,South,Standard,Monthly,NetBanking,3,397.3,437.03,0,23.3,27.3,32.5,14,2,1.7,3.6,0,1
CUST103884,28.0,Female,West,Standard,Monthly,NetBanking,6,373.13,410.44,0,10.4,9.5,9.0,9,0,0.0,4.3,1,0
CUST103885,37.0,Male,West,Premium,Monthly,NetBanking,13,715.56,858.67,0,29.5,37.7,56.1,31,4,1.3,,2,1
CUST103886,25.0,Female,West,Standard,Annual,Wallet,53,427.01,427.01,0,19.9,26.0,27.9,15,2,5.4,4.8,0,0
CUST103887,31.0,Female,West,Basic,Monthly,UPI,33,199.5,199.5,0,26.0,29.3,29.4,18,1,2.6,3.8,0,0
CUST103888,33.0,Male,East,Standard,Annual,UPI,23,417.88,417.88,0,17.9,16.8,14.9,16,0,,,0,0
CUST103889,28.0,Male,West,Basic,Annual,NetBanking,1,200.55,200.55,0,27.7,33.2,41.9,10,1,1.0,2.5,0,1
CUST103890,23.0,Female,North,Standard,Monthly,Card,15,378.61,378.61,0,13.3,13.5,14.8,13,2,3.2,2.5,1,1
CUST103891,20.0,Female,West,Standard,Annual,NetBanking,8,439.04,439.04,0,15.5,15.1,16.7,16,1,1.3,2.4,0,1
CUST103892,18.0,Male,West,Standard,Monthly,NetBanking,13,350.67,315.6,1,24.9,25.2,19.1,20,1,3.3,4.0,1,0
CUST103893,24.0,Female,West,Basic,Monthly,UPI,19,199.1,199.1,1,37.5,33.8,40.2,27,1,2.3,,1,0
CUST103894,43.0,Female,North,Standard,Annual,UPI,8,383.67,422.04,1,19.0,21.0,22.3,14,1,9.3,2.2,0,0
CUST103895,18.0,Female,North,Standard,Annual,UPI,5,430.55,473.61,0,28.3,30.3,35.0,21,1,1.5,3.9,0,0
CUST103896,21.0,Male,South,Basic,Monthly,Wallet,1,201.15,181.04,0,27.1,23.6,21.5,21,0,0.0,3.9,0,0
CUST103897,56.0,Female,North,Basic,Monthly,Card,18,224.43,224.43,1,36.3,32.9,28.5,18,0,0.0,1.9,0,0
CUST103898,29.0,Female,West,Basic,Monthly,Card,1,199.36,219.3,0,11.2,10.9,10.7,10,1,3.1,,0,0
CUST103899,40.0,Male,East,Premium,Annual,UPI,15,672.41,806.89,0,22.6,28.8,32.1,16,0,0.0,4.1,0,0
CUST103900,43.0,Other,South,Standard,Monthly,NetBanking,2,364.88,364.88,1,21.6,27.2,29.2,17,1,0.8,2.5,1,0
CUST103901,43.0,Female,East,Standard,Monthly,UPI,16,421.08,505.3,0,22.6,23.6,23.4,15,0,0.0,3.5,0,0
CUST103902,19.0,Male,North,Standard,Monthly,UPI,14,382.35,382.35,0,214.3,15.6,16.6,13,0,0.0,3.1,0,1
CUST103903,33.0,Female,North,Premium,Monthly,Card,65,684.33,684.33,0,19.3,23.5,23.0,21,0,0.0,2.2,0,0
CUST103904,18.0,Female,North,Standard,Monthly,UPI,8,423.5,423.5,0,31.0,23.9,22.7,26,0,0.0,1.7,2,1
CUST103905,63.0,Female,North,Basic,Monthly,NetBanking,10,209.48,209.48,1,11.6,14.7,20.4,5,0,0.0,2.6,1,1
CUST103906,18.0,Female,East,Basic,Monthly,UPI,37,192.93,192.93,0,24.8,26.5,25.7,20,0,0.0,5.0,0,0
CUST103907,24.0,Male,East,Basic,Monthly,UPI,5,194.48,175.03,0,17.1,13.0,11.8,14,1,3.6,2.3,0,0
CUST103908,25.0,Male,West,Premium,Monthly,UPI,13,637.63,637.63,0,22.0,20.3,21.6,17,3,1.3,2.9,0,0
CUST103909,20.0,Male,North,Standard,Monthly,UPI,10,357.99,322.19,1,16.7,19.7,27.5,11,3,4.1,3.0,0,1
CUST103910,51.0,Female,East,Standard,Monthly,UPI,8,414.24,414.24,0,31.0,30.4,28.0,25,1,1.5,5.0,1,0
CUST103911,63.0,Male,South,Standard,Annual,NetBanking,22,416.44,374.8,0,10.5,12.4,11.8,10,2,1.1,1.2,0,1
CUST103912,31.0,Female,North,Premium,Monthly,UPI,10,711.48,711.48,0,22.1,23.3,22.5,16,0,0.0,3.1,0,0
CUST103913,,Male,North,Premium,Monthly,UPI,13,705.54,634.99,0,32.4,30.0,25.9,35,3,1.6,3.3,0,1
CUST103914,18.0,Male,East,Standard,Monthly,UPI,19,384.91,384.91,0,22.8,21.1,22.7,15,0,,3.7,0,0
CUST103915,33.0,Female,West,Basic,Monthly,NetBanking,11,213.61,234.97,0,12.7,15.1,17.7,8,1,1.4,3.1,1,0
CUST103916,33.0,Female,South,Basic,Annual,Card,7,181.25,181.25,0,12.4,15.7,16.7,9,1,1.0,4.1,0,0
CUST103917,29.0,Male,West,Standard,Annual,Card,8,389.65,467.58,0,21.9,18.6,13.7,9,1,2.2,1.4,1,1
CUST103918,38.0,Male,South,Standard,Monthly,UPI,9,402.21,402.21,0,7.2,10.6,16.1,6,1,2.0,3.2,0,1
CUST103919,40.0,Male,North,Standard,Monthly,Wallet,17,398.99,398.99,0,25.3,38.9,55.4,19,1,3.0,3.0,1,1
CUST103920,40.0,Male,West,Basic,Monthly,UPI,18,198.98,179.08,1,8.6,7.3,6.5,8,1,2.6,4.4,1,0
CUST103921,33.0,Male,East,Standard,Annual,UPI,18,388.64,349.78,0,10.6,11.1,10.1,5,0,0.0,1.7,0,0
CUST103922,24.0,Female,West,Basic,Monthly,UPI,16,204.38,245.26,0,40.8,34.5,29.3,39,2,0.7,3.0,0,0
CUST103923,43.0,Male,West,Basic,Annual,Card,16,186.91,224.29,0,37.1,38.2,51.5,31,0,0.0,3.6,2,0
CUST103924,36.0,Male,South,Premium,Monthly,Wallet,27,693.97,693.97,0,15.7,,11.7,18,2,3.4,2.8,0,1
CUST103925,46.0,Male,West,Standard,Annual,UPI,1,407.62,448.38,0,33.5,36.0,41.3,26,2,4.8,2.7,1,0
CUST103926,45.0,Male,West,Basic,Monthly,UPI,25,195.69,176.12,1,12.7,12.9,14.9,11,1,5.9,3.4,0,0
CUST103927,20.0,Other,North,Basic,Monthly,NetBanking,20,199.05,199.05,0,25.4,21.9,18.5,24,0,0.0,4.8,2,1
CUST103928,20.0,Male,South,Standard,Monthly,UPI,28,403.3,483.96,0,34.7,33.1,34.8,14,0,0.0,4.4,2,0
CUST103929,28.0,Male,South,Basic,Monthly,Card,1,181.48,181.48,0,13.8,,17.7,14,1,2.7,2.8,1,0
CUST103930,24.0,Female,West,Basic,Annual,Card,1,182.41,182.41,0,8.5,7.6,6.5,7,2,1.3,2.5,2,1
CUST103931,44.0,Female,West,Standard,Monthly,Card,3,401.67,361.5,0,20.7,18.5,15.3,11,2,3.0,2.2,0,1
CUST103932,40.0,Female,West,Standard,Monthly,Wallet,26,386.86,348.17,0,13.5,17.1,20.0,11,2,2.9,4.2,1,1
CUST103933,48.0,Female,North,Basic,Annual,NetBanking,50,193.55,193.55,0,14.0,13.7,17.7,14,2,4.8,2.6,1,0
CUST103934,40.0,Female,South,Standard,Monthly,UPI,12,410.35,410.35,0,10.6,11.4,9.4,8,3,2.8,,2,1
CUST103935,38.0,Female,North,Standard,Monthly,NetBanking,15,379.27,379.27,0,3.6,3.4,2.8,3,2,1.2,3.3,1,1
CUST103936,49.0,Other,North,Basic,Monthly,Card,8,174.99,209.99,0,14.6,14.5,13.2,6,0,0.0,4.0,0,0
CUST103937,41.0,Male,South,Basic,Monthly,Card,3,215.49,215.49,0,15.5,19.3,25.9,10,1,9.1,3.2,0,1
CUST103938,37.0,Female,South,Basic,Annual,Card,15,211.04,189.94,0,12.7,17.5,25.5,12,0,0.0,3.8,0,0
CUST103939,52.0,Female,South,Basic,Monthly,NetBanking,22,210.91,253.09,0,10.4,12.5,14.6,10,0,0.0,3.5,1,0
CUST103940,37.0,Female,South,Premium,Annual,Card,31,659.83,791.8,0,29.7,24.1,17.3,25,1,3.3,4.0,0,0
CUST103941,33.0,Male,West,Standard,Monthly,Card,9,397.46,397.46,1,22.9,18.7,19.2,21,1,2.6,3.7,1,0
CUST103942,27.0,Female,North,Premium,Monthly,Card,5,654.67,654.67,0,8.9,7.3,6.0,6,4,0.9,2.1,0,1
CUST103943,,Male,North,Basic,Annual,UPI,12,198.4,218.24,0,21.3,20.0,22.2,17,1,2.1,4.1,1,0
CUST103944,50.0,Female,North,Standard,Annual,UPI,18,392.06,392.06,0,11.9,12.4,12.9,7,2,1.5,2.4,2,0
CUST103945,35.0,Male,West,Standard,Monthly,Card,48,377.49,415.24,0,28.5,,29.1,20,2,4.9,2.1,1,0
CUST103946,50.0,Female,West,Standard,Monthly,NetBanking,17,409.04,409.04,0,12.8,12.0,12.7,10,2,3.8,3.4,0,0
CUST103947,18.0,Female,East,Premium,Monthly,Wallet,16,689.96,620.96,0,31.2,36.5,41.5,15,0,0.0,,0,0
CUST103948,35.0,Male,East,Standard,Annual,Card,8,433.37,433.37,0,30.1,39.2,58.4,39,1,0.4,4.3,0,0
CUST103949,36.0,Male,East,Standard,Monthly,Wallet,6,400.71,440.78,0,224.2,30.1,33.7,16,2,6.1,5.0,1,1
CUST103950,28.0,Male,East,Premium,Monthly,NetBanking,34,609.95,609.95,1,12.6,13.1,13.8,11,2,0.8,1.4,0,0
CUST103951,62.0,Female,North,Premium,Monthly,NetBanking,9,635.67,572.1,0,16.7,17.4,17.2,9,0,0.0,,0,0
CUST103952,35.0,Female,North,Premium,Annual,Card,43,772.24,772.24,0,17.8,17.4,20.1,3,4,3.0,2.8,0,1
CUST103953,32.0,Female,North,Basic,Monthly,NetBanking,4,195.43,175.89,1,20.2,20.7,24.9,23,0,0.0,5.0,1,0
CUST103954,36.0,Male,North,Basic,Monthly,UPI,8,201.39,201.39,0,32.5,39.7,51.9,26,0,0.0,3.3,2,0
CUST103955,18.0,Female,South,Basic,Annual,Card,30,199.1,199.1,0,15.7,18.7,24.1,6,3,0.8,,0,0
CUST103956,28.0,Female,North,Standard,Monthly,NetBanking,2,427.26,384.53,0,28.2,28.4,23.6,17,2,5.1,2.1,0,1
CUST103957,47.0,Male,North,Basic,Monthly,Card,4,180.03,180.03,0,9.8,10.6,12.5,12,1,2.5,,0,0
CUST103958,29.0,Male,North,Basic,Monthly,NetBanking,6,212.23,212.23,0,13.3,11.2,9.8,12,1,4.1,3.9,0,0
CUST103959,27.0,Male,North,Standard,Monthly,UPI,4,424.14,466.55,0,12.0,9.9,8.8,3,1,0.2,5.0,1,0
CUST103960,50.0,Male,South,Basic,Annual,UPI,13,199.06,199.06,0,28.4,27.5,29.9,20,3,1.1,2.3,0,0
CUST103961,51.0,Male,South,Standard,Monthly,Card,9,407.25,447.98,0,35.4,34.6,32.8,27,0,0.0,4.2,0,0
CUST103962,42.0,Male,North,Basic,Monthly,NetBanking,3,195.31,175.78,0,14.4,15.7,19.2,13,0,0.0,4.8,1,1
CUST103963,31.0,Male,East,Premium,Monthly,Card,3,640.1,704.11,1,12.4,12.3,14.6,10,1,7.9,2.9,1,1
CUST103964,33.0,Male,South,Basic,Monthly,NetBanking,15,204.77,204.77,0,17.0,,17.9,8,3,14.1,4.6,1,1
CUST103965,27.0,Male,South,Standard,Monthly,UPI,64,403.92,444.31,0,11.6,12.5,12.8,8,2,2.2,2.6,1,0
CUST103966,25.0,Female,South,Standard,Annual,Card,15,404.33,444.76,0,14.6,15.5,13.2,9,1,2.3,2.4,0,0
CUST103967,25.0,Female,North,Basic,Monthly,UPI,12,203.8,183.42,0,17.0,17.5,20.7,16,3,1.7,4.5,1,1
CUST103968,29.0,Male,South,Basic,Monthly,Wallet,1,192.99,231.59,1,17.1,18.6,16.4,12,1,4.1,3.4,1,1
CUST103969,25.0,Female,North,Premium,Monthly,Wallet,19,751.19,826.31,1,7.7,7.2,5.5,5,0,0.0,2.6,0,1
CUST103970,19.0,Female,North,Standard,Annual,Card,7,399.16,399.16,0,14.3,16.3,14.6,11,1,8.5,3.0,0,0
CUST103971,38.0,Male,West,Basic,Annual,Card,58,204.39,204.39,0,39.7,35.5,34.5,25,1,1.3,2.7,0,0
CUST103972,39.0,Male,East,Standard,Monthly,Card,5,393.57,393.57,0,8.4,9.6,9.3,9,3,3.3,2.4,1,1
CUST103973,55.0,Male,South,Basic,Monthly,NetBanking,61,209.45,209.45,0,20.0,17.3,16.1,21,2,4.8,3.4,0,0
CUST103974,29.0,Female,North,Standard,Annual,Card,7,401.07,360.96,0,19.1,17.8,19.0,20,0,0.0,3.4,1,1
CUST103975,39.0,Male,West,Standard,Annual,Card,39,397.3,397.3,1,45.4,34.3,27.1,25,1,8.4,5.0,0,0
CUST103976,39.0,Male,South,Standard,Monthly,UPI,15,423.09,380.78,1,19.6,18.3,14.9,17,1,4.1,3.1,1,1
CUST103977,33.0,Female,West,Basic,Annual,Wallet,36,181.86,200.05,0,38.1,36.4,38.8,36,2,1.6,3.0,0,0
CUST103978,44.0,Female,North,Basic,Annual,Card,18,196.21,235.45,0,19.3,19.7,18.8,12,3,7.7,4.4,0,1
CUST103979,45.0,Male,South,Basic,Monthly,UPI,18,192.9,192.9,1,14.0,,19.2,8,4,2.1,3.9,1,0
CUST103980,40.0,Female,South,Basic,Monthly,Card,8,202.72,202.72,0,19.9,18.5,18.2,12,1,,,1,0
CUST103981,33.0,Male,West,Standard,Monthly,UPI,72,405.3,486.36,0,9.6,9.5,7.1,5,1,5.4,3.0,0,0
CUST103982,32.0,Female,West,Standard,Monthly,UPI,10,398.76,438.64,0,20.7,20.4,15.0,21,0,0.0,,1,1
CUST103983,21.0,Female,West,Basic,Annual,Wallet,8,191.9,191.9,0,14.7,15.2,16.7,15,0,0.0,3.3,2,1
CUST103984,27.0,Female,South,Basic,Monthly,UPI,1,198.76,178.88,0,14.0,18.7,24.0,10,2,3.5,2.1,0,1
CUST103985,29.0,Male,West,Standard,Monthly,Card,3,405.45,364.9,0,29.6,27.5,26.9,23,1,0.4,2.9,0,0
CUST103986,24.0,Male,South,Standard,Monthly,UPI,7,395.44,474.53,1,16.1,17.0,16.1,11,4,1.4,3.5,0,0
CUST103987,41.0,Female,North,Premium,Annual,Card,7,737.71,811.48,0,6.3,7.2,11.0,8,1,0.7,3.2,0,1
CUST103988,49.0,Male,East,Basic,Monthly,Card,45,205.09,205.09,0,23.4,16.6,11.5,17,0,0.0,3.9,0,0
CUST103989,26.0,Other,West,Basic,Monthly,Wallet,30,199.19,239.03,0,25.8,27.4,29.6,18,0,0.0,2.7,0,0
CUST103990,39.0,Male,North,Basic,Monthly,UPI,9,175.66,210.79,0,48.5,39.3,30.8,38,1,4.4,,0,0
CUST103991,25.0,Female,North,Standard,Annual,NetBanking,5,394.64,473.57,0,20.7,19.9,18.0,11,0,0.0,,0,0
CUST103992,33.0,Male,South,Standard,Monthly,Card,10,411.57,493.88,0,15.4,17.6,21.8,13,5,1.9,1.6,2,1
CUST103993,28.0,Male,North,Basic,Monthly,NetBanking,22,196.22,215.84,0,23.5,23.8,24.3,26,1,,3.2,0,0
CUST103994,43.0,Female,South,Basic,Annual,NetBanking,3,202.02,222.22,0,10.0,12.4,16.1,8,1,0.9,,0,1
CUST103995,29.0,Male,West,Standard,Monthly,UPI,18,394.52,394.52,1,14.0,16.5,14.2,13,1,5.6,2.5,1,1
CUST103996,47.0,Female,South,Basic,Annual,Card,2,201.31,221.44,0,24.7,25.8,32.9,10,0,0.0,2.8,2,1
CUST103997,33.0,Female,East,Standard,Monthly,NetBanking,13,426.95,426.95,1,16.7,17.3,18.9,10,2,2.2,3.4,0,0
CUST103998,29.0,Female,South,Basic,Annual,NetBanking,9,206.83,248.2,0,7.1,7.4,6.9,6,0,0.0,3.0,0,0
CUST103999,22.0,Female,North,Basic,Monthly,Card,11,186.11,186.11,0,16.0,13.5,13.8,7,1,1.7,3.7,0,1
CUST104000,39.0,Female,South,Basic,Monthly,Wallet,25,182.5,182.5,0,19.7,23.3,31.6,17,2,1.2,3.0,0,0
CUST104001,46.0,Female,North,Premium,Monthly,NetBanking,31,714.47,714.47,1,16.4,18.1,18.2,12,1,3.9,3.0,1,1
CUST104002,39.0,Male,North,Basic,Annual,Card,2,210.62,210.62,0,7.7,11.7,14.4,7,0,0.0,,2,0
CUST104003,61.0,Female,East,Basic,Annual,UPI,9,182.48,200.73,0,4.4,4.2,3.7,3,2,1.0,1.6,1,0
CUST104004,52.0,Female,West,Premium,Monthly,Card,8,691.67,830.0,0,27.0,28.3,21.5,21,2,2.5,3.8,1,0
CUST104005,33.0,Male,South,Basic,Monthly,UPI,29,222.61,267.13,1,25.5,32.4,39.2,7,0,0.0,2.6,0,0
CUST104006,33.0,Female,North,Basic,Monthly,NetBanking,11,196.33,196.33,0,13.2,8.2,7.6,8,2,1.4,2.4,2,0
CUST104007,41.0,Male,West,Basic,Monthly,NetBanking,15,224.13,224.13,0,13.0,12.3,12.3,12,0,0.0,3.3,3,1
CUST104008,27.0,Female,South,Standard,Monthly,Card,5,2295.42,382.57,0,15.6,15.1,16.0,8,1,2.9,3.2,0,1
CUST104009,49.0,Male,West,Basic,Annual,UPI,3,192.56,211.82,1,27.6,33.8,39.6,17,0,0.0,3.6,0,0
CUST104010,40.0,Female,West,Premium,Monthly,UPI,13,4046.58,606.99,0,19.8,23.1,24.8,14,0,0.0,3.8,0,0
CUST104011,39.0,Male,West,Standard,Annual,UPI,5,373.48,410.83,0,34.0,41.0,38.4,25,2,4.6,2.7,0,0
CUST104012,44.0,Female,North,Standard,Monthly,UPI,15,365.26,365.26,0,19.6,18.0,15.9,18,0,0.0,1.3,0,0
CUST104013,55.0,Male,East,Basic,Annual,UPI,6,196.8,196.8,0,11.9,11.6,12.7,10,0,0.0,3.0,1,0
CUST104014,38.0,Female,North,Standard,Monthly,Card,1,401.89,401.89,1,13.5,,20.1,9,0,0.0,4.5,2,1
CUST104015,35.0,Female,North,Premium,Monthly,Card,51,673.95,741.35,1,23.8,20.4,16.9,11,1,6.0,4.0,1,0
CUST104016,53.0,Female,West,Premium,Annual,NetBanking,13,682.36,682.36,0,38.0,43.4,47.3,54,3,2.6,3.5,1,0
CUST104017,47.0,Male,South,Basic,Monthly,Card,10,213.39,256.07,1,20.3,20.5,24.1,16,0,0.0,3.4,0,1
CUST104018,32.0,Male,West,Standard,Annual,UPI,66,418.39,460.23,0,30.0,26.5,20.8,29,2,1.2,3.7,2,0
CUST104019,36.0,Male,North,Standard,Annual,Wallet,8,393.84,393.84,0,22.5,25.1,29.4,7,1,4.9,3.0,1,1
CUST104020,38.0,Female,South,Premium,Annual,NetBanking,62,714.02,856.82,0,21.4,25.5,27.5,16,1,1.5,3.1,1,0
CUST104021,40.0,Male,East,Basic,Annual,UPI,6,182.72,182.72,0,40.1,33.8,35.9,29,0,0.0,,1,0
CUST104022,21.0,Female,West,Standard,Monthly,Card,11,404.38,444.82,0,10.7,10.5,9.2,8,0,0.0,4.6,1,0
CUST104023,19.0,Male,North,Standard,Monthly,UPI,58,397.75,397.75,0,15.7,17.1,19.5,15,0,0.0,1.1,0,0
CUST104024,26.0,Female,West,Premium,Annual,UPI,13,685.92,685.92,0,14.3,19.7,29.6,11,3,0.4,3.0,0,1
CUST104025,25.0,Male,North,Standard,Monthly,UPI,3,399.65,439.62,0,18.3,15.0,15.3,13,1,0.6,,1,0
CUST104026,29.0,Male,West,Premium,Monthly,Card,29,694.5,625.05,0,8.3,9.6,11.3,7,2,1.3,3.4,0,1
CUST104027,43.0,Male,East,Basic,Monthly,UPI,20,185.93,204.52,0,17.9,19.0,20.0,14,0,0.0,3.6,0,1
CUST104028,34.0,Male,West,Basic,Annual,UPI,5,215.71,258.85,0,13.0,11.9,13.9,7,2,1.3,4.4,0,0
CUST104029,38.0,Male,South,Basic,Monthly,Wallet,7,208.46,208.46,0,13.5,13.8,15.4,13,0,0.0,3.7,2,1
CUST104030,23.0,Male,North,Premium,Monthly,UPI,19,685.45,685.45,0,31.3,32.9,33.6,21,1,0.4,3.2,3,1
CUST104031,31.0,Female,West,Basic,Annual,Card,48,181.48,181.48,0,12.2,,13.7,10,1,5.3,4.1,0,0
CUST104032,42.0,Female,South,Standard,Annual,Card,25,350.0,350.0,0,45.6,50.7,55.1,50,1,3.6,1.8,0,0
CUST104033,43.0,Male,North,Premium,Monthly,UPI,3,769.06,845.97,0,19.9,17.9,12.7,28,0,0.0,2.9,0,0
CUST104034,28.0,Female,West,Premium,Monthly,UPI,22,692.93,831.52,1,5.2,5.9,6.8,5,3,2.2,4.0,1,0
CUST104035,38.0,Male,East,Standard,Annual,Card,8,414.22,414.22,0,30.0,29.3,32.1,14,2,7.2,,0,0
CUST104036,60.0,Male,West,Standard,Monthly,Wallet,8,380.07,418.08,0,4.3,4.3,4.3,3,1,2.3,2.0,0,0
CUST104037,36.0,Male,East,Basic,Monthly,Wallet,2,195.94,235.13,1,9.5,10.3,14.3,11,1,1.0,5.0,1,0
CUST104038,28.0,Male,West,Standard,Annual,Wallet,3,393.89,433.28,1,22.1,24.2,31.9,17,1,,3.3,0,0
CUST104039,34.0,Male,North,Standard,Monthly,UPI,36,403.82,403.82,0,16.3,16.3,16.4,16,3,2.0,2.2,1,0
CUST104040,37.0,Female,East,Standard,Monthly,NetBanking,48,400.79,360.71,0,25.5,28.9,26.3,25,2,8.7,1.7,0,1
CUST104041,34.0,Female,West,Basic,Monthly,UPI,52,189.82,170.84,0,13.5,14.8,18.2,9,0,0.0,5.0,1,1
CUST104042,36.0,Female,East,Basic,Monthly,UPI,3,189.72,227.66,0,13.5,16.3,17.8,16,3,5.8,2.0,0,1
CUST104043,20.0,Female,South,Standard,Monthly,Card,10,397.37,357.63,0,14.7,16.9,17.1,13,1,1.6,3.0,0,0
CUST104044,25.0,Male,North,Standard,Monthly,Card,14,364.0,400.4,0,22.8,21.3,18.8,18,0,0.0,4.0,0,0
CUST104045,34.0,Female,North,Premium,Annual,Card,10,670.23,737.25,1,25.8,22.8,21.9,20,2,2.2,1.2,1,0
CUST104046,34.0,Male,West,Standard,Annual,NetBanking,1,395.92,395.92,0,9.8,10.4,8.8,6,1,0.4,4.2,0,0
CUST104047,30.0,Male,North,Premium,Monthly,UPI,35,712.89,712.89,0,32.0,33.9,31.0,21,1,3.7,2.5,0,0
CUST104048,34.0,Male,West,Standard,Monthly,Wallet,1,428.99,428.99,0,44.4,56.1,70.3,26,1,2.4,4.5,0,0
CUST104049,37.0,Male,West,Standard,Monthly,UPI,7,389.49,389.49,0,18.0,17.3,16.3,23,2,3.1,3.5,0,0
CUST104050,46.0,Female,South,Standard,Monthly,Card,5,399.72,399.72,0,20.8,23.7,30.3,21,0,0.0,4.8,0,0
CUST104051,35.0,Male,East,Basic,Monthly,UPI,29,180.42,162.38,1,13.0,10.6,9.8,8,1,2.0,3.6,1,0
CUST104052,40.0,Male,North,Basic,Monthly,Card,40,202.33,202.33,0,29.3,28.8,24.3,34,1,2.2,4.5,0,0
CUST104053,30.0,Female,South,Premium,Monthly,Wallet,1,667.22,600.5,0,4.5,4.7,4.7,5,2,4.2,3.6,0,1
CUST104054,42.0,Other,North,Basic,Monthly,Card,1,195.93,215.52,0,36.7,31.1,24.2,25,0,0.0,3.6,0,0
CUST104055,40.0,Male,North,Standard,Monthly,Card,1,408.49,408.49,0,34.7,29.1,23.0,31,1,0.4,3.8,0,0
CUST104056,46.0,Female,West,Basic,Annual,UPI,16,204.15,204.15,0,9.3,8.1,9.2,6,0,0.0,1.0,1,0
CUST104057,44.0,Female,North,Standard,Annual,NetBanking,47,370.0,370.0,0,12.1,11.2,10.4,12,0,0.0,3.1,0,0
CUST104058,42.0,Male,South,Basic,Annual,UPI,8,206.98,206.98,0,16.7,15.1,11.6,15,2,5.6,4.4,0,0
CUST104059,35.0,Male,North,Standard,Annual,Card,19,398.22,398.22,0,27.7,25.9,34.3,20,1,2.3,2.2,0,0
CUST104060,39.0,Male,West,Standard,Monthly,UPI,21,424.28,424.28,0,7.8,6.9,6.0,4,4,2.7,2.1,1,1
CUST104061,48.0,Male,North,Basic,Monthly,Card,3,213.54,234.89,0,13.8,12.1,11.9,11,1,3.0,1.9,0,0
CUST104062,29.0,Other,South,Standard,Annual,UPI,5,431.04,431.04,0,24.1,32.5,45.5,22,0,0.0,1.9,1,1
CUST104063,29.0,Female,West,Premium,Monthly,UPI,35,649.22,649.22,0,8.9,6.8,5.3,9,0,0.0,3.3,0,0
CUST104064,38.0,Other,South,Standard,Monthly,Card,3,407.03,407.03,0,17.3,12.5,12.2,16,1,0.8,,0,1
CUST104065,41.0,Female,South,Premium,Annual,UPI,18,643.87,772.64,0,19.0,14.8,14.0,19,2,2.7,,1,0
CUST104066,27.0,Female,North,Standard,Annual,Card,11,424.96,509.95,0,10.5,11.7,12.9,7,2,8.5,1.9,2,1
CUST104067,35.0,Female,East,Standard,Annual,Card,5,427.8,427.8,0,18.5,20.2,24.3,7,2,1.8,2.0,1,1
CUST104068,35.0,Female,West,Standard,Monthly,UPI,7,418.51,376.66,0,19.3,20.6,23.2,9,1,6.5,2.4,0,0
CUST104069,18.0,Male,South,Premium,Annual,Card,14,684.16,684.16,0,12.9,10.9,8.7,10,0,0.0,3.4,1,0
CUST104070,34.0,Male,West,Standard,Monthly,Card,1,409.86,409.86,0,7.3,6.7,5.7,5,3,6.6,2.0,1,1
CUST104071,34.0,Female,East,Basic,Monthly,UPI,72,193.51,193.51,0,6.9,6.5,5.8,5,0,0.0,4.8,0,0
CUST104072,34.0,Male,West,Premium,Annual,UPI,23,699.48,699.48,0,23.2,,18.1,22,1,1.3,2.7,1,0
CUST104073,52.0,Male,West,Premium,Monthly,NetBanking,16,695.78,765.36,0,23.2,30.7,35.9,21,1,0.2,2.9,0,0
CUST104074,23.0,Male,West,Standard,Annual,NetBanking,8,359.13,359.13,0,15.1,13.8,12.9,5,1,1.9,3.9,0,1
CUST104075,27.0,Female,South,Basic,Annual,UPI,24,190.95,210.04,0,16.5,15.9,17.8,22,1,,1.4,4,1
CUST104076,18.0,Male,South,Standard,Annual,UPI,5,444.3,444.3,0,14.0,16.8,18.1,12,1,1.6,4.9,0,1
CUST104077,31.0,Male,West,Standard,Monthly,UPI,9,397.27,437.0,0,32.6,26.3,20.3,28,5,3.4,3.2,1,0
CUST104078,32.0,Female,North,Basic,Monthly,NetBanking,7,200.59,240.71,0,14.1,11.6,10.3,11,1,0.2,4.2,0,1
CUST104079,30.0,Male,North,Standard,Annual,UPI,54,398.83,398.83,0,40.8,41.6,41.7,30,3,3.6,2.2,0,0
CUST104080,48.0,Female,West,Standard,Monthly,Wallet,42,390.81,390.81,1,11.6,9.9,8.4,12,0,0.0,2.8,0,0
CUST104081,45.0,Male,West,Basic,Monthly,UPI,10,199.36,199.36,1,29.5,29.1,36.3,18,3,5.3,2.3,1,1
CUST104082,37.0,Male,East,Standard,Monthly,Card,33,390.88,429.97,1,8.9,7.8,6.9,8,0,0.0,3.3,1,0
CUST104083,32.0,Male,West,Basic,Monthly,NetBanking,25,176.28,176.28,0,21.4,24.8,26.6,24,0,0.0,4.9,3,0
CUST104084,47.0,Female,South,Standard,Annual,Card,24,414.69,456.16,0,8.3,8.3,6.5,7,1,1.4,,0,0
CUST104085,36.0,Female,West,Basic,Monthly,Wallet,72,215.05,215.05,0,13.0,11.6,12.7,12,0,0.0,5.0,0,0
CUST104086,27.0,Male,West,Premium,Annual,Card,13,658.31,658.31,0,29.2,37.5,59.0,15,1,5.2,3.2,0,0
CUST104087,18.0,Male,South,Basic,Monthly,UPI,6,194.89,194.89,0,8.5,10.4,12.2,8,0,0.0,,0,0
CUST104088,31.0,Female,South,Premium,Monthly,UPI,17,751.42,751.42,0,35.7,53.0,62.9,31,2,9.0,3.5,0,0
CUST104089,44.0,Female,West,Standard,Monthly,Card,11,383.61,345.25,1,26.7,26.6,20.5,21,1,1.3,4.1,0,0
CUST104090,61.0,Male,North,Basic,Annual,UPI,13,202.86,223.15,0,26.6,19.4,17.3,25,0,0.0,4.6,0,0
CUST104091,37.0,Male,South,Premium,Monthly,Card,2,850.23,850.23,0,26.6,41.3,66.7,15,1,5.5,3.3,1,1
CUST104092,28.0,Male,South,Standard,Monthly,UPI,10,411.61,411.61,0,37.0,42.3,43.4,43,1,2.0,2.5,1,0
CUST104093,,Male,South,Standard,Monthly,Card,2,400.37,480.44,0,21.5,21.0,24.5,30,1,1.0,2.5,1,1
CUST104094,42.0,Female,South,Premium,Monthly,NetBanking,12,729.82,875.78,0,13.0,11.5,10.6,9,0,0.0,4.6,0,0
CUST104095,18.0,Other,West,Premium,Monthly,NetBanking,21,726.15,653.54,0,24.1,25.2,24.3,25,2,2.8,4.7,0,1
CUST104096,42.0,Other,East,Standard,Monthly,Card,8,385.79,347.21,0,17.4,18.8,16.5,13,1,8.2,2.7,1,1
CUST104097,45.0,Female,East,Premium,Monthly,NetBanking,11,638.31,702.14,0,33.5,35.0,39.2,19,2,7.6,4.3,0,0
CUST104098,41.0,Male,South,Basic,Monthly,NetBanking,2,204.91,184.42,0,17.9,18.6,17.0,19,3,5.1,3.9,0,1
CUST104099,34.0,Female,North,Basic,Monthly,Card,5,206.4,185.76,0,27.5,36.5,52.7,20,1,1.8,1.9,0,0
CUST104100,42.0,Male,South,Basic,Annual,Wallet,11,196.04,196.04,0,10.6,8.9,7.5,10,0,0.0,4.6,2,0
CUST104101,38.0,Male,West,Basic,Annual,Card,39,215.37,193.83,0,17.1,13.4,10.4,20,1,8.0,2.8,1,0
CUST104102,27.0,Female,West,Standard,Annual,NetBanking,1,427.82,385.04,1,17.4,13.8,11.4,16,1,1.6,4.9,0,0
CUST104103,56.0,Male,North,Basic,Annual,UPI,2,206.71,227.38,0,33.6,28.0,24.0,28,0,0.0,3.9,0,0
CUST104104,32.0,Female,West,Standard,Monthly,Wallet,35,393.44,472.13,0,26.4,23.6,19.6,16,0,0.0,5.0,1,0
CUST104105,45.0,Other,South,Basic,Monthly,Card,37,178.2,178.2,0,10.7,9.4,8.7,6,2,1.4,3.2,0,0
CUST104106,18.0,Female,South,Basic,Monthly,UPI,3,197.27,197.27,0,18.3,20.6,28.6,14,0,0.0,3.1,0,1
CUST104107,50.0,Female,West,Standard,Monthly,NetBanking,17,362.37,362.37,0,15.0,15.7,16.9,11,0,0.0,4.2,1,0
CUST104108,52.0,Male,North,Basic,Annual,UPI,72,175.55,175.55,1,26.7,20.9,17.0,25,1,0.3,4.2,0,0
CUST104109,36.0,Male,West,Standard,Monthly,UPI,9,411.91,494.29,0,28.2,27.6,25.9,16,3,2.1,3.5,0,1
CUST104110,42.0,Female,South,Standard,Monthly,UPI,1,422.39,506.87,1,32.0,32.3,36.0,21,1,2.8,3.1,0,0
CUST104111,42.0,Female,West,Standard,Monthly,UPI,25,360.09,360.09,0,28.0,29.3,29.8,22,2,3.1,4.0,0,0
CUST104112,29.0,Female,South,Premium,Annual,Card,72,690.03,759.03,1,11.7,13.6,12.8,10,1,1.4,2.3,0,0
CUST104113,42.0,Male,South,Premium,Monthly,Card,13,698.39,838.07,0,17.4,16.8,18.0,14,1,2.1,1.2,0,0
CUST104114,27.0,Male,North,Basic,Monthly,Card,35,196.09,196.09,0,29.3,35.0,42.8,22,0,0.0,4.1,0,0
CUST104115,29.0,Male,West,Standard,Monthly,Card,3,371.5,371.5,0,34.7,27.8,31.0,22,0,0.0,5.0,0,0
CUST104116,48.0,Female,North,Basic,Annual,NetBanking,39,212.24,233.46,0,8.6,10.3,11.7,8,0,0.0,4.3,0,0
CUST104117,47.0,Female,East,Basic,Annual,UPI,14,185.56,167.0,0,23.8,29.3,40.8,25,1,6.8,2.7,0,0
CUST104118,28.0,Female,South,Standard,Monthly,UPI,16,360.11,432.13,0,17.7,19.5,19.6,15,0,0.0,,1,0
CUST104119,28.0,Male,South,Standard,Annual,Card,21,371.58,408.74,0,20.7,19.5,18.4,14,1,2.5,3.5,0,0
CUST104120,29.0,Female,South,Premium,Monthly,NetBanking,49,715.82,644.24,0,26.4,22.0,19.2,11,1,4.5,2.6,1,0
CUST104121,44.0,Male,West,Standard,Monthly,Card,4,393.67,433.04,1,18.6,21.5,24.2,21,3,1.3,2.0,0,1
CUST104122,25.0,Male,South,Standard,Monthly,Card,5,383.63,460.36,0,19.8,21.0,20.6,15,1,2.4,3.8,1,1
CUST104123,40.0,Male,South,Standard,Monthly,NetBanking,42,409.53,450.48,0,10.2,9.7,8.5,11,5,0.9,2.9,0,0
CUST104124,44.0,Female,East,Basic,Monthly,Card,14,202.31,202.31,0,17.4,17.7,18.6,20,1,0.8,2.5,0,0
CUST104125,35.0,Male,North,Basic,Monthly,NetBanking,10,176.04,176.04,1,16.9,15.6,14.5,16,1,2.5,2.1,0,0
CUST104126,47.0,Male,North,Standard,Annual,UPI,12,409.33,409.33,0,16.4,19.8,18.6,16,2,0.8,3.0,0,0
CUST104127,33.0,Female,South,Standard,Monthly,NetBanking,26,422.57,507.08,0,16.2,19.6,22.4,16,0,0.0,3.3,1,1
CUST104128,34.0,Female,North,Basic,Monthly,Card,43,197.77,197.77,0,39.2,53.1,58.3,30,4,2.7,3.3,3,1
CUST104129,25.0,Male,East,Basic,Monthly,Card,36,196.66,176.99,0,26.2,33.1,37.0,15,1,3.4,2.7,1,1
CUST104130,47.0,Male,South,Basic,Annual,UPI,48,217.84,239.62,1,9.3,12.6,12.5,9,2,0.7,3.5,2,0
CUST104131,28.0,Female,East,Standard,Monthly,UPI,3,384.84,384.84,0,6.2,5.1,3.7,3,3,0.5,3.4,0,1
CUST104132,40.0,Female,South,Basic,Monthly,NetBanking,5,197.35,197.35,0,17.0,13.8,12.4,12,0,0.0,4.5,1,0
CUST104133,35.0,Female,West,Basic,Monthly,Card,4,202.29,242.75,1,30.9,32.6,35.7,21,1,2.2,3.4,0,0
CUST104134,24.0,Male,West,Basic,Monthly,UPI,1,199.48,199.48,0,10.8,10.2,8.6,10,2,3.8,2.5,0,1
CUST104135,29.0,Female,South,Basic,Monthly,Card,51,196.29,235.55,0,28.4,,45.6,24,2,,2.9,0,0
CUST104136,51.0,Female,North,Standard,Annual,NetBanking,5,400.78,400.78,0,11.9,13.8,14.0,8,1,2.1,3.3,1,0
CUST104137,38.0,Male,North,Premium,Monthly,Wallet,2,753.83,678.45,0,15.0,13.1,13.2,11,1,2.7,5.0,0,1
CUST104138,25.0,Male,West,Basic,Monthly,Card,47,207.04,227.74,0,16.6,12.8,9.9,20,1,1.3,,0,0
CUST104139,39.0,Other,North,Standard,Annual,Card,5,397.51,397.51,1,18.6,15.0,15.2,12,0,0.0,5.0,0,0
CUST104140,,Male,East,Standard,Annual,NetBanking,1,381.76,419.94,1,8.1,9.4,11.0,6,2,4.9,3.2,0,1
CUST104141,74.0,Female,South,Standard,Monthly,NetBanking,19,384.42,422.86,0,9.2,9.0,9.3,8,1,2.1,3.0,0,1
CUST104142,39.0,Female,South,Basic,Monthly,UPI,5,208.45,250.14,0,14.8,15.5,16.5,12,1,7.7,2.8,0,1
CUST104143,32.0,Male,East,Basic,Annual,UPI,48,183.15,201.47,1,7.0,7.9,7.5,6,3,3.5,1.9,1,0
CUST104144,52.0,Female,East,Premium,Monthly,NetBanking,30,782.99,782.99,0,14.1,15.1,16.7,14,0,0.0,,1,1
CUST104145,18.0,Male,West,Premium,Monthly,Card,1,697.89,628.1,0,20.8,16.3,17.8,23,3,3.9,2.9,0,0
CUST104146,37.0,Female,West,Basic,Monthly,Wallet,17,185.28,185.28,1,10.4,11.2,10.4,8,1,5.3,3.4,0,0
CUST104147,58.0,Female,East,Standard,Monthly,NetBanking,8,402.63,402.63,1,13.8,11.9,10.1,12,0,0.0,5.0,0,0
CUST104148,35.0,Female,North,Basic,Monthly,NetBanking,29,191.03,191.03,0,19.4,15.5,15.5,16,3,3.1,4.3,1,1
CUST104149,18.0,Male,West,Basic,Annual,NetBanking,31,194.83,214.31,0,8.6,9.0,10.8,5,0,0.0,3.8,1,0
CUST104150,32.0,Female,West,Basic,Monthly,Wallet,33,183.97,183.97,0,20.9,12.8,11.0,18,2,2.9,2.8,1,1
CUST104151,52.0,Female,West,Standard,Monthly,Card,3,394.24,433.66,1,17.5,17.6,14.2,8,0,0.0,2.3,0,1
CUST104152,40.0,Female,West,Basic,Monthly,Wallet,39,177.88,177.88,0,11.6,14.1,18.1,10,0,0.0,3.9,0,0
CUST104153,27.0,Female,North,Basic,Monthly,Card,6,193.03,193.03,1,32.4,26.9,28.5,12,0,0.0,4.7,2,0
CUST104154,28.0,Male,East,Basic,Annual,UPI,3,190.77,190.77,0,10.0,9.0,7.6,6,0,0.0,5.0,1,0
CUST104155,30.0,Female,East,Basic,Annual,UPI,4,194.0,194.0,0,21.6,26.0,29.9,21,2,8.8,2.6,0,0
CUST104156,40.0,Male,South,Basic,Annual,Card,3,191.4,191.4,1,22.0,21.3,25.7,20,0,0.0,2.3,1,0
CUST104157,51.0,Male,East,Standard,Annual,UPI,50,399.68,439.65,0,10.1,10.1,10.0,8,1,6.5,,1,0
CUST104158,48.0,Female,North,Standard,Monthly,UPI,20,416.72,500.06,0,11.9,11.8,11.8,8,1,5.4,3.9,0,0
CUST104159,,Female,North,Standard,Monthly,Card,47,406.19,487.43,1,23.6,25.1,25.4,15,2,4.1,2.8,1,0
CUST104160,21.0,Other,South,Standard,Monthly,UPI,72,424.92,424.92,1,27.4,36.1,44.5,19,3,1.9,3.4,1,1
CUST104161,21.0,Male,East,Standard,Annual,Card,31,389.05,389.05,0,21.1,24.7,30.2,20,2,3.2,3.1,1,1
CUST104162,42.0,Male,East,Basic,Monthly,UPI,52,202.23,202.23,0,23.5,21.5,21.6,18,0,0.0,3.8,0,0
CUST104163,21.0,Male,North,Basic,Monthly,UPI,4,202.62,182.36,1,14.1,17.5,19.5,5,1,3.1,3.7,0,0
CUST104164,34.0,Male,South,Premium,Monthly,UPI,2,739.25,739.25,0,30.2,30.4,28.8,17,3,3.2,2.9,1,1
CUST104165,39.0,Female,North,Standard,Monthly,NetBanking,8,384.43,384.43,0,7.3,6.1,5.3,5,0,0.0,2.4,0,0
CUST104166,23.0,Female,South,Standard,Monthly,UPI,27,414.74,373.27,0,20.1,22.0,28.4,15,2,2.2,4.4,0,1
CUST104167,25.0,Male,South,Basic,Annual,Card,19,190.47,209.52,0,29.7,32.6,33.7,22,3,2.1,2.3,1,0
CUST104168,35.0,Male,North,Basic,Monthly,UPI,19,193.33,232.0,0,28.0,30.0,23.8,16,2,3.7,1.0,0,0
CUST104169,42.0,Male,West,Basic,Monthly,UPI,28,195.43,214.97,0,3.6,4.0,7.4,3,4,3.2,2.6,0,0
CUST104170,48.0,Female,North,Premium,Monthly,Card,5,714.84,714.84,0,26.6,29.2,24.8,11,2,6.0,3.5,0,1
CUST104171,43.0,Female,North,Standard,Monthly,NetBanking,7,377.31,377.31,0,14.0,14.4,13.8,9,1,6.9,4.4,0,0
CUST104172,37.0,Male,West,Basic,Monthly,Card,16,189.57,227.48,0,13.8,13.6,12.9,13,2,2.8,3.4,1,1
CUST104173,28.0,Male,North,Basic,Monthly,Wallet,21,192.58,211.84,0,20.5,23.0,24.7,19,2,1.9,3.2,0,0
CUST104174,24.0,Male,West,Basic,Monthly,Card,6,199.48,219.43,0,9.9,7.7,6.6,7,3,1.9,3.1,1,1
CUST104175,30.0,Male,South,Basic,Monthly,UPI,3,189.68,189.68,0,22.0,22.8,26.7,22,0,0.0,2.9,0,0
CUST104176,41.0,Female,North,Standard,Annual,Card,11,404.27,404.27,0,229.0,26.8,22.8,25,0,0.0,3.3,0,0
CUST104177,40.0,Female,South,Basic,Monthly,Wallet,22,195.44,175.9,0,34.7,42.8,48.8,28,0,0.0,4.5,1,0
CUST104178,18.0,Male,North,Premium,Annual,NetBanking,17,721.99,866.39,0,42.3,44.2,31.3,39,2,3.8,2.6,0,0
CUST104179,27.0,Female,West,Standard,Annual,Card,14,400.26,480.31,0,20.9,22.4,24.7,18,3,2.1,,0,0
CUST104180,49.0,Male,East,Premium,Monthly,Card,11,760.24,760.24,1,13.0,11.6,10.6,14,3,5.8,2.5,0,1
CUST104181,37.0,Male,East,Premium,Monthly,UPI,20,703.23,843.88,0,11.0,10.5,9.3,8,2,,2.5,0,0
CUST104182,20.0,Female,South,Premium,Monthly,Card,40,656.42,722.06,0,46.2,55.3,60.5,35,0,0.0,3.5,1,0
CUST104183,62.0,Male,West,Premium,Monthly,Card,3,691.56,691.56,0,15.4,22.2,27.1,13,1,1.3,3.2,0,1
CUST104184,36.0,Male,North,Basic,Monthly,Wallet,50,199.21,199.21,0,4.5,5.3,5.6,4,0,0.0,3.5,0,0
CUST104185,40.0,Female,South,Basic,Monthly,UPI,31,189.96,227.95,0,11.6,15.8,22.7,14,0,0.0,3.9,0,1
CUST104186,40.0,Female,West,Basic,Annual,Card,11,214.1,214.1,0,13.4,9.6,7.5,12,3,2.4,1.0,0,0
CUST104187,32.0,Male,North,Standard,Annual,UPI,33,392.82,392.82,0,26.8,23.7,18.9,18,2,2.1,,0,0
CUST104188,28.0,Female,North,Standard,Monthly,Card,33,386.14,463.37,0,35.8,37.0,43.1,18,1,2.9,4.0,0,0
CUST104189,,Male,South,Basic,Annual,NetBanking,10,200.81,200.81,0,28.2,24.3,23.1,31,3,8.7,4.3,1,0
CUST104190,47.0,Female,South,Premium,Annual,Card,2,667.33,667.33,0,24.1,21.7,16.9,17,0,0.0,2.5,0,0
CUST104191,45.0,Male,West,Standard,Monthly,UPI,18,418.28,418.28,1,36.3,41.4,45.7,31,1,3.6,2.3,0,0
CUST104192,42.0,Female,North,Standard,Monthly,Card,5,414.27,455.7,0,27.8,28.8,31.3,22,1,4.0,3.6,3,1
CUST104193,,Male,West,Basic,Annual,Wallet,9,200.3,200.3,0,32.3,28.5,28.6,31,0,0.0,4.7,0,0
CUST104194,50.0,Female,South,Basic,Annual,Card,12,204.89,204.89,0,13.4,16.6,18.3,9,2,2.1,2.4,0,1
CUST104195,27.0,Female,East,Standard,Annual,UPI,15,389.03,350.13,1,9.4,11.1,12.9,8,1,0.9,1.6,1,0
CUST104196,39.0,Male,East,Basic,Monthly,UPI,3,184.05,184.05,0,10.8,11.3,13.2,7,3,3.1,,1,1
CUST104197,18.0,Female,East,Standard,Annual,NetBanking,38,392.5,392.5,0,16.9,14.8,15.2,23,3,1.9,2.0,0,0
CUST104198,18.0,Male,North,Basic,Monthly,Card,8,194.01,194.01,1,42.9,41.9,40.5,28,0,0.0,5.0,1,0
CUST104199,40.0,Female,North,Basic,Monthly,NetBanking,26,178.74,178.74,0,13.9,16.4,16.0,13,3,1.5,,0,1
CUST104200,27.0,Male,East,Basic,Monthly,Wallet,42,188.47,169.62,0,11.0,12.4,10.5,15,1,3.5,2.2,0,0
CUST104201,18.0,Male,West,Standard,Annual,Card,5,374.45,374.45,0,53.5,48.9,45.3,55,1,6.5,2.5,0,0
CUST104202,42.0,Female,South,Basic,Monthly,Card,27,188.51,188.51,0,21.4,26.7,31.5,17,1,1.4,3.5,2,1
CUST104203,59.0,Male,North,Premium,Monthly,Wallet,27,745.6,745.6,1,14.7,13.2,11.6,12,1,3.5,,0,0
CUST104204,51.0,Female,East,Basic,Annual,UPI,8,204.09,204.09,0,8.7,10.3,9.4,6,0,0.0,3.7,1,0
CUST104205,33.0,Female,South,Premium,Monthly,NetBanking,22,732.73,659.46,0,8.2,9.6,11.1,9,3,4.1,5.0,1,0
CUST104206,36.0,Male,South,Basic,Annual,NetBanking,1,204.07,204.07,1,29.5,28.3,27.5,22,3,1.2,1.8,0,1
CUST104207,46.0,Male,West,Basic,Monthly,Card,5,209.78,209.78,0,5.7,5.8,4.2,4,1,0.4,4.1,1,0
CUST104208,48.0,Female,South,Premium,Monthly,Card,2,699.94,699.94,0,17.9,17.9,13.8,11,1,1.9,,0,1
CUST104209,32.0,Female,South,Standard,Monthly,UPI,5,429.24,429.24,0,35.3,32.7,29.5,26,2,3.9,4.3,0,0
CUST104210,36.0,Male,East,Standard,Annual,UPI,20,374.43,336.99,0,13.7,10.2,8.0,11,1,2.1,2.4,1,0
CUST104211,39.0,Male,South,Standard,Annual,UPI,6,397.65,437.42,0,21.4,14.6,14.0,22,2,0.8,,3,0
CUST104212,42.0,Female,South,Basic,Monthly,UPI,4,188.8,188.8,1,12.4,12.8,12.5,11,4,3.2,1.2,0,0
CUST104213,35.0,Female,South,Standard,Annual,UPI,27,423.77,381.39,0,43.7,39.5,34.6,45,0,0.0,4.4,1,0
CUST104214,35.0,Female,South,Basic,Annual,NetBanking,9,203.18,182.86,0,22.7,19.8,19.9,8,4,1.9,2.2,1,1
CUST104215,51.0,Male,North,Standard,Monthly,Card,30,422.67,422.67,0,34.8,31.8,34.5,38,2,2.8,3.5,0,0
CUST104216,49.0,Female,West,Premium,Monthly,UPI,63,649.95,649.95,0,18.9,20.4,18.8,10,2,6.4,4.5,0,0
CUST104217,41.0,Female,South,Premium,Annual,Card,37,677.94,677.94,0,21.2,34.6,50.4,20,0,0.0,3.9,0,0
CUST104218,55.0,Male,North,Standard,Monthly,Card,9,363.41,327.07,0,24.2,26.6,25.9,4,0,0.0,3.9,0,1
CUST104219,32.0,Male,East,Standard,Annual,Card,6,406.21,406.21,0,16.7,22.4,28.6,14,1,4.8,3.2,0,0
CUST104220,54.0,Male,South,Standard,Monthly,Wallet,1,390.46,390.46,0,27.8,28.4,23.7,27,3,6.6,4.2,0,1
CUST104221,42.0,Female,North,Basic,Annual,UPI,11,206.52,247.82,0,18.1,20.6,28.9,11,3,5.6,2.4,3,1
CUST104222,72.0,Male,North,Premium,Annual,Card,10,700.11,700.11,0,25.6,21.2,21.5,21,1,1.1,3.8,0,0
CUST104223,23.0,Female,South,Standard,Monthly,UPI,27,356.5,356.5,0,35.5,36.2,35.5,35,1,2.1,4.0,0,0
CUST104224,28.0,Female,North,Basic,Monthly,UPI,8,182.48,182.48,0,20.2,19.8,22.6,19,1,1.9,4.2,0,1
CUST104225,41.0,Male,South,Standard,Monthly,UPI,1,400.64,480.77,0,13.4,17.4,17.4,7,2,0.9,3.5,0,0
CUST104226,40.0,Female,West,Basic,Annual,Card,9,203.63,223.99,0,34.2,29.5,32.4,34,0,0.0,2.7,3,0
CUST104227,57.0,Female,West,Premium,Monthly,Card,26,621.54,683.69,0,24.2,26.8,25.0,28,0,0.0,3.7,0,1
CUST104228,29.0,Male,West,Premium,Monthly,Card,3,696.08,696.08,0,15.1,14.6,11.2,16,1,1.5,1.8,1,1
CUST104229,46.0,Female,South,Basic,Annual,UPI,20,188.88,226.66,0,12.2,,12.8,7,0,0.0,3.4,0,0
CUST104230,49.0,Female,West,Basic,Monthly,Card,38,187.95,187.95,0,2.5,2.2,1.8,1,1,1.8,4.1,0,0
CUST104231,44.0,Male,North,Standard,Monthly,UPI,35,385.93,463.12,0,19.0,18.0,16.4,15,2,3.7,4.2,0,0
CUST104232,25.0,Female,South,Basic,Monthly,NetBanking,17,200.23,200.23,0,18.4,30.9,39.6,17,0,0.0,3.0,1,0
CUST104233,51.0,Female,West,Premium,Annual,Card,7,674.31,741.74,0,11.5,11.1,11.7,11,0,0.0,,1,0
CUST104234,50.0,Male,West,Basic,Monthly,Card,17,179.24,179.24,0,11.6,10.4,10.5,7,0,0.0,2.1,1,0
CUST104235,43.0,Other,South,Basic,Annual,NetBanking,17,200.15,200.15,0,12.1,13.6,13.1,10,3,2.1,3.4,0,0
CUST104236,38.0,Female,West,Basic,Monthly,UPI,20,195.51,215.06,1,17.8,13.0,10.3,11,0,0.0,,2,0
CUST104237,38.0,Female,South,Standard,Annual,UPI,1,380.28,380.28,1,29.8,25.5,20.5,18,1,3.1,4.0,1,0
CUST104238,35.0,Male,North,Standard,Monthly,NetBanking,5,392.86,392.86,0,16.6,17.5,19.2,15,0,0.0,4.1,0,1
CUST104239,43.0,Male,South,Premium,Monthly,UPI,34,686.84,755.52,0,14.7,,12.4,12,1,0.4,3.5,0,0
CUST104240,36.0,Male,South,Premium,Annual,UPI,4,700.54,630.49,0,9.7,8.4,6.9,9,0,0.0,5.0,0,0
CUST104241,27.0,Female,West,Standard,Annual,UPI,5,394.05,394.05,0,5.6,5.1,4.5,4,2,0.8,2.2,0,1
CUST104242,24.0,Female,North,Basic,Monthly,Wallet,3,200.65,220.72,1,9.9,,12.0,9,0,0.0,3.4,0,0
CUST104243,28.0,Female,South,Basic,Monthly,UPI,14,198.52,178.67,0,13.9,16.2,20.3,8,0,0.0,3.8,1,0
CUST104244,38.0,Male,West,Premium,Monthly,Card,19,727.65,800.42,0,12.8,12.0,12.1,9,0,0.0,3.6,0,0
CUST104245,36.0,Female,West,Basic,Monthly,UPI,3,214.77,214.77,0,20.7,15.7,13.0,12,1,6.3,2.5,2,1
CUST104246,38.0,Female,West,Premium,Annual,Card,72,698.47,698.47,0,19.3,21.3,23.5,17,0,0.0,4.3,0,0
CUST104247,42.0,Female,West,Premium,Annual,UPI,32,677.27,677.27,1,10.0,8.2,7.1,12,0,0.0,4.0,0,1
CUST104248,29.0,Female,West,Standard,Monthly,Card,4,370.34,370.34,0,20.7,18.0,13.2,18,1,4.3,5.0,0,0
CUST104249,,Female,East,Standard,Monthly,UPI,1,411.89,453.08,0,11.7,8.1,6.1,9,1,2.4,4.3,0,0
CUST104250,33.0,Male,South,Premium,Monthly,UPI,1,667.46,800.95,0,17.0,14.7,12.2,13,0,0.0,4.8,1,0
CUST104251,31.0,Female,West,Standard,Monthly,UPI,8,445.83,490.41,0,9.7,9.9,10.7,7,2,2.1,4.3,0,0
CUST104252,41.0,Female,South,Standard,Monthly,UPI,40,454.44,454.44,0,20.7,24.3,30.9,21,0,0.0,2.7,0,0
CUST104253,18.0,Female,South,Basic,Annual,Card,54,196.88,196.88,0,12.5,11.9,11.7,11,2,3.8,2.9,0,0
CUST104254,27.0,Male,North,Standard,Monthly,Card,3,365.78,365.78,1,34.2,38.7,41.1,16,1,3.8,3.2,0,0
CUST104255,47.0,Other,South,Basic,Monthly,UPI,12,205.51,226.06,0,13.0,13.0,13.9,13,1,1.9,4.6,0,0
CUST104256,18.0,Male,East,Premium,Annual,UPI,72,772.35,926.82,0,9.3,10.6,10.3,6,0,,3.9,1,0
CUST104257,48.0,Male,West,Standard,Monthly,Wallet,5,372.82,335.54,0,12.8,16.5,21.2,9,1,4.9,,1,1
CUST104258,53.0,Male,North,Standard,Monthly,UPI,12,436.87,524.24,0,11.1,9.4,8.7,10,4,0.7,2.7,1,1
CUST104259,32.0,Male,North,Basic,Monthly,UPI,5,180.6,180.6,0,5.0,4.5,3.9,3,3,8.6,4.1,1,0
CUST104260,39.0,Male,North,Premium,Monthly,Wallet,4,648.18,648.18,0,35.9,26.5,18.1,45,0,0.0,2.8,1,0
CUST104261,48.0,Female,East,Basic,Monthly,UPI,10,202.07,202.07,0,22.9,23.7,21.7,17,1,3.9,3.6,0,0
CUST104262,31.0,Female,South,Standard,Monthly,Card,45,419.28,503.14,0,19.4,17.9,19.8,18,1,1.3,5.0,1,0
CUST104263,46.0,Male,South,Basic,Annual,UPI,13,198.34,198.34,0,15.6,15.5,15.1,8,0,0.0,4.3,0,0
CUST104264,29.0,Female,East,Premium,Monthly,NetBanking,22,714.71,643.24,0,9.7,8.4,7.0,7,0,0.0,3.4,1,0
CUST104265,31.0,Female,North,Standard,Monthly,UPI,23,421.03,421.03,0,6.5,5.5,4.2,5,1,1.2,3.8,0,0
CUST104266,27.0,Female,North,Standard,Annual,Card,8,423.34,465.67,0,16.9,18.1,19.0,17,1,3.4,2.1,0,0
CUST104267,40.0,Male,South,Basic,Monthly,UPI,5,192.81,212.09,1,17.9,14.3,11.1,10,1,2.3,2.9,1,0
CUST104268,49.0,Male,South,Basic,Monthly,Card,72,190.41,190.41,0,15.0,13.9,14.1,16,2,0.5,3.0,0,1
CUST104269,34.0,Female,East,Basic,Monthly,UPI,58,209.48,209.48,1,44.7,52.7,52.3,37,1,4.2,2.4,0,0
CUST104270,22.0,Female,North,Basic,Monthly,Wallet,27,203.52,244.22,0,4.9,4.8,4.8,4,2,5.3,4.0,1,1
CUST104271,24.0,Female,North,Standard,Monthly,Wallet,1,410.75,410.75,1,16.1,12.6,12.1,10,1,2.7,2.4,0,1
CUST104272,40.0,Male,West,Standard,Annual,UPI,16,385.81,347.23,1,5.1,4.3,4.1,3,0,0.0,5.0,0,0
CUST104273,56.0,Female,East,Basic,Monthly,NetBanking,67,205.35,205.35,0,14.6,14.9,15.3,5,1,2.0,4.1,0,1
CUST104274,40.0,Female,South,Standard,Monthly,NetBanking,1,377.17,452.6,0,13.8,11.1,10.8,12,0,0.0,3.1,0,0
CUST104275,32.0,Female,East,Basic,Monthly,Wallet,16,201.46,221.61,0,7.3,7.2,6.2,7,1,5.0,3.0,2,1
CUST104276,44.0,Female,South,Basic,Monthly,NetBanking,23,200.11,240.13,0,10.5,10.4,9.8,8,0,0.0,3.8,0,0
CUST104277,33.0,Female,South,Premium,Annual,NetBanking,6,703.15,703.15,1,15.0,14.7,15.7,7,2,6.0,4.2,2,1
CUST104278,32.0,Female,East,Basic,Annual,Card,14,206.77,248.12,0,15.5,17.7,22.8,11,0,0.0,3.7,0,0
CUST104279,25.0,Female,South,Standard,Annual,Card,25,378.65,340.78,0,12.2,13.2,18.3,11,1,2.5,4.5,0,0
CUST104280,51.0,Female,South,Premium,Monthly,Card,21,722.66,722.66,0,31.8,31.6,32.7,27,1,4.3,3.5,1,1
CUST104281,18.0,Female,West,Standard,Monthly,UPI,29,399.41,439.35,0,27.3,31.7,31.5,26,1,6.5,4.2,0,0
CUST104282,45.0,Male,East,Standard,Annual,Wallet,18,383.21,421.53,0,8.9,6.9,6.2,4,0,0.0,5.0,0,0
CUST104283,31.0,Female,West,Standard,Monthly,Wallet,29,372.63,372.63,0,8.7,7.8,8.8,6,0,0.0,4.0,1,0
CUST104284,31.0,Female,West,Premium,Monthly,NetBanking,6,765.01,841.51,0,11.2,13.3,12.7,9,1,3.7,2.5,0,0
CUST104285,55.0,Male,South,Premium,Monthly,NetBanking,22,696.57,696.57,1,19.7,26.4,39.2,18,1,3.5,3.3,1,0
CUST104286,28.0,Male,East,Basic,Monthly,UPI,35,195.47,175.92,0,13.9,12.8,12.6,9,0,0.0,5.0,0,0
CUST104287,29.0,Female,North,Standard,Annual,UPI,1,376.18,451.42,1,18.4,18.6,25.4,17,1,2.5,3.0,0,1
CUST104288,35.0,Female,East,Premium,Annual,UPI,13,737.05,737.05,0,27.8,25.5,25.3,17,4,2.5,1.0,2,1
CUST104289,41.0,Male,South,Premium,Monthly,Card,32,734.34,734.34,1,10.4,8.6,7.9,9,0,0.0,2.8,0,0
CUST104290,31.0,Male,South,Basic,Monthly,NetBanking,14,207.14,186.43,0,5.9,6.2,6.1,4,3,4.2,2.8,0,1
CUST104291,19.0,Male,South,Basic,Annual,UPI,1,198.39,218.23,0,21.5,18.2,16.2,16,1,0.2,4.0,1,0
CUST104292,26.0,Female,West,Standard,Monthly,Card,1,413.99,413.99,0,10.3,9.4,8.7,13,0,0.0,4.9,0,0
CUST104293,50.0,Female,South,Basic,Annual,UPI,13,190.8,209.88,0,20.8,23.5,25.9,15,3,2.5,2.2,0,0
CUST104294,37.0,Female,North,Standard,Monthly,UPI,27,403.34,403.34,0,19.2,20.9,24.1,14,0,0.0,5.0,0,0
CUST104295,41.0,Male,West,Standard,Annual,NetBanking,24,397.92,397.92,0,29.3,30.5,41.0,15,0,0.0,4.5,1,0
CUST104296,33.0,Female,East,Basic,Monthly,NetBanking,6,201.66,201.66,0,20.1,21.2,21.2,20,0,0.0,4.8,0,0
CUST104297,,Female,North,Basic,Monthly,Card,31,180.96,217.15,0,17.4,21.8,23.5,12,0,0.0,4.8,0,0
CUST104298,54.0,Female,South,Premium,Annual,NetBanking,62,764.35,917.22,1,16.9,16.4,17.2,13,0,0.0,3.4,0,0
CUST104299,34.0,Male,West,Premium,Annual,Card,11,755.57,755.57,0,43.1,55.4,62.0,27,0,0.0,5.0,0,0
CUST104300,31.0,Male,North,Premium,Annual,UPI,24,658.81,790.57,1,38.9,52.3,75.7,34,1,1.2,4.8,0,0
CUST104301,48.0,Female,North,Premium,Monthly,UPI,2,719.18,647.26,0,18.5,17.5,14.7,18,0,0.0,3.9,0,1
CUST104302,28.0,Male,West,Premium,Annual,NetBanking,30,647.03,647.03,0,14.7,13.8,13.2,16,2,2.2,4.7,0,0
CUST104303,29.0,Female,South,Standard,Monthly,Wallet,5,400.67,400.67,0,12.8,,10.5,10,2,2.5,5.0,0,0
CUST104304,36.0,Female,North,Basic,Monthly,Card,22,177.15,194.86,0,21.5,17.8,15.6,15,1,3.8,4.5,1,0
CUST104305,36.0,Male,South,Premium,Monthly,UPI,1,688.79,619.91,0,36.0,39.2,36.2,24,2,1.2,1.4,0,0
CUST104306,39.0,Male,South,Standard,Monthly,NetBanking,25,389.27,467.12,0,23.5,25.2,25.5,19,0,0.0,2.2,1,0
CUST104307,59.0,Female,North,Basic,Annual,Wallet,1,210.51,189.46,1,33.0,39.3,38.7,28,3,4.7,3.3,2,1
CUST104308,40.0,Female,East,Premium,Annual,Card,41,757.31,757.31,0,24.4,17.3,13.8,22,2,0.4,2.4,0,0
CUST104309,18.0,Female,South,Basic,Monthly,Card,1,215.83,215.83,0,7.7,8.5,9.2,5,1,4.7,2.8,1,1
CUST104310,40.0,Male,East,Premium,Monthly,UPI,10,739.48,739.48,0,46.4,48.5,50.8,38,2,1.2,3.5,2,0
CUST104311,36.0,Female,West,Standard,Monthly,Wallet,40,400.64,440.7,0,19.4,18.7,24.3,12,1,5.2,3.2,0,1
CUST104312,36.0,Male,West,Basic,Monthly,Card,15,202.86,202.86,1,39.2,32.4,29.9,30,1,1.3,4.4,0,0
CUST104313,39.0,Female,South,Premium,Monthly,UPI,1,712.4,712.4,0,32.9,30.6,43.8,36,2,1.4,4.3,1,1
CUST104314,36.0,Female,West,Standard,Annual,Wallet,4,375.45,413.0,0,7.1,7.0,5.4,5,1,2.5,2.5,0,1
CUST104315,35.0,Male,South,Standard,Monthly,UPI,21,421.86,421.86,0,17.1,17.5,24.0,11,0,0.0,4.1,0,0
CUST104316,43.0,Female,East,Standard,Monthly,UPI,1,412.77,454.05,0,11.9,12.0,13.7,10,2,2.3,2.8,0,1
CUST104317,30.0,Female,North,Basic,Annual,Wallet,7,206.33,226.96,0,10.9,12.1,12.4,11,0,0.0,4.5,0,0
CUST104318,26.0,Male,East,Basic,Monthly,UPI,6,176.3,211.56,0,20.7,22.3,24.5,13,2,4.3,3.1,0,0
CUST104319,69.0,Female,South,Basic,Monthly,Card,18,203.5,203.5,0,2.8,3.5,4.1,1,2,1.2,4.2,0,0
CUST104320,28.0,Female,East,Basic,Monthly,Card,2,209.01,209.01,0,26.5,20.4,18.5,17,3,,3.0,0,1
CUST104321,37.0,Female,South,Basic,Monthly,UPI,1,198.85,238.62,0,8.7,9.1,8.4,6,3,1.9,4.6,1,0
CUST104322,20.0,Male,South,Standard,Monthly,Card,9,389.01,389.01,0,8.1,7.6,7.5,9,1,4.0,3.8,0,0
CUST104323,37.0,Female,East,Basic,Annual,Card,34,185.44,222.53,0,18.1,15.0,11.5,9,3,1.1,1.5,1,0
CUST104324,26.0,Male,South,Standard,Monthly,Card,7,370.39,370.39,0,24.4,23.3,23.9,11,1,2.9,4.1,0,1
CUST104325,31.0,Female,East,Basic,Annual,UPI,8,200.54,200.54,0,28.8,26.1,26.7,25,0,0.0,3.5,0,0
CUST104326,47.0,Female,East,Basic,Annual,NetBanking,8,196.66,176.99,1,38.0,37.7,29.9,25,1,1.9,1.5,1,0
CUST104327,41.0,Male,East,Premium,Annual,UPI,3,690.31,621.28,1,35.7,26.4,23.2,21,3,3.6,2.7,0,0
CUST104328,42.0,Male,East,Premium,Annual,NetBanking,35,752.44,677.2,1,22.2,26.3,38.5,21,0,0.0,4.4,1,0
CUST104329,18.0,Female,West,Premium,Annual,Wallet,11,655.11,589.6,0,24.2,23.5,24.7,20,2,6.7,4.1,1,1
CUST104330,56.0,Male,West,Basic,Annual,UPI,29,195.56,195.56,0,27.9,35.8,48.3,28,1,1.8,4.2,0,0
CUST104331,23.0,Female,South,Standard,Monthly,UPI,12,432.8,432.8,0,8.3,6.5,5.0,8,3,3.9,3.0,0,1
CUST104332,53.0,Female,North,Basic,Monthly,Card,10,195.89,176.3,0,16.5,18.1,20.1,9,2,1.3,2.9,0,0
CUST104333,47.0,Female,East,Standard,Annual,UPI,14,400.32,480.38,0,32.9,23.0,21.8,15,1,6.7,2.6,0,0
CUST104334,42.0,Male,South,Premium,Annual,Card,21,692.88,831.46,1,10.9,13.8,13.1,11,3,5.4,3.9,1,0
CUST104335,27.0,Male,South,Basic,Annual,UPI,27,206.02,206.02,0,7.1,6.8,8.4,5,2,3.0,4.0,0,0
CUST104336,38.0,Male,South,Premium,Monthly,Wallet,4,627.18,627.18,0,11.0,9.4,7.5,15,2,2.7,2.7,0,0
CUST104337,31.0,Female,North,Standard,Annual,Card,18,394.94,394.94,0,12.8,12.0,11.3,13,1,2.3,5.0,1,0
CUST104338,36.0,Female,North,Basic,Annual,Card,4,199.54,219.49,0,18.2,11.8,12.2,20,2,3.7,4.2,1,0
CUST104339,33.0,Female,East,Basic,Annual,NetBanking,23,189.07,226.88,0,24.1,25.7,30.1,15,0,0.0,4.7,0,0
CUST104340,18.0,Male,East,Premium,Monthly,Wallet,49,711.01,711.01,0,28.4,32.1,30.3,22,2,0.7,3.3,2,0
CUST104341,48.0,Male,East,Standard,Monthly,NetBanking,13,414.69,414.69,0,22.6,22.5,21.9,22,2,3.2,5.0,0,0
CUST104342,35.0,Male,South,Basic,Monthly,Card,19,203.5,203.5,1,34.2,30.0,29.1,27,0,0.0,3.0,0,1
CUST104343,31.0,Female,West,Basic,Monthly,UPI,5,216.7,216.7,0,12.5,12.1,11.7,10,3,3.6,1.0,0,1
CUST104344,30.0,Male,East,Premium,Monthly,UPI,21,683.85,752.24,0,12.3,15.4,17.5,10,1,3.3,4.5,0,1
CUST104345,40.0,Male,South,Basic,Monthly,UPI,24,203.96,183.56,0,9.3,10.3,10.2,6,1,0.8,,0,1
CUST104346,26.0,Female,South,Premium,Annual,UPI,6,715.64,787.2,0,17.3,17.4,14.8,11,0,0.0,4.7,0,0
CUST104347,18.0,Female,South,Standard,Monthly,NetBanking,5,394.3,394.3,1,6.9,7.9,9.0,5,0,0.0,5.0,1,1
CUST104348,40.0,Male,West,Basic,Annual,Card,18,210.28,231.31,0,11.7,11.9,15.1,8,0,0.0,5.0,0,0
CUST104349,42.0,Female,South,Basic,Monthly,Wallet,4,201.87,242.24,0,29.6,28.6,25.0,18,1,0.6,4.8,1,0
CUST104350,34.0,Male,South,Standard,Annual,Card,72,375.04,375.04,0,8.1,6.8,7.6,6,1,1.2,4.0,0,0
CUST104351,23.0,Male,South,Basic,Monthly,Card,8,206.47,185.82,1,33.1,34.4,38.1,18,3,4.7,3.5,1,1
CUST104352,37.0,Male,South,Basic,Monthly,NetBanking,7,194.03,213.43,0,10.7,10.9,11.8,10,0,0.0,4.0,0,0
CUST104353,20.0,Male,North,Basic,Monthly,UPI,6,195.79,176.21,0,31.0,33.6,42.5,28,2,3.0,4.4,0,1
CUST104354,25.0,Female,West,Premium,Monthly,UPI,2,690.31,690.31,0,12.7,,15.8,12,1,2.9,2.9,2,1
CUST104355,28.0,Female,North,Standard,Monthly,Card,4,413.67,455.04,1,26.1,23.4,21.4,16,0,0.0,3.7,0,0
CUST104356,45.0,Female,West,Standard,Annual,Card,5,420.53,462.58,0,18.3,19.3,20.6,11,1,0.8,2.5,0,0
CUST104357,32.0,Male,South,Basic,Annual,Card,1,197.41,236.89,0,25.5,28.6,30.4,27,1,2.5,4.2,1,0
CUST104358,31.0,Female,North,Standard,Monthly,NetBanking,19,394.67,473.6,0,5.8,5.9,6.4,4,1,0.4,5.0,1,0
CUST104359,58.0,Female,West,Standard,Annual,Card,42,358.16,393.98,1,15.3,16.1,15.9,14,1,2.2,2.7,0,0
CUST104360,40.0,Male,East,Basic,Monthly,Wallet,22,191.94,191.94,0,31.9,36.8,42.3,18,0,0.0,2.2,2,0
CUST104361,40.0,Other,West,Premium,Monthly,NetBanking,23,665.91,665.91,1,16.9,22.5,33.6,13,1,1.1,3.5,0,1
CUST104362,32.0,Female,South,Premium,Monthly,NetBanking,1,709.88,709.88,0,12.2,12.3,13.2,13,1,3.9,3.9,1,0
CUST104363,29.0,Female,North,Basic,Monthly,NetBanking,8,197.93,217.72,1,7.8,8.2,8.4,6,1,2.0,3.4,0,1
CUST104364,18.0,Male,East,Premium,Monthly,UPI,12,667.24,667.24,0,11.3,11.8,11.5,8,0,0.0,2.6,0,1
CUST104365,47.0,Female,South,Standard,Annual,UPI,5,402.05,361.84,0,34.4,40.0,39.0,31,2,3.7,4.4,0,0
CUST104366,41.0,Female,West,Standard,Monthly,Wallet,6,397.65,397.65,0,23.2,23.0,20.0,20,0,0.0,4.1,0,0
CUST104367,34.0,Female,South,Basic,Annual,UPI,16,173.72,208.46,0,3.2,3.3,3.8,4,1,5.0,5.0,0,0
CUST104368,34.0,Female,South,Premium,Monthly,Card,1,737.72,811.49,0,26.5,27.5,29.8,21,0,0.0,,1,0
CUST104369,44.0,Male,West,Standard,Monthly,UPI,40,419.17,503.0,1,14.8,15.8,16.6,14,0,0.0,3.0,0,0
CUST104370,19.0,Female,East,Premium,Monthly,Card,17,690.68,621.61,1,14.2,12.1,10.7,11,2,2.6,3.8,0,0
CUST104371,30.0,Female,West,Basic,Monthly,UPI,12,202.51,243.01,1,26.4,24.3,18.7,16,1,0.9,4.1,0,0
CUST104372,24.0,Female,West,Basic,Monthly,Wallet,1,195.76,195.76,0,30.0,34.2,36.0,27,1,5.0,5.0,0,0
CUST104373,55.0,Male,South,Premium,Annual,UPI,7,642.92,578.63,0,13.4,10.5,9.8,7,4,2.1,2.2,0,1
CUST104374,46.0,Male,East,Standard,Annual,Card,28,442.17,486.39,0,23.5,25.4,29.0,23,0,0.0,2.6,0,0
CUST104375,18.0,Male,West,Basic,Monthly,Card,13,206.46,227.11,0,21.2,20.5,20.8,11,2,1.1,3.3,1,0
CUST104376,19.0,Male,South,Premium,Monthly,UPI,19,731.87,805.06,0,7.5,7.8,8.4,5,2,7.5,3.1,1,0
CUST104377,35.0,Female,North,Basic,Monthly,Card,13,196.17,196.17,0,20.6,17.3,15.6,12,0,0.0,3.6,0,0
CUST104378,31.0,Male,West,Premium,Monthly,UPI,8,738.35,812.18,0,17.7,21.8,22.5,16,0,0.0,4.1,0,1
CUST104379,21.0,Female,South,Premium,Annual,NetBanking,14,651.11,716.22,0,8.3,8.8,7.6,5,4,2.1,1.0,0,0
CUST104380,57.0,Female,West,Basic,Monthly,UPI,22,196.56,196.56,1,25.2,36.8,54.1,23,3,2.5,1.9,0,1
CUST104381,39.0,Female,North,Standard,Annual,UPI,39,413.76,413.76,0,9.8,9.0,8.4,7,0,0.0,3.9,1,0
CUST104382,41.0,Male,West,Premium,Annual,UPI,72,677.09,812.51,0,12.5,10.2,11.6,10,1,1.4,3.5,2,0
CUST104383,28.0,Female,East,Premium,Monthly,Card,4,730.83,730.83,0,62.6,81.6,92.0,43,3,1.6,5.0,1,0
CUST104384,44.0,Female,East,Standard,Annual,UPI,18,405.06,405.06,1,12.0,12.2,12.3,15,0,0.0,3.8,0,0
CUST104385,32.0,Female,West,Standard,Annual,UPI,4,403.18,483.82,0,15.1,14.2,9.5,7,0,0.0,2.4,0,0
CUST104386,33.0,Male,South,Standard,Monthly,Card,1,384.63,384.63,1,7.3,8.6,9.2,7,0,0.0,3.1,0,0
CUST104387,43.0,Female,East,Basic,Annual,UPI,23,203.02,243.62,0,4.6,5.0,5.6,4,0,0.0,,1,1
CUST104388,18.0,Male,West,Standard,Monthly,UPI,9,437.55,393.8,0,45.0,51.7,60.2,29,3,1.6,2.8,0,1
CUST104389,54.0,Female,West,Basic,Annual,Card,15,200.74,240.89,0,35.7,30.9,32.6,31,2,4.0,1.3,0,1
CUST104390,38.0,Male,West,Basic,Annual,UPI,9,204.53,204.53,0,4.7,4.8,4.5,3,1,3.4,4.2,2,0
CUST104391,50.0,Male,East,Basic,Annual,Card,3,206.0,206.0,0,58.0,64.7,76.4,34,0,0.0,4.9,0,0
CUST104392,24.0,Female,East,Premium,Annual,UPI,6,659.0,659.0,0,41.1,36.0,38.9,23,2,0.8,3.2,0,0
CUST104393,26.0,Male,North,Basic,Annual,Card,16,197.68,217.45,1,19.5,18.2,17.7,16,1,7.9,3.0,1,0
CUST104394,23.0,Female,East,Basic,Monthly,NetBanking,27,1184.28,177.64,0,11.0,11.2,10.7,7,1,2.2,4.4,2,0
CUST104395,39.0,Female,East,Basic,Annual,UPI,7,177.86,160.07,0,34.1,32.5,24.7,21,1,1.7,1.6,0,0
CUST104396,37.0,Male,South,Basic,Annual,Card,3,206.85,186.16,0,26.4,30.9,27.0,23,0,0.0,4.6,0,0
CUST104397,31.0,Male,South,Premium,Annual,Card,20,666.43,666.43,1,48.0,48.1,47.8,49,3,1.5,3.1,0,0
CUST104398,25.0,Male,East,Basic,Annual,Wallet,27,205.76,205.76,0,45.5,41.3,47.0,23,0,0.0,4.7,1,0
CUST104399,22.0,Female,South,Basic,Monthly,UPI,47,191.46,191.46,0,17.9,15.3,15.1,16,0,,2.7,1,0
CUST104400,35.0,Female,South,Premium,Monthly,NetBanking,11,770.37,924.44,0,19.7,17.5,18.2,18,2,4.0,3.2,1,1
CUST104401,31.0,Male,South,Basic,Annual,NetBanking,1,196.23,196.23,0,10.5,12.2,10.4,11,1,1.3,4.5,0,0
CUST104402,28.0,Female,West,Standard,Annual,Card,11,437.33,437.33,0,11.2,16.2,17.0,8,0,0.0,4.3,2,1
CUST104403,53.0,Male,West,Premium,Annual,UPI,20,692.96,623.66,0,16.6,14.7,13.6,18,2,2.0,1.0,0,0
CUST104404,35.0,Female,East,Standard,Monthly,UPI,3,397.93,477.52,0,25.1,18.2,14.3,23,4,1.6,3.7,1,1
CUST104405,50.0,Female,West,Basic,Monthly,NetBanking,5,214.59,193.13,1,4.5,4.2,3.7,2,1,6.7,4.6,0,1
CUST104406,30.0,Male,West,Standard,Monthly,UPI,72,380.69,380.69,0,47.6,46.7,37.0,41,2,2.1,3.7,0,1
CUST104407,39.0,Female,South,Standard,Monthly,Wallet,5,400.0,440.0,0,11.4,,9.3,9,1,5.4,3.6,1,1
CUST104408,35.0,Male,South,Standard,Annual,UPI,29,409.76,450.74,0,17.1,15.2,15.1,17,0,0.0,4.8,0,0
CUST104409,18.0,Female,South,Basic,Monthly,NetBanking,7,203.02,203.02,1,28.1,22.0,22.3,29,0,0.0,3.9,2,0
CUST104410,52.0,Female,South,Premium,Monthly,Card,11,700.5,770.55,0,19.5,27.5,32.4,12,2,1.4,1.5,0,1
CUST104411,35.0,Female,North,Standard,Monthly,UPI,11,397.12,357.41,0,24.0,23.4,24.9,24,2,4.7,2.6,1,0
CUST104412,44.0,Female,South,Standard,Annual,Card,22,415.89,457.48,0,18.7,27.5,37.0,15,0,0.0,5.0,0,0
CUST104413,28.0,Female,West,Premium,Monthly,Wallet,24,705.18,705.18,0,8.8,10.6,13.2,6,3,1.1,2.8,0,0
CUST104414,34.0,Male,East,Premium,Monthly,Card,18,732.77,732.77,1,33.5,38.4,56.7,36,1,1.1,3.8,0,0
CUST104415,26.0,Female,North,Standard,Monthly,UPI,1,406.82,366.14,0,24.3,31.7,45.0,17,1,0.5,1.9,1,1
CUST104416,50.0,Male,West,Basic,Monthly,Card,17,205.47,246.56,0,13.2,12.7,16.2,11,2,3.8,3.8,0,1
CUST104417,39.0,Female,West,Basic,Monthly,Card,3,210.28,252.34,1,16.0,17.6,17.7,13,1,2.1,4.2,0,0
CUST104418,40.0,Male,West,Standard,Annual,Card,41,392.81,353.53,0,12.4,12.3,11.3,11,0,0.0,5.0,1,0
CUST104419,51.0,Other,West,Basic,Monthly,NetBanking,25,210.01,252.01,0,25.9,28.8,28.4,28,0,0.0,4.6,0,0
CUST104420,49.0,Female,West,Standard,Monthly,Card,14,395.87,356.28,0,6.7,7.0,8.3,7,0,0.0,4.8,1,0
CUST104421,44.0,Male,East,Standard,Monthly,NetBanking,16,371.06,371.06,0,12.1,10.8,10.4,12,1,2.0,1.7,0,1
CUST104422,20.0,Female,West,Standard,Monthly,NetBanking,9,392.43,431.67,1,14.9,17.9,19.3,7,1,0.8,3.0,0,0
CUST104423,28.0,Female,South,Basic,Monthly,Wallet,3,191.81,191.81,1,15.0,16.3,17.1,16,0,0.0,5.0,0,0
CUST104424,25.0,Male,North,Premium,Annual,UPI,22,712.12,640.91,0,10.0,7.4,7.5,9,1,0.9,4.5,1,0
CUST104425,44.0,Female,North,Standard,Monthly,UPI,68,393.3,471.96,0,18.5,21.7,28.0,19,0,0.0,4.3,4,1
CUST104426,38.0,Female,South,Standard,Monthly,UPI,13,401.55,441.71,0,6.7,7.4,8.6,5,1,1.9,5.0,1,1
CUST104427,21.0,Female,South,Standard,Annual,Card,1,419.23,377.31,1,26.2,24.3,21.8,21,1,7.9,2.7,0,0
CUST104428,34.0,Male,South,Basic,Annual,UPI,1,213.78,235.16,0,39.5,54.4,77.7,39,0,0.0,4.2,0,0
CUST104429,20.0,Female,South,Standard,Monthly,NetBanking,20,404.84,445.32,0,21.5,19.3,18.5,26,3,3.6,3.5,1,1
CUST104430,35.0,Male,South,Basic,Monthly,Card,2,209.8,209.8,0,10.1,12.6,12.1,8,1,1.3,3.4,0,1
CUST104431,18.0,Female,North,Standard,Annual,Card,2,395.47,395.47,1,24.9,21.5,22.7,14,3,1.6,1.6,0,0
CUST104432,42.0,Male,West,Basic,Monthly,UPI,5,183.45,165.1,0,15.2,19.4,23.2,14,1,2.0,5.0,1,0
CUST104433,40.0,Male,East,Basic,Annual,NetBanking,6,187.27,187.27,0,21.5,20.8,21.1,16,2,3.6,3.4,0,1
CUST104434,57.0,Male,East,Basic,Annual,Card,13,197.05,216.76,0,18.9,17.4,16.9,11,1,0.4,4.0,1,0
CUST104435,45.0,Male,South,Basic,Monthly,NetBanking,4,206.92,206.92,0,27.8,23.9,24.9,21,1,0.7,2.9,0,1
CUST104436,31.0,Female,West,Premium,Monthly,Card,12,692.26,692.26,0,21.3,25.8,22.3,19,1,3.3,2.8,0,0
CUST104437,45.0,Female,South,Premium,Annual,UPI,72,740.45,740.45,1,14.5,14.3,14.3,15,2,0.7,,0,0
CUST104438,21.0,Female,South,Basic,Monthly,Wallet,32,217.22,217.22,0,11.8,10.3,7.8,8,2,3.1,3.1,1,0
CUST104439,25.0,Female,North,Basic,Monthly,UPI,11,190.16,190.16,0,15.7,14.9,13.0,11,1,6.6,4.7,0,0
CUST104440,40.0,Male,West,Standard,Monthly,UPI,15,441.39,529.67,1,29.7,38.3,43.7,23,0,0.0,4.2,1,0
CUST104441,18.0,Male,West,Basic,Monthly,Wallet,2,182.73,164.46,0,15.4,15.4,14.9,18,2,4.4,2.3,1,1
CUST104442,36.0,Female,West,Standard,Annual,Card,6,435.88,435.88,1,23.7,24.5,28.3,25,2,3.0,1.8,0,0
CUST104443,25.0,Female,East,Basic,Annual,Card,35,198.67,198.67,0,24.5,23.1,27.7,22,0,0.0,4.7,0,0
CUST104444,37.0,Female,North,Standard,Monthly,Wallet,17,394.35,473.22,0,16.5,14.9,15.2,15,1,0.3,4.6,0,0
CUST104445,24.0,Male,East,Premium,Monthly,UPI,10,698.72,698.72,0,15.8,,16.8,12,4,2.3,2.5,0,0
CUST104446,41.0,Female,South,Basic,Annual,Wallet,72,191.04,210.14,1,17.5,21.4,18.8,17,0,0.0,3.2,1,0
CUST104447,36.0,Male,South,Premium,Monthly,NetBanking,1,751.48,676.33,0,7.2,7.5,7.9,4,0,0.0,3.9,0,1
CUST104448,51.0,Female,West,Premium,Annual,UPI,29,674.81,742.29,1,22.7,31.8,39.2,20,2,5.9,3.4,0,1
CUST104449,,Male,West,Premium,Monthly,UPI,27,679.27,611.34,0,13.7,13.5,11.7,5,0,0.0,4.1,1,0
CUST104450,28.0,Female,South,Standard,Monthly,UPI,1,371.48,445.78,0,20.1,18.4,14.7,9,0,0.0,4.9,0,0
CUST104451,33.0,Male,South,Premium,Annual,Card,39,673.46,740.81,0,13.0,10.4,8.7,5,3,4.6,4.0,2,0
CUST104452,21.0,Female,South,Standard,Monthly,UPI,12,385.03,385.03,1,35.3,36.7,31.9,42,3,0.8,3.9,0,0
CUST104453,40.0,Male,North,Premium,Monthly,NetBanking,13,672.18,672.18,1,35.7,36.2,35.5,27,0,0.0,2.8,0,0
CUST104454,42.0,Female,South,Basic,Monthly,Wallet,1,197.25,216.98,0,24.5,29.2,30.3,13,1,5.2,4.1,2,1
CUST104455,63.0,Male,East,Standard,Monthly,Wallet,12,376.76,414.44,0,4.2,4.6,5.0,5,1,2.0,,0,0
CUST104456,29.0,Female,South,Standard,Monthly,Wallet,7,430.81,430.81,0,16.8,21.0,21.6,11,0,0.0,2.5,0,0
CUST104457,33.0,Male,South,Basic,Monthly,Card,34,197.48,217.23,1,27.9,33.8,41.5,25,0,0.0,3.4,0,0
CUST104458,30.0,Male,South,Basic,Annual,UPI,11,202.72,202.72,0,51.1,55.1,61.0,33,1,1.7,4.0,0,0
CUST104459,38.0,Female,West,Basic,Monthly,Card,39,207.57,249.08,0,8.6,9.6,8.7,8,1,3.2,2.1,0,0
CUST104460,40.0,Male,South,Basic,Monthly,UPI,33,219.15,241.07,1,4.4,5.7,6.5,3,0,0.0,,1,0
CUST104461,35.0,Male,North,Basic,Annual,Wallet,29,208.05,208.05,0,13.7,13.8,13.0,9,0,0.0,3.9,0,0
CUST104462,48.0,Female,East,Basic,Annual,NetBanking,4,196.53,196.53,0,12.8,12.2,12.3,7,0,0.0,3.4,1,1
CUST104463,,Female,West,Basic,Monthly,NetBanking,53,188.33,207.16,0,24.4,25.1,22.2,16,2,2.2,4.4,1,0
CUST104464,47.0,Female,South,Standard,Annual,UPI,17,405.74,365.17,0,9.9,10.4,9.1,6,1,2.7,,1,0
CUST104465,42.0,Male,East,Basic,Monthly,UPI,5,209.57,209.57,0,13.2,9.2,8.5,6,1,,2.2,0,0
CUST104466,36.0,Female,South,Basic,Monthly,Card,14,200.41,200.41,0,14.0,15.5,19.1,13,1,5.8,2.7,0,0
CUST104467,33.0,Female,East,Basic,Monthly,UPI,2,199.65,199.65,1,20.4,15.7,13.4,21,3,3.5,4.2,0,0
CUST104468,63.0,Male,North,Basic,Monthly,Card,2,201.12,241.34,0,23.8,26.4,25.5,16,0,,4.4,0,0
CUST104469,27.0,Female,West,Basic,Monthly,NetBanking,15,180.4,180.4,0,12.0,15.7,20.9,5,1,3.6,1.0,1,1
CUST104470,39.0,Male,West,Premium,Monthly,UPI,9,704.12,844.94,0,20.5,22.6,24.9,18,1,4.2,5.0,1,0
CUST104471,28.0,Female,West,Basic,Monthly,UPI,4,206.29,206.29,1,4.6,3.7,3.6,4,2,2.9,3.3,2,1
CUST104472,56.0,Female,West,Basic,Annual,NetBanking,18,198.55,178.7,0,36.9,35.6,34.1,22,0,,3.8,1,0
CUST104473,46.0,Female,South,Standard,Annual,Card,1,2528.46,421.41,0,10.7,8.5,7.9,8,0,0.0,2.9,0,1
CUST104474,29.0,Male,East,Premium,Annual,UPI,15,739.43,739.43,0,31.0,28.5,28.4,8,1,3.7,,2,0
CUST104475,42.0,Male,South,Standard,Annual,NetBanking,1,388.95,388.95,0,12.8,12.3,13.4,10,2,3.7,3.8,0,1
CUST104476,39.0,Male,South,Basic,Annual,Wallet,1,203.4,244.08,0,24.3,31.8,37.4,19,3,5.4,2.9,1,0
CUST104477,30.0,Female,North,Standard,Monthly,Card,10,399.85,399.85,1,15.2,16.2,15.9,16,3,4.7,1.0,1,0
CUST104478,44.0,Female,East,Standard,Monthly,UPI,9,358.53,430.24,0,26.9,24.6,24.5,23,2,1.9,2.8,0,0
CUST104479,40.0,Female,East,Basic,Monthly,UPI,33,197.14,177.43,0,30.0,26.1,24.6,25,0,0.0,2.7,0,0
CUST104480,38.0,Male,West,Premium,Monthly,Card,12,662.97,729.27,0,35.0,30.3,26.1,42,1,3.3,3.2,0,0
CUST104481,36.0,Female,North,Premium,Monthly,Card,36,703.68,774.05,0,22.3,28.2,31.0,14,4,4.3,1.9,0,0
CUST104482,41.0,Male,West,Standard,Monthly,UPI,72,412.62,412.62,0,5.8,5.4,5.7,3,2,2.0,4.1,1,1
CUST104483,39.0,Male,West,Basic,Monthly,Card,38,196.83,236.2,0,10.1,10.1,13.9,10,1,3.6,5.0,1,1
CUST104484,37.0,Female,West,Standard,Monthly,UPI,8,2286.2400000000002,342.94,1,35.8,28.6,18.7,36,0,0.0,,0,0
CUST104485,29.0,Female,South,Premium,Annual,Card,9,707.18,777.9,0,16.3,21.2,25.9,17,1,2.8,2.4,1,0
CUST104486,55.0,Female,North,Premium,Monthly,Card,12,784.41,705.97,1,15.7,13.0,12.8,12,1,2.8,3.2,1,1
CUST104487,24.0,Other,East,Basic,Monthly,NetBanking,15,177.39,195.13,0,24.9,30.3,31.4,16,1,1.2,3.1,0,0
CUST104488,,Male,West,Basic,Monthly,Card,21,201.32,201.32,0,23.0,32.2,40.1,13,1,4.4,5.0,1,0
CUST104489,32.0,Female,South,Basic,Monthly,Card,11,193.59,212.95,0,45.5,51.9,67.1,28,2,2.4,3.3,0,0
CUST104490,55.0,Female,South,Premium,Annual,Card,31,684.11,820.93,0,17.5,19.4,21.4,9,1,2.0,5.0,0,1
CUST104491,26.0,Female,South,Standard,Monthly,Card,13,396.91,396.91,0,16.1,15.4,12.9,11,0,0.0,2.4,0,1
CUST104492,28.0,Male,South,Basic,Monthly,UPI,53,195.58,195.58,0,29.4,21.7,21.0,33,2,1.4,3.3,1,0
CUST104493,25.0,Male,West,Basic,Annual,NetBanking,53,204.99,204.99,0,25.5,29.4,40.1,18,2,4.7,2.3,3,0
CUST104494,40.0,Male,South,Basic,Monthly,UPI,13,196.59,196.59,1,8.6,8.0,8.2,7,1,3.9,3.4,1,0
CUST104495,21.0,Male,North,Premium,Monthly,Card,9,623.44,561.1,1,16.3,16.7,12.4,15,0,0.0,4.3,1,0
CUST104496,31.0,Male,East,Basic,Monthly,Card,16,211.73,254.08,0,47.2,42.6,42.6,34,2,1.9,1.8,2,1
CUST104497,18.0,Female,North,Basic,Monthly,NetBanking,12,210.24,210.24,0,11.4,11.7,10.8,8,1,3.1,3.0,2,1
CUST104498,39.0,Female,South,Standard,Monthly,Card,46,386.9,348.21,0,15.9,14.0,14.2,17,1,3.1,3.4,1,0
CUST104499,30.0,Male,East,Standard,Monthly,Card,9,399.99,439.99,0,41.3,40.3,36.6,35,0,0.0,4.0,0,0
CUST104500,20.0,Female,North,Standard,Monthly,Card,2,423.29,423.29,0,40.9,30.6,27.1,42,2,7.0,1.7,2,1
CUST104501,48.0,Female,West,Premium,Monthly,NetBanking,19,735.11,661.6,0,33.4,30.5,23.5,43,1,1.7,4.0,0,0
CUST104502,22.0,Female,East,Basic,Monthly,UPI,41,212.51,191.26,0,14.8,13.1,10.9,9,0,0.0,4.2,0,0
CUST104503,45.0,Female,West,Basic,Monthly,Card,17,202.73,202.73,1,12.4,10.9,11.1,10,2,5.3,4.3,0,0
CUST104504,28.0,Female,South,Basic,Monthly,Card,2,206.66,227.33,0,29.0,32.6,33.2,22,2,1.7,1.7,1,1
CUST104505,54.0,Male,West,Standard,Monthly,NetBanking,11,427.1,427.1,0,36.7,31.6,33.9,26,1,4.3,3.2,0,0
CUST104506,44.0,Male,North,Premium,Monthly,Card,3,687.0,687.0,0,17.3,17.3,16.0,12,1,4.0,3.5,0,1
CUST104507,25.0,Female,East,Basic,Monthly,UPI,5,203.38,223.72,1,22.0,20.1,18.2,24,0,0.0,4.0,1,0
CUST104508,26.0,Female,North,Standard,Monthly,NetBanking,33,356.18,391.8,0,11.9,9.8,8.4,10,0,0.0,3.9,1,0
CUST104509,43.0,Female,South,Standard,Annual,Card,63,367.48,440.98,1,7.5,9.2,11.7,10,2,0.8,2.7,0,0
CUST104510,33.0,Female,South,Premium,Annual,UPI,1,716.47,788.12,0,7.9,6.3,5.1,6,0,0.0,3.9,4,0
CUST104511,34.0,Male,West,Standard,Monthly,UPI,14,412.02,494.42,1,17.4,21.2,30.6,19,2,3.4,5.0,0,1
CUST104512,50.0,Male,West,Basic,Annual,UPI,2,195.15,195.15,0,11.2,10.3,10.3,13,0,0.0,4.4,1,0
CUST104513,28.0,Female,South,Standard,Monthly,UPI,13,386.9,425.59,0,21.2,22.0,27.4,17,1,2.0,2.0,1,1
CUST104514,37.0,Male,East,Premium,Monthly,UPI,6,686.57,686.57,0,12.4,14.4,13.2,11,3,5.7,4.6,0,1
CUST104515,47.0,Female,East,Standard,Monthly,UPI,27,402.83,443.11,0,32.5,37.7,39.3,32,1,1.3,5.0,2,1
CUST104516,45.0,Female,North,Premium,Monthly,UPI,8,618.14,741.77,0,14.3,13.6,9.3,10,3,3.3,3.9,0,0
CUST104517,34.0,Female,South,Basic,Annual,Card,9,203.63,203.63,1,15.5,14.3,17.0,18,1,2.1,4.8,1,0
CUST104518,33.0,Male,West,Standard,Monthly,Card,21,399.65,399.65,0,35.9,45.7,49.6,23,1,2.1,5.0,0,0
CUST104519,18.0,Female,East,Basic,Monthly,Card,38,201.46,221.61,1,20.2,25.2,32.4,14,4,3.9,3.1,0,1
CUST104520,24.0,Male,East,Basic,Annual,UPI,32,197.77,217.55,0,21.4,23.4,23.2,15,1,7.0,4.6,1,1
CUST104521,40.0,Female,East,Basic,Monthly,UPI,9,185.24,185.24,0,15.7,13.5,12.3,13,0,0.0,5.0,1,0
CUST104522,34.0,Male,East,Basic,Monthly,UPI,45,188.07,188.07,0,19.1,18.8,15.6,17,1,2.7,2.8,1,0
CUST104523,37.0,Female,South,Basic,Monthly,UPI,8,214.16,235.58,0,9.4,10.3,11.0,6,0,0.0,5.0,0,1
CUST104524,47.0,Female,West,Standard,Annual,Wallet,6,386.18,424.8,0,29.4,34.8,37.6,23,0,0.0,4.0,1,0
CUST104525,23.0,Male,South,Premium,Monthly,UPI,1,727.23,727.23,0,13.0,14.4,16.4,8,1,6.7,4.5,1,1
CUST104526,33.0,Female,West,Basic,Annual,UPI,10,188.23,188.23,1,8.4,7.9,7.8,9,1,0.7,4.5,0,0
CUST104527,38.0,Male,West,Basic,Monthly,Card,47,198.85,178.96,0,29.3,25.1,19.0,28,1,1.9,2.9,0,0
CUST104528,28.0,Male,East,Basic,Annual,NetBanking,25,194.62,194.62,0,23.1,27.1,27.2,17,5,1.1,3.9,1,0
CUST104529,52.0,Female,North,Basic,Annual,UPI,14,196.14,196.14,0,24.8,20.5,15.4,19,0,0.0,3.4,0,0
CUST104530,46.0,Female,South,Basic,Annual,NetBanking,3,195.62,234.74,1,18.0,18.1,16.0,12,1,6.1,3.8,0,0
CUST104531,39.0,Male,North,Standard,Monthly,Wallet,72,427.81,385.03,0,37.5,,39.9,23,2,1.1,4.1,0,0
CUST104532,56.0,Female,East,Premium,Monthly,Card,51,766.37,919.64,0,12.6,14.8,19.1,7,0,0.0,4.4,0,0
CUST104533,20.0,Female,South,Standard,Annual,Wallet,15,403.74,484.49,0,17.2,17.5,21.2,11,0,0.0,3.2,0,0
CUST104534,36.0,Female,South,Standard,Monthly,UPI,6,390.77,390.77,1,5.3,4.2,4.0,5,2,3.8,2.0,0,0
CUST104535,40.0,Male,West,Standard,Annual,UPI,5,372.48,335.23,0,3.1,3.2,2.9,3,1,2.5,2.7,1,0
CUST104536,26.0,Male,South,Basic,Annual,UPI,8,185.09,185.09,0,20.3,17.7,16.2,11,2,2.5,4.0,0,0
CUST104537,39.0,Female,South,Basic,Monthly,UPI,24,213.42,192.08,0,23.3,15.0,13.1,22,3,1.4,3.6,0,0
CUST104538,24.0,Male,South,Basic,Monthly,NetBanking,8,184.39,184.39,1,19.6,19.8,19.4,11,1,6.2,3.4,1,1
CUST104539,44.0,Male,East,Basic,Monthly,Card,72,194.62,194.62,0,23.4,21.1,23.0,22,2,3.4,3.1,0,0
CUST104540,48.0,Female,North,Premium,Annual,UPI,11,704.43,633.99,0,29.0,35.6,46.1,24,0,0.0,3.5,0,0
CUST104541,39.0,Male,West,Standard,Monthly,Card,35,347.1,416.52,0,17.1,12.8,8.8,12,2,4.0,,0,0
CUST104542,18.0,Female,North,Standard,Monthly,Card,27,374.05,411.46,0,15.2,14.5,15.6,13,2,1.6,4.2,1,1
CUST104543,25.0,Male,South,Basic,Annual,UPI,23,185.68,185.68,0,10.4,11.1,12.2,11,3,4.8,1.9,2,0
CUST104544,42.0,Female,North,Basic,Monthly,NetBanking,9,192.38,192.38,0,21.2,22.1,20.6,9,1,3.5,3.7,0,1
CUST104545,36.0,Female,South,Premium,Monthly,NetBanking,17,708.04,708.04,1,30.9,29.5,22.4,32,2,3.8,4.6,1,0
CUST104546,18.0,Other,West,Basic,Monthly,UPI,11,209.23,188.31,0,25.7,22.9,20.5,16,1,0.2,3.5,0,0
CUST104547,50.0,Female,South,Standard,Monthly,UPI,1,385.76,462.91,1,45.4,48.0,51.2,49,3,2.3,4.6,0,0
CUST104548,38.0,Female,South,Basic,Monthly,Wallet,31,194.41,194.41,0,18.8,17.3,14.6,18,1,2.1,2.5,0,0
CUST104549,27.0,Male,North,Basic,Annual,UPI,51,197.81,217.59,1,14.3,13.5,11.8,8,1,3.2,2.2,1,0
CUST104550,47.0,Female,South,Basic,Annual,UPI,35,190.98,190.98,0,16.7,14.2,13.8,11,1,5.9,1.2,2,0
CUST104551,29.0,Female,North,Premium,Annual,NetBanking,34,713.6,713.6,0,26.9,25.4,27.1,24,0,0.0,4.6,0,0
CUST104552,28.0,Female,North,Basic,Annual,NetBanking,10,203.46,244.15,0,23.3,31.5,42.2,23,1,3.1,1.6,2,1
CUST104553,40.0,Male,West,Standard,Monthly,NetBanking,4,344.7,344.7,0,13.0,10.2,7.1,12,0,0.0,5.0,0,0
CUST104554,56.0,Male,South,Basic,Monthly,UPI,14,205.36,184.82,0,20.7,27.0,31.8,18,2,2.8,5.0,1,1
CUST104555,54.0,Female,North,Standard,Monthly,UPI,2,401.54,441.69,1,12.2,16.4,17.8,8,0,0.0,4.1,1,0
CUST104556,40.0,Female,East,Standard,Annual,UPI,1,404.16,404.16,0,23.4,26.5,31.3,19,2,0.9,2.5,0,1
CUST104557,41.0,Male,South,Standard,Monthly,UPI,20,422.53,507.04,0,6.1,7.1,6.9,5,0,0.0,,0,0
CUST104558,45.0,Male,East,Basic,Annual,UPI,6,181.23,217.48,1,7.4,7.8,7.8,4,0,0.0,4.2,1,0
CUST104559,22.0,Female,West,Basic,Monthly,Card,9,186.51,205.16,0,8.5,6.9,5.3,7,0,0.0,3.8,0,0
CUST104560,43.0,Male,West,Premium,Annual,Card,40,696.55,835.86,1,10.6,11.5,12.1,8,1,2.9,3.8,0,0
CUST104561,28.0,Female,West,Standard,Monthly,UPI,3,352.69,352.69,0,22.2,18.7,13.6,24,1,6.1,,1,0
CUST104562,40.0,Male,East,Basic,Annual,Card,15,196.89,196.89,0,26.6,28.6,24.0,27,0,0.0,2.7,0,0
CUST104563,33.0,Male,North,Basic,Monthly,UPI,16,207.42,228.16,0,17.7,20.4,20.3,15,3,0.6,2.8,0,1
CUST104564,42.0,Male,West,Basic,Monthly,Card,1,202.95,243.54,1,8.4,11.2,12.7,9,1,2.9,3.7,0,1
CUST104565,37.0,Female,South,Standard,Annual,Card,8,400.58,480.7,0,29.6,33.1,40.4,27,1,0.3,5.0,0,0
CUST104566,18.0,Female,North,Basic,Monthly,NetBanking,4,196.68,196.68,0,16.9,22.9,28.7,13,1,0.4,4.3,0,1
CUST104567,38.0,Male,West,Basic,Annual,UPI,12,194.74,194.74,0,32.7,32.4,43.4,17,0,0.0,3.9,1,1
CUST104568,43.0,Male,West,Basic,Annual,NetBanking,17,194.17,194.17,0,18.8,18.1,16.3,14,1,1.2,2.5,0,0
CUST104569,41.0,Male,West,Standard,Annual,Card,8,403.56,484.27,0,6.8,8.8,11.6,5,3,2.0,4.3,2,1
CUST104570,35.0,Male,South,Premium,Monthly,Card,13,644.8,644.8,1,11.5,13.9,16.4,9,2,4.1,,2,0
CUST104571,54.0,Female,East,Standard,Monthly,Card,45,428.19,428.19,0,6.2,5.9,9.4,5,0,0.0,2.3,0,0
CUST104572,39.0,Male,South,Standard,Monthly,Card,8,384.28,384.28,0,4.1,3.9,3.2,4,0,,2.0,1,0
CUST104573,41.0,Female,West,Standard,Monthly,Card,31,410.13,410.13,0,14.5,11.0,6.3,15,0,0.0,3.9,0,0
CUST104574,47.0,Male,East,Basic,Monthly,UPI,2,199.8,199.8,1,18.9,16.9,17.6,13,0,0.0,3.6,0,0
CUST104575,40.0,Male,South,Standard,Annual,Card,1,375.98,451.18,0,33.5,26.3,21.1,18,2,1.5,4.7,0,0
CUST104576,26.0,Male,West,Basic,Annual,NetBanking,7,211.86,211.86,0,22.3,21.0,25.1,14,1,1.8,2.4,0,0
CUST104577,18.0,Male,North,Basic,Monthly,UPI,8,209.76,230.74,0,27.4,24.8,21.4,29,1,2.9,2.6,0,0
CUST104578,31.0,Male,North,Standard,Annual,Card,9,367.67,367.67,0,13.4,18.1,18.9,13,0,0.0,2.3,1,0
CUST104579,44.0,Male,West,Basic,Monthly,NetBanking,8,198.27,237.92,1,8.6,7.4,6.6,5,0,0.0,2.8,1,0
CUST104580,32.0,Male,East,Standard,Monthly,UPI,6,403.14,362.83,0,18.7,20.3,21.3,9,2,1.8,3.5,0,0
CUST104581,45.0,Female,North,Standard,Monthly,UPI,22,357.68,357.68,0,13.4,17.5,22.2,9,1,0.7,2.0,1,1
CUST104582,38.0,Male,South,Basic,Annual,UPI,14,177.9,195.69,0,26.0,30.0,33.2,30,1,2.4,5.0,2,0
CUST104583,50.0,Male,South,Basic,Annual,UPI,25,190.71,171.64,0,13.8,13.4,12.4,12,1,1.7,1.0,0,1
CUST104584,33.0,Male,South,Standard,Monthly,UPI,1,372.8,372.8,0,22.4,31.4,47.5,17,0,0.0,3.3,0,0
CUST104585,41.0,Female,South,Standard,Monthly,Wallet,33,378.18,453.82,0,40.8,34.6,37.7,32,1,2.9,3.8,0,0
CUST104586,42.0,Female,South,Premium,Monthly,UPI,1,653.11,718.42,0,25.4,31.1,32.3,11,0,0.0,5.0,0,1
CUST104587,53.0,Female,North,Basic,Monthly,UPI,7,197.78,217.56,0,34.6,36.1,33.8,26,2,0.9,2.3,0,0
CUST104588,18.0,Female,East,Premium,Monthly,NetBanking,17,667.81,734.59,0,7.0,9.0,10.0,7,0,0.0,2.0,1,0
CUST104589,31.0,Female,South,Basic,Annual,UPI,4,210.08,252.1,1,8.1,7.9,6.6,6,1,0.8,,0,1
CUST104590,45.0,Male,East,Basic,Annual,Wallet,21,200.79,200.79,0,19.3,17.7,10.9,15,1,4.9,5.0,2,0
CUST104591,53.0,Female,West,Standard,Monthly,NetBanking,18,414.85,497.82,0,25.3,24.9,24.6,22,2,4.5,1.3,0,0
CUST104592,39.0,Female,South,Basic,Annual,UPI,28,182.2,182.2,0,22.1,21.5,21.2,13,2,6.2,4.3,0,0
CUST104593,33.0,Male,East,Basic,Annual,UPI,5,192.75,173.48,0,11.1,7.9,7.6,10,1,,3.8,1,0
CUST104594,44.0,Male,South,Basic,Monthly,UPI,13,200.36,180.32,1,24.3,28.3,34.7,15,3,0.2,3.4,2,0
CUST104595,46.0,Male,North,Premium,Annual,Card,30,714.83,857.8,0,20.1,24.5,27.5,14,0,0.0,5.0,1,0
CUST104596,32.0,Male,East,Premium,Monthly,UPI,3,676.36,811.63,0,13.7,13.1,13.0,10,1,9.0,2.8,0,1
CUST104597,40.0,Female,South,Premium,Monthly,Card,33,681.49,749.64,0,33.4,31.8,32.8,24,1,1.8,4.5,0,0
CUST104598,49.0,Male,South,Basic,Monthly,UPI,4,195.1,214.61,0,25.2,27.5,29.7,21,3,1.5,3.2,2,0
CUST104599,57.0,Female,West,Standard,Annual,UPI,4,393.06,393.06,0,31.0,28.8,38.7,24,1,1.7,,0,0
CUST104600,44.0,Other,South,Premium,Monthly,Wallet,16,774.64,852.1,0,19.4,16.4,12.8,15,0,0.0,3.7,0,0
CUST104601,36.0,Male,East,Basic,Monthly,Card,31,202.12,181.91,0,23.5,27.6,31.1,19,0,0.0,3.8,0,0
CUST104602,35.0,Male,East,Basic,Monthly,UPI,2,199.4,239.28,0,21.9,14.1,10.3,14,0,0.0,1.3,1,0
CUST104603,42.0,Female,South,Basic,Monthly,UPI,3,186.47,167.82,0,6.5,7.7,8.6,2,3,,2.1,0,1
CUST104604,35.0,Female,East,Standard,Monthly,UPI,16,374.35,449.22,1,17.9,16.9,19.4,14,1,6.3,4.0,0,1
CUST104605,38.0,Male,North,Standard,Monthly,Card,2,394.75,394.75,0,21.2,21.8,24.3,14,2,1.9,3.4,1,1
CUST104606,24.0,Male,South,Basic,Annual,UPI,5,210.25,210.25,0,28.4,27.1,27.7,25,2,4.4,4.4,1,1
CUST104607,50.0,Female,West,Basic,Monthly,UPI,18,197.02,177.32,1,11.2,12.5,16.0,8,0,0.0,5.0,1,0
CUST104608,23.0,Female,North,Standard,Monthly,Card,1,395.88,356.29,1,18.6,16.5,13.5,8,2,1.6,2.4,1,0
CUST104609,31.0,Male,East,Standard,Annual,UPI,8,384.15,422.56,1,32.4,31.6,30.0,25,0,0.0,3.1,2,0
CUST104610,37.0,Male,South,Basic,Annual,Card,11,181.67,181.67,0,15.7,17.0,18.5,16,0,0.0,2.2,1,0
CUST104611,58.0,Other,South,Basic,Monthly,UPI,1,203.35,183.02,0,7.3,7.1,7.1,6,0,0.0,4.3,1,1
CUST104612,31.0,Male,East,Premium,Monthly,Wallet,67,690.11,759.12,0,25.0,19.9,18.0,13,1,3.8,3.0,0,0
CUST104613,29.0,Male,East,Standard,Monthly,Card,3,407.9,489.48,0,19.4,18.7,19.2,13,0,0.0,5.0,0,0
CUST104614,30.0,Female,South,Standard,Monthly,Card,3,402.08,402.08,0,6.1,6.7,6.9,4,1,6.3,4.6,0,0
CUST104615,54.0,Male,East,Standard,Annual,Wallet,8,379.77,341.79,0,16.4,20.4,22.4,13,1,4.2,4.0,0,1
CUST104616,18.0,Male,North,Premium,Monthly,Card,44,706.88,848.26,0,18.2,21.9,24.2,12,0,0.0,3.4,1,0
CUST104617,25.0,Female,South,Basic,Monthly,UPI,9,186.15,186.15,0,15.7,20.5,27.1,7,2,2.3,4.4,0,1
CUST104618,66.0,Female,West,Basic,Monthly,UPI,24,201.16,241.39,0,18.8,23.1,27.0,15,1,3.8,3.5,0,0
CUST104619,42.0,Female,East,Basic,Monthly,UPI,9,198.37,218.21,0,19.9,23.5,25.7,22,2,1.1,3.5,0,0
CUST104620,24.0,Male,North,Premium,Monthly,UPI,17,752.84,903.41,1,20.6,19.0,19.4,14,1,3.5,1.6,1,0
CUST104621,36.0,Female,West,Basic,Annual,UPI,11,190.37,190.37,0,17.0,16.5,12.9,9,2,5.3,3.7,1,1
CUST104622,37.0,Female,North,Basic,Monthly,Wallet,21,185.8,204.38,0,26.3,35.2,54.8,29,0,0.0,3.8,0,1
CUST104623,45.0,Female,West,Basic,Monthly,UPI,34,194.89,175.4,0,25.8,21.7,24.6,31,1,3.7,3.4,1,0
CUST104624,56.0,Female,West,Standard,Annual,UPI,10,411.15,493.38,0,12.9,13.2,12.0,9,3,14.8,2.5,0,0
CUST104625,40.0,Female,North,Standard,Monthly,Wallet,47,343.19,377.51,0,36.2,63.9,102.1,31,3,2.7,1.5,0,0
CUST104626,30.0,Female,North,Basic,Monthly,Card,30,207.71,228.48,0,12.3,12.8,12.3,10,3,3.5,3.0,0,1
CUST104627,45.0,Female,West,Basic,Monthly,Wallet,32,196.92,236.3,0,20.5,15.1,10.8,20,0,0.0,1.6,0,0
CUST104628,28.0,Male,West,Standard,Monthly,Wallet,22,376.22,413.84,0,21.4,20.2,16.3,12,2,1.9,3.1,2,0
CUST104629,25.0,Female,South,Basic,Monthly,Wallet,2,195.34,195.34,0,9.2,9.5,9.6,7,0,0.0,3.2,0,0
CUST104630,18.0,Female,South,Standard,Monthly,Card,33,384.22,384.22,1,8.0,8.7,7.7,5,0,0.0,5.0,0,0
CUST104631,19.0,Male,North,Basic,Annual,UPI,36,186.81,224.17,0,13.5,14.8,13.5,12,0,0.0,5.0,0,0
CUST104632,26.0,Male,West,Premium,Annual,NetBanking,1,631.25,631.25,0,24.5,,22.1,27,1,1.3,2.0,0,0
CUST104633,23.0,Female,West,Basic,Monthly,Card,30,206.27,185.64,0,3.6,3.6,3.9,3,1,5.3,4.3,1,0
CUST104634,39.0,Male,West,Standard,Monthly,UPI,21,387.84,349.06,1,14.9,13.0,11.7,9,0,0.0,3.1,1,0
CUST104635,23.0,Female,South,Basic,Annual,Card,13,195.1,195.1,0,8.8,7.9,7.3,9,1,3.2,3.1,0,0
CUST104636,18.0,Female,West,Basic,Monthly,Card,5,207.41,207.41,0,27.8,23.5,16.5,19,3,2.1,2.6,0,0
CUST104637,25.0,Male,South,Standard,Monthly,NetBanking,10,400.11,400.11,0,14.6,10.5,9.6,13,0,0.0,5.0,0,0
CUST104638,31.0,Male,North,Standard,Annual,Wallet,14,367.89,367.89,0,21.6,25.1,25.8,14,2,3.2,3.2,2,1
CUST104639,29.0,Female,North,Standard,Monthly,Card,6,412.42,412.42,0,17.2,15.6,16.6,9,1,5.0,4.0,0,1
CUST104640,53.0,Male,North,Standard,Annual,Card,1,428.6,428.6,0,26.0,25.7,25.7,17,1,6.1,,1,0
CUST104641,29.0,Female,North,Standard,Monthly,UPI,20,409.04,409.04,0,14.2,12.8,10.9,4,1,7.8,2.4,0,0
CUST104642,46.0,Male,South,Premium,Annual,Card,29,668.77,735.65,0,12.5,11.6,13.2,7,3,1.4,2.5,0,0
CUST104643,36.0,Male,South,Basic,Monthly,UPI,4,184.35,184.35,1,8.8,8.3,7.2,11,2,7.0,3.3,1,0
CUST104644,36.0,Female,West,Premium,Monthly,UPI,10,667.5,667.5,0,20.0,20.9,23.1,5,0,0.0,,0,0
CUST104645,27.0,Male,South,Basic,Monthly,UPI,64,200.03,200.03,0,24.6,34.4,40.6,12,0,0.0,3.2,0,0
CUST104646,35.0,Female,North,Basic,Annual,NetBanking,50,213.19,213.19,0,10.0,9.9,9.9,12,2,3.1,4.7,1,0
CUST104647,28.0,Female,South,Standard,Monthly,Card,14,383.85,383.85,0,16.8,19.9,30.3,10,3,1.8,2.8,0,1
CUST104648,38.0,Male,South,Basic,Monthly,Card,5,192.54,211.79,0,35.9,33.7,34.8,26,1,3.7,2.9,1,0
CUST104649,33.0,Male,South,Basic,Annual,NetBanking,15,209.16,250.99,0,14.9,16.7,15.7,12,1,1.0,4.4,0,0
CUST104650,26.0,Female,East,Basic,Monthly,Card,2,194.68,194.68,0,9.5,9.4,9.2,4,4,6.5,3.5,1,1
CUST104651,47.0,Female,North,Standard,Monthly,Card,49,433.19,519.83,1,14.6,14.5,11.4,15,1,2.8,1.7,1,0
CUST104652,41.0,Female,South,Standard,Monthly,UPI,6,396.05,356.44,0,14.2,13.7,16.3,11,0,0.0,5.0,0,1
CUST104653,31.0,Female,West,Basic,Annual,Card,18,210.62,210.62,0,25.7,23.9,16.2,17,3,11.3,2.5,0,1
CUST104654,38.0,Male,South,Basic,Monthly,UPI,15,202.81,202.81,0,18.9,20.0,24.2,19,1,3.1,3.3,0,0
CUST104655,35.0,Male,West,Basic,Monthly,NetBanking,12,206.04,247.25,0,6.1,6.4,5.5,3,3,1.1,2.2,1,1
CUST104656,26.0,Female,South,Basic,Annual,Card,5,197.24,197.24,0,29.1,26.2,20.9,24,1,4.7,3.1,2,1
CUST104657,37.0,Female,West,Basic,Monthly,UPI,4,197.89,197.89,0,11.3,,17.4,7,1,1.2,1.8,0,1
CUST104658,29.0,Female,South,Basic,Monthly,Card,10,203.17,223.49,0,9.1,8.3,7.6,5,0,0.0,4.1,0,0
CUST104659,26.0,Male,North,Premium,Monthly,UPI,38,726.89,872.27,0,17.2,18.2,19.2,21,2,2.1,2.7,0,0
CUST104660,18.0,Female,East,Standard,Monthly,UPI,10,409.49,491.39,0,12.5,11.8,10.2,10,1,0.9,3.2,0,0
CUST104661,32.0,Female,North,Basic,Monthly,NetBanking,12,181.41,163.27,0,26.8,30.8,30.4,27,0,0.0,,0,0
CUST104662,42.0,Male,West,Basic,Monthly,Card,1,201.56,201.56,0,19.6,18.4,21.1,14,0,0.0,4.2,1,0
CUST104663,28.0,Female,South,Basic,Monthly,NetBanking,7,192.47,192.47,0,14.7,13.4,15.2,9,0,0.0,3.8,0,0
CUST104664,64.0,Female,North,Basic,Annual,NetBanking,38,193.57,174.21,1,11.3,11.6,13.4,2,0,0.0,5.0,2,0
CUST104665,46.0,Male,West,Basic,Monthly,NetBanking,1,203.55,203.55,1,36.7,39.2,37.8,27,0,0.0,2.6,0,0
CUST104666,50.0,Male,West,Premium,Monthly,UPI,1,758.34,758.34,0,32.1,23.3,20.6,15,1,,3.6,0,0
CUST104667,45.0,Male,North,Standard,Monthly,Card,39,394.37,394.37,0,16.9,24.1,28.6,14,2,1.9,4.6,0,0
CUST104668,56.0,Female,North,Standard,Annual,UPI,20,438.36,526.03,1,5.7,6.5,5.9,3,3,3.2,4.6,0,0
CUST104669,27.0,Male,West,Basic,Annual,UPI,9,188.08,188.08,0,14.6,14.2,13.7,13,1,5.1,2.1,2,0
CUST104670,18.0,Male,West,Standard,Annual,Card,68,423.57,381.21,0,25.3,,32.2,31,1,0.9,2.8,1,0
CUST104671,31.0,Male,West,Premium,Annual,UPI,3,714.05,642.64,0,10.4,11.5,11.5,14,0,0.0,4.9,1,1
CUST104672,42.0,Male,West,Basic,Annual,UPI,8,201.08,180.97,0,38.2,44.3,51.6,33,1,4.4,3.1,1,0
CUST104673,38.0,Male,North,Premium,Annual,UPI,20,747.34,822.07,0,35.6,36.0,30.8,28,0,0.0,3.8,1,0
CUST104674,39.0,Female,East,Basic,Monthly,Wallet,8,192.67,173.4,0,12.7,9.9,7.9,8,3,0.8,2.5,0,0
CUST104675,51.0,Male,North,Standard,Monthly,UPI,17,424.49,382.04,0,11.0,11.3,12.1,7,1,4.5,3.5,0,0
CUST104676,40.0,Male,South,Basic,Monthly,UPI,2,196.93,236.32,0,27.5,26.9,34.2,17,0,0.0,1.0,1,1
CUST104677,45.0,Male,West,Standard,Monthly,UPI,72,386.19,386.19,0,22.5,23.6,29.6,25,0,,3.4,1,0
CUST104678,26.0,Male,East,Basic,Monthly,UPI,1,185.8,185.8,0,15.3,14.2,11.5,11,2,0.3,3.2,0,1
CUST104679,24.0,Male,South,Standard,Monthly,UPI,27,430.63,430.63,0,28.5,34.6,35.6,35,0,0.0,,1,0
CUST104680,54.0,Female,East,Standard,Monthly,Card,5,421.77,506.12,0,8.6,8.5,7.5,5,2,6.5,3.4,0,1
CUST104681,37.0,Female,South,Standard,Annual,UPI,47,389.46,350.51,0,16.4,19.6,22.5,13,0,0.0,2.5,0,0
CUST104682,29.0,Female,South,Standard,Monthly,UPI,11,409.88,491.86,1,32.3,31.8,31.8,18,2,1.2,3.6,0,0
CUST104683,29.0,Male,East,Basic,Monthly,UPI,28,200.26,240.31,0,24.5,21.1,18.8,22,2,2.8,4.9,1,0
CUST104684,29.0,Female,East,Standard,Annual,Card,46,391.96,352.76,0,27.3,27.7,27.6,21,1,3.9,4.8,0,0
CUST104685,28.0,Female,North,Basic,Monthly,Card,13,208.6,250.32,0,54.3,48.4,48.8,43,1,3.4,4.3,0,0
CUST104686,22.0,Male,South,Standard,Monthly,UPI,3,386.52,463.82,0,21.2,19.3,18.1,16,0,0.0,4.1,0,0
CUST104687,19.0,Male,North,Basic,Monthly,Card,22,177.19,177.19,0,21.5,18.9,13.5,20,1,2.3,2.8,0,0
CUST104688,34.0,Female,South,Standard,Monthly,NetBanking,29,404.18,404.18,0,9.0,8.5,10.7,8,1,1.5,3.1,0,0
CUST104689,,Male,West,Basic,Annual,UPI,22,199.66,199.66,0,14.5,16.7,17.0,14,3,7.2,,0,0
CUST104690,48.0,Male,South,Premium,Monthly,Card,6,678.27,610.44,0,23.8,24.3,25.5,15,1,3.2,3.4,1,0
CUST104691,39.0,Female,West,Standard,Annual,Wallet,5,381.2,381.2,1,23.1,24.9,20.7,20,3,1.2,5.0,1,1
CUST104692,39.0,Male,South,Basic,Monthly,UPI,12,183.48,165.13,0,28.1,24.9,24.4,20,2,1.5,1.6,3,0
CUST104693,28.0,Female,South,Standard,Annual,Card,8,391.76,352.58,0,18.3,16.4,14.2,20,1,1.3,3.3,0,0
CUST104694,35.0,Male,North,Basic,Monthly,NetBanking,3,190.29,171.26,0,18.1,20.4,18.6,15,0,0.0,3.2,0,1
CUST104695,40.0,Male,West,Basic,Monthly,NetBanking,2,208.6,208.6,0,16.4,16.1,14.8,14,1,1.0,4.3,0,0
CUST104696,44.0,Male,West,Basic,Monthly,UPI,21,204.14,204.14,0,6.1,8.3,11.2,5,1,1.8,4.5,0,1
CUST104697,35.0,Male,North,Standard,Monthly,Card,8,389.33,389.33,0,9.3,9.5,9.9,6,1,1.9,2.3,0,1
CUST104698,48.0,Female,North,Premium,Annual,NetBanking,8,717.27,789.0,0,16.1,14.7,14.9,13,1,3.3,2.2,1,0
CUST104699,36.0,Female,South,Premium,Annual,Card,10,695.24,695.24,0,30.2,40.7,38.1,32,3,2.1,2.3,2,1
CUST104700,45.0,Female,North,Basic,Monthly,UPI,13,196.32,196.32,0,18.8,20.6,22.5,12,4,4.2,3.3,0,0
CUST104701,31.0,Female,North,Basic,Annual,NetBanking,3,198.45,218.3,0,16.6,15.9,15.8,18,1,2.1,4.0,1,0
CUST104702,18.0,Male,West,Premium,Monthly,NetBanking,2,760.91,913.09,0,17.4,18.2,17.5,16,0,0.0,2.2,0,0
CUST104703,39.0,Male,North,Basic,Annual,UPI,3,205.41,184.87,0,15.7,11.9,9.3,6,2,1.3,3.6,0,1
CUST104704,44.0,Male,West,Standard,Monthly,Card,12,393.05,353.74,1,15.6,20.1,27.5,10,1,5.1,3.7,2,1
CUST104705,42.0,Female,West,Premium,Monthly,Card,3,730.24,730.24,0,11.8,8.9,7.7,15,2,3.5,3.2,1,1
CUST104706,41.0,Female,South,Basic,Monthly,NetBanking,15,207.54,207.54,1,19.9,22.1,23.9,15,1,1.6,4.1,0,1
CUST104707,32.0,Male,North,Basic,Monthly,UPI,11,201.58,181.42,0,30.4,22.5,17.2,19,4,2.5,3.0,0,0
CUST104708,27.0,Female,West,Premium,Annual,NetBanking,2,687.52,687.52,0,18.1,20.3,22.0,11,1,1.5,3.6,0,0
CUST104709,42.0,Female,North,Standard,Monthly,Card,51,391.13,430.24,0,20.9,22.4,21.7,16,1,2.2,4.7,1,0
CUST104710,41.0,Male,North,Premium,Monthly,Wallet,24,661.42,793.7,0,18.8,24.2,29.1,18,0,0.0,5.0,0,0
CUST104711,30.0,Female,West,Standard,Annual,Card,72,402.6,402.6,1,23.1,28.4,33.1,17,1,5.7,,0,0
CUST104712,48.0,Female,South,Basic,Monthly,Card,21,192.93,192.93,0,16.3,15.5,16.3,11,4,6.4,2.7,1,0
CUST104713,26.0,Female,West,Premium,Monthly,NetBanking,2,683.74,820.49,0,5.9,8.4,12.7,2,3,4.7,3.7,0,1
CUST104714,30.0,Male,North,Standard,Annual,UPI,5,411.45,411.45,0,11.1,13.7,18.4,7,0,0.0,3.6,1,1
CUST104715,54.0,Male,North,Premium,Monthly,UPI,26,757.97,757.97,0,16.9,15.3,14.2,11,1,1.9,4.2,2,0
CUST104716,46.0,Male,South,Standard,Annual,UPI,15,406.47,365.82,1,39.5,33.9,31.6,34,2,0.4,3.4,1,0
CUST104717,32.0,Female,North,Standard,Monthly,NetBanking,6,396.9,357.21,0,11.7,12.4,15.1,10,0,0.0,4.6,0,0
CUST104718,39.0,Female,South,Basic,Monthly,Card,4,198.81,178.93,1,13.3,12.1,9.8,14,0,0.0,4.5,1,0
CUST104719,38.0,Female,South,Basic,Monthly,Card,16,210.32,210.32,0,12.9,9.3,7.2,7,0,0.0,3.7,0,0
CUST104720,18.0,Male,North,Premium,Monthly,UPI,31,712.55,855.06,0,6.6,5.9,6.5,5,0,0.0,4.7,0,0
CUST104721,26.0,Male,South,Premium,Monthly,NetBanking,20,705.77,776.35,1,17.1,14.5,10.9,14,0,0.0,4.5,0,0
CUST104722,35.0,Female,East,Standard,Monthly,Wallet,5,404.28,485.14,0,5.3,3.5,2.4,3,1,0.9,5.0,0,0
CUST104723,32.0,Male,South,Premium,Annual,UPI,19,649.07,649.07,1,20.1,21.6,21.2,20,1,4.4,1.7,0,0
CUST104724,39.0,Female,South,Basic,Monthly,UPI,36,202.89,202.89,0,23.4,,29.2,27,0,0.0,4.5,1,0
CUST104725,48.0,Female,South,Premium,Annual,UPI,2,668.41,735.25,0,4.9,5.3,5.7,4,3,4.6,4.1,0,1
CUST104726,32.0,Male,North,Standard,Monthly,Card,72,406.87,406.87,0,54.3,67.8,84.1,38,0,0.0,5.0,0,0
CUST104727,24.0,Male,South,Standard,Annual,Card,27,384.33,384.33,1,7.6,6.5,4.7,8,0,0.0,3.3,0,0
CUST104728,40.0,Male,South,Standard,Monthly,Card,2,410.79,410.79,1,10.0,9.2,8.6,9,0,0.0,3.9,0,0
CUST104729,32.0,Male,North,Standard,Annual,Card,14,395.95,356.36,0,44.9,47.1,40.8,25,1,1.1,3.1,0,1
CUST104730,34.0,Female,East,Premium,Monthly,Card,65,658.97,658.97,1,7.3,7.8,6.3,6,1,0.8,5.0,1,0
CUST104731,33.0,Male,East,Basic,Monthly,Card,20,196.11,215.72,0,18.3,18.2,20.0,13,1,2.2,2.8,0,1
CUST104732,61.0,Male,South,Premium,Monthly,NetBanking,4,776.1,776.1,0,21.5,18.9,19.9,14,4,3.3,2.3,0,0
CUST104733,18.0,Male,West,Basic,Annual,Card,4,176.38,211.66,0,15.0,18.1,23.9,10,4,3.9,1.3,1,1
CUST104734,32.0,Male,East,Basic,Annual,NetBanking,3,200.66,240.79,0,15.0,16.2,18.1,10,1,0.5,1.0,0,0
CUST104735,36.0,Female,East,Standard,Annual,NetBanking,4,378.84,378.84,0,21.3,27.1,29.7,21,0,,3.8,0,1
CUST104736,27.0,Female,South,Standard,Monthly,UPI,12,426.47,469.12,0,31.5,37.7,46.9,23,1,3.2,3.4,2,0
CUST104737,46.0,Female,South,Premium,Monthly,UPI,38,727.53,873.04,0,18.3,25.3,34.5,15,1,2.4,3.3,1,0
CUST104738,45.0,Female,North,Basic,Monthly,Card,25,200.85,200.85,0,40.9,47.7,50.7,41,0,0.0,4.4,1,0
CUST104739,35.0,Male,South,Basic,Monthly,Card,7,208.13,208.13,0,7.3,6.7,5.9,5,1,5.4,4.3,2,0
CUST104740,33.0,Female,East,Standard,Monthly,UPI,20,403.88,484.66,0,40.3,38.2,36.4,23,1,1.6,2.9,0,0
CUST104741,35.0,Male,South,Premium,Annual,UPI,9,699.21,699.21,0,14.2,13.6,11.5,14,2,7.3,3.4,2,1
CUST104742,35.0,Female,South,Premium,Annual,UPI,6,678.07,813.68,0,40.1,49.8,48.8,29,3,1.1,2.9,1,0
CUST104743,,Male,South,Premium,Monthly,NetBanking,4,686.39,823.67,0,24.1,28.1,31.8,28,0,0.0,3.8,0,0
CUST104744,34.0,Male,South,Standard,Annual,UPI,12,389.74,428.71,1,10.3,9.1,8.3,10,1,3.4,5.0,0,0
CUST104745,39.0,Male,North,Premium,Monthly,UPI,9,699.36,699.36,0,20.2,20.6,22.5,18,2,1.7,3.7,1,1
CUST104746,44.0,Female,South,Basic,Monthly,Card,26,180.17,198.19,0,5.8,5.1,4.7,5,1,1.8,4.6,0,1
CUST104747,22.0,Male,North,Premium,Monthly,NetBanking,10,734.99,808.49,0,12.0,10.4,8.8,12,1,1.5,3.3,1,0
CUST104748,24.0,Female,South,Standard,Monthly,Wallet,37,437.84,437.84,0,15.1,14.7,12.8,13,2,3.1,2.2,1,1
CUST104749,18.0,Male,North,Basic,Monthly,UPI,20,194.7,233.64,1,17.2,14.6,16.4,6,3,0.4,4.1,1,1
CUST104750,46.0,Female,West,Standard,Annual,NetBanking,3,422.44,464.68,1,32.0,34.9,42.5,25,0,0.0,4.5,0,0
CUST104751,39.0,Female,West,Standard,Annual,UPI,11,396.32,356.69,0,13.2,12.5,11.6,12,2,1.9,2.8,0,0
CUST104752,42.0,Male,North,Basic,Monthly,Card,3,193.01,193.01,0,11.0,7.1,7.0,7,3,3.6,2.9,0,0
CUST104753,20.0,Male,North,Basic,Annual,Wallet,6,195.2,195.2,1,10.7,9.4,10.1,14,1,1.6,4.1,1,0
CUST104754,56.0,Male,East,Standard,Annual,UPI,11,2404.2599999999998,400.71,0,19.6,17.9,14.3,15,1,8.8,3.9,0,0
CUST104755,29.0,Female,West,Premium,Monthly,UPI,1,673.79,673.79,1,26.0,25.9,28.3,24,1,4.0,3.4,1,0
CUST104756,38.0,Female,North,Standard,Monthly,UPI,4,411.09,411.09,0,12.3,17.8,20.6,13,0,,2.7,0,1
CUST104757,45.0,Male,South,Basic,Annual,UPI,25,193.83,193.83,0,19.7,20.8,19.0,18,2,2.5,5.0,1,0
CUST104758,25.0,Male,West,Standard,Monthly,Card,32,377.59,377.59,1,2.7,2.5,1.8,2,1,3.0,3.5,0,1
CUST104759,30.0,Male,South,Basic,Monthly,UPI,64,198.8,178.92,0,13.6,12.0,13.2,12,0,0.0,4.9,1,0
CUST104760,38.0,Male,West,Basic,Annual,Card,38,192.1,192.1,0,6.3,5.7,4.2,5,0,0.0,1.4,2,0
CUST104761,67.0,Female,South,Basic,Annual,Card,15,195.74,195.74,0,38.2,40.9,34.1,30,0,0.0,2.6,2,0
CUST104762,39.0,Male,South,Standard,Annual,Card,72,397.92,358.13,1,38.9,31.6,30.3,22,1,2.7,4.7,1,0
CUST104763,54.0,Male,West,Basic,Annual,Card,71,185.67,204.24,0,19.4,22.0,28.0,14,0,0.0,3.6,1,0
CUST104764,49.0,Female,East,Basic,Monthly,Wallet,32,213.52,192.17,0,7.0,9.1,10.8,4,2,1.6,4.4,0,1
CUST104765,40.0,Female,North,Basic,Annual,Card,26,207.09,207.09,0,8.1,9.0,9.8,6,0,0.0,3.2,0,0
CUST104766,25.0,Female,West,Standard,Annual,UPI,18,386.43,463.72,1,18.8,20.9,25.6,13,3,4.0,2.9,0,1
CUST104767,48.0,Male,West,Basic,Monthly,NetBanking,3,198.81,198.81,0,18.4,16.1,13.6,17,0,0.0,3.0,1,0
CUST104768,20.0,Female,North,Basic,Monthly,NetBanking,46,205.33,205.33,1,5.8,5.8,6.1,3,0,0.0,4.8,0,0
CUST104769,54.0,Female,West,Standard,Monthly,UPI,72,403.16,403.16,0,12.9,9.9,9.2,8,1,0.5,3.2,0,0
CUST104770,38.0,Female,North,Standard,Annual,Wallet,14,436.5,436.5,0,16.4,20.3,23.6,10,0,0.0,4.6,0,0
CUST104771,18.0,Male,South,Premium,Annual,UPI,8,690.66,828.79,1,32.4,36.2,41.8,26,3,7.1,4.6,0,0
CUST104772,32.0,Female,West,Standard,Annual,UPI,1,422.72,464.99,0,22.1,21.7,18.9,17,0,0.0,3.6,0,0
CUST104773,43.0,Female,North,Standard,Monthly,UPI,3,372.37,372.37,1,13.5,15.0,11.9,14,3,1.5,3.0,0,0
CUST104774,33.0,Female,West,Premium,Monthly,Card,25,657.73,657.73,0,33.8,31.5,25.5,27,0,0.0,3.3,1,0
CUST104775,44.0,Female,South,Standard,Monthly,UPI,20,432.61,432.61,0,37.2,27.5,23.0,30,1,3.4,5.0,2,0
CUST104776,27.0,Female,South,Standard,Annual,NetBanking,23,390.38,390.38,1,25.5,23.7,28.7,15,3,3.3,2.9,1,0
CUST104777,22.0,Female,South,Basic,Monthly,UPI,18,187.38,187.38,0,6.9,6.6,7.1,5,1,2.4,3.3,2,1
CUST104778,35.0,Female,East,Basic,Annual,NetBanking,4,198.53,238.24,1,15.5,17.3,18.5,8,1,2.6,2.4,2,1
CUST104779,36.0,Male,West,Basic,Monthly,UPI,21,211.58,190.42,0,13.0,13.1,13.1,12,1,4.2,3.0,0,1
CUST104780,32.0,Male,North,Basic,Monthly,UPI,21,191.4,191.4,0,12.0,12.6,11.2,12,0,0.0,3.4,0,0
CUST104781,50.0,Female,South,Premium,Monthly,Card,2,697.54,697.54,1,34.5,35.3,27.5,17,0,,4.9,0,0
CUST104782,27.0,Female,North,Basic,Annual,Card,14,180.55,216.66,0,36.4,51.8,53.4,29,0,0.0,3.5,0,1
CUST104783,39.0,Female,South,Standard,Monthly,UPI,26,389.65,389.65,0,13.4,12.8,11.6,10,0,0.0,3.4,1,1
CUST104784,37.0,Female,East,Premium,Annual,Card,14,733.85,733.85,0,15.0,19.1,17.5,16,2,0.8,4.1,0,0
CUST104785,19.0,Female,East,Standard,Monthly,Wallet,32,383.35,345.02,0,7.9,8.6,7.9,5,0,0.0,3.8,0,0
CUST104786,21.0,Female,South,Basic,Monthly,Card,5,186.34,204.97,1,32.5,37.0,37.4,21,0,0.0,2.7,0,1
CUST104787,36.0,Male,North,Premium,Monthly,Card,15,671.87,671.87,0,28.5,26.2,29.7,24,3,0.6,4.6,1,0
CUST104788,58.0,Female,East,Basic,Monthly,UPI,56,192.93,192.93,0,11.5,12.5,13.6,8,1,3.1,3.0,0,0
CUST104789,42.0,Male,South,Basic,Monthly,Card,22,206.61,206.61,0,12.3,14.4,17.4,9,3,4.6,3.3,1,0
CUST104790,18.0,Female,North,Basic,Monthly,UPI,33,202.78,202.78,0,21.4,17.5,15.9,15,0,0.0,4.2,1,0
CUST104791,18.0,Female,East,Basic,Monthly,Card,31,204.7,225.17,0,21.2,25.9,30.3,19,1,2.6,1.3,3,1
CUST104792,44.0,Male,North,Premium,Monthly,Card,30,699.99,699.99,0,17.4,13.4,15.0,18,1,3.5,3.2,0,0
CUST104793,35.0,Male,South,Basic,Monthly,UPI,4,192.83,212.11,0,27.4,26.5,28.3,21,2,6.6,2.7,1,0
CUST104794,49.0,Male,South,Premium,Monthly,UPI,4,671.87,671.87,0,23.0,24.6,25.4,17,1,0.5,2.4,0,0
CUST104795,26.0,Female,West,Basic,Annual,UPI,2,203.3,203.3,0,19.8,23.1,26.4,18,2,3.2,3.2,1,0
CUST104796,40.0,Male,South,Premium,Monthly,Card,10,754.54,754.54,0,13.0,19.0,27.1,11,2,5.4,,0,1
CUST104797,45.0,Male,West,Basic,Monthly,UPI,3,189.64,189.64,0,23.3,18.6,16.2,19,1,3.5,4.1,1,0
CUST104798,31.0,Female,North,Premium,Monthly,UPI,7,663.42,597.08,0,19.7,16.8,13.5,20,0,0.0,3.9,1,1
CUST104799,31.0,Male,North,Basic,Monthly,Card,21,187.7,225.24,0,13.6,12.8,14.3,8,0,0.0,3.8,0,1
CUST104800,36.0,Female,West,Premium,Monthly,UPI,13,728.06,873.67,0,14.2,15.1,18.2,11,0,0.0,5.0,0,1
CUST104801,42.0,Female,North,Premium,Monthly,UPI,12,697.53,767.28,1,11.5,13.2,11.8,7,4,0.2,2.4,0,1
CUST104802,36.0,Male,South,Standard,Monthly,Wallet,2,410.08,451.09,1,18.8,20.5,23.4,13,3,6.8,1.4,1,1
CUST104803,47.0,Male,South,Basic,Annual,NetBanking,29,193.95,193.95,0,25.6,22.6,18.6,14,3,0.6,2.2,0,0
CUST104804,31.0,Female,East,Standard,Annual,UPI,17,411.33,411.33,1,9.1,12.8,15.4,7,2,1.5,4.4,0,0
CUST104805,21.0,Female,North,Standard,Monthly,Card,3,393.26,432.59,1,13.9,16.1,16.1,12,1,2.9,3.3,0,1
CUST104806,58.0,Male,West,Standard,Monthly,NetBanking,28,368.18,405.0,1,26.4,29.3,26.4,7,1,1.1,2.7,0,0
CUST104807,29.0,Female,North,Standard,Monthly,UPI,25,417.41,417.41,0,15.1,13.3,9.8,11,2,1.8,4.0,0,0
CUST104808,30.0,Female,North,Premium,Monthly,NetBanking,6,697.73,697.73,0,17.6,19.2,24.5,14,1,5.9,5.0,0,0
CUST104809,35.0,Male,South,Premium,Annual,UPI,6,688.16,688.16,0,10.4,7.9,6.2,8,1,7.4,3.4,0,0
CUST104810,37.0,Female,South,Standard,Monthly,Card,26,404.61,445.07,0,9.8,14.7,22.5,5,2,1.7,4.0,1,1
CUST104811,32.0,Female,West,Basic,Monthly,NetBanking,9,184.63,166.17,0,13.6,13.7,14.9,13,0,0.0,5.0,0,0
CUST104812,36.0,Male,South,Basic,Annual,NetBanking,4,203.29,203.29,0,15.7,11.3,10.5,16,0,0.0,5.0,0,0
CUST104813,36.0,Female,West,Standard,Annual,Card,12,387.11,348.4,0,21.0,21.3,20.8,22,3,1.2,3.6,1,0
CUST104814,38.0,Male,South,Premium,Monthly,UPI,8,693.54,832.25,0,34.4,55.8,87.7,24,2,3.3,3.3,0,1
CUST104815,18.0,Male,North,Basic,Annual,UPI,9,210.34,189.31,0,9.8,10.9,9.3,8,0,0.0,3.7,0,0
CUST104816,57.0,Male,South,Basic,Annual,UPI,4,205.39,184.85,0,7.3,9.4,11.3,5,1,4.1,1.4,0,1
CUST104817,34.0,Female,West,Basic,Annual,NetBanking,23,197.25,216.98,0,6.8,5.2,5.9,4,1,2.1,2.3,1,0
CUST104818,42.0,Female,South,Basic,Monthly,Card,44,197.99,178.19,0,18.6,19.4,19.1,11,2,4.4,3.8,0,0
CUST104819,21.0,Female,North,Premium,Annual,Card,9,609.51,609.51,0,21.1,26.7,32.4,18,1,,5.0,0,0
CUST104820,31.0,Male,West,Standard,Monthly,Card,16,382.6,344.34,1,12.0,12.0,11.1,12,1,1.0,3.0,0,0
CUST104821,29.0,Female,East,Basic,Monthly,Wallet,4,200.66,200.66,0,18.0,19.1,21.0,19,2,2.9,3.1,1,1
CUST104822,52.0,Female,South,Basic,Monthly,Card,9,191.4,191.4,1,27.7,26.7,37.2,22,1,5.5,4.0,0,0
CUST104823,30.0,Male,West,Basic,Monthly,UPI,46,185.8,167.22,1,15.0,18.0,14.0,10,0,0.0,5.0,1,0
CUST104824,44.0,Male,North,Standard,Monthly,NetBanking,4,408.58,408.58,0,14.4,12.0,12.8,11,0,0.0,3.0,1,0
CUST104825,29.0,Female,South,Standard,Monthly,NetBanking,9,425.06,510.07,1,8.9,9.2,9.8,9,2,1.1,2.9,0,1
CUST104826,31.0,Male,North,Basic,Monthly,Card,3,191.82,191.82,0,20.5,18.2,14.8,23,1,3.1,3.6,0,1
CUST104827,33.0,Female,West,Basic,Annual,Card,6,207.71,207.71,0,11.4,11.8,11.7,12,1,1.8,3.7,2,0
CUST104828,50.0,Female,North,Premium,Monthly,Wallet,27,724.33,651.9,0,23.1,27.9,37.2,23,0,0.0,,2,1
CUST104829,18.0,Male,West,Premium,Monthly,UPI,47,664.86,664.86,0,14.8,16.9,17.1,16,1,4.5,4.0,0,0
CUST104830,22.0,Other,East,Standard,Annual,Card,20,384.48,384.48,1,15.7,16.7,18.0,13,1,2.0,4.2,0,0
CUST104831,18.0,Female,North,Standard,Monthly,Card,2,434.97,478.47,0,5.9,5.6,5.0,5,1,3.1,3.9,1,1
CUST104832,24.0,Male,South,Premium,Annual,NetBanking,5,659.96,725.96,0,28.1,27.7,34.1,28,2,5.8,3.3,0,0
CUST104833,27.0,Female,East,Standard,Monthly,Wallet,4,386.85,386.85,0,25.0,22.4,22.5,23,0,0.0,2.5,1,0
CUST104834,18.0,Male,North,Premium,Monthly,UPI,19,767.7,767.7,0,11.2,10.1,9.9,11,1,0.8,2.3,0,1
CUST104835,28.0,Female,South,Basic,Monthly,UPI,1,193.34,193.34,0,23.3,25.7,26.4,16,1,0.8,2.8,0,0
CUST104836,18.0,Male,South,Basic,Monthly,UPI,58,212.46,212.46,0,9.6,7.6,6.2,10,1,1.8,4.7,1,0
CUST104837,25.0,Male,West,Basic,Monthly,Card,3,188.83,188.83,0,23.5,21.3,25.0,16,1,2.5,5.0,0,0
CUST104838,49.0,Male,South,Premium,Monthly,NetBanking,1,703.83,633.45,1,21.3,20.4,24.4,22,0,0.0,2.5,1,1
CUST104839,40.0,Male,South,Standard,Monthly,Card,2,420.66,504.79,0,33.2,32.7,30.2,26,0,0.0,4.8,1,0
CUST104840,38.0,Male,South,Basic,Monthly,Card,33,194.35,194.35,0,21.0,20.0,21.4,15,2,0.8,1.8,0,0
CUST104841,25.0,Male,South,Premium,Annual,Card,4,702.49,842.99,0,10.7,13.2,15.3,4,2,4.9,4.0,1,1
CUST104842,19.0,Female,West,Premium,Monthly,Card,38,725.02,870.02,0,18.1,26.0,30.3,14,3,3.2,2.7,1,0
CUST104843,23.0,Male,North,Basic,Annual,UPI,21,190.03,209.03,0,14.7,15.9,11.8,8,0,0.0,1.7,0,0
CUST104844,36.0,Male,East,Standard,Annual,UPI,4,443.7,443.7,0,32.3,23.2,23.6,20,0,0.0,2.8,0,0
CUST104845,46.0,Male,West,Standard,Monthly,UPI,11,419.7,419.7,0,7.6,7.2,5.8,7,1,3.3,3.0,0,0
CUST104846,,Female,North,Basic,Annual,UPI,29,195.45,195.45,1,17.7,22.9,25.4,9,2,2.3,3.8,0,0
CUST104847,43.0,Male,West,Standard,Annual,Card,7,394.32,433.75,0,10.4,11.9,15.5,11,1,3.3,3.6,0,0
CUST104848,28.0,Female,West,Basic,Monthly,UPI,5,218.02,218.02,0,36.3,36.0,33.1,47,2,1.4,,3,1
CUST104849,36.0,Female,East,Premium,Monthly,UPI,7,686.6,686.6,0,18.7,25.3,27.3,13,1,4.3,3.3,3,1
CUST104850,32.0,Male,East,Premium,Monthly,UPI,53,682.5,819.0,0,22.0,20.3,17.9,23,1,,4.6,0,0
CUST104851,34.0,Other,North,Premium,Annual,Card,20,739.06,739.06,0,14.8,17.5,16.5,8,0,0.0,2.9,1,0
CUST104852,58.0,Male,West,Standard,Monthly,NetBanking,23,371.06,371.06,0,23.7,25.7,23.1,21,0,0.0,4.4,0,0
CUST104853,18.0,Female,South,Basic,Monthly,Card,35,198.22,218.04,0,10.7,11.9,13.1,9,1,3.3,5.0,1,0
CUST104854,33.0,Male,East,Basic,Annual,Card,23,199.84,179.86,0,11.1,12.9,16.3,16,1,0.6,4.1,0,0
CUST104855,49.0,Female,North,Standard,Monthly,Card,2,384.96,423.46,0,32.1,24.8,21.5,23,2,4.8,3.9,1,1
CUST104856,20.0,Female,North,Basic,Monthly,UPI,26,183.42,220.1,0,48.6,45.9,39.9,43,2,3.0,2.7,1,0
CUST104857,29.0,Male,West,Standard,Monthly,Card,4,400.38,480.46,1,6.3,5.9,5.5,5,2,4.0,5.0,0,1
CUST104858,30.0,Male,East,Basic,Annual,Card,22,205.85,205.85,0,12.6,13.2,15.9,9,1,0.7,2.8,0,0
CUST104859,34.0,Male,South,Basic,Monthly,UPI,1,192.24,230.69,0,27.5,29.6,35.3,21,1,3.7,3.5,0,0
CUST104860,18.0,Male,East,Standard,Monthly,Card,19,375.46,450.55,0,21.3,19.6,17.7,16,1,0.8,1.4,0,0
CUST104861,43.0,Other,West,Standard,Monthly,Card,6,424.06,466.47,1,11.5,9.4,7.7,8,1,3.8,2.9,1,0
CUST104862,43.0,Female,East,Standard,Monthly,UPI,7,409.54,409.54,0,14.3,12.6,11.2,12,1,2.8,4.3,0,0
CUST104863,42.0,Female,West,Standard,Annual,UPI,5,391.78,430.96,0,11.9,12.2,13.8,7,3,1.5,3.0,1,0
CUST104864,26.0,Female,West,Basic,Monthly,Card,4,208.16,208.16,1,22.8,23.1,25.7,16,2,2.6,4.4,0,0
CUST104865,37.0,Female,West,Standard,Monthly,Card,24,403.82,403.82,1,11.4,13.6,16.7,14,1,1.1,3.8,1,1
CUST104866,26.0,Female,South,Standard,Annual,UPI,4,434.69,434.69,0,14.4,21.1,30.4,11,0,0.0,4.3,0,0
CUST104867,32.0,Male,North,Standard,Monthly,Wallet,23,412.25,412.25,0,24.8,,24.2,24,0,0.0,4.8,1,1
CUST104868,60.0,Male,West,Basic,Monthly,NetBanking,15,185.17,185.17,0,19.7,19.9,20.7,15,2,3.2,,0,0
CUST104869,37.0,Male,West,Standard,Annual,Card,2,385.86,385.86,0,29.3,39.1,61.7,28,2,1.3,4.2,0,0
CUST104870,23.0,Male,South,Basic,Annual,Wallet,2,192.92,192.92,0,11.3,13.0,17.7,9,1,2.3,3.2,0,1
CUST104871,38.0,Male,South,Standard,Monthly,UPI,31,405.18,405.18,0,14.2,13.0,12.2,4,2,4.6,2.8,1,1
CUST104872,21.0,Male,South,Basic,Monthly,UPI,22,195.98,195.98,0,10.6,9.6,9.0,8,0,0.0,2.8,0,0
CUST104873,23.0,Male,West,Premium,Monthly,Wallet,12,659.6,659.6,1,13.1,17.2,22.3,8,1,2.1,4.0,0,0
CUST104874,25.0,Male,West,Premium,Monthly,UPI,9,719.59,719.59,0,8.1,7.1,6.2,6,0,0.0,,0,0
CUST104875,31.0,Male,North,Standard,Monthly,UPI,12,418.95,418.95,0,4.2,5.0,6.1,4,2,1.6,4.2,0,0
CUST104876,46.0,Male,South,Premium,Monthly,UPI,13,695.41,695.41,0,7.5,6.5,5.7,9,0,0.0,2.3,0,0
CUST104877,42.0,Male,South,Standard,Monthly,Wallet,51,403.18,483.82,0,25.3,24.7,22.5,13,3,5.2,4.1,1,0
CUST104878,42.0,Male,West,Basic,Monthly,Card,14,189.37,227.24,1,7.8,7.3,7.6,6,2,3.0,3.8,0,0
CUST104879,24.0,Female,South,Standard,Annual,Card,4,388.58,427.44,0,20.8,23.7,28.2,17,1,2.0,2.7,1,1
CUST104880,30.0,Female,South,Premium,Annual,UPI,15,682.17,682.17,0,13.5,13.9,13.9,11,3,2.7,4.1,1,0
CUST104881,39.0,Male,South,Basic,Annual,Wallet,59,204.56,204.56,0,14.7,12.5,13.2,12,1,1.9,4.0,0,0
CUST104882,29.0,Male,West,Basic,Monthly,Card,11,201.55,181.4,1,8.3,9.0,10.5,8,2,1.7,2.0,0,1
CUST104883,33.0,Male,North,Standard,Monthly,Card,53,392.42,392.42,0,12.2,14.7,15.6,9,0,0.0,4.0,0,0
CUST104884,41.0,Male,South,Basic,Monthly,UPI,50,195.32,234.38,0,18.8,16.8,15.3,14,0,0.0,1.3,1,1
CUST104885,32.0,Male,South,Standard,Monthly,Card,6,359.74,395.71,0,7.9,7.7,8.0,7,0,0.0,4.5,1,1
CUST104886,38.0,Female,West,Standard,Annual,UPI,27,431.04,387.94,0,11.8,10.6,9.9,8,1,2.4,2.9,1,0
CUST104887,54.0,Male,North,Standard,Annual,UPI,28,357.4,357.4,0,17.3,17.2,15.3,12,3,6.8,1.4,0,1
CUST104888,34.0,Male,North,Basic,Monthly,NetBanking,1,203.2,203.2,0,21.1,16.7,12.5,17,2,2.4,1.0,0,1
CUST104889,49.0,Female,South,Basic,Monthly,UPI,72,199.38,239.26,0,14.9,19.4,26.5,10,1,1.2,3.9,0,0
CUST104890,42.0,Female,South,Premium,Monthly,UPI,9,689.71,689.71,0,36.9,26.0,26.2,22,0,0.0,3.7,2,0
CUST104891,20.0,Male,West,Basic,Annual,NetBanking,21,198.92,238.7,0,16.9,18.6,17.2,10,4,4.1,2.5,0,0
CUST104892,24.0,Male,West,Standard,Monthly,Card,21,385.77,347.19,0,23.3,20.9,17.4,18,2,2.0,3.6,1,1
CUST104893,27.0,Female,North,Basic,Monthly,UPI,1,205.5,226.05,1,18.9,20.1,16.1,20,2,0.7,3.3,0,0
CUST104894,27.0,Male,West,Basic,Monthly,UPI,5,185.93,223.12,0,13.6,13.6,14.3,12,1,0.9,4.3,1,1
CUST104895,35.0,Female,North,Standard,Annual,Card,19,405.54,405.54,0,5.6,5.3,5.4,3,1,2.6,3.5,0,0
CUST104896,43.0,Female,West,Basic,Monthly,Card,4,192.26,230.71,0,24.8,26.2,30.3,28,1,4.7,3.1,2,0
CUST104897,50.0,Male,South,Standard,Monthly,UPI,21,390.48,468.58,0,24.7,23.6,20.4,17,0,0.0,3.3,0,0
CUST104898,39.0,Female,South,Standard,Annual,UPI,20,391.02,391.02,0,36.2,42.2,40.7,41,2,2.6,3.5,1,0
CUST104899,31.0,Male,West,Premium,Annual,UPI,1,693.22,693.22,0,13.7,13.9,13.2,11,2,4.9,3.8,2,1
CUST104900,18.0,Male,West,Premium,Monthly,Card,28,716.55,859.86,1,43.1,76.6,144.1,37,2,8.9,2.7,0,1
CUST104901,37.0,Male,West,Basic,Annual,Card,25,198.64,178.78,0,24.0,25.5,30.0,17,2,,2.8,0,0
CUST104902,36.0,Other,East,Basic,Monthly,Wallet,4,208.28,229.11,0,29.4,36.2,39.7,22,0,0.0,,0,1
CUST104903,38.0,Male,West,Premium,Annual,Card,14,735.52,735.52,1,8.6,6.7,6.1,9,0,0.0,4.1,0,0
CUST104904,59.0,Male,East,Basic,Monthly,Wallet,8,202.07,202.07,0,17.8,15.6,15.2,14,0,0.0,2.9,1,1
CUST104905,50.0,Female,South,Basic,Annual,UPI,3,205.79,185.21,0,33.4,29.7,37.5,33,1,4.3,2.3,1,0
CUST104906,45.0,Male,North,Basic,Annual,UPI,17,219.15,219.15,0,8.5,9.1,10.3,7,3,2.8,3.1,1,0
CUST104907,25.0,Female,East,Standard,Monthly,Card,16,370.8,370.8,0,2.5,2.4,1.9,2,1,,4.0,0,1
CUST104908,30.0,Female,North,Basic,Monthly,NetBanking,48,209.71,188.74,0,13.1,10.7,9.8,12,0,,4.1,0,0
CUST104909,35.0,Female,West,Basic,Annual,Wallet,21,214.37,235.81,0,37.2,32.1,23.6,29,2,1.9,1.9,0,0
CUST104910,27.0,Female,North,Standard,Monthly,UPI,1,407.65,366.88,0,30.9,27.3,29.8,20,2,3.4,3.6,0,0
CUST104911,42.0,Female,South,Standard,Annual,UPI,9,436.99,393.29,0,16.8,13.3,8.4,11,3,0.6,3.9,1,0
CUST104912,40.0,Male,South,Basic,Monthly,UPI,7,216.65,216.65,1,11.9,11.2,11.9,11,0,0.0,3.4,0,0
CUST104913,24.0,Other,West,Standard,Monthly,Card,22,392.28,392.28,1,22.2,22.5,21.8,8,1,0.6,,0,1
CUST104914,49.0,Female,South,Standard,Annual,Wallet,53,393.8,354.42,0,30.9,24.3,22.2,27,1,0.9,4.7,1,0
CUST104915,37.0,Female,West,Basic,Monthly,Card,32,204.28,183.85,0,24.0,20.7,17.4,12,2,0.3,4.4,0,1
CUST104916,18.0,Female,South,Basic,Annual,UPI,42,192.79,192.79,0,33.2,32.7,34.3,28,1,6.0,2.6,0,0
CUST104917,35.0,Female,North,Basic,Monthly,UPI,11,225.98,225.98,0,33.2,39.3,46.8,35,0,0.0,4.0,0,0
CUST104918,,Female,West,Basic,Monthly,NetBanking,2,206.85,206.85,0,21.2,21.3,23.3,13,0,0.0,2.7,1,1
CUST104919,47.0,Male,North,Premium,Monthly,UPI,5,700.63,700.63,0,24.7,22.9,20.7,22,1,0.8,4.0,1,1
CUST104920,32.0,Female,West,Basic,Monthly,UPI,2,184.97,203.47,0,18.9,15.9,12.2,19,1,2.7,3.1,0,0
CUST104921,45.0,Female,South,Premium,Annual,Card,3,707.8,707.8,0,6.0,4.1,2.6,4,2,2.7,2.3,0,0
CUST104922,38.0,Female,North,Basic,Monthly,Card,4,187.2,187.2,1,19.2,20.3,19.5,13,0,0.0,2.4,1,0
CUST104923,22.0,Male,North,Basic,Monthly,Card,23,206.56,185.9,0,8.7,8.1,7.4,8,3,3.6,,0,0
CUST104924,20.0,Male,West,Standard,Annual,Wallet,45,349.08,349.08,0,8.0,10.2,11.4,8,0,0.0,3.3,0,0
CUST104925,48.0,Female,South,Premium,Monthly,Card,1,747.36,747.36,0,27.5,26.2,27.7,35,1,2.2,5.0,0,0
CUST104926,49.0,Male,South,Basic,Monthly,Wallet,8,194.78,194.78,1,12.7,13.0,13.6,8,0,0.0,5.0,1,0
CUST104927,40.0,Female,East,Basic,Annual,Card,21,182.17,163.95,1,15.2,13.0,10.9,14,0,0.0,5.0,0,0
CUST104928,52.0,Female,West,Standard,Annual,NetBanking,3,398.67,398.67,1,10.0,10.9,12.0,7,1,4.7,1.5,1,1
CUST104929,48.0,Male,West,Basic,Monthly,UPI,6,199.17,219.09,1,11.0,11.4,11.5,6,1,0.9,3.4,0,1
CUST104930,44.0,Male,West,Standard,Annual,NetBanking,22,397.72,397.72,0,16.4,16.4,16.3,12,3,6.0,,1,1
CUST104931,26.0,Female,North,Premium,Monthly,UPI,8,747.22,896.66,0,19.8,21.3,20.9,15,5,2.1,3.0,1,1
CUST104932,55.0,Male,North,Basic,Monthly,NetBanking,40,202.79,223.07,0,15.9,12.4,13.3,13,0,0.0,3.7,3,0
CUST104933,42.0,Female,West,Premium,Monthly,UPI,40,726.82,726.82,1,21.9,,29.3,19,2,0.7,4.8,1,0
CUST104934,32.0,Male,West,Basic,Annual,Card,14,196.53,176.88,0,25.4,31.2,37.5,21,1,1.2,2.5,1,1
CUST104935,29.0,Male,West,Premium,Monthly,Wallet,2,713.92,642.53,0,6.7,8.6,9.8,7,1,2.4,4.0,0,1
CUST104936,39.0,Male,West,Premium,Annual,UPI,1,653.27,653.27,0,22.5,31.0,36.7,26,3,3.1,3.1,0,1
CUST104937,18.0,Female,West,Standard,Monthly,Card,9,404.15,404.15,0,19.2,19.1,17.6,15,0,0.0,,1,0
CUST104938,44.0,Female,South,Premium,Monthly,Card,2,672.5,739.75,0,19.0,21.3,25.6,13,3,0.6,3.8,1,0
CUST104939,26.0,Female,South,Premium,Annual,UPI,5,745.12,670.61,0,9.0,7.7,8.0,7,1,1.4,4.0,0,0
CUST104940,40.0,Male,West,Basic,Annual,NetBanking,23,199.75,239.7,1,14.0,15.9,14.8,11,2,1.1,4.2,0,0
CUST104941,30.0,Female,North,Basic,Monthly,NetBanking,27,205.6,205.6,1,23.4,31.4,37.1,16,3,1.8,3.6,1,0
CUST104942,33.0,Male,South,Basic,Monthly,Card,39,201.61,201.61,0,8.3,8.9,8.2,4,0,0.0,4.2,0,1
CUST104943,28.0,Female,North,Standard,Annual,UPI,44,435.04,435.04,1,47.2,74.0,118.1,25,3,3.8,2.3,0,0
CUST104944,,Female,East,Standard,Monthly,Card,1,367.87,367.87,1,27.5,30.5,39.1,26,2,7.8,3.0,0,0
CUST104945,57.0,Male,West,Standard,Monthly,Card,8,396.73,357.06,0,10.4,10.8,10.7,10,1,1.7,2.5,1,0
CUST104946,51.0,Female,West,Standard,Monthly,NetBanking,4,379.85,341.86,0,14.6,18.1,20.8,13,2,2.3,3.0,0,1
CUST104947,40.0,Male,South,Basic,Annual,Card,1,178.61,178.61,1,7.7,7.3,6.8,6,0,0.0,4.2,0,0
CUST104948,36.0,Male,North,Basic,Monthly,UPI,58,188.8,188.8,0,28.1,25.8,23.4,20,1,1.8,2.1,2,0
CUST104949,45.0,Female,South,Basic,Monthly,Card,1,210.66,210.66,0,16.0,17.4,19.7,8,1,6.8,4.3,1,1
CUST104950,48.0,Female,West,Premium,Monthly,Card,23,697.95,697.95,0,19.5,13.9,11.6,13,1,1.4,,3,1
CUST104951,27.0,Male,South,Basic,Monthly,Card,53,196.81,196.81,0,17.5,22.5,24.8,11,0,0.0,3.7,0,0
CUST104952,35.0,Female,East,Basic,Monthly,Card,45,206.7,206.7,1,24.2,22.5,17.3,13,2,3.3,3.3,0,0
CUST104953,18.0,Male,North,Basic,Monthly,UPI,2,200.15,200.15,0,10.3,8.8,7.6,9,1,3.9,3.7,0,1
CUST104954,48.0,Female,East,Premium,Monthly,Wallet,9,720.44,864.53,0,53.6,63.4,69.8,35,4,2.3,1.0,2,1
CUST104955,59.0,Female,North,Basic,Monthly,Card,1,202.21,202.21,1,24.2,20.9,20.2,20,0,0.0,3.7,0,1
CUST104956,37.0,Male,East,Standard,Monthly,NetBanking,29,409.83,368.85,0,25.8,20.0,19.8,13,3,3.0,2.4,0,1
CUST104957,18.0,Female,East,Basic,Annual,UPI,19,194.53,233.44,0,20.3,16.6,15.8,19,1,1.5,,0,0
CUST104958,43.0,Female,South,Basic,Monthly,Card,8,209.42,209.42,0,10.2,8.4,7.5,9,0,0.0,4.6,0,0
CUST104959,26.0,Female,North,Standard,Monthly,Card,1,374.82,374.82,0,14.7,,11.6,10,1,0.7,3.1,1,0
CUST104960,29.0,Male,North,Standard,Monthly,Card,20,397.28,357.55,0,13.6,15.3,15.0,15,2,1.2,2.5,0,0
CUST104961,43.0,Male,South,Standard,Monthly,NetBanking,8,420.88,420.88,0,30.5,,42.3,24,2,1.2,3.6,0,1
CUST104962,39.0,Female,West,Basic,Annual,UPI,1,197.47,197.47,0,10.8,10.7,9.1,9,0,0.0,2.6,0,0
CUST104963,31.0,Female,South,Premium,Annual,Card,31,683.94,683.94,0,18.0,20.7,21.4,9,2,1.9,4.5,1,0
CUST104964,29.0,Female,West,Standard,Annual,Card,1,444.65,489.12,0,8.5,9.8,10.0,5,6,3.8,4.2,0,0
CUST104965,37.0,Female,South,Premium,Monthly,Card,3,748.58,823.44,1,23.9,25.7,28.7,16,0,0.0,2.4,0,0
CUST104966,31.0,Female,West,Basic,Annual,UPI,21,200.41,200.41,0,12.1,,11.4,12,1,3.3,,1,0
CUST104967,24.0,Male,South,Basic,Monthly,Card,32,189.34,189.34,1,1.2,1.4,1.5,1,2,5.7,4.8,0,0
CUST104968,32.0,Female,North,Basic,Monthly,UPI,2,178.75,196.63,0,25.1,27.0,25.7,17,0,0.0,3.3,0,1
CUST104969,40.0,Female,South,Standard,Monthly,UPI,12,413.14,413.14,0,28.9,28.7,37.7,24,1,1.5,3.0,0,0
CUST104970,34.0,Male,East,Standard,Monthly,UPI,7,424.25,381.82,0,41.7,53.9,80.8,41,1,6.0,2.9,1,1
CUST104971,20.0,Male,South,Standard,Monthly,Card,1,406.9,488.28,0,16.3,17.7,17.9,12,2,1.3,,1,1
CUST104972,47.0,Female,West,Basic,Monthly,UPI,19,181.98,218.38,0,20.2,15.5,14.7,10,0,0.0,5.0,1,0
CUST104973,18.0,Female,North,Basic,Annual,UPI,1,200.6,180.54,0,17.4,21.0,21.2,16,0,0.0,3.5,0,0
CUST104974,31.0,Female,West,Basic,Annual,NetBanking,15,194.16,194.16,0,14.4,15.7,17.1,13,3,1.9,4.6,0,1
CUST104975,29.0,Male,East,Premium,Monthly,UPI,4,704.65,704.65,0,27.1,22.9,29.5,23,1,1.8,2.3,0,1
CUST104976,38.0,Female,East,Basic,Monthly,UPI,20,218.34,262.01,0,14.0,15.4,16.8,14,0,0.0,4.3,0,0
CUST104977,42.0,Male,West,Basic,Monthly,Card,24,206.85,227.54,0,24.3,21.9,22.9,25,0,0.0,2.9,1,0
CUST104978,48.0,Male,South,Basic,Annual,UPI,24,204.73,184.26,1,3.5,3.5,4.0,3,2,8.5,3.5,1,0
CUST104979,28.0,Female,East,Basic,Monthly,UPI,11,198.55,198.55,0,12.1,10.7,10.0,7,0,0.0,3.4,0,0
CUST104980,42.0,Female,North,Premium,Monthly,UPI,7,713.49,713.49,0,27.5,31.9,36.3,14,1,5.7,2.5,1,0
CUST104981,38.0,Female,East,Basic,Monthly,UPI,1,191.81,210.99,0,17.9,18.6,22.8,16,0,0.0,4.1,0,0
CUST104982,18.0,Female,South,Premium,Monthly,NetBanking,58,718.4,718.4,0,29.5,30.8,30.7,24,2,2.2,2.1,1,0
CUST104983,57.0,Female,North,Standard,Monthly,NetBanking,4,395.14,395.14,0,18.1,18.3,19.2,15,0,0.0,4.5,0,0
CUST104984,20.0,Male,East,Standard,Annual,Card,1,382.6,382.6,0,26.5,21.7,19.1,30,2,,4.0,0,0
CUST104985,41.0,Male,North,Standard,Annual,Card,49,415.26,415.26,1,11.9,11.9,11.1,12,3,6.0,3.2,0,0
CUST104986,40.0,Female,South,Standard,Annual,Wallet,6,354.48,389.93,0,24.6,25.1,21.3,19,0,0.0,,0,0
CUST104987,39.0,Female,North,Standard,Monthly,UPI,35,388.13,388.13,1,22.3,14.3,13.9,15,0,0.0,4.5,0,0
CUST104988,31.0,Male,West,Basic,Monthly,Wallet,1,205.1,205.1,0,16.9,19.9,20.1,16,0,0.0,4.6,0,0
CUST104989,45.0,Male,South,Premium,Annual,UPI,58,741.8,890.16,0,26.7,25.4,21.4,24,2,3.3,2.8,0,0
CUST104990,19.0,Male,North,Basic,Monthly,Wallet,3,203.69,183.32,0,28.8,29.2,26.6,22,0,0.0,4.0,1,0
CUST104991,35.0,Male,West,Basic,Monthly,Card,2,192.31,230.77,1,25.5,17.1,17.2,6,2,1.3,2.9,1,0
CUST104992,30.0,Female,West,Basic,Annual,UPI,3,198.49,178.64,0,27.2,30.5,28.6,17,0,0.0,4.3,0,0
CUST104993,29.0,Male,South,Standard,Monthly,UPI,61,404.81,404.81,0,22.4,27.6,34.0,22,0,0.0,3.1,1,0
CUST104994,41.0,Male,North,Basic,Monthly,Card,6,214.53,257.44,1,9.5,10.0,8.5,5,1,3.1,3.8,1,1
CUST104995,48.0,Female,South,Basic,Monthly,Card,24,208.16,187.34,1,19.0,,20.8,17,2,0.7,3.2,1,0
CUST104996,32.0,Female,West,Basic,Monthly,Card,18,208.23,229.05,0,17.0,16.4,13.0,15,1,4.2,4.4,1,1
CUST104997,45.0,Male,North,Basic,Monthly,Card,2,199.65,199.65,1,21.2,20.4,19.4,13,3,2.4,,0,1
CUST104998,37.0,Male,North,Basic,Monthly,Wallet,15,188.34,188.34,1,29.0,30.9,30.4,28,0,0.0,4.1,0,1
CUST104999,26.0,Male,South,Premium,Monthly,Wallet,16,649.86,649.86,0,25.9,25.9,32.2,20,3,5.8,2.6,1,1
