rank,customer_id,churn_probability,risk_tier,review_reasons,suggested_action,plan,contract,tenure_months,monthly_charges
1,CUST100147,0.9561,High,Usage dropped sharply over 3 months; Frequent support contacts; Low satisfaction score; Month-to-month contract (no lock-in),Priority callback from support lead,Basic,Monthly,11,202.0
2,CUST103992,0.9549,High,Usage dropped sharply over 3 months; Frequent support contacts; Low satisfaction score; Repeated late payments,Priority callback from support lead,Standard,Monthly,10,411.57
3,CUST103814,0.9544,High,Very low engagement (usage/logins); Frequent support contacts; Slow support resolution; Low satisfaction score,Priority callback from support lead,Standard,Monthly,1,365.66
4,CUST102247,0.9524,High,Usage dropped sharply over 3 months; Frequent support contacts; Month-to-month contract (no lock-in); New customer (tenure <= 6 months),Priority callback from support lead,Standard,Monthly,1,362.77
5,CUST102870,0.9521,High,Usage dropped sharply over 3 months; Slow support resolution; Low satisfaction score; Month-to-month contract (no lock-in),Priority callback from support lead,Basic,Monthly,5,190.92
6,CUST100830,0.952,High,Usage dropped sharply over 3 months; Frequent support contacts; Slow support resolution; Low satisfaction score,Priority callback from support lead,Basic,Annual,13,190.88
7,CUST100317,0.9507,High,Usage dropped sharply over 3 months; Frequent support contacts; Month-to-month contract (no lock-in); New customer (tenure <= 6 months),Priority callback from support lead,Premium,Monthly,1,716.13
8,CUST100225,0.9501,High,Frequent support contacts; Slow support resolution; Low satisfaction score; Month-to-month contract (no lock-in),Priority callback from support lead,Basic,Monthly,1,189.2
9,CUST102578,0.9477,High,Usage dropped sharply over 3 months; Slow support resolution; Low satisfaction score; Repeated late payments,Priority callback from support lead,Standard,Annual,1,404.46
10,CUST101216,0.9475,High,Very low engagement (usage/logins); Low satisfaction score; Recent price increase; Month-to-month contract (no lock-in),Offer loyalty discount / plan review,Premium,Monthly,12,752.85
11,CUST103786,0.9454,High,Usage dropped sharply over 3 months; Slow support resolution; Recent price increase; New customer (tenure <= 6 months),Offer loyalty discount / plan review,Basic,Annual,2,189.69
12,CUST104791,0.9441,High,Usage dropped sharply over 3 months; Low satisfaction score; Repeated late payments; Month-to-month contract (no lock-in),Priority callback from support lead,Basic,Monthly,31,204.7
13,CUST100040,0.9439,High,Low satisfaction score; Recent price increase; Month-to-month contract (no lock-in); New customer (tenure <= 6 months),Offer loyalty discount / plan review,Basic,Monthly,2,185.89
14,CUST104469,0.9428,High,Usage dropped sharply over 3 months; Low satisfaction score; Month-to-month contract (no lock-in),Priority callback from support lead,Basic,Monthly,15,180.4
15,CUST102335,0.9418,High,Frequent support contacts; Slow support resolution; Low satisfaction score; Month-to-month contract (no lock-in),Priority callback from support lead,Standard,Monthly,1,419.53
16,CUST104733,0.9416,High,Usage dropped sharply over 3 months; Frequent support contacts; Low satisfaction score; New customer (tenure <= 6 months),Priority callback from support lead,Basic,Annual,4,176.38
17,CUST100160,0.9397,High,Low satisfaction score; Month-to-month contract (no lock-in),Priority callback from support lead,Basic,Monthly,12,203.68
18,CUST103682,0.9394,High,Slow support resolution; Low satisfaction score; Month-to-month contract (no lock-in); New customer (tenure <= 6 months),Priority callback from support lead,Basic,Monthly,2,192.48
19,CUST104713,0.9378,High,Usage dropped sharply over 3 months; Very low engagement (usage/logins); Frequent support contacts; Slow support resolution,Priority callback from support lead,Premium,Monthly,2,683.74
20,CUST102802,0.9373,High,Usage dropped sharply over 3 months; Slow support resolution; Repeated late payments; Month-to-month contract (no lock-in),Priority callback from support lead,Standard,Monthly,10,371.25
21,CUST104042,0.9372,High,Frequent support contacts; Slow support resolution; Low satisfaction score; Month-to-month contract (no lock-in),Priority callback from support lead,Basic,Monthly,3,189.72
22,CUST103262,0.9372,High,Low satisfaction score; Repeated late payments; Month-to-month contract (no lock-in); New customer (tenure <= 6 months),Priority callback from support lead,Standard,Monthly,2,396.56
23,CUST102178,0.9337,High,Low satisfaction score; Recent price increase; Month-to-month contract (no lock-in); New customer (tenure <= 6 months),Offer loyalty discount / plan review,Basic,Monthly,5,193.2
24,CUST101237,0.9322,High,Usage dropped sharply over 3 months; Frequent support contacts; Repeated late payments; Month-to-month contract (no lock-in),Priority callback from support lead,Standard,Monthly,4,369.02
25,CUST103852,0.9322,High,Usage dropped sharply over 3 months; Frequent support contacts; Slow support resolution; Low satisfaction score,Priority callback from support lead,Basic,Monthly,6,193.17
26,CUST103055,0.9319,High,Repeated late payments; Recent price increase; Month-to-month contract (no lock-in),Offer loyalty discount / plan review,Basic,Monthly,16,176.38
27,CUST100157,0.9311,High,Slow support resolution; Recent price increase; Month-to-month contract (no lock-in); New customer (tenure <= 6 months),Offer loyalty discount / plan review,Premium,Monthly,1,707.2
28,CUST103512,0.9296,High,Usage dropped sharply over 3 months; Frequent support contacts; Low satisfaction score; Month-to-month contract (no lock-in),Priority callback from support lead,Basic,Monthly,8,195.2
29,CUST102231,0.9282,High,Very low engagement (usage/logins); Month-to-month contract (no lock-in); New customer (tenure <= 6 months),Send re-engagement campaign / feature tips,Standard,Monthly,6,362.83
30,CUST101953,0.9277,High,Very low engagement (usage/logins); Frequent support contacts; Low satisfaction score,Priority callback from support lead,Basic,Annual,15,186.13
31,CUST100291,0.9273,High,Frequent support contacts; Low satisfaction score; Repeated late payments; Month-to-month contract (no lock-in),Priority callback from support lead,Standard,Monthly,2,410.14
32,CUST102833,0.927,High,Usage dropped sharply over 3 months; Frequent support contacts; Slow support resolution; Low satisfaction score,Priority callback from support lead,Premium,Monthly,1,710.13
33,CUST101561,0.9247,High,Frequent support contacts; Low satisfaction score; Month-to-month contract (no lock-in); New customer (tenure <= 6 months),Priority callback from support lead,Basic,Monthly,1,203.19
34,CUST104650,0.9246,High,Frequent support contacts; Slow support resolution; Month-to-month contract (no lock-in); New customer (tenure <= 6 months),Priority callback from support lead,Basic,Monthly,2,194.68
35,CUST102604,0.9243,High,Usage dropped sharply over 3 months; Frequent support contacts; Month-to-month contract (no lock-in),Priority callback from support lead,Standard,Monthly,34,402.16
36,CUST103640,0.9233,High,Usage dropped sharply over 3 months; Slow support resolution; Month-to-month contract (no lock-in); New customer (tenure <= 6 months),Priority callback from support lead,Basic,Monthly,2,189.55
37,CUST101550,0.9233,High,Frequent support contacts; Low satisfaction score; Recent price increase; Month-to-month contract (no lock-in),Offer loyalty discount / plan review,Premium,Monthly,2,718.01
38,CUST104816,0.9232,High,Usage dropped sharply over 3 months; Slow support resolution; Low satisfaction score; Recent price increase,Offer loyalty discount / plan review,Basic,Annual,4,205.39
39,CUST101008,0.9223,High,Slow support resolution; Recent price increase; Month-to-month contract (no lock-in); New customer (tenure <= 6 months),Offer loyalty discount / plan review,Standard,Monthly,3,375.95
40,CUST100163,0.9219,High,Recent price increase; Month-to-month contract (no lock-in); New customer (tenure <= 6 months),Offer loyalty discount / plan review,Basic,Monthly,4,190.94
41,CUST102302,0.9214,High,Usage dropped sharply over 3 months; Low satisfaction score; Month-to-month contract (no lock-in); New customer (tenure <= 6 months),Priority callback from support lead,Basic,Monthly,5,191.86
42,CUST100904,0.9213,High,Very low engagement (usage/logins); Low satisfaction score; Repeated late payments; Month-to-month contract (no lock-in),Priority callback from support lead,Premium,Monthly,4,724.95
43,CUST100760,0.9198,High,Frequent support contacts; Month-to-month contract (no lock-in),Priority callback from support lead,Basic,Monthly,15,190.95
44,CUST104053,0.9186,High,Very low engagement (usage/logins); Slow support resolution; Recent price increase; Month-to-month contract (no lock-in),Offer loyalty discount / plan review,Premium,Monthly,1,667.22
45,CUST100641,0.9184,High,Frequent support contacts; Low satisfaction score; Recent price increase; Month-to-month contract (no lock-in),Offer loyalty discount / plan review,Basic,Monthly,4,189.29
46,CUST100845,0.9169,High,Usage dropped sharply over 3 months; Frequent support contacts; Low satisfaction score; Month-to-month contract (no lock-in),Priority callback from support lead,Standard,Monthly,2,360.79
47,CUST103060,0.9162,High,Usage dropped sharply over 3 months; Repeated late payments; Month-to-month contract (no lock-in); New customer (tenure <= 6 months),Send re-engagement campaign / feature tips,Basic,Monthly,6,196.44
48,CUST101308,0.9161,High,Usage dropped sharply over 3 months; Very low engagement (usage/logins); Frequent support contacts; Month-to-month contract (no lock-in),Priority callback from support lead,Basic,Monthly,1,205.63
49,CUST102301,0.9146,High,Usage dropped sharply over 3 months; Frequent support contacts; Low satisfaction score; Month-to-month contract (no lock-in),Priority callback from support lead,Basic,Monthly,24,194.81
50,CUST102377,0.9144,High,Usage dropped sharply over 3 months; Low satisfaction score; Month-to-month contract (no lock-in),Priority callback from support lead,Basic,Monthly,15,207.04
51,CUST100065,0.9141,High,Usage dropped sharply over 3 months; Frequent support contacts; Low satisfaction score; Month-to-month contract (no lock-in),Priority callback from support lead,Basic,Monthly,1,190.52
52,CUST101914,0.9141,High,Usage dropped sharply over 3 months; Slow support resolution; Month-to-month contract (no lock-in); New customer (tenure <= 6 months),Priority callback from support lead,Standard,Monthly,3,414.01
53,CUST103569,0.914,High,Slow support resolution; Low satisfaction score; Recent price increase; Month-to-month contract (no lock-in),Offer loyalty discount / plan review,Basic,Monthly,6,220.57
54,CUST104257,0.9133,High,Usage dropped sharply over 3 months; Slow support resolution; Recent price increase; Month-to-month contract (no lock-in),Offer loyalty discount / plan review,Standard,Monthly,5,372.82
55,CUST102434,0.9132,High,Month-to-month contract (no lock-in),Offer annual-plan incentive,Basic,Monthly,10,189.61
56,CUST103203,0.9131,High,Usage dropped sharply over 3 months; Slow support resolution; Low satisfaction score; Month-to-month contract (no lock-in),Priority callback from support lead,Basic,Monthly,6,217.99
57,CUST102980,0.9123,High,Usage dropped sharply over 3 months; Slow support resolution; Low satisfaction score; Month-to-month contract (no lock-in),Priority callback from support lead,Standard,Monthly,5,353.5
58,CUST104796,0.912,High,Usage dropped sharply over 3 months; Slow support resolution; Month-to-month contract (no lock-in),Priority callback from support lead,Premium,Monthly,10,754.54
59,CUST101544,0.9106,High,Frequent support contacts; Month-to-month contract (no lock-in); New customer (tenure <= 6 months),Priority callback from support lead,Basic,Monthly,3,204.77
60,CUST100547,0.9105,High,Usage dropped sharply over 3 months; Slow support resolution; Low satisfaction score; Month-to-month contract (no lock-in),Priority callback from support lead,Basic,Monthly,3,192.44
61,CUST100545,0.9103,High,Slow support resolution; Low satisfaction score; New customer (tenure <= 6 months),Priority callback from support lead,Standard,Annual,3,383.98
62,CUST102898,0.9094,High,Usage dropped sharply over 3 months; Repeated late payments; Month-to-month contract (no lock-in),Send re-engagement campaign / feature tips,Standard,Monthly,9,420.17
63,CUST104070,0.9094,High,Frequent support contacts; Slow support resolution; Low satisfaction score; Month-to-month contract (no lock-in),Priority callback from support lead,Standard,Monthly,1,409.86
64,CUST103701,0.9087,High,Frequent support contacts; Recent price increase; Month-to-month contract (no lock-in),Offer loyalty discount / plan review,Premium,Monthly,48,776.9
65,CUST102916,0.908,High,Frequent support contacts; Slow support resolution; Low satisfaction score; Month-to-month contract (no lock-in),Priority callback from support lead,Standard,Monthly,7,410.49
66,CUST101442,0.9074,High,Usage dropped sharply over 3 months; Low satisfaction score; Recent price increase; Month-to-month contract (no lock-in),Offer loyalty discount / plan review,Standard,Monthly,4,363.41
67,CUST103382,0.9066,High,Usage dropped sharply over 3 months; Frequent support contacts; Month-to-month contract (no lock-in); New customer (tenure <= 6 months),Priority callback from support lead,Basic,Monthly,2,196.84
68,CUST104849,0.904,High,Usage dropped sharply over 3 months; Slow support resolution; Repeated late payments; Month-to-month contract (no lock-in),Priority callback from support lead,Premium,Monthly,7,686.6
69,CUST103601,0.9032,High,Slow support resolution; Recent price increase; Month-to-month contract (no lock-in); New customer (tenure <= 6 months),Offer loyalty discount / plan review,Premium,Monthly,1,726.36
70,CUST100498,0.9025,High,Usage dropped sharply over 3 months; Slow support resolution; Low satisfaction score; Month-to-month contract (no lock-in),Priority callback from support lead,Basic,Monthly,15,191.5
71,CUST102886,0.902,High,Usage dropped sharply over 3 months; Repeated late payments; Month-to-month contract (no lock-in); New customer (tenure <= 6 months),Send re-engagement campaign / feature tips,Basic,Monthly,3,209.25
72,CUST102419,0.9019,High,Frequent support contacts; Slow support resolution; Month-to-month contract (no lock-in); New customer (tenure <= 6 months),Priority callback from support lead,Premium,Monthly,2,692.59
73,CUST102921,0.9014,High,Usage dropped sharply over 3 months; Very low engagement (usage/logins); Month-to-month contract (no lock-in); New customer (tenure <= 6 months),Send re-engagement campaign / feature tips,Standard,Monthly,6,443.96
74,CUST102614,0.9014,High,Usage dropped sharply over 3 months; Frequent support contacts; Slow support resolution; Month-to-month contract (no lock-in),Priority callback from support lead,Premium,Monthly,3,723.7
75,CUST100412,0.9009,High,Usage dropped sharply over 3 months; Frequent support contacts; Recent price increase; Month-to-month contract (no lock-in),Offer loyalty discount / plan review,Premium,Monthly,8,675.56
76,CUST101401,0.9005,High,Usage dropped sharply over 3 months; Low satisfaction score; Repeated late payments; Month-to-month contract (no lock-in),Priority callback from support lead,Premium,Monthly,7,710.34
77,CUST104354,0.9002,High,Repeated late payments; Month-to-month contract (no lock-in); New customer (tenure <= 6 months),Offer flexible payment / autopay setup,Premium,Monthly,2,690.31
78,CUST101898,0.9,High,Usage dropped sharply over 3 months; Repeated late payments; Month-to-month contract (no lock-in),Send re-engagement campaign / feature tips,Basic,Monthly,10,202.51
79,CUST103497,0.8997,High,Usage dropped sharply over 3 months; Slow support resolution; Low satisfaction score; Recent price increase,Offer loyalty discount / plan review,Standard,Monthly,2,383.18
80,CUST104441,0.8993,High,Slow support resolution; Low satisfaction score; Recent price increase; Month-to-month contract (no lock-in),Offer loyalty discount / plan review,Basic,Monthly,2,182.73
81,CUST104221,0.8991,High,Usage dropped sharply over 3 months; Frequent support contacts; Slow support resolution; Low satisfaction score,Priority callback from support lead,Basic,Annual,11,206.52
82,CUST103493,0.8975,High,Frequent support contacts; Slow support resolution; Low satisfaction score; Recent price increase,Offer loyalty discount / plan review,Standard,Annual,7,410.43
83,CUST100856,0.897,High,Frequent support contacts; Low satisfaction score; Recent price increase; Month-to-month contract (no lock-in),Offer loyalty discount / plan review,Premium,Monthly,41,675.27
84,CUST101326,0.8969,High,Low satisfaction score; Recent price increase; Month-to-month contract (no lock-in),Offer loyalty discount / plan review,Basic,Monthly,21,1184.88
85,CUST102907,0.8968,High,Usage dropped sharply over 3 months; Slow support resolution; Repeated late payments; Month-to-month contract (no lock-in),Priority callback from support lead,Standard,Monthly,8,423.74
86,CUST100622,0.8965,High,Slow support resolution; Low satisfaction score; Month-to-month contract (no lock-in); New customer (tenure <= 6 months),Priority callback from support lead,Standard,Monthly,6,421.9
87,CUST103796,0.8965,High,Usage dropped sharply over 3 months; Low satisfaction score; Month-to-month contract (no lock-in),Priority callback from support lead,Standard,Monthly,11,418.23
88,CUST102253,0.8959,High,Frequent support contacts; Low satisfaction score; Recent price increase; Month-to-month contract (no lock-in),Offer loyalty discount / plan review,Basic,Monthly,4,191.14
89,CUST101002,0.8956,High,Slow support resolution; Low satisfaction score; Month-to-month contract (no lock-in); New customer (tenure <= 6 months),Priority callback from support lead,Basic,Monthly,1,198.6
90,CUST100191,0.8949,High,Usage dropped sharply over 3 months; Repeated late payments; Month-to-month contract (no lock-in),Send re-engagement campaign / feature tips,Basic,Monthly,10,209.17
91,CUST103984,0.8948,High,Usage dropped sharply over 3 months; Low satisfaction score; Recent price increase; Month-to-month contract (no lock-in),Offer loyalty discount / plan review,Basic,Monthly,1,198.76
92,CUST103857,0.8948,High,Low satisfaction score; Month-to-month contract (no lock-in); New customer (tenure <= 6 months),Priority callback from support lead,Basic,Monthly,2,226.02
93,CUST103278,0.8946,High,Usage dropped sharply over 3 months; Frequent support contacts; Repeated late payments; Recent price increase,Offer loyalty discount / plan review,Basic,Monthly,28,178.6
94,CUST102790,0.8944,High,Usage dropped sharply over 3 months; Low satisfaction score; Month-to-month contract (no lock-in),Priority callback from support lead,Standard,Monthly,8,391.18
95,CUST104603,0.8939,High,Very low engagement (usage/logins); Frequent support contacts; Low satisfaction score; Recent price increase,Offer loyalty discount / plan review,Basic,Monthly,3,186.47
96,CUST104896,0.8938,High,Slow support resolution; Repeated late payments; Month-to-month contract (no lock-in); New customer (tenure <= 6 months),Priority callback from support lead,Basic,Monthly,4,192.26
97,CUST102473,0.8936,High,Frequent support contacts; Slow support resolution; Low satisfaction score; Month-to-month contract (no lock-in),Priority callback from support lead,Premium,Monthly,6,676.93
98,CUST102942,0.893,High,Frequent support contacts,Priority callback from support lead,Basic,Annual,33,188.94
99,CUST102289,0.8929,High,Frequent support contacts; Slow support resolution; Low satisfaction score; Repeated late payments,Priority callback from support lead,Standard,Monthly,1,407.95
100,CUST104704,0.8927,High,Usage dropped sharply over 3 months; Slow support resolution; Repeated late payments; Recent price increase,Offer loyalty discount / plan review,Standard,Monthly,12,393.05
101,CUST100728,0.8925,High,Slow support resolution; Low satisfaction score; Repeated late payments; Month-to-month contract (no lock-in),Priority callback from support lead,Premium,Monthly,12,683.76
102,CUST102778,0.8925,High,Very low engagement (usage/logins); Month-to-month contract (no lock-in); New customer (tenure <= 6 months),Send re-engagement campaign / feature tips,Basic,Monthly,2,197.95
103,CUST104676,0.8919,High,Low satisfaction score; Month-to-month contract (no lock-in); New customer (tenure <= 6 months),Priority callback from support lead,Basic,Monthly,2,196.93
104,CUST103050,0.8919,High,Frequent support contacts; Low satisfaction score; Month-to-month contract (no lock-in); New customer (tenure <= 6 months),Priority callback from support lead,Standard,Monthly,1,404.87
105,CUST104655,0.8917,High,Frequent support contacts; Low satisfaction score; Month-to-month contract (no lock-in),Priority callback from support lead,Basic,Monthly,12,206.04
106,CUST104410,0.8916,High,Usage dropped sharply over 3 months; Low satisfaction score; Month-to-month contract (no lock-in),Priority callback from support lead,Premium,Monthly,11,700.5
107,CUST103059,0.8906,High,Slow support resolution; Low satisfaction score; Month-to-month contract (no lock-in); New customer (tenure <= 6 months),Priority callback from support lead,Basic,Monthly,6,203.46
108,CUST100402,0.89,High,Usage dropped sharply over 3 months; Recent price increase; Month-to-month contract (no lock-in); New customer (tenure <= 6 months),Offer loyalty discount / plan review,Basic,Monthly,3,198.98
109,CUST100126,0.8899,High,Frequent support contacts; Repeated late payments; Month-to-month contract (no lock-in); New customer (tenure <= 6 months),Priority callback from support lead,Basic,Monthly,5,196.93
110,CUST102193,0.8897,High,Slow support resolution; Low satisfaction score; Month-to-month contract (no lock-in),Priority callback from support lead,Standard,Monthly,8,423.68
111,CUST104954,0.8894,High,Frequent support contacts; Low satisfaction score; Repeated late payments; Month-to-month contract (no lock-in),Priority callback from support lead,Premium,Monthly,9,720.44
112,CUST102521,0.8887,High,Low satisfaction score; Month-to-month contract (no lock-in); New customer (tenure <= 6 months),Priority callback from support lead,Standard,Monthly,4,398.34
113,CUST104196,0.8884,High,Frequent support contacts; Month-to-month contract (no lock-in); New customer (tenure <= 6 months),Priority callback from support lead,Basic,Monthly,3,184.05
114,CUST104581,0.8882,High,Usage dropped sharply over 3 months; Low satisfaction score; Month-to-month contract (no lock-in),Priority callback from support lead,Standard,Monthly,22,357.68
115,CUST104316,0.8881,High,Month-to-month contract (no lock-in); New customer (tenure <= 6 months),Offer annual-plan incentive,Standard,Monthly,1,412.77
116,CUST103972,0.8875,High,Frequent support contacts; Low satisfaction score; Month-to-month contract (no lock-in); New customer (tenure <= 6 months),Priority callback from support lead,Standard,Monthly,5,393.57
117,CUST100029,0.8874,High,Frequent support contacts; Low satisfaction score; Month-to-month contract (no lock-in); New customer (tenure <= 6 months),Priority callback from support lead,Basic,Monthly,2,194.16
118,CUST102202,0.8869,High,Usage dropped sharply over 3 months; Month-to-month contract (no lock-in); New customer (tenure <= 6 months),Send re-engagement campaign / feature tips,Basic,Monthly,2,206.29
119,CUST100534,0.8864,High,Frequent support contacts; Low satisfaction score; Month-to-month contract (no lock-in),Priority callback from support lead,Standard,Monthly,18,381.53
120,CUST101982,0.8861,High,Usage dropped sharply over 3 months; Slow support resolution; Low satisfaction score; Month-to-month contract (no lock-in),Priority callback from support lead,Premium,Monthly,15,721.56
121,CUST101895,0.886,High,Frequent support contacts; Slow support resolution; Recent price increase; Month-to-month contract (no lock-in),Offer loyalty discount / plan review,Standard,Monthly,1,440.37
122,CUST102139,0.8854,High,Usage dropped sharply over 3 months; Frequent support contacts; Month-to-month contract (no lock-in); New customer (tenure <= 6 months),Priority callback from support lead,Standard,Monthly,1,403.93
123,CUST103373,0.8853,High,Usage dropped sharply over 3 months; Slow support resolution; Repeated late payments; Month-to-month contract (no lock-in),Priority callback from support lead,Basic,Monthly,19,192.82
124,CUST104388,0.8849,High,Frequent support contacts; Recent price increase; Month-to-month contract (no lock-in),Offer loyalty discount / plan review,Standard,Monthly,9,437.55
125,CUST103018,0.8842,High,Low satisfaction score; Month-to-month contract (no lock-in); New customer (tenure <= 6 months),Priority callback from support lead,Basic,Monthly,3,204.28
126,CUST103775,0.884,High,Frequent support contacts; Low satisfaction score; Repeated late payments,Priority callback from support lead,Standard,Annual,7,407.1
127,CUST102272,0.8837,High,Repeated late payments; Recent price increase; Month-to-month contract (no lock-in),Offer loyalty discount / plan review,Basic,Monthly,20,191.97
128,CUST103314,0.8828,High,Usage dropped sharply over 3 months; Month-to-month contract (no lock-in); New customer (tenure <= 6 months),Send re-engagement campaign / feature tips,Standard,Monthly,5,393.81
129,CUST103313,0.8827,High,Slow support resolution; Recent price increase; New customer (tenure <= 6 months),Offer loyalty discount / plan review,Premium,Annual,1,745.51
130,CUST104131,0.8825,High,Frequent support contacts; Month-to-month contract (no lock-in); New customer (tenure <= 6 months),Priority callback from support lead,Standard,Monthly,3,384.84
131,CUST101913,0.8816,High,Frequent support contacts; Slow support resolution; Month-to-month contract (no lock-in); New customer (tenure <= 6 months),Priority callback from support lead,Basic,Monthly,2,194.82
132,CUST103286,0.8812,High,Frequent support contacts; Low satisfaction score; Month-to-month contract (no lock-in),Priority callback from support lead,Standard,Monthly,13,391.46
133,CUST104504,0.8812,High,Low satisfaction score; Month-to-month contract (no lock-in); New customer (tenure <= 6 months),Priority callback from support lead,Basic,Monthly,2,206.66
134,CUST102943,0.8809,High,Usage dropped sharply over 3 months; Frequent support contacts; Slow support resolution; Low satisfaction score,Priority callback from support lead,Standard,Monthly,3,390.97
135,CUST101458,0.8808,High,Slow support resolution; Repeated late payments; Month-to-month contract (no lock-in); New customer (tenure <= 6 months),Priority callback from support lead,Basic,Monthly,6,195.85
136,CUST101415,0.8806,High,Frequent support contacts; Slow support resolution; Low satisfaction score; Month-to-month contract (no lock-in),Priority callback from support lead,Basic,Monthly,13,205.08
137,CUST103732,0.8806,High,Slow support resolution; Low satisfaction score; Month-to-month contract (no lock-in); New customer (tenure <= 6 months),Priority callback from support lead,Standard,Monthly,2,383.4
138,CUST101003,0.8805,High,Usage dropped sharply over 3 months; Frequent support contacts; Slow support resolution; New customer (tenure <= 6 months),Priority callback from support lead,Standard,Annual,2,403.5
139,CUST103718,0.8797,High,Usage dropped sharply over 3 months; Low satisfaction score; Repeated late payments; Month-to-month contract (no lock-in),Priority callback from support lead,Standard,Monthly,25,386.16
140,CUST103080,0.8796,High,Usage dropped sharply over 3 months; Frequent support contacts; New customer (tenure <= 6 months),Priority callback from support lead,Basic,Annual,2,210.38
141,CUST102174,0.8796,High,Frequent support contacts; Month-to-month contract (no lock-in); New customer (tenure <= 6 months),Priority callback from support lead,Premium,Monthly,5,681.11
142,CUST103681,0.8793,High,Usage dropped sharply over 3 months; Frequent support contacts; Recent price increase; Month-to-month contract (no lock-in),Offer loyalty discount / plan review,Basic,Monthly,11,206.86
143,CUST102230,0.8793,High,Frequent support contacts; Low satisfaction score; Month-to-month contract (no lock-in),Priority callback from support lead,Standard,Monthly,13,367.11
144,CUST103091,0.8788,High,Usage dropped sharply over 3 months; Slow support resolution; Month-to-month contract (no lock-in),Priority callback from support lead,Basic,Monthly,32,192.53
145,CUST100883,0.8788,High,Frequent support contacts; Low satisfaction score,Priority callback from support lead,Basic,Annual,15,205.65
146,CUST100704,0.8786,High,Usage dropped sharply over 3 months; Month-to-month contract (no lock-in); New customer (tenure <= 6 months),Send re-engagement campaign / feature tips,Standard,Monthly,1,392.86
147,CUST102474,0.8786,High,Low satisfaction score; Recent price increase; Month-to-month contract (no lock-in); New customer (tenure <= 6 months),Offer loyalty discount / plan review,Basic,Monthly,1,182.93
148,CUST101024,0.8777,High,Frequent support contacts; Slow support resolution; Month-to-month contract (no lock-in),Priority callback from support lead,Basic,Monthly,10,209.3
149,CUST104415,0.8775,High,Usage dropped sharply over 3 months; Low satisfaction score; Recent price increase; Month-to-month contract (no lock-in),Offer loyalty discount / plan review,Standard,Monthly,1,406.82
150,CUST103854,0.8775,High,Low satisfaction score; Month-to-month contract (no lock-in); New customer (tenure <= 6 months),Priority callback from support lead,Basic,Monthly,1,197.04
151,CUST100815,0.8773,High,Low satisfaction score; Recent price increase; Month-to-month contract (no lock-in); New customer (tenure <= 6 months),Offer loyalty discount / plan review,Premium,Monthly,1,691.13
152,CUST102211,0.8772,High,Usage dropped sharply over 3 months; Repeated late payments; Recent price increase; Month-to-month contract (no lock-in),Offer loyalty discount / plan review,Basic,Monthly,11,204.56
153,CUST103851,0.8771,High,Frequent support contacts; Low satisfaction score; Month-to-month contract (no lock-in),Priority callback from support lead,Basic,Monthly,9,192.16
154,CUST103238,0.8766,High,Frequent support contacts; Slow support resolution; Low satisfaction score; Month-to-month contract (no lock-in),Priority callback from support lead,Basic,Monthly,1,190.66
155,CUST104343,0.8765,High,Frequent support contacts; Low satisfaction score; Month-to-month contract (no lock-in); New customer (tenure <= 6 months),Priority callback from support lead,Basic,Monthly,5,216.7
156,CUST101523,0.8759,High,Frequent support contacts; Repeated late payments; Month-to-month contract (no lock-in); New customer (tenure <= 6 months),Priority callback from support lead,Standard,Monthly,6,389.52
157,CUST104500,0.8758,High,Slow support resolution; Low satisfaction score; Repeated late payments; Month-to-month contract (no lock-in),Priority callback from support lead,Standard,Monthly,2,423.29
158,CUST102386,0.8755,High,Frequent support contacts; Low satisfaction score,Priority callback from support lead,Basic,Annual,19,176.05
159,CUST100846,0.8744,High,Very low engagement (usage/logins); Slow support resolution; Month-to-month contract (no lock-in); New customer (tenure <= 6 months),Priority callback from support lead,Basic,Monthly,6,192.83
160,CUST102557,0.8744,High,Usage dropped sharply over 3 months; Frequent support contacts; Month-to-month contract (no lock-in); New customer (tenure <= 6 months),Priority callback from support lead,Standard,Monthly,5,433.43
161,CUST102364,0.8739,High,Usage dropped sharply over 3 months; Month-to-month contract (no lock-in); New customer (tenure <= 6 months),Send re-engagement campaign / feature tips,Basic,Monthly,2,198.0
162,CUST104225,0.8737,High,Month-to-month contract (no lock-in); New customer (tenure <= 6 months),Offer annual-plan incentive,Standard,Monthly,1,400.64
163,CUST104778,0.8736,High,Low satisfaction score; Repeated late payments; New customer (tenure <= 6 months),Priority callback from support lead,Basic,Annual,4,198.53
164,CUST104307,0.8734,High,Frequent support contacts; Slow support resolution; Repeated late payments; Recent price increase,Offer loyalty discount / plan review,Basic,Annual,1,210.51
165,CUST101916,0.8732,High,Slow support resolution; Repeated late payments; New customer (tenure <= 6 months),Priority callback from support lead,Basic,Annual,3,200.58
166,CUST102638,0.8732,High,Frequent support contacts; Low satisfaction score; Recent price increase; Month-to-month contract (no lock-in),Offer loyalty discount / plan review,Basic,Monthly,15,202.81
167,CUST103465,0.8728,High,Very low engagement (usage/logins); Low satisfaction score; Recent price increase; Month-to-month contract (no lock-in),Offer loyalty discount / plan review,Basic,Monthly,18,189.74
168,CUST100263,0.8722,High,Very low engagement (usage/logins); Slow support resolution; Low satisfaction score; Recent price increase,Offer loyalty discount / plan review,Basic,Monthly,8,203.67
169,CUST100018,0.8721,High,Usage dropped sharply over 3 months; Low satisfaction score; Month-to-month contract (no lock-in),Priority callback from support lead,Basic,Monthly,31,187.98
170,CUST101182,0.8716,High,Very low engagement (usage/logins); Slow support resolution,Priority callback from support lead,Basic,Annual,7,196.47
171,CUST103749,0.8702,High,Usage dropped sharply over 3 months; Frequent support contacts; Slow support resolution; Month-to-month contract (no lock-in),Priority callback from support lead,Basic,Monthly,18,195.43
172,CUST104075,0.8701,High,Low satisfaction score; Repeated late payments,Priority callback from support lead,Basic,Annual,24,190.95
173,CUST100243,0.8696,High,Usage dropped sharply over 3 months; Low satisfaction score; Month-to-month contract (no lock-in); New customer (tenure <= 6 months),Priority callback from support lead,Standard,Monthly,3,374.66
174,CUST104060,0.8694,High,Frequent support contacts; Low satisfaction score; Month-to-month contract (no lock-in),Priority callback from support lead,Standard,Monthly,21,424.28
175,CUST104647,0.8693,High,Usage dropped sharply over 3 months; Frequent support contacts; Month-to-month contract (no lock-in),Priority callback from support lead,Standard,Monthly,14,383.85
176,CUST103885,0.8691,High,Usage dropped sharply over 3 months; Frequent support contacts; Repeated late payments; Month-to-month contract (no lock-in),Priority callback from support lead,Premium,Monthly,13,715.56
177,CUST100403,0.8691,High,Low satisfaction score; Month-to-month contract (no lock-in); New customer (tenure <= 6 months),Priority callback from support lead,Standard,Monthly,5,430.02
178,CUST103909,0.869,High,Usage dropped sharply over 3 months; Frequent support contacts; Slow support resolution; Recent price increase,Offer loyalty discount / plan review,Standard,Monthly,10,357.99
179,CUST102360,0.8686,High,Repeated late payments; Month-to-month contract (no lock-in); New customer (tenure <= 6 months),Offer flexible payment / autopay setup,Basic,Monthly,6,203.11
180,CUST103523,0.8684,High,Frequent support contacts; Recent price increase; Month-to-month contract (no lock-in),Offer loyalty discount / plan review,Standard,Monthly,16,380.82
181,CUST103809,0.8676,High,Slow support resolution; New customer (tenure <= 6 months),Priority callback from support lead,Premium,Annual,1,691.01
182,CUST104128,0.8672,High,Usage dropped sharply over 3 months; Frequent support contacts; Repeated late payments; Month-to-month contract (no lock-in),Priority callback from support lead,Basic,Monthly,43,197.77
183,CUST101432,0.8672,High,Usage dropped sharply over 3 months; Frequent support contacts; Slow support resolution; Repeated late payments,Priority callback from support lead,Premium,Monthly,3,738.85
184,CUST104525,0.8672,High,Slow support resolution; Month-to-month contract (no lock-in); New customer (tenure <= 6 months),Priority callback from support lead,Premium,Monthly,1,727.23
185,CUST103942,0.8671,High,Frequent support contacts; Low satisfaction score; Month-to-month contract (no lock-in); New customer (tenure <= 6 months),Priority callback from support lead,Premium,Monthly,5,654.67
186,CUST100349,0.867,High,Low satisfaction score; New customer (tenure <= 6 months),Priority callback from support lead,Basic,Annual,3,193.36
187,CUST104275,0.8666,High,Slow support resolution; Repeated late payments; Month-to-month contract (no lock-in),Priority callback from support lead,Basic,Monthly,16,201.46
188,CUST101130,0.8665,High,Recent price increase; Month-to-month contract (no lock-in); New customer (tenure <= 6 months),Offer loyalty discount / plan review,Standard,Monthly,3,392.3
189,CUST101845,0.8664,High,Low satisfaction score; Month-to-month contract (no lock-in); New customer (tenure <= 6 months),Priority callback from support lead,Basic,Monthly,1,225.08
190,CUST102044,0.8662,High,Frequent support contacts; Slow support resolution; Recent price increase; Month-to-month contract (no lock-in),Offer loyalty discount / plan review,Standard,Monthly,2,391.84
191,CUST103317,0.8661,High,Low satisfaction score; Repeated late payments; Month-to-month contract (no lock-in); New customer (tenure <= 6 months),Priority callback from support lead,Basic,Monthly,5,195.58
192,CUST103707,0.8656,High,Usage dropped sharply over 3 months; Recent price increase; Month-to-month contract (no lock-in); New customer (tenure <= 6 months),Offer loyalty discount / plan review,Standard,Monthly,6,406.88
193,CUST102533,0.8656,High,Frequent support contacts; Low satisfaction score,Priority callback from support lead,Basic,Annual,13,202.64
194,CUST100518,0.8654,High,Low satisfaction score; Recent price increase; Month-to-month contract (no lock-in); New customer (tenure <= 6 months),Offer loyalty discount / plan review,Basic,Monthly,6,190.4
195,CUST102351,0.8649,High,Usage dropped sharply over 3 months; Month-to-month contract (no lock-in); New customer (tenure <= 6 months),Send re-engagement campaign / feature tips,Standard,Monthly,4,384.77
196,CUST101098,0.8641,High,Low satisfaction score; Repeated late payments; Month-to-month contract (no lock-in); New customer (tenure <= 6 months),Priority callback from support lead,Standard,Monthly,5,395.28
197,CUST104838,0.8641,High,Low satisfaction score; Recent price increase; Month-to-month contract (no lock-in); New customer (tenure <= 6 months),Offer loyalty discount / plan review,Premium,Monthly,1,703.83
198,CUST104756,0.864,High,Usage dropped sharply over 3 months; Month-to-month contract (no lock-in); New customer (tenure <= 6 months),Send re-engagement campaign / feature tips,Standard,Monthly,4,411.09
199,CUST102710,0.8637,High,Frequent support contacts; Slow support resolution; New customer (tenure <= 6 months),Priority callback from support lead,Basic,Annual,2,199.11
200,CUST102382,0.8636,High,Usage dropped sharply over 3 months; Frequent support contacts; New customer (tenure <= 6 months),Priority callback from support lead,Standard,Annual,1,428.69
201,CUST104657,0.8634,High,Usage dropped sharply over 3 months; Low satisfaction score; Month-to-month contract (no lock-in); New customer (tenure <= 6 months),Priority callback from support lead,Basic,Monthly,4,197.89
202,CUST102277,0.8634,High,Usage dropped sharply over 3 months; Repeated late payments; Month-to-month contract (no lock-in),Send re-engagement campaign / feature tips,Premium,Monthly,14,712.61
203,CUST101254,0.863,High,Usage dropped sharply over 3 months; Recent price increase; Month-to-month contract (no lock-in),Offer loyalty discount / plan review,Premium,Monthly,8,688.29
204,CUST101805,0.863,High,Frequent support contacts; Low satisfaction score; Month-to-month contract (no lock-in),Priority callback from support lead,Premium,Monthly,45,696.24
205,CUST102609,0.8616,High,Frequent support contacts; Low satisfaction score; Repeated late payments; Month-to-month contract (no lock-in),Priority callback from support lead,Basic,Monthly,8,192.75
206,CUST103075,0.8612,High,Repeated late payments; Recent price increase; Month-to-month contract (no lock-in),Offer loyalty discount / plan review,Basic,Monthly,39,191.02
207,CUST103247,0.8608,High,Usage dropped sharply over 3 months; Frequent support contacts; Repeated late payments; New customer (tenure <= 6 months),Priority callback from support lead,Basic,Annual,5,195.57
208,CUST100271,0.8604,High,Low satisfaction score; Month-to-month contract (no lock-in); New customer (tenure <= 6 months),Priority callback from support lead,Premium,Monthly,4,692.13
209,CUST103505,0.8603,High,Low satisfaction score; Repeated late payments; Month-to-month contract (no lock-in); New customer (tenure <= 6 months),Priority callback from support lead,Basic,Monthly,1,197.1
210,CUST100246,0.8602,High,Month-to-month contract (no lock-in); New customer (tenure <= 6 months),Offer annual-plan incentive,Standard,Monthly,3,395.17
211,CUST103937,0.8601,High,Usage dropped sharply over 3 months; Slow support resolution; Month-to-month contract (no lock-in); New customer (tenure <= 6 months),Priority callback from support lead,Basic,Monthly,3,215.49
212,CUST100559,0.8599,High,Very low engagement (usage/logins); Month-to-month contract (no lock-in); New customer (tenure <= 6 months),Send re-engagement campaign / feature tips,Standard,Monthly,6,399.29
213,CUST103507,0.8598,High,Usage dropped sharply over 3 months; Low satisfaction score; Recent price increase; Month-to-month contract (no lock-in),Offer loyalty discount / plan review,Basic,Monthly,10,200.39
214,CUST100114,0.8597,High,Usage dropped sharply over 3 months; Slow support resolution; Month-to-month contract (no lock-in); New customer (tenure <= 6 months),Priority callback from support lead,Premium,Monthly,1,783.81
215,CUST102995,0.8593,High,Frequent support contacts; Repeated late payments,Priority callback from support lead,Basic,Annual,8,194.94
216,CUST104605,0.8592,High,Month-to-month contract (no lock-in); New customer (tenure <= 6 months),Offer annual-plan incentive,Standard,Monthly,2,394.75
217,CUST103932,0.8591,High,Usage dropped sharply over 3 months; Recent price increase; Month-to-month contract (no lock-in),Offer loyalty discount / plan review,Standard,Monthly,26,386.86
218,CUST101373,0.8584,High,Low satisfaction score; Month-to-month contract (no lock-in); New customer (tenure <= 6 months),Priority callback from support lead,Basic,Monthly,4,206.79
219,CUST104036,0.8582,High,Very low engagement (usage/logins); Low satisfaction score; Month-to-month contract (no lock-in),Priority callback from support lead,Standard,Monthly,8,380.07
220,CUST101188,0.8582,High,Usage dropped sharply over 3 months; Low satisfaction score; Repeated late payments; Month-to-month contract (no lock-in),Priority callback from support lead,Premium,Monthly,4,732.1
221,CUST102563,0.8577,High,Usage dropped sharply over 3 months; Month-to-month contract (no lock-in),Send re-engagement campaign / feature tips,Standard,Monthly,16,404.04
222,CUST103828,0.857,High,Frequent support contacts; Recent price increase; Month-to-month contract (no lock-in),Offer loyalty discount / plan review,Standard,Monthly,10,379.46
223,CUST102536,0.8566,High,Frequent support contacts; Slow support resolution; Low satisfaction score; Month-to-month contract (no lock-in),Priority callback from support lead,Basic,Monthly,17,196.9
224,CUST100478,0.8562,High,Month-to-month contract (no lock-in); New customer (tenure <= 6 months),Offer annual-plan incentive,Standard,Monthly,4,432.53
225,CUST100999,0.8562,High,Low satisfaction score; Month-to-month contract (no lock-in); New customer (tenure <= 6 months),Priority callback from support lead,Basic,Monthly,4,177.94
226,CUST100914,0.8559,High,Low satisfaction score; Recent price increase; Month-to-month contract (no lock-in); New customer (tenure <= 6 months),Offer loyalty discount / plan review,Premium,Monthly,2,757.6
227,CUST103755,0.8557,High,Usage dropped sharply over 3 months; Frequent support contacts,Priority callback from support lead,Basic,Annual,45,203.01
228,CUST103678,0.8557,High,Usage dropped sharply over 3 months; Slow support resolution; Low satisfaction score; Month-to-month contract (no lock-in),Priority callback from support lead,Basic,Monthly,28,186.99
229,CUST102127,0.8556,High,Frequent support contacts,Priority callback from support lead,Basic,Annual,16,187.89
230,CUST103062,0.8556,High,Slow support resolution; Low satisfaction score; Recent price increase; New customer (tenure <= 6 months),Offer loyalty discount / plan review,Premium,Annual,5,657.6
231,CUST100540,0.8545,High,Frequent support contacts; Low satisfaction score; Month-to-month contract (no lock-in),Priority callback from support lead,Standard,Monthly,34,429.37
232,CUST104309,0.8541,High,Slow support resolution; Month-to-month contract (no lock-in); New customer (tenure <= 6 months),Priority callback from support lead,Basic,Monthly,1,215.83
233,CUST104096,0.8541,High,Slow support resolution; Recent price increase; Month-to-month contract (no lock-in),Offer loyalty discount / plan review,Standard,Monthly,8,385.79
234,CUST103045,0.8535,High,Usage dropped sharply over 3 months; Slow support resolution; Month-to-month contract (no lock-in); New customer (tenure <= 6 months),Priority callback from support lead,Premium,Monthly,1,714.72
235,CUST100190,0.8531,High,Month-to-month contract (no lock-in),Offer annual-plan incentive,Premium,Monthly,19,720.9
236,CUST100993,0.8531,High,Month-to-month contract (no lock-in); New customer (tenure <= 6 months),Offer annual-plan incentive,Basic,Monthly,3,208.42
237,CUST100313,0.853,High,Low satisfaction score; Repeated late payments; Month-to-month contract (no lock-in); New customer (tenure <= 6 months),Priority callback from support lead,Basic,Monthly,3,193.91
238,CUST102602,0.8523,High,Month-to-month contract (no lock-in); New customer (tenure <= 6 months),Offer annual-plan incentive,Basic,Monthly,1,198.77
239,CUST101352,0.8523,High,Usage dropped sharply over 3 months; Slow support resolution; Month-to-month contract (no lock-in),Priority callback from support lead,Premium,Monthly,14,700.49
240,CUST104802,0.8519,High,Frequent support contacts; Slow support resolution; Low satisfaction score; Month-to-month contract (no lock-in),Priority callback from support lead,Standard,Monthly,2,410.08
241,CUST102905,0.8515,High,Low satisfaction score; Recent price increase; Month-to-month contract (no lock-in),Offer loyalty discount / plan review,Standard,Monthly,7,410.86
242,CUST103047,0.8514,High,Slow support resolution; Low satisfaction score; Repeated late payments; Month-to-month contract (no lock-in),Priority callback from support lead,Premium,Monthly,34,655.44
243,CUST101813,0.8513,High,Month-to-month contract (no lock-in),Offer annual-plan incentive,Standard,Monthly,7,378.59
244,CUST104570,0.851,High,Usage dropped sharply over 3 months; Slow support resolution; Repeated late payments; Month-to-month contract (no lock-in),Priority callback from support lead,Premium,Monthly,13,644.8
245,CUST102164,0.8507,High,Low satisfaction score; Month-to-month contract (no lock-in),Priority callback from support lead,Basic,Monthly,19,202.31
246,CUST103185,0.8506,High,Slow support resolution; Repeated late payments; Month-to-month contract (no lock-in); New customer (tenure <= 6 months),Priority callback from support lead,Standard,Monthly,4,387.44
247,CUST101690,0.8503,High,Usage dropped sharply over 3 months; Month-to-month contract (no lock-in); New customer (tenure <= 6 months),Send re-engagement campaign / feature tips,Premium,Monthly,6,707.38
248,CUST101599,0.8503,High,Slow support resolution; New customer (tenure <= 6 months),Priority callback from support lead,Basic,Annual,2,189.46
249,CUST103813,0.8501,High,Low satisfaction score; Month-to-month contract (no lock-in); New customer (tenure <= 6 months),Priority callback from support lead,Standard,Monthly,4,397.12
250,CUST103256,0.85,High,Usage dropped sharply over 3 months; Repeated late payments; Recent price increase; Month-to-month contract (no lock-in),Offer loyalty discount / plan review,Standard,Monthly,14,386.06
251,CUST101591,0.8492,High,Frequent support contacts; Month-to-month contract (no lock-in),Priority callback from support lead,Standard,Monthly,8,423.52
252,CUST101780,0.849,High,Slow support resolution; Month-to-month contract (no lock-in); New customer (tenure <= 6 months),Priority callback from support lead,Basic,Monthly,1,195.41
253,CUST103649,0.8488,High,Frequent support contacts; Repeated late payments; Month-to-month contract (no lock-in),Priority callback from support lead,Standard,Monthly,12,368.17
254,CUST104471,0.8484,High,Very low engagement (usage/logins); Repeated late payments; Month-to-month contract (no lock-in); New customer (tenure <= 6 months),Send re-engagement campaign / feature tips,Basic,Monthly,4,206.29
255,CUST103273,0.8483,High,Frequent support contacts; Low satisfaction score; Month-to-month contract (no lock-in),Priority callback from support lead,Basic,Monthly,17,222.53
256,CUST104380,0.8482,High,Usage dropped sharply over 3 months; Frequent support contacts; Low satisfaction score; Month-to-month contract (no lock-in),Priority callback from support lead,Basic,Monthly,22,196.56
257,CUST104288,0.8477,High,Frequent support contacts; Low satisfaction score; Repeated late payments,Priority callback from support lead,Premium,Annual,13,737.05
258,CUST103835,0.8477,High,Usage dropped sharply over 3 months; Slow support resolution; Low satisfaction score; Month-to-month contract (no lock-in),Priority callback from support lead,Basic,Monthly,3,187.25
259,CUST101723,0.8476,High,Usage dropped sharply over 3 months; Recent price increase; New customer (tenure <= 6 months),Offer loyalty discount / plan review,Premium,Annual,3,689.64
260,CUST101795,0.8476,High,Usage dropped sharply over 3 months; Month-to-month contract (no lock-in),Send re-engagement campaign / feature tips,Basic,Monthly,36,205.73
261,CUST101287,0.8472,High,Very low engagement (usage/logins); Month-to-month contract (no lock-in); New customer (tenure <= 6 months),Send re-engagement campaign / feature tips,Standard,Monthly,5,436.51
262,CUST102543,0.847,High,Slow support resolution; Low satisfaction score; Month-to-month contract (no lock-in),Priority callback from support lead,Basic,Monthly,15,187.88
263,CUST104192,0.8469,High,Slow support resolution; Repeated late payments; Month-to-month contract (no lock-in); New customer (tenure <= 6 months),Priority callback from support lead,Standard,Monthly,5,414.27
264,CUST100662,0.8468,High,Low satisfaction score; Month-to-month contract (no lock-in),Priority callback from support lead,Basic,Monthly,7,191.0
265,CUST102618,0.8464,High,Usage dropped sharply over 3 months; Low satisfaction score; Month-to-month contract (no lock-in); New customer (tenure <= 6 months),Priority callback from support lead,Standard,Monthly,2,368.71
266,CUST103967,0.8458,High,Frequent support contacts; Recent price increase; Month-to-month contract (no lock-in),Offer loyalty discount / plan review,Basic,Monthly,12,203.8
267,CUST104810,0.8451,High,Usage dropped sharply over 3 months; Month-to-month contract (no lock-in),Send re-engagement campaign / feature tips,Standard,Monthly,26,404.61
268,CUST102004,0.845,High,Month-to-month contract (no lock-in),Offer annual-plan incentive,Premium,Monthly,8,761.68
269,CUST104066,0.845,High,Slow support resolution; Low satisfaction score; Repeated late payments,Priority callback from support lead,Standard,Annual,11,424.96
270,CUST100120,0.8449,High,Very low engagement (usage/logins); Month-to-month contract (no lock-in); New customer (tenure <= 6 months),Send re-engagement campaign / feature tips,Premium,Monthly,3,649.42
271,CUST100556,0.8442,High,Month-to-month contract (no lock-in),Offer annual-plan incentive,Basic,Monthly,10,186.8
272,CUST101908,0.8442,High,Frequent support contacts; Recent price increase; Month-to-month contract (no lock-in),Offer loyalty discount / plan review,Premium,Monthly,8,702.51
273,CUST100222,0.8441,High,Very low engagement (usage/logins); Slow support resolution; Month-to-month contract (no lock-in); New customer (tenure <= 6 months),Priority callback from support lead,Basic,Monthly,4,198.54
274,CUST101365,0.8437,High,Usage dropped sharply over 3 months; Slow support resolution; New customer (tenure <= 6 months),Priority callback from support lead,Standard,Annual,5,367.35
275,CUST102125,0.8428,High,Usage dropped sharply over 3 months; Month-to-month contract (no lock-in); New customer (tenure <= 6 months),Send re-engagement campaign / feature tips,Basic,Monthly,4,197.34
276,CUST104863,0.8426,High,Frequent support contacts; New customer (tenure <= 6 months),Priority callback from support lead,Standard,Annual,5,391.78
277,CUST102370,0.8426,High,Repeated late payments; Month-to-month contract (no lock-in); New customer (tenure <= 6 months),Offer flexible payment / autopay setup,Standard,Monthly,5,415.46
278,CUST102152,0.8426,High,Frequent support contacts; Low satisfaction score; Repeated late payments; Month-to-month contract (no lock-in),Priority callback from support lead,Standard,Monthly,1,390.86
279,CUST101815,0.8426,High,Low satisfaction score; Repeated late payments; Month-to-month contract (no lock-in); New customer (tenure <= 6 months),Priority callback from support lead,Standard,Monthly,3,417.1
280,CUST100840,0.8426,High,Slow support resolution; Low satisfaction score; Month-to-month contract (no lock-in),Priority callback from support lead,Standard,Monthly,16,421.19
281,CUST102601,0.8423,High,Usage dropped sharply over 3 months; Slow support resolution; Month-to-month contract (no lock-in),Priority callback from support lead,Standard,Monthly,13,390.46
282,CUST103706,0.8422,High,Month-to-month contract (no lock-in); New customer (tenure <= 6 months),Offer annual-plan incentive,Basic,Monthly,3,187.42
283,CUST104821,0.8413,High,Month-to-month contract (no lock-in); New customer (tenure <= 6 months),Offer annual-plan incentive,Basic,Monthly,4,200.66
284,CUST103391,0.8412,High,Recent price increase; Month-to-month contract (no lock-in),Offer loyalty discount / plan review,Premium,Monthly,11,731.57
285,CUST101760,0.841,High,Usage dropped sharply over 3 months; Month-to-month contract (no lock-in),Send re-engagement campaign / feature tips,Basic,Monthly,9,230.77
286,CUST101852,0.8408,High,Month-to-month contract (no lock-in); New customer (tenure <= 6 months),Offer annual-plan incentive,Basic,Monthly,1,209.48
287,CUST103843,0.8406,High,Usage dropped sharply over 3 months; Month-to-month contract (no lock-in); New customer (tenure <= 6 months),Send re-engagement campaign / feature tips,Standard,Monthly,3,452.99
288,CUST101714,0.8406,High,Frequent support contacts; Low satisfaction score; Recent price increase; Month-to-month contract (no lock-in),Offer loyalty discount / plan review,Standard,Monthly,21,380.06
289,CUST100479,0.8405,High,Slow support resolution; Month-to-month contract (no lock-in); New customer (tenure <= 6 months),Priority callback from support lead,Basic,Monthly,1,183.5
290,CUST102155,0.8405,High,Usage dropped sharply over 3 months; Slow support resolution; Month-to-month contract (no lock-in); New customer (tenure <= 6 months),Priority callback from support lead,Premium,Monthly,4,697.54
291,CUST101344,0.8402,High,Usage dropped sharply over 3 months; Repeated late payments; Month-to-month contract (no lock-in); New customer (tenure <= 6 months),Send re-engagement campaign / feature tips,Standard,Monthly,4,392.16
292,CUST101681,0.8402,High,Usage dropped sharply over 3 months; Slow support resolution; Low satisfaction score,Priority callback from support lead,Basic,Annual,18,203.66
293,CUST102394,0.8401,High,Low satisfaction score; Month-to-month contract (no lock-in); New customer (tenure <= 6 months),Priority callback from support lead,Basic,Monthly,1,216.67
294,CUST100178,0.84,High,Frequent support contacts; Low satisfaction score; Month-to-month contract (no lock-in),Priority callback from support lead,Premium,Monthly,20,662.76
295,CUST101231,0.8398,High,Usage dropped sharply over 3 months; Low satisfaction score; Month-to-month contract (no lock-in),Priority callback from support lead,Basic,Monthly,11,209.36
296,CUST102582,0.8397,High,Month-to-month contract (no lock-in),Offer annual-plan incentive,Basic,Monthly,13,183.55
297,CUST102366,0.8395,High,Slow support resolution; Low satisfaction score; Month-to-month contract (no lock-in),Priority callback from support lead,Basic,Monthly,18,208.19
298,CUST103905,0.8395,High,Usage dropped sharply over 3 months; Month-to-month contract (no lock-in),Send re-engagement campaign / feature tips,Basic,Monthly,10,209.48
299,CUST104949,0.8394,High,Slow support resolution; Month-to-month contract (no lock-in); New customer (tenure <= 6 months),Priority callback from support lead,Basic,Monthly,1,210.66
300,CUST104569,0.8394,High,Usage dropped sharply over 3 months; Frequent support contacts; Repeated late payments,Priority callback from support lead,Standard,Annual,8,403.56
301,CUST100711,0.8392,High,Usage dropped sharply over 3 months; Low satisfaction score; Month-to-month contract (no lock-in),Priority callback from support lead,Premium,Monthly,18,751.32
302,CUST103186,0.839,High,Frequent support contacts; Slow support resolution; Low satisfaction score; Month-to-month contract (no lock-in),Priority callback from support lead,Basic,Monthly,20,189.67
303,CUST102968,0.8387,High,Slow support resolution; Month-to-month contract (no lock-in); New customer (tenure <= 6 months),Priority callback from support lead,Basic,Monthly,2,192.27
304,CUST101900,0.8386,High,Frequent support contacts; Recent price increase; Month-to-month contract (no lock-in); New customer (tenure <= 6 months),Offer loyalty discount / plan review,Basic,Monthly,3,198.76
305,CUST103283,0.8383,High,Slow support resolution; Month-to-month contract (no lock-in),Priority callback from support lead,Basic,Monthly,11,199.74
306,CUST102605,0.8381,High,Month-to-month contract (no lock-in),Offer annual-plan incentive,Basic,Monthly,11,201.08
307,CUST102407,0.838,High,Frequent support contacts; Slow support resolution; Month-to-month contract (no lock-in); New customer (tenure <= 6 months),Priority callback from support lead,Basic,Monthly,3,213.38
308,CUST104882,0.8375,High,Low satisfaction score; Recent price increase; Month-to-month contract (no lock-in),Offer loyalty discount / plan review,Basic,Monthly,11,201.55
309,CUST101940,0.8371,High,Month-to-month contract (no lock-in); New customer (tenure <= 6 months),Offer annual-plan incentive,Basic,Monthly,3,174.96
310,CUST102708,0.8369,High,Month-to-month contract (no lock-in); New customer (tenure <= 6 months),Offer annual-plan incentive,Basic,Monthly,4,187.08
311,CUST100322,0.8368,High,Slow support resolution; Month-to-month contract (no lock-in); New customer (tenure <= 6 months),Priority callback from support lead,Basic,Monthly,1,194.28
312,CUST100245,0.8362,High,Frequent support contacts; Slow support resolution; Repeated late payments; Recent price increase,Offer loyalty discount / plan review,Premium,Monthly,34,711.96
313,CUST104180,0.8362,High,Frequent support contacts; Slow support resolution; Low satisfaction score; Month-to-month contract (no lock-in),Priority callback from support lead,Premium,Monthly,11,760.24
314,CUST100266,0.8362,High,Usage dropped sharply over 3 months; Month-to-month contract (no lock-in); New customer (tenure <= 6 months),Send re-engagement campaign / feature tips,Basic,Monthly,2,199.79
315,CUST101370,0.8362,High,Frequent support contacts; Slow support resolution; Low satisfaction score; Repeated late payments,Priority callback from support lead,Basic,Monthly,47,195.37
316,CUST103956,0.835,High,Slow support resolution; Low satisfaction score; Recent price increase; Month-to-month contract (no lock-in),Offer loyalty discount / plan review,Standard,Monthly,2,427.26
317,CUST101271,0.8348,High,Low satisfaction score; Repeated late payments; Month-to-month contract (no lock-in),Priority callback from support lead,Standard,Monthly,19,365.52
318,CUST100576,0.8348,High,Usage dropped sharply over 3 months; Recent price increase; Month-to-month contract (no lock-in),Offer loyalty discount / plan review,Basic,Monthly,15,205.0
319,CUST102776,0.8345,High,Slow support resolution; Low satisfaction score; Month-to-month contract (no lock-in),Priority callback from support lead,Basic,Monthly,15,199.61
320,CUST104946,0.8344,High,Usage dropped sharply over 3 months; Recent price increase; Month-to-month contract (no lock-in); New customer (tenure <= 6 months),Offer loyalty discount / plan review,Standard,Monthly,4,379.85
321,CUST100866,0.8339,High,Month-to-month contract (no lock-in); New customer (tenure <= 6 months),Offer annual-plan incentive,Standard,Monthly,1,395.86
322,CUST102560,0.8337,High,Repeated late payments; Month-to-month contract (no lock-in); New customer (tenure <= 6 months),Offer flexible payment / autopay setup,Basic,Monthly,3,192.42
323,CUST104290,0.8332,High,Frequent support contacts; Slow support resolution; Recent price increase; Month-to-month contract (no lock-in),Offer loyalty discount / plan review,Basic,Monthly,14,207.14
324,CUST104145,0.8331,High,Frequent support contacts; Recent price increase; Month-to-month contract (no lock-in); New customer (tenure <= 6 months),Offer loyalty discount / plan review,Premium,Monthly,1,697.89
325,CUST102149,0.8328,High,Usage dropped sharply over 3 months; Frequent support contacts; Low satisfaction score; Recent price increase,Offer loyalty discount / plan review,Basic,Monthly,23,206.96
326,CUST103864,0.8327,High,Usage dropped sharply over 3 months; Low satisfaction score; Month-to-month contract (no lock-in),Priority callback from support lead,Standard,Monthly,11,426.08
327,CUST100903,0.8321,High,Slow support resolution; Month-to-month contract (no lock-in); New customer (tenure <= 6 months),Priority callback from support lead,Premium,Monthly,1,771.79
328,CUST101341,0.8319,High,Usage dropped sharply over 3 months; Frequent support contacts; Month-to-month contract (no lock-in),Priority callback from support lead,Basic,Monthly,23,197.96
329,CUST102530,0.831,High,Slow support resolution; Month-to-month contract (no lock-in); New customer (tenure <= 6 months),Priority callback from support lead,Standard,Monthly,1,418.12
330,CUST100836,0.8309,High,Usage dropped sharply over 3 months; Slow support resolution; Month-to-month contract (no lock-in),Priority callback from support lead,Standard,Monthly,13,404.67
331,CUST102238,0.8308,High,Low satisfaction score; Month-to-month contract (no lock-in),Priority callback from support lead,Premium,Monthly,16,655.43
332,CUST104563,0.8308,High,Frequent support contacts; Month-to-month contract (no lock-in),Priority callback from support lead,Basic,Monthly,16,207.42
333,CUST104445,0.8306,High,Frequent support contacts; Low satisfaction score; Month-to-month contract (no lock-in),Priority callback from support lead,Premium,Monthly,10,698.72
334,CUST100960,0.8304,High,Very low engagement (usage/logins); New customer (tenure <= 6 months),Send re-engagement campaign / feature tips,Standard,Annual,4,423.72
335,CUST103634,0.8299,High,Frequent support contacts; Slow support resolution,Priority callback from support lead,Standard,Annual,12,419.32
336,CUST101269,0.8295,High,Frequent support contacts; Month-to-month contract (no lock-in),Priority callback from support lead,Premium,Monthly,11,711.98
337,CUST103931,0.8292,High,Low satisfaction score; Recent price increase; Month-to-month contract (no lock-in); New customer (tenure <= 6 months),Offer loyalty discount / plan review,Standard,Monthly,3,401.67
338,CUST102188,0.8285,High,Repeated late payments; New customer (tenure <= 6 months),Offer flexible payment / autopay setup,Premium,Annual,1,702.71
339,CUST103432,0.8283,High,Repeated late payments; Month-to-month contract (no lock-in),Offer flexible payment / autopay setup,Standard,Monthly,19,376.82
340,CUST102539,0.8282,High,Frequent support contacts; Low satisfaction score; Repeated late payments; New customer (tenure <= 6 months),Priority callback from support lead,Basic,Annual,4,203.27
341,CUST104831,0.8279,High,Month-to-month contract (no lock-in); New customer (tenure <= 6 months),Offer annual-plan incentive,Standard,Monthly,2,434.97
342,CUST101205,0.8277,High,Slow support resolution; Repeated late payments; Month-to-month contract (no lock-in),Priority callback from support lead,Standard,Monthly,9,425.49
343,CUST104617,0.8277,High,Usage dropped sharply over 3 months; Month-to-month contract (no lock-in),Send re-engagement campaign / feature tips,Basic,Monthly,9,186.15
344,CUST100620,0.8276,High,Usage dropped sharply over 3 months; Frequent support contacts,Priority callback from support lead,Standard,Annual,7,385.44
345,CUST103176,0.8272,High,Usage dropped sharply over 3 months; Slow support resolution; Month-to-month contract (no lock-in),Priority callback from support lead,Basic,Monthly,7,193.18
346,CUST100161,0.8271,High,Usage dropped sharply over 3 months; Low satisfaction score; New customer (tenure <= 6 months),Priority callback from support lead,Premium,Annual,1,691.64
347,CUST101497,0.8268,High,Usage dropped sharply over 3 months; Month-to-month contract (no lock-in); New customer (tenure <= 6 months),Send re-engagement campaign / feature tips,Standard,Monthly,6,417.79
348,CUST101959,0.8268,High,Usage dropped sharply over 3 months; Frequent support contacts; Low satisfaction score; New customer (tenure <= 6 months),Priority callback from support lead,Standard,Annual,5,424.24
349,CUST100769,0.8266,High,Month-to-month contract (no lock-in),Offer annual-plan incentive,Basic,Monthly,12,206.6
350,CUST100938,0.8265,High,Low satisfaction score; Month-to-month contract (no lock-in),Priority callback from support lead,Basic,Monthly,17,191.61
351,CUST101176,0.8263,High,Low satisfaction score; Repeated late payments; Month-to-month contract (no lock-in),Priority callback from support lead,Premium,Monthly,26,745.96
352,CUST102042,0.8244,High,Usage dropped sharply over 3 months; Slow support resolution; New customer (tenure <= 6 months),Priority callback from support lead,Basic,Annual,1,207.25
353,CUST104258,0.8239,High,Frequent support contacts; Month-to-month contract (no lock-in),Priority callback from support lead,Standard,Monthly,12,436.87
354,CUST102278,0.8238,High,Month-to-month contract (no lock-in); New customer (tenure <= 6 months),Offer annual-plan incentive,Basic,Monthly,2,203.15
355,CUST102787,0.8237,High,Slow support resolution; Low satisfaction score; Repeated late payments; Month-to-month contract (no lock-in),Priority callback from support lead,Standard,Monthly,22,375.27
356,CUST103890,0.8236,High,Low satisfaction score; Month-to-month contract (no lock-in),Priority callback from support lead,Standard,Monthly,15,378.61
357,CUST103356,0.8234,High,Slow support resolution; Month-to-month contract (no lock-in); New customer (tenure <= 6 months),Priority callback from support lead,Standard,Monthly,3,413.51
358,CUST104199,0.8234,High,Frequent support contacts; Month-to-month contract (no lock-in),Priority callback from support lead,Basic,Monthly,26,178.74
359,CUST102395,0.8234,High,Usage dropped sharply over 3 months; Month-to-month contract (no lock-in); New customer (tenure <= 6 months),Send re-engagement campaign / feature tips,Standard,Monthly,1,407.07
360,CUST104554,0.8232,High,Usage dropped sharply over 3 months; Recent price increase; Month-to-month contract (no lock-in),Offer loyalty discount / plan review,Basic,Monthly,14,205.36
361,CUST103392,0.8232,High,Repeated late payments; Month-to-month contract (no lock-in),Offer flexible payment / autopay setup,Basic,Monthly,11,192.18
362,CUST101612,0.8228,High,Low satisfaction score; Repeated late payments; Recent price increase; Month-to-month contract (no lock-in),Offer loyalty discount / plan review,Standard,Monthly,38,404.44
363,CUST103739,0.8226,High,Usage dropped sharply over 3 months; Low satisfaction score; Month-to-month contract (no lock-in); New customer (tenure <= 6 months),Priority callback from support lead,Standard,Monthly,4,429.97
364,CUST103770,0.8225,High,Slow support resolution; Low satisfaction score; Month-to-month contract (no lock-in); New customer (tenure <= 6 months),Priority callback from support lead,Standard,Monthly,2,392.67
365,CUST104928,0.8224,High,Slow support resolution; Low satisfaction score; New customer (tenure <= 6 months),Priority callback from support lead,Standard,Annual,3,398.67
366,CUST101872,0.8222,High,Frequent support contacts; Low satisfaction score; Month-to-month contract (no lock-in),Priority callback from support lead,Standard,Monthly,26,386.4
367,CUST102210,0.822,High,Usage dropped sharply over 3 months; Month-to-month contract (no lock-in); New customer (tenure <= 6 months),Send re-engagement campaign / feature tips,Basic,Monthly,1,212.56
368,CUST101715,0.8217,High,Frequent support contacts; Month-to-month contract (no lock-in); New customer (tenure <= 6 months),Priority callback from support lead,Standard,Monthly,1,429.73
369,CUST102463,0.8217,High,Usage dropped sharply over 3 months; Low satisfaction score; Month-to-month contract (no lock-in); New customer (tenure <= 6 months),Priority callback from support lead,Basic,Monthly,2,211.64
370,CUST102274,0.8216,High,Recent price increase; Month-to-month contract (no lock-in); New customer (tenure <= 6 months),Offer loyalty discount / plan review,Premium,Monthly,1,734.8
371,CUST100435,0.8213,High,Month-to-month contract (no lock-in),Offer annual-plan incentive,Premium,Monthly,16,714.21
372,CUST101878,0.8208,High,Low satisfaction score; Repeated late payments; Month-to-month contract (no lock-in),Priority callback from support lead,Standard,Monthly,15,393.43
373,CUST100799,0.8205,High,Frequent support contacts; Low satisfaction score; Month-to-month contract (no lock-in); New customer (tenure <= 6 months),Priority callback from support lead,Basic,Monthly,3,213.02
374,CUST104999,0.8204,High,Frequent support contacts; Slow support resolution; Month-to-month contract (no lock-in),Priority callback from support lead,Premium,Monthly,16,649.86
375,CUST104454,0.8202,High,Slow support resolution; Repeated late payments; Month-to-month contract (no lock-in); New customer (tenure <= 6 months),Priority callback from support lead,Basic,Monthly,1,197.25
376,CUST104489,0.8202,High,Usage dropped sharply over 3 months; Month-to-month contract (no lock-in),Send re-engagement campaign / feature tips,Basic,Monthly,11,193.59
377,CUST102559,0.8201,High,Frequent support contacts,Priority callback from support lead,Premium,Annual,16,735.33
378,CUST100261,0.8199,High,Very low engagement (usage/logins); Month-to-month contract (no lock-in); New customer (tenure <= 6 months),Send re-engagement campaign / feature tips,Premium,Monthly,4,766.86
379,CUST102194,0.8194,High,Low satisfaction score; Month-to-month contract (no lock-in),Priority callback from support lead,Premium,Monthly,15,717.3
380,CUST104680,0.819,High,Slow support resolution; Month-to-month contract (no lock-in); New customer (tenure <= 6 months),Priority callback from support lead,Standard,Monthly,5,421.77
381,CUST100418,0.8188,High,Frequent support contacts; Slow support resolution; Low satisfaction score; Month-to-month contract (no lock-in),Priority callback from support lead,Premium,Monthly,17,680.99
382,CUST100234,0.8188,High,Slow support resolution; Repeated late payments; Month-to-month contract (no lock-in),Priority callback from support lead,Basic,Monthly,27,194.38
383,CUST100248,0.8186,High,Slow support resolution; Recent price increase; Month-to-month contract (no lock-in),Offer loyalty discount / plan review,Basic,Monthly,12,190.15
384,CUST101466,0.8185,High,Slow support resolution; Month-to-month contract (no lock-in); New customer (tenure <= 6 months),Priority callback from support lead,Premium,Monthly,4,714.11
385,CUST103177,0.8183,High,Repeated late payments; Month-to-month contract (no lock-in); New customer (tenure <= 6 months),Offer flexible payment / autopay setup,Premium,Monthly,4,649.52
386,CUST104777,0.8182,High,Repeated late payments; Month-to-month contract (no lock-in),Offer flexible payment / autopay setup,Basic,Monthly,18,187.38
387,CUST102948,0.8181,High,Usage dropped sharply over 3 months; Month-to-month contract (no lock-in),Send re-engagement campaign / feature tips,Basic,Monthly,19,213.47
388,CUST101903,0.818,High,Low satisfaction score; Month-to-month contract (no lock-in); New customer (tenure <= 6 months),Priority callback from support lead,Basic,Monthly,2,213.98
389,CUST103099,0.818,High,Low satisfaction score; Month-to-month contract (no lock-in); New customer (tenure <= 6 months),Priority callback from support lead,Standard,Monthly,1,415.76
390,CUST101268,0.8175,High,Frequent support contacts; Repeated late payments; Month-to-month contract (no lock-in),Priority callback from support lead,Standard,Monthly,7,405.37
391,CUST103838,0.8173,High,Usage dropped sharply over 3 months; Repeated late payments; Month-to-month contract (no lock-in),Send re-engagement campaign / feature tips,Basic,Monthly,9,193.74
392,CUST104214,0.8168,High,Frequent support contacts; Low satisfaction score; Recent price increase,Offer loyalty discount / plan review,Basic,Annual,9,203.18
393,CUST102993,0.8165,High,Frequent support contacts; Slow support resolution; Month-to-month contract (no lock-in),Priority callback from support lead,Basic,Monthly,7,187.4
394,CUST103437,0.8164,High,Low satisfaction score; Month-to-month contract (no lock-in); New customer (tenure <= 6 months),Priority callback from support lead,Basic,Monthly,1,189.05
395,CUST100438,0.8155,High,Slow support resolution; Repeated late payments; Month-to-month contract (no lock-in); New customer (tenure <= 6 months),Priority callback from support lead,Premium,Monthly,6,694.12
396,CUST102020,0.8151,High,Usage dropped sharply over 3 months; Frequent support contacts; New customer (tenure <= 6 months),Priority callback from support lead,Basic,Annual,2,195.91
397,CUST102588,0.815,High,Low satisfaction score; Month-to-month contract (no lock-in); New customer (tenure <= 6 months),Priority callback from support lead,Standard,Monthly,1,383.02
398,CUST103963,0.8142,High,Slow support resolution; Month-to-month contract (no lock-in); New customer (tenure <= 6 months),Priority callback from support lead,Premium,Monthly,3,640.1
399,CUST102466,0.8142,High,Month-to-month contract (no lock-in); New customer (tenure <= 6 months),Offer annual-plan incentive,Basic,Monthly,1,178.69
400,CUST103007,0.8142,High,Usage dropped sharply over 3 months; Recent price increase; Month-to-month contract (no lock-in),Offer loyalty discount / plan review,Premium,Monthly,13,703.08
401,CUST104098,0.814,High,Frequent support contacts; Slow support resolution; Recent price increase; Month-to-month contract (no lock-in),Offer loyalty discount / plan review,Basic,Monthly,2,204.91
402,CUST102255,0.8135,High,Usage dropped sharply over 3 months; Month-to-month contract (no lock-in); New customer (tenure <= 6 months),Send re-engagement campaign / feature tips,Premium,Monthly,1,705.81
403,CUST100109,0.8135,High,Low satisfaction score; Month-to-month contract (no lock-in); New customer (tenure <= 6 months),Priority callback from support lead,Standard,Monthly,5,410.88
404,CUST103646,0.8133,High,Repeated late payments; Month-to-month contract (no lock-in),Offer flexible payment / autopay setup,Premium,Monthly,13,712.61
405,CUST101797,0.8128,High,Frequent support contacts; Slow support resolution; Low satisfaction score; Month-to-month contract (no lock-in),Priority callback from support lead,Basic,Monthly,6,187.92
406,CUST103500,0.8123,High,Usage dropped sharply over 3 months; Repeated late payments; Month-to-month contract (no lock-in),Send re-engagement campaign / feature tips,Premium,Monthly,27,712.32
407,CUST102798,0.8116,High,Usage dropped sharply over 3 months; Very low engagement (usage/logins); Repeated late payments; Month-to-month contract (no lock-in),Send re-engagement campaign / feature tips,Basic,Monthly,21,218.42
408,CUST104067,0.8114,High,Low satisfaction score; New customer (tenure <= 6 months),Priority callback from support lead,Standard,Annual,5,427.8
409,CUST102104,0.8112,High,Slow support resolution; Month-to-month contract (no lock-in); New customer (tenure <= 6 months),Priority callback from support lead,Basic,Monthly,2,186.52
410,CUST100214,0.8111,High,Frequent support contacts; Repeated late payments; Month-to-month contract (no lock-in); New customer (tenure <= 6 months),Priority callback from support lead,Basic,Monthly,6,204.32
411,CUST104793,0.8111,High,Slow support resolution; Month-to-month contract (no lock-in); New customer (tenure <= 6 months),Priority callback from support lead,Basic,Monthly,4,192.83
412,CUST103623,0.811,High,Repeated late payments; Month-to-month contract (no lock-in); New customer (tenure <= 6 months),Offer flexible payment / autopay setup,Basic,Monthly,4,191.13
413,CUST103489,0.8107,High,Frequent support contacts; Repeated late payments,Priority callback from support lead,Standard,Annual,35,444.03
414,CUST100394,0.8102,High,Low satisfaction score; Month-to-month contract (no lock-in),Priority callback from support lead,Basic,Monthly,25,202.07
415,CUST103866,0.8097,High,Frequent support contacts; Repeated late payments; Month-to-month contract (no lock-in); New customer (tenure <= 6 months),Priority callback from support lead,Basic,Monthly,5,191.61
416,CUST101947,0.8095,High,Usage dropped sharply over 3 months; Recent price increase; Month-to-month contract (no lock-in); New customer (tenure <= 6 months),Offer loyalty discount / plan review,Basic,Monthly,3,204.19
417,CUST104194,0.8093,High,Usage dropped sharply over 3 months; Low satisfaction score,Priority callback from support lead,Basic,Annual,12,204.89
418,CUST101109,0.8093,High,Usage dropped sharply over 3 months; Frequent support contacts; Month-to-month contract (no lock-in),Priority callback from support lead,Basic,Monthly,30,201.4
419,CUST101454,0.8089,High,Low satisfaction score; Month-to-month contract (no lock-in); New customer (tenure <= 6 months),Priority callback from support lead,Basic,Monthly,6,205.32
420,CUST100699,0.8088,High,Frequent support contacts; Slow support resolution; Repeated late payments; Recent price increase,Offer loyalty discount / plan review,Standard,Monthly,5,411.53
421,CUST104416,0.8087,High,Month-to-month contract (no lock-in),Offer annual-plan incentive,Basic,Monthly,17,205.47
422,CUST103000,0.8083,High,Usage dropped sharply over 3 months; Month-to-month contract (no lock-in),Send re-engagement campaign / feature tips,Basic,Monthly,7,201.84
423,CUST101283,0.8081,High,Slow support resolution; Low satisfaction score; Month-to-month contract (no lock-in),Priority callback from support lead,Standard,Monthly,11,409.89
424,CUST101662,0.8079,High,Frequent support contacts; Slow support resolution; Recent price increase; New customer (tenure <= 6 months),Offer loyalty discount / plan review,Basic,Annual,4,209.9
425,CUST102567,0.8078,High,Very low engagement (usage/logins); Frequent support contacts; Month-to-month contract (no lock-in); New customer (tenure <= 6 months),Priority callback from support lead,Premium,Monthly,4,700.41
426,CUST103334,0.8076,High,Repeated late payments; Month-to-month contract (no lock-in); New customer (tenure <= 6 months),Offer flexible payment / autopay setup,Premium,Monthly,1,706.54
427,CUST104935,0.8076,High,Usage dropped sharply over 3 months; Recent price increase; Month-to-month contract (no lock-in); New customer (tenure <= 6 months),Offer loyalty discount / plan review,Premium,Monthly,2,713.92
428,CUST104814,0.8074,High,Usage dropped sharply over 3 months; Month-to-month contract (no lock-in),Send re-engagement campaign / feature tips,Premium,Monthly,8,693.54
429,CUST102856,0.8073,High,Frequent support contacts; Month-to-month contract (no lock-in); New customer (tenure <= 6 months),Priority callback from support lead,Premium,Monthly,3,687.51
430,CUST101600,0.8072,High,Recent price increase; Month-to-month contract (no lock-in); New customer (tenure <= 6 months),Offer loyalty discount / plan review,Standard,Monthly,4,428.02
431,CUST101874,0.8071,High,Usage dropped sharply over 3 months; Repeated late payments; Month-to-month contract (no lock-in); New customer (tenure <= 6 months),Send re-engagement campaign / feature tips,Basic,Monthly,1,180.34
432,CUST103439,0.8069,High,Slow support resolution; Month-to-month contract (no lock-in); New customer (tenure <= 6 months),Priority callback from support lead,Basic,Monthly,2,186.46
433,CUST103969,0.8066,High,Month-to-month contract (no lock-in),Offer annual-plan incentive,Premium,Monthly,19,751.19
434,CUST103915,0.8066,High,Usage dropped sharply over 3 months; Month-to-month contract (no lock-in),Send re-engagement campaign / feature tips,Basic,Monthly,11,213.61
435,CUST101200,0.8064,High,Slow support resolution; Month-to-month contract (no lock-in); New customer (tenure <= 6 months),Priority callback from support lead,Standard,Monthly,5,376.63
436,CUST104552,0.8062,High,Usage dropped sharply over 3 months; Low satisfaction score; Repeated late payments,Priority callback from support lead,Basic,Annual,10,203.46
437,CUST101252,0.8062,High,Usage dropped sharply over 3 months; Low satisfaction score; Month-to-month contract (no lock-in),Priority callback from support lead,Standard,Monthly,9,384.79
438,CUST103122,0.8061,High,Frequent support contacts; Low satisfaction score; New customer (tenure <= 6 months),Priority callback from support lead,Standard,Annual,3,394.04
439,CUST102897,0.8057,High,Slow support resolution; Repeated late payments; Month-to-month contract (no lock-in); New customer (tenure <= 6 months),Priority callback from support lead,Standard,Monthly,4,376.02
440,CUST100168,0.8055,High,Usage dropped sharply over 3 months; Low satisfaction score; Month-to-month contract (no lock-in),Priority callback from support lead,Basic,Monthly,17,210.87
441,CUST102883,0.8053,High,Month-to-month contract (no lock-in); New customer (tenure <= 6 months),Offer annual-plan incentive,Premium,Monthly,1,717.06
442,CUST103038,0.8051,High,Usage dropped sharply over 3 months; Slow support resolution; Month-to-month contract (no lock-in); New customer (tenure <= 6 months),Priority callback from support lead,Basic,Monthly,3,194.15
443,CUST104936,0.805,High,Usage dropped sharply over 3 months; Frequent support contacts; New customer (tenure <= 6 months),Priority callback from support lead,Premium,Annual,1,653.27
444,CUST101297,0.8049,High,Frequent support contacts; Low satisfaction score; Month-to-month contract (no lock-in); New customer (tenure <= 6 months),Priority callback from support lead,Basic,Monthly,2,180.84
445,CUST100946,0.8049,High,Slow support resolution; Month-to-month contract (no lock-in); New customer (tenure <= 6 months),Priority callback from support lead,Premium,Monthly,1,691.6
446,CUST103616,0.8049,High,Frequent support contacts; Low satisfaction score; Month-to-month contract (no lock-in),Priority callback from support lead,Standard,Monthly,20,419.32
447,CUST103641,0.8047,High,Low satisfaction score; Repeated late payments; Month-to-month contract (no lock-in); New customer (tenure <= 6 months),Priority callback from support lead,Standard,Monthly,5,437.19
448,CUST102353,0.8042,High,Frequent support contacts; Slow support resolution; New customer (tenure <= 6 months),Priority callback from support lead,Standard,Annual,5,435.56
449,CUST102175,0.8041,High,Very low engagement (usage/logins); Repeated late payments,Send re-engagement campaign / feature tips,Basic,Annual,21,193.59
450,CUST101558,0.8041,High,Repeated late payments; Recent price increase; Month-to-month contract (no lock-in); New customer (tenure <= 6 months),Offer loyalty discount / plan review,Basic,Monthly,5,205.11
451,CUST102341,0.804,High,Frequent support contacts; Month-to-month contract (no lock-in),Priority callback from support lead,Premium,Monthly,7,733.85
452,CUST100254,0.8039,High,Frequent support contacts; Slow support resolution; Recent price increase; Month-to-month contract (no lock-in),Offer loyalty discount / plan review,Basic,Monthly,16,217.68
453,CUST100910,0.8034,High,Usage dropped sharply over 3 months; Frequent support contacts; Slow support resolution; Low satisfaction score,Priority callback from support lead,Premium,Annual,42,723.04
454,CUST103447,0.8031,High,Frequent support contacts; Slow support resolution; Repeated late payments; Month-to-month contract (no lock-in),Priority callback from support lead,Premium,Monthly,2,637.25
455,CUST100719,0.803,High,Usage dropped sharply over 3 months; Slow support resolution; Low satisfaction score; Month-to-month contract (no lock-in),Priority callback from support lead,Standard,Monthly,6,404.43
456,CUST103330,0.8029,High,Recent price increase; Month-to-month contract (no lock-in); New customer (tenure <= 6 months),Offer loyalty discount / plan review,Premium,Monthly,5,721.02
457,CUST100198,0.8018,High,Low satisfaction score; Repeated late payments; Month-to-month contract (no lock-in),Priority callback from support lead,Basic,Monthly,9,190.85
458,CUST103446,0.8018,High,Slow support resolution; Low satisfaction score; Month-to-month contract (no lock-in),Priority callback from support lead,Basic,Monthly,35,194.3
459,CUST103709,0.8018,High,Usage dropped sharply over 3 months; Month-to-month contract (no lock-in),Send re-engagement campaign / feature tips,Premium,Monthly,13,674.9
460,CUST103264,0.8014,High,Frequent support contacts; Low satisfaction score; Month-to-month contract (no lock-in); New customer (tenure <= 6 months),Priority callback from support lead,Basic,Monthly,4,208.62
461,CUST103299,0.8014,High,Usage dropped sharply over 3 months; Frequent support contacts; Month-to-month contract (no lock-in),Priority callback from support lead,Premium,Monthly,17,725.04
462,CUST104270,0.8012,High,Very low engagement (usage/logins); Slow support resolution; Month-to-month contract (no lock-in),Priority callback from support lead,Basic,Monthly,27,203.52
463,CUST100750,0.8012,High,Low satisfaction score; Month-to-month contract (no lock-in); New customer (tenure <= 6 months),Priority callback from support lead,Premium,Monthly,1,650.25
464,CUST100148,0.8004,High,Usage dropped sharply over 3 months; Month-to-month contract (no lock-in),Send re-engagement campaign / feature tips,Basic,Monthly,23,197.78
465,CUST102637,0.8002,High,Very low engagement (usage/logins); Low satisfaction score; Month-to-month contract (no lock-in),Priority callback from support lead,Basic,Monthly,7,173.68
466,CUST100217,0.8002,High,Low satisfaction score; Month-to-month contract (no lock-in),Priority callback from support lead,Premium,Monthly,9,715.19
467,CUST102016,0.7996,High,Low satisfaction score; Recent price increase; Month-to-month contract (no lock-in),Offer loyalty discount / plan review,Basic,Monthly,7,200.54
468,CUST103831,0.7994,High,Usage dropped sharply over 3 months; Slow support resolution; Month-to-month contract (no lock-in),Priority callback from support lead,Premium,Monthly,17,638.71
469,CUST101627,0.7991,High,Frequent support contacts; Slow support resolution; Month-to-month contract (no lock-in),Priority callback from support lead,Standard,Monthly,16,379.06
470,CUST102393,0.7985,High,Low satisfaction score; Month-to-month contract (no lock-in); New customer (tenure <= 6 months),Priority callback from support lead,Standard,Monthly,5,395.6
471,CUST101706,0.7985,High,Usage dropped sharply over 3 months; Frequent support contacts; Low satisfaction score; Month-to-month contract (no lock-in),Priority callback from support lead,Basic,Monthly,50,203.52
472,CUST101143,0.7976,High,Low satisfaction score; Month-to-month contract (no lock-in); New customer (tenure <= 6 months),Priority callback from support lead,Premium,Monthly,4,701.14
473,CUST101793,0.7974,High,Low satisfaction score; Month-to-month contract (no lock-in); New customer (tenure <= 6 months),Priority callback from support lead,Standard,Monthly,4,393.65
474,CUST100798,0.7972,High,Repeated late payments; Month-to-month contract (no lock-in); New customer (tenure <= 6 months),Offer flexible payment / autopay setup,Premium,Monthly,4,718.11
475,CUST101621,0.7972,High,Repeated late payments; Recent price increase; Month-to-month contract (no lock-in); New customer (tenure <= 6 months),Offer loyalty discount / plan review,Premium,Monthly,2,751.66
476,CUST101688,0.7966,High,Slow support resolution; Month-to-month contract (no lock-in); New customer (tenure <= 6 months),Priority callback from support lead,Basic,Monthly,6,171.83
477,CUST100558,0.7962,High,Repeated late payments; Month-to-month contract (no lock-in),Offer flexible payment / autopay setup,Standard,Monthly,7,436.21
478,CUST104202,0.796,High,Usage dropped sharply over 3 months; Repeated late payments; Month-to-month contract (no lock-in),Send re-engagement campaign / feature tips,Basic,Monthly,27,188.51
479,CUST101408,0.7959,High,Frequent support contacts; Low satisfaction score; Repeated late payments; Month-to-month contract (no lock-in),Priority callback from support lead,Basic,Monthly,3,184.76
480,CUST103952,0.7955,High,Frequent support contacts,Priority callback from support lead,Premium,Annual,43,772.24
481,CUST100628,0.7955,High,Usage dropped sharply over 3 months; Frequent support contacts; Repeated late payments,Priority callback from support lead,Basic,Annual,11,196.08
482,CUST101884,0.795,High,Usage dropped sharply over 3 months; Low satisfaction score; Month-to-month contract (no lock-in); New customer (tenure <= 6 months),Priority callback from support lead,Basic,Monthly,1,204.03
483,CUST100868,0.7949,High,Low satisfaction score; Month-to-month contract (no lock-in),Priority callback from support lead,Standard,Monthly,11,394.4
484,CUST103001,0.794,High,Frequent support contacts; Month-to-month contract (no lock-in),Priority callback from support lead,Standard,Monthly,29,387.3
485,CUST100175,0.7935,High,Frequent support contacts; Slow support resolution; Low satisfaction score; Month-to-month contract (no lock-in),Priority callback from support lead,Basic,Monthly,27,200.01
486,CUST103761,0.7934,High,Month-to-month contract (no lock-in),Offer annual-plan incentive,Basic,Monthly,12,208.17
487,CUST104970,0.7931,High,Usage dropped sharply over 3 months; Slow support resolution; Recent price increase; Month-to-month contract (no lock-in),Offer loyalty discount / plan review,Standard,Monthly,7,424.25
488,CUST102796,0.793,High,Usage dropped sharply over 3 months; Recent price increase; Month-to-month contract (no lock-in); New customer (tenure <= 6 months),Offer loyalty discount / plan review,Basic,Monthly,5,203.0
489,CUST102103,0.793,High,Slow support resolution; Low satisfaction score; Month-to-month contract (no lock-in); New customer (tenure <= 6 months),Priority callback from support lead,Standard,Monthly,2,389.02
490,CUST103929,0.7927,High,Month-to-month contract (no lock-in); New customer (tenure <= 6 months),Offer annual-plan incentive,Basic,Monthly,1,181.48
491,CUST100980,0.7919,High,Slow support resolution; Month-to-month contract (no lock-in); New customer (tenure <= 6 months),Priority callback from support lead,Standard,Monthly,2,403.93
492,CUST102547,0.7914,High,Usage dropped sharply over 3 months; Frequent support contacts; Month-to-month contract (no lock-in),Priority callback from support lead,Standard,Monthly,10,408.09
493,CUST103179,0.7913,High,Low satisfaction score; Recent price increase; Month-to-month contract (no lock-in),Offer loyalty discount / plan review,Standard,Monthly,22,401.68
494,CUST104228,0.7911,High,Low satisfaction score; Month-to-month contract (no lock-in); New customer (tenure <= 6 months),Priority callback from support lead,Premium,Monthly,3,696.08
495,CUST103073,0.7909,High,Low satisfaction score; Month-to-month contract (no lock-in); New customer (tenure <= 6 months),Priority callback from support lead,Basic,Monthly,2,209.48
496,CUST104931,0.7908,High,Frequent support contacts; Month-to-month contract (no lock-in),Priority callback from support lead,Premium,Monthly,8,747.22
497,CUST103063,0.7905,High,Slow support resolution; Low satisfaction score; New customer (tenure <= 6 months),Priority callback from support lead,Standard,Annual,2,373.64
498,CUST100579,0.7905,High,Frequent support contacts; Recent price increase; New customer (tenure <= 6 months),Offer loyalty discount / plan review,Premium,Annual,1,708.5
499,CUST104513,0.7904,High,Low satisfaction score; Month-to-month contract (no lock-in),Priority callback from support lead,Standard,Monthly,13,386.9
500,CUST101538,0.7896,High,Slow support resolution; New customer (tenure <= 6 months),Priority callback from support lead,Basic,Annual,6,182.79
501,CUST104121,0.7895,High,Frequent support contacts; Low satisfaction score; Month-to-month contract (no lock-in); New customer (tenure <= 6 months),Priority callback from support lead,Standard,Monthly,4,393.67
502,CUST101868,0.7893,High,Usage dropped sharply over 3 months; Low satisfaction score; Month-to-month contract (no lock-in); New customer (tenure <= 6 months),Priority callback from support lead,Standard,Monthly,5,409.94
503,CUST100164,0.789,High,Usage dropped sharply over 3 months; Recent price increase; Month-to-month contract (no lock-in),Offer loyalty discount / plan review,Basic,Monthly,20,192.13
504,CUST104789,0.7889,High,Usage dropped sharply over 3 months; Frequent support contacts; Slow support resolution; Month-to-month contract (no lock-in),Priority callback from support lead,Basic,Monthly,22,206.61
505,CUST102781,0.7888,High,Month-to-month contract (no lock-in),Offer annual-plan incentive,Premium,Monthly,12,729.21
506,CUST103501,0.7887,High,Month-to-month contract (no lock-in); New customer (tenure <= 6 months),Offer annual-plan incentive,Basic,Monthly,4,219.22
507,CUST104091,0.7885,High,Usage dropped sharply over 3 months; Slow support resolution; Month-to-month contract (no lock-in); New customer (tenure <= 6 months),Priority callback from support lead,Premium,Monthly,2,850.23
508,CUST100657,0.7883,High,Recent price increase; Month-to-month contract (no lock-in); New customer (tenure <= 6 months),Offer loyalty discount / plan review,Standard,Monthly,1,376.42
509,CUST100280,0.7873,High,Low satisfaction score; Month-to-month contract (no lock-in); New customer (tenure <= 6 months),Priority callback from support lead,Basic,Monthly,6,194.68
510,CUST101967,0.7871,High,Very low engagement (usage/logins); Month-to-month contract (no lock-in); New customer (tenure <= 6 months),Send re-engagement campaign / feature tips,Standard,Monthly,6,406.59
511,CUST103918,0.787,High,Usage dropped sharply over 3 months; Month-to-month contract (no lock-in),Send re-engagement campaign / feature tips,Standard,Monthly,9,402.21
512,CUST103697,0.787,High,Slow support resolution; Month-to-month contract (no lock-in); New customer (tenure <= 6 months),Priority callback from support lead,Standard,Monthly,1,333.25
513,CUST104220,0.7868,High,Frequent support contacts; Slow support resolution; Month-to-month contract (no lock-in); New customer (tenure <= 6 months),Priority callback from support lead,Standard,Monthly,1,390.46
514,CUST103354,0.7866,High,Month-to-month contract (no lock-in),Offer annual-plan incentive,Basic,Monthly,17,207.56
515,CUST102828,0.7865,High,Usage dropped sharply over 3 months; Frequent support contacts; Slow support resolution; Repeated late payments,Priority callback from support lead,Premium,Annual,14,680.17
516,CUST100063,0.7862,High,Usage dropped sharply over 3 months; Low satisfaction score; Month-to-month contract (no lock-in),Priority callback from support lead,Premium,Monthly,36,656.89
517,CUST100532,0.7862,High,Slow support resolution; Recent price increase; Month-to-month contract (no lock-in); New customer (tenure <= 6 months),Offer loyalty discount / plan review,Basic,Monthly,1,206.36
518,CUST100481,0.7862,High,Usage dropped sharply over 3 months; Month-to-month contract (no lock-in),Send re-engagement campaign / feature tips,Standard,Monthly,9,410.59
519,CUST101093,0.7853,High,Repeated late payments; Month-to-month contract (no lock-in),Offer flexible payment / autopay setup,Standard,Monthly,8,365.7
520,CUST100684,0.7851,High,Slow support resolution; Repeated late payments; New customer (tenure <= 6 months),Priority callback from support lead,Premium,Annual,2,749.79
521,CUST103708,0.785,High,Frequent support contacts; Repeated late payments; Month-to-month contract (no lock-in); New customer (tenure <= 6 months),Priority callback from support lead,Basic,Monthly,4,202.46
522,CUST101274,0.7847,High,Recent price increase; Month-to-month contract (no lock-in); New customer (tenure <= 6 months),Offer loyalty discount / plan review,Basic,Monthly,6,201.19
523,CUST100902,0.7844,High,Low satisfaction score; Recent price increase; New customer (tenure <= 6 months),Offer loyalty discount / plan review,Standard,Annual,1,408.34
524,CUST103736,0.7842,High,Very low engagement (usage/logins); Month-to-month contract (no lock-in),Send re-engagement campaign / feature tips,Premium,Monthly,20,640.78
525,CUST103823,0.7837,High,Usage dropped sharply over 3 months; Month-to-month contract (no lock-in); New customer (tenure <= 6 months),Send re-engagement campaign / feature tips,Basic,Monthly,3,208.99
526,CUST102963,0.7834,High,Recent price increase; Month-to-month contract (no lock-in),Offer loyalty discount / plan review,Premium,Monthly,7,685.12
527,CUST104971,0.7833,High,Month-to-month contract (no lock-in); New customer (tenure <= 6 months),Offer annual-plan incentive,Standard,Monthly,1,406.9
528,CUST103339,0.7832,High,Low satisfaction score; Month-to-month contract (no lock-in); New customer (tenure <= 6 months),Priority callback from support lead,Basic,Monthly,3,200.77
529,CUST101615,0.783,High,Frequent support contacts; Slow support resolution; Low satisfaction score; Month-to-month contract (no lock-in),Priority callback from support lead,Standard,Monthly,19,391.43
530,CUST104899,0.783,High,Slow support resolution; Repeated late payments; New customer (tenure <= 6 months),Priority callback from support lead,Premium,Annual,1,693.22
531,CUST104960,0.783,High,Low satisfaction score; Recent price increase; Month-to-month contract (no lock-in),Offer loyalty discount / plan review,Standard,Monthly,20,397.28
532,CUST102681,0.783,High,Low satisfaction score; Recent price increase; Month-to-month contract (no lock-in); New customer (tenure <= 6 months),Offer loyalty discount / plan review,Basic,Monthly,5,184.79
533,CUST104014,0.7827,High,Usage dropped sharply over 3 months; Repeated late payments; Month-to-month contract (no lock-in); New customer (tenure <= 6 months),Send re-engagement campaign / feature tips,Standard,Monthly,1,401.89
534,CUST104093,0.7824,High,Low satisfaction score; Month-to-month contract (no lock-in); New customer (tenure <= 6 months),Priority callback from support lead,Standard,Monthly,2,400.37
535,CUST101679,0.782,High,Usage dropped sharply over 3 months; Low satisfaction score; Repeated late payments; Month-to-month contract (no lock-in),Priority callback from support lead,Standard,Monthly,16,388.65
536,CUST103116,0.7819,High,Low satisfaction score; Repeated late payments; New customer (tenure <= 6 months),Priority callback from support lead,Standard,Annual,1,420.77
537,CUST100867,0.7817,High,Month-to-month contract (no lock-in); New customer (tenure <= 6 months),Offer annual-plan incentive,Basic,Monthly,3,183.24
538,CUST100655,0.7814,High,Repeated late payments; Month-to-month contract (no lock-in),Offer flexible payment / autopay setup,Basic,Monthly,14,193.09
539,CUST103180,0.7813,High,Usage dropped sharply over 3 months; Low satisfaction score,Priority callback from support lead,Basic,Annual,43,200.33
540,CUST102257,0.7811,High,Usage dropped sharply over 3 months; Month-to-month contract (no lock-in); New customer (tenure <= 6 months),Send re-engagement campaign / feature tips,Standard,Monthly,3,390.19
541,CUST103168,0.7811,High,Slow support resolution; Month-to-month contract (no lock-in); New customer (tenure <= 6 months),Priority callback from support lead,Premium,Monthly,2,664.45
542,CUST101058,0.7807,High,Low satisfaction score; Recent price increase,Offer loyalty discount / plan review,Premium,Annual,8,756.51
543,CUST103381,0.7807,High,Frequent support contacts; Low satisfaction score; Recent price increase; Month-to-month contract (no lock-in),Offer loyalty discount / plan review,Standard,Monthly,44,373.39
544,CUST103469,0.7799,High,Low satisfaction score; Month-to-month contract (no lock-in),Priority callback from support lead,Basic,Monthly,7,171.03
545,CUST101126,0.7794,High,Repeated late payments; Month-to-month contract (no lock-in),Offer flexible payment / autopay setup,Basic,Monthly,16,200.17
546,CUST102063,0.7791,High,Low satisfaction score; New customer (tenure <= 6 months),Priority callback from support lead,Standard,Annual,3,370.88
547,CUST101677,0.7783,High,Low satisfaction score; Month-to-month contract (no lock-in),Priority callback from support lead,Basic,Monthly,20,200.9
548,CUST103358,0.7783,High,Slow support resolution; New customer (tenure <= 6 months),Priority callback from support lead,Basic,Annual,4,192.87
549,CUST100181,0.778,High,Slow support resolution; Month-to-month contract (no lock-in); New customer (tenure <= 6 months),Priority callback from support lead,Premium,Monthly,3,700.82
550,CUST100994,0.7779,High,Slow support resolution; Low satisfaction score; Month-to-month contract (no lock-in); New customer (tenure <= 6 months),Priority callback from support lead,Basic,Monthly,4,213.61
551,CUST101338,0.7778,High,Usage dropped sharply over 3 months; Repeated late payments; Month-to-month contract (no lock-in); New customer (tenure <= 6 months),Send re-engagement campaign / feature tips,Basic,Monthly,4,189.22
552,CUST101416,0.7777,High,Usage dropped sharply over 3 months; Low satisfaction score; Month-to-month contract (no lock-in),Priority callback from support lead,Premium,Monthly,9,726.25
553,CUST100791,0.7777,High,Frequent support contacts; Slow support resolution; Recent price increase; Month-to-month contract (no lock-in),Offer loyalty discount / plan review,Basic,Monthly,3,201.11
554,CUST101294,0.7776,High,Slow support resolution; Month-to-month contract (no lock-in); New customer (tenure <= 6 months),Priority callback from support lead,Standard,Monthly,3,422.77
555,CUST103535,0.7776,High,Low satisfaction score; Repeated late payments; New customer (tenure <= 6 months),Priority callback from support lead,Premium,Annual,3,696.71
556,CUST104245,0.7776,High,Slow support resolution; Low satisfaction score; Repeated late payments; Month-to-month contract (no lock-in),Priority callback from support lead,Basic,Monthly,3,214.77
557,CUST102050,0.7773,High,Usage dropped sharply over 3 months; Slow support resolution; Month-to-month contract (no lock-in),Priority callback from support lead,Standard,Monthly,9,387.51
558,CUST102687,0.777,High,Usage dropped sharply over 3 months; Month-to-month contract (no lock-in); New customer (tenure <= 6 months),Send re-engagement campaign / feature tips,Basic,Monthly,1,202.84
559,CUST102982,0.777,High,Low satisfaction score,Priority callback from support lead,Basic,Annual,25,186.5
560,CUST102316,0.7769,High,Usage dropped sharply over 3 months; Month-to-month contract (no lock-in),Send re-engagement campaign / feature tips,Basic,Monthly,13,198.54
561,CUST102925,0.7769,High,Low satisfaction score; Month-to-month contract (no lock-in); New customer (tenure <= 6 months),Priority callback from support lead,Basic,Monthly,6,209.15
562,CUST101700,0.7769,High,Usage dropped sharply over 3 months; Month-to-month contract (no lock-in); New customer (tenure <= 6 months),Send re-engagement campaign / feature tips,Premium,Monthly,1,744.54
563,CUST102007,0.7768,High,Low satisfaction score; Month-to-month contract (no lock-in); New customer (tenure <= 6 months),Priority callback from support lead,Basic,Monthly,2,202.63
564,CUST103660,0.7761,High,Month-to-month contract (no lock-in); New customer (tenure <= 6 months),Offer annual-plan incentive,Premium,Monthly,3,716.11
565,CUST100894,0.7758,High,Usage dropped sharply over 3 months; Low satisfaction score; Month-to-month contract (no lock-in); New customer (tenure <= 6 months),Priority callback from support lead,Basic,Monthly,1,196.14
566,CUST100267,0.7753,High,Slow support resolution; Month-to-month contract (no lock-in); New customer (tenure <= 6 months),Priority callback from support lead,Standard,Monthly,1,413.9
567,CUST104598,0.7749,High,Frequent support contacts; Repeated late payments; Month-to-month contract (no lock-in); New customer (tenure <= 6 months),Priority callback from support lead,Basic,Monthly,4,195.1
568,CUST102161,0.7747,High,Usage dropped sharply over 3 months; Month-to-month contract (no lock-in),Send re-engagement campaign / feature tips,Premium,Monthly,9,702.78
569,CUST103477,0.7746,High,Very low engagement (usage/logins); Low satisfaction score; New customer (tenure <= 6 months),Priority callback from support lead,Basic,Annual,1,190.04
570,CUST101001,0.7746,High,Frequent support contacts; Month-to-month contract (no lock-in); New customer (tenure <= 6 months),Priority callback from support lead,Basic,Monthly,1,194.77
571,CUST103860,0.7745,High,Month-to-month contract (no lock-in); New customer (tenure <= 6 months),Offer annual-plan incentive,Standard,Monthly,1,362.21
572,CUST103023,0.7744,High,Frequent support contacts; Low satisfaction score; Repeated late payments; Recent price increase,Offer loyalty discount / plan review,Standard,Annual,13,405.13
573,CUST101891,0.774,High,Low satisfaction score; Recent price increase; Month-to-month contract (no lock-in); New customer (tenure <= 6 months),Offer loyalty discount / plan review,Premium,Monthly,4,690.23
574,CUST100823,0.7736,High,Low satisfaction score; Repeated late payments; Recent price increase,Offer loyalty discount / plan review,Basic,Annual,12,195.53
575,CUST104745,0.7731,High,Month-to-month contract (no lock-in),Offer annual-plan incentive,Premium,Monthly,9,699.36
576,CUST100173,0.773,High,Usage dropped sharply over 3 months; Low satisfaction score; Repeated late payments; Month-to-month contract (no lock-in),Priority callback from support lead,Premium,Monthly,20,674.02
577,CUST100140,0.7729,High,Low satisfaction score; Recent price increase; Month-to-month contract (no lock-in); New customer (tenure <= 6 months),Offer loyalty discount / plan review,Premium,Monthly,6,735.84
578,CUST100069,0.7723,High,Usage dropped sharply over 3 months; Very low engagement (usage/logins); Low satisfaction score; Month-to-month contract (no lock-in),Priority callback from support lead,Basic,Monthly,34,207.3
579,CUST102589,0.7721,High,Month-to-month contract (no lock-in); New customer (tenure <= 6 months),Offer annual-plan incentive,Premium,Monthly,4,726.18
580,CUST103204,0.7706,High,Low satisfaction score; Recent price increase; Month-to-month contract (no lock-in); New customer (tenure <= 6 months),Offer loyalty discount / plan review,Standard,Monthly,1,390.28
581,CUST100483,0.7706,High,Month-to-month contract (no lock-in); New customer (tenure <= 6 months),Offer annual-plan incentive,Standard,Monthly,4,421.79
582,CUST104164,0.7706,High,Frequent support contacts; Month-to-month contract (no lock-in); New customer (tenure <= 6 months),Priority callback from support lead,Premium,Monthly,2,739.25
583,CUST100790,0.7705,High,Low satisfaction score; New customer (tenure <= 6 months),Priority callback from support lead,Standard,Annual,3,402.63
584,CUST100598,0.7702,High,Month-to-month contract (no lock-in); New customer (tenure <= 6 months),Offer annual-plan incentive,Standard,Monthly,4,389.37
585,CUST103274,0.7701,High,Repeated late payments; Month-to-month contract (no lock-in),Offer flexible payment / autopay setup,Premium,Monthly,21,664.92
586,CUST100216,0.7701,High,Recent price increase; Month-to-month contract (no lock-in); New customer (tenure <= 6 months),Offer loyalty discount / plan review,Basic,Monthly,3,225.62
587,CUST102176,0.7701,High,Frequent support contacts; Low satisfaction score; Recent price increase,Offer loyalty discount / plan review,Basic,Annual,22,200.34
588,CUST101630,0.7699,High,Low satisfaction score; Month-to-month contract (no lock-in),Priority callback from support lead,Standard,Monthly,11,400.02
589,CUST103577,0.7697,High,Frequent support contacts; New customer (tenure <= 6 months),Priority callback from support lead,Basic,Annual,2,186.79
590,CUST101141,0.7693,High,Low satisfaction score; Month-to-month contract (no lock-in),Priority callback from support lead,Premium,Monthly,12,758.38
591,CUST100345,0.7692,High,Very low engagement (usage/logins); Slow support resolution; Low satisfaction score,Priority callback from support lead,Premium,Annual,18,649.16
592,CUST101164,0.7691,High,Low satisfaction score; Month-to-month contract (no lock-in),Priority callback from support lead,Standard,Monthly,9,380.3
593,CUST102404,0.769,High,Low satisfaction score; Month-to-month contract (no lock-in),Priority callback from support lead,Basic,Monthly,38,195.09
594,CUST100530,0.7687,High,Usage dropped sharply over 3 months; Month-to-month contract (no lock-in),Send re-engagement campaign / feature tips,Standard,Monthly,11,398.95
595,CUST103883,0.7687,High,Usage dropped sharply over 3 months; Month-to-month contract (no lock-in); New customer (tenure <= 6 months),Send re-engagement campaign / feature tips,Standard,Monthly,3,397.3
596,CUST101221,0.7684,High,Frequent support contacts,Priority callback from support lead,Basic,Annual,10,193.27
597,CUST101695,0.7683,High,Usage dropped sharply over 3 months; Slow support resolution; Recent price increase; Month-to-month contract (no lock-in),Offer loyalty discount / plan review,Premium,Monthly,34,657.14
598,CUST103615,0.7683,High,New customer (tenure <= 6 months),Offer annual-plan incentive,Basic,Annual,4,188.62
599,CUST101990,0.7682,High,Usage dropped sharply over 3 months; Frequent support contacts; Recent price increase,Offer loyalty discount / plan review,Standard,Annual,18,422.46
600,CUST102827,0.7681,High,Slow support resolution; Month-to-month contract (no lock-in); New customer (tenure <= 6 months),Priority callback from support lead,Basic,Monthly,2,197.63
601,CUST104801,0.7679,High,Frequent support contacts; Low satisfaction score; Month-to-month contract (no lock-in),Priority callback from support lead,Premium,Monthly,12,697.53
602,CUST102470,0.7678,High,Low satisfaction score; Month-to-month contract (no lock-in); New customer (tenure <= 6 months),Priority callback from support lead,Standard,Monthly,3,385.25
603,CUST101803,0.7677,High,Slow support resolution; Low satisfaction score; Month-to-month contract (no lock-in); New customer (tenure <= 6 months),Priority callback from support lead,Standard,Monthly,3,382.72
604,CUST102054,0.7677,High,Slow support resolution; Month-to-month contract (no lock-in); New customer (tenure <= 6 months),Priority callback from support lead,Basic,Monthly,3,212.0
605,CUST100847,0.7672,High,Frequent support contacts; Slow support resolution; Low satisfaction score; Recent price increase,Offer loyalty discount / plan review,Basic,Monthly,5,188.21
606,CUST102572,0.7671,High,Very low engagement (usage/logins); Month-to-month contract (no lock-in),Send re-engagement campaign / feature tips,Standard,Monthly,22,390.55
607,CUST100582,0.7669,High,Usage dropped sharply over 3 months; Low satisfaction score; Month-to-month contract (no lock-in); New customer (tenure <= 6 months),Priority callback from support lead,Premium,Monthly,3,685.64
608,CUST104183,0.7667,High,Usage dropped sharply over 3 months; Month-to-month contract (no lock-in); New customer (tenure <= 6 months),Send re-engagement campaign / feature tips,Premium,Monthly,3,691.56
609,CUST101194,0.7665,High,Usage dropped sharply over 3 months; Slow support resolution; Repeated late payments,Priority callback from support lead,Premium,Annual,47,711.76
610,CUST102083,0.7664,High,Usage dropped sharply over 3 months; Month-to-month contract (no lock-in); New customer (tenure <= 6 months),Send re-engagement campaign / feature tips,Basic,Monthly,5,188.78
611,CUST103158,0.7664,High,Frequent support contacts; Slow support resolution; Recent price increase; Month-to-month contract (no lock-in),Offer loyalty discount / plan review,Basic,Monthly,16,194.5
612,CUST104405,0.7662,High,Very low engagement (usage/logins); Slow support resolution; Recent price increase; Month-to-month contract (no lock-in),Offer loyalty discount / plan review,Basic,Monthly,5,214.59
613,CUST104455,0.7657,High,Very low engagement (usage/logins); Month-to-month contract (no lock-in),Send re-engagement campaign / feature tips,Standard,Monthly,12,376.76
614,CUST103919,0.7655,High,Usage dropped sharply over 3 months; Month-to-month contract (no lock-in),Send re-engagement campaign / feature tips,Standard,Monthly,17,398.99
615,CUST102389,0.7655,High,Usage dropped sharply over 3 months; Month-to-month contract (no lock-in),Send re-engagement campaign / feature tips,Premium,Monthly,12,690.31
616,CUST104841,0.7651,High,Usage dropped sharply over 3 months; Slow support resolution; New customer (tenure <= 6 months),Priority callback from support lead,Premium,Annual,4,702.49
617,CUST104694,0.7651,High,Recent price increase; Month-to-month contract (no lock-in); New customer (tenure <= 6 months),Offer loyalty discount / plan review,Basic,Monthly,3,190.29
618,CUST101728,0.765,High,Slow support resolution; Recent price increase; Month-to-month contract (no lock-in); New customer (tenure <= 6 months),Offer loyalty discount / plan review,Basic,Monthly,3,213.73
619,CUST101146,0.7648,High,Usage dropped sharply over 3 months; Low satisfaction score; Month-to-month contract (no lock-in),Priority callback from support lead,Basic,Monthly,10,201.15
620,CUST102731,0.7647,High,Low satisfaction score; Month-to-month contract (no lock-in),Priority callback from support lead,Basic,Monthly,12,186.83
621,CUST103016,0.7644,High,Frequent support contacts; Slow support resolution; Low satisfaction score; Month-to-month contract (no lock-in),Priority callback from support lead,Premium,Monthly,39,719.0
622,CUST101498,0.7639,High,Slow support resolution; Repeated late payments; Month-to-month contract (no lock-in); New customer (tenure <= 6 months),Priority callback from support lead,Standard,Monthly,4,418.48
623,CUST104888,0.7639,High,Low satisfaction score; Month-to-month contract (no lock-in); New customer (tenure <= 6 months),Priority callback from support lead,Basic,Monthly,1,203.2
624,CUST102264,0.7628,High,Month-to-month contract (no lock-in),Offer annual-plan incentive,Basic,Monthly,20,201.5
625,CUST100410,0.7626,High,Very low engagement (usage/logins); Month-to-month contract (no lock-in),Send re-engagement campaign / feature tips,Premium,Monthly,23,697.2
626,CUST104404,0.7625,High,Frequent support contacts; Month-to-month contract (no lock-in); New customer (tenure <= 6 months),Priority callback from support lead,Standard,Monthly,3,397.93
627,CUST104413,0.7625,High,Usage dropped sharply over 3 months; Frequent support contacts; Month-to-month contract (no lock-in),Priority callback from support lead,Premium,Monthly,24,705.18
628,CUST101619,0.7617,High,Frequent support contacts; Month-to-month contract (no lock-in),Priority callback from support lead,Standard,Monthly,14,390.76
629,CUST102535,0.7616,High,Usage dropped sharply over 3 months; Repeated late payments; Recent price increase; Month-to-month contract (no lock-in),Offer loyalty discount / plan review,Standard,Monthly,45,392.01
630,CUST103167,0.7614,High,Month-to-month contract (no lock-in),Offer annual-plan incentive,Basic,Monthly,7,193.12
631,CUST104975,0.7612,High,Low satisfaction score; Month-to-month contract (no lock-in); New customer (tenure <= 6 months),Priority callback from support lead,Premium,Monthly,4,704.65
632,CUST103900,0.7609,High,Usage dropped sharply over 3 months; Low satisfaction score; Month-to-month contract (no lock-in); New customer (tenure <= 6 months),Priority callback from support lead,Standard,Monthly,2,364.88
633,CUST101711,0.7604,High,Repeated late payments; New customer (tenure <= 6 months),Offer flexible payment / autopay setup,Basic,Annual,3,200.15
634,CUST103637,0.7599,High,Usage dropped sharply over 3 months; Slow support resolution; Month-to-month contract (no lock-in),Priority callback from support lead,Basic,Monthly,18,188.86
635,CUST103934,0.7598,High,Frequent support contacts; Repeated late payments; Month-to-month contract (no lock-in),Priority callback from support lead,Standard,Monthly,12,410.35
636,CUST102148,0.7597,High,Low satisfaction score; Month-to-month contract (no lock-in),Priority callback from support lead,Standard,Monthly,36,385.87
637,CUST100548,0.7597,High,Slow support resolution; Low satisfaction score; Month-to-month contract (no lock-in),Priority callback from support lead,Basic,Monthly,14,187.78
638,CUST103760,0.7596,High,Low satisfaction score; Month-to-month contract (no lock-in),Priority callback from support lead,Standard,Monthly,27,374.99
639,CUST101740,0.7594,High,Frequent support contacts; Low satisfaction score,Priority callback from support lead,Premium,Annual,8,705.97
640,CUST101332,0.7588,High,Frequent support contacts; Month-to-month contract (no lock-in); New customer (tenure <= 6 months),Priority callback from support lead,Standard,Monthly,4,411.51
641,CUST100346,0.7587,High,Usage dropped sharply over 3 months; Repeated late payments; Month-to-month contract (no lock-in); New customer (tenure <= 6 months),Send re-engagement campaign / feature tips,Basic,Monthly,1,206.9
642,CUST102163,0.7585,High,Frequent support contacts; Slow support resolution; Low satisfaction score; Month-to-month contract (no lock-in),Priority callback from support lead,Premium,Monthly,27,630.25
643,CUST103733,0.7585,High,Low satisfaction score; Month-to-month contract (no lock-in); New customer (tenure <= 6 months),Priority callback from support lead,Standard,Monthly,5,387.26
644,CUST104169,0.7585,High,Usage dropped sharply over 3 months; Very low engagement (usage/logins); Frequent support contacts; Month-to-month contract (no lock-in),Priority callback from support lead,Basic,Monthly,28,195.43
645,CUST101234,0.7583,High,Usage dropped sharply over 3 months; Frequent support contacts; Low satisfaction score; Month-to-month contract (no lock-in),Priority callback from support lead,Basic,Monthly,30,193.89
646,CUST100818,0.7582,High,Month-to-month contract (no lock-in),Offer annual-plan incentive,Basic,Monthly,9,200.78
647,CUST100370,0.7579,High,Month-to-month contract (no lock-in),Offer annual-plan incentive,Basic,Monthly,11,201.18
648,CUST101549,0.7578,High,Frequent support contacts; Month-to-month contract (no lock-in),Priority callback from support lead,Premium,Monthly,44,661.42
649,CUST101228,0.7577,High,Usage dropped sharply over 3 months; Repeated late payments; Month-to-month contract (no lock-in),Send re-engagement campaign / feature tips,Basic,Monthly,45,209.01
650,CUST102522,0.7575,High,Usage dropped sharply over 3 months; Frequent support contacts; Low satisfaction score,Priority callback from support lead,Premium,Annual,13,663.38
651,CUST103803,0.7572,High,Frequent support contacts; Low satisfaction score; Month-to-month contract (no lock-in); New customer (tenure <= 6 months),Priority callback from support lead,Basic,Monthly,6,203.01
652,CUST101009,0.7569,High,Frequent support contacts,Priority callback from support lead,Basic,Annual,10,188.87
653,CUST104596,0.7569,High,Slow support resolution; Month-to-month contract (no lock-in); New customer (tenure <= 6 months),Priority callback from support lead,Premium,Monthly,3,676.36
654,CUST100521,0.7567,High,Low satisfaction score; Month-to-month contract (no lock-in); New customer (tenure <= 6 months),Priority callback from support lead,Basic,Monthly,3,188.65
655,CUST104002,0.7567,High,Usage dropped sharply over 3 months; Repeated late payments; New customer (tenure <= 6 months),Send re-engagement campaign / feature tips,Basic,Annual,2,210.62
656,CUST101926,0.7566,High,Recent price increase; Month-to-month contract (no lock-in); New customer (tenure <= 6 months),Offer loyalty discount / plan review,Premium,Monthly,4,654.93
657,CUST101014,0.7566,High,Low satisfaction score; Repeated late payments; Month-to-month contract (no lock-in),Priority callback from support lead,Standard,Monthly,12,391.0
658,CUST101594,0.7565,High,Usage dropped sharply over 3 months; Slow support resolution; Month-to-month contract (no lock-in),Priority callback from support lead,Basic,Monthly,40,196.72
659,CUST103716,0.7565,High,Frequent support contacts; Low satisfaction score,Priority callback from support lead,Standard,Annual,10,418.16
660,CUST103930,0.7563,High,Low satisfaction score; Repeated late payments; New customer (tenure <= 6 months),Priority callback from support lead,Basic,Annual,1,182.41
661,CUST102847,0.7563,High,Usage dropped sharply over 3 months; Frequent support contacts; Month-to-month contract (no lock-in); New customer (tenure <= 6 months),Priority callback from support lead,Basic,Monthly,4,187.51
662,CUST102315,0.7562,High,Month-to-month contract (no lock-in),Offer annual-plan incentive,Standard,Monthly,9,424.55
663,CUST103042,0.7561,High,Frequent support contacts; Slow support resolution; Month-to-month contract (no lock-in); New customer (tenure <= 6 months),Priority callback from support lead,Standard,Monthly,1,399.91
664,CUST101462,0.756,High,Recent price increase; Month-to-month contract (no lock-in),Offer loyalty discount / plan review,Premium,Monthly,11,681.7
665,CUST103612,0.7557,High,Month-to-month contract (no lock-in); New customer (tenure <= 6 months),Offer annual-plan incentive,Premium,Monthly,4,697.79
666,CUST101665,0.7556,High,Recent price increase; Month-to-month contract (no lock-in),Offer loyalty discount / plan review,Basic,Monthly,27,192.39
667,CUST104534,0.7555,High,Low satisfaction score; Month-to-month contract (no lock-in); New customer (tenure <= 6 months),Priority callback from support lead,Standard,Monthly,6,390.77
668,CUST100606,0.7551,High,Frequent support contacts; Low satisfaction score; Repeated late payments; Month-to-month contract (no lock-in),Priority callback from support lead,Standard,Monthly,28,355.57
669,CUST103600,0.7549,High,Usage dropped sharply over 3 months; Frequent support contacts; Low satisfaction score; New customer (tenure <= 6 months),Priority callback from support lead,Standard,Annual,6,384.73
670,CUST103302,0.7548,High,Frequent support contacts; Low satisfaction score; Month-to-month contract (no lock-in),Priority callback from support lead,Basic,Monthly,17,199.95
671,CUST101893,0.7548,High,Usage dropped sharply over 3 months; Month-to-month contract (no lock-in); New customer (tenure <= 6 months),Send re-engagement campaign / feature tips,Premium,Monthly,6,676.85
672,CUST101449,0.7547,High,Repeated late payments; Month-to-month contract (no lock-in); New customer (tenure <= 6 months),Offer flexible payment / autopay setup,Standard,Monthly,1,387.75
673,CUST100014,0.7546,High,Repeated late payments; Month-to-month contract (no lock-in),Offer flexible payment / autopay setup,Standard,Monthly,22,381.75
674,CUST102138,0.7544,High,Low satisfaction score; Recent price increase; Month-to-month contract (no lock-in),Offer loyalty discount / plan review,Standard,Monthly,10,380.54
675,CUST102924,0.7544,High,Usage dropped sharply over 3 months; Slow support resolution; Low satisfaction score,Priority callback from support lead,Basic,Annual,24,203.76
676,CUST100724,0.7544,High,Frequent support contacts,Priority callback from support lead,Basic,Annual,32,190.32
677,CUST104626,0.7543,High,Frequent support contacts; Month-to-month contract (no lock-in),Priority callback from support lead,Basic,Monthly,30,207.71
678,CUST102772,0.7542,High,Slow support resolution; Month-to-month contract (no lock-in),Priority callback from support lead,Basic,Monthly,7,180.75
679,CUST100162,0.7542,High,Low satisfaction score; Month-to-month contract (no lock-in); New customer (tenure <= 6 months),Priority callback from support lead,Premium,Monthly,1,732.83
680,CUST103024,0.754,High,Repeated late payments; Month-to-month contract (no lock-in),Offer flexible payment / autopay setup,Basic,Monthly,13,188.98
681,CUST102126,0.7538,High,Low satisfaction score; Recent price increase; Month-to-month contract (no lock-in),Offer loyalty discount / plan review,Basic,Monthly,11,194.15
682,CUST100591,0.7536,High,Usage dropped sharply over 3 months; Month-to-month contract (no lock-in),Send re-engagement campaign / feature tips,Basic,Monthly,10,193.34
683,CUST100751,0.7536,High,Low satisfaction score; Month-to-month contract (no lock-in); New customer (tenure <= 6 months),Priority callback from support lead,Basic,Monthly,1,202.74
684,CUST102701,0.7535,High,Usage dropped sharply over 3 months; Month-to-month contract (no lock-in); New customer (tenure <= 6 months),Send re-engagement campaign / feature tips,Basic,Monthly,5,198.22
685,CUST102594,0.7535,High,Usage dropped sharply over 3 months; Recent price increase; Month-to-month contract (no lock-in); New customer (tenure <= 6 months),Offer loyalty discount / plan review,Standard,Monthly,2,395.57
686,CUST102431,0.7532,High,Month-to-month contract (no lock-in); New customer (tenure <= 6 months),Offer annual-plan incentive,Basic,Monthly,3,208.22
687,CUST104564,0.7531,High,Usage dropped sharply over 3 months; Month-to-month contract (no lock-in); New customer (tenure <= 6 months),Send re-engagement campaign / feature tips,Basic,Monthly,1,202.95
688,CUST104134,0.753,High,Low satisfaction score; Month-to-month contract (no lock-in); New customer (tenure <= 6 months),Priority callback from support lead,Basic,Monthly,1,199.48
689,CUST101843,0.753,High,Low satisfaction score; Repeated late payments; Month-to-month contract (no lock-in),Priority callback from support lead,Standard,Monthly,27,381.15
690,CUST100550,0.7526,High,Usage dropped sharply over 3 months; Month-to-month contract (no lock-in); New customer (tenure <= 6 months),Send re-engagement campaign / feature tips,Basic,Monthly,2,208.67
691,CUST103728,0.7524,High,Slow support resolution; Recent price increase; Month-to-month contract (no lock-in),Offer loyalty discount / plan review,Basic,Monthly,21,194.65
692,CUST103315,0.7523,High,Frequent support contacts; Low satisfaction score; Repeated late payments; Month-to-month contract (no lock-in),Priority callback from support lead,Basic,Monthly,11,207.89
693,CUST104332,0.7523,High,Recent price increase; Month-to-month contract (no lock-in),Offer loyalty discount / plan review,Basic,Monthly,10,195.89
694,CUST101791,0.7521,High,Usage dropped sharply over 3 months; Repeated late payments; Month-to-month contract (no lock-in),Send re-engagement campaign / feature tips,Basic,Monthly,15,208.67
695,CUST104241,0.752,High,Low satisfaction score; New customer (tenure <= 6 months),Priority callback from support lead,Standard,Annual,5,394.05
696,CUST104556,0.7519,High,Low satisfaction score; New customer (tenure <= 6 months),Priority callback from support lead,Standard,Annual,1,404.16
697,CUST101140,0.7519,High,Month-to-month contract (no lock-in); New customer (tenure <= 6 months),Offer annual-plan incentive,Premium,Monthly,4,684.01
698,CUST100367,0.7519,High,Low satisfaction score; Month-to-month contract (no lock-in); New customer (tenure <= 6 months),Priority callback from support lead,Basic,Monthly,1,184.12
699,CUST101041,0.7518,High,Frequent support contacts; Month-to-month contract (no lock-in),Priority callback from support lead,Standard,Monthly,7,415.25
700,CUST103996,0.7517,High,Repeated late payments; New customer (tenure <= 6 months),Offer flexible payment / autopay setup,Basic,Annual,2,201.31
701,CUST102320,0.7517,High,Slow support resolution; Low satisfaction score; New customer (tenure <= 6 months),Priority callback from support lead,Basic,Annual,5,203.55
702,CUST104725,0.7513,High,Very low engagement (usage/logins); Frequent support contacts; Slow support resolution; New customer (tenure <= 6 months),Priority callback from support lead,Premium,Annual,2,668.41
703,CUST102945,0.7511,High,Usage dropped sharply over 3 months; Month-to-month contract (no lock-in),Send re-engagement campaign / feature tips,Basic,Monthly,13,196.7
704,CUST103223,0.7511,High,Month-to-month contract (no lock-in); New customer (tenure <= 6 months),Offer annual-plan incentive,Standard,Monthly,4,450.82
705,CUST100673,0.751,High,Frequent support contacts; Month-to-month contract (no lock-in),Priority callback from support lead,Basic,Monthly,13,187.66
706,CUST104068,0.751,High,Slow support resolution; Low satisfaction score; Recent price increase; Month-to-month contract (no lock-in),Offer loyalty discount / plan review,Standard,Monthly,7,418.51
707,CUST102329,0.7509,High,Usage dropped sharply over 3 months; Slow support resolution; Month-to-month contract (no lock-in),Priority callback from support lead,Basic,Monthly,8,215.1
708,CUST101051,0.7509,High,Low satisfaction score; Month-to-month contract (no lock-in); New customer (tenure <= 6 months),Priority callback from support lead,Basic,Monthly,3,215.56
709,CUST104834,0.7507,High,Low satisfaction score; Month-to-month contract (no lock-in),Priority callback from support lead,Premium,Monthly,19,767.7
710,CUST102501,0.7502,High,Recent price increase; Month-to-month contract (no lock-in),Offer loyalty discount / plan review,Premium,Monthly,16,701.3
711,CUST100827,0.7499,High,Frequent support contacts; Month-to-month contract (no lock-in),Priority callback from support lead,Basic,Monthly,25,209.59
712,CUST100621,0.7498,High,Repeated late payments; Month-to-month contract (no lock-in); New customer (tenure <= 6 months),Offer flexible payment / autopay setup,Standard,Monthly,2,389.51
713,CUST100145,0.7497,High,Slow support resolution; Month-to-month contract (no lock-in); New customer (tenure <= 6 months),Priority callback from support lead,Basic,Monthly,2,191.97
714,CUST101975,0.7495,High,Low satisfaction score; Month-to-month contract (no lock-in),Priority callback from support lead,Basic,Monthly,15,186.6
715,CUST104129,0.7492,High,Usage dropped sharply over 3 months; Recent price increase; Month-to-month contract (no lock-in),Offer loyalty discount / plan review,Basic,Monthly,36,196.66
716,CUST102975,0.7491,High,Usage dropped sharply over 3 months; Slow support resolution; New customer (tenure <= 6 months),Priority callback from support lead,Basic,Annual,2,181.92
717,CUST104700,0.749,High,Frequent support contacts; Slow support resolution; Month-to-month contract (no lock-in),Priority callback from support lead,Basic,Monthly,13,196.32
718,CUST104155,0.7488,High,Usage dropped sharply over 3 months; Slow support resolution; New customer (tenure <= 6 months),Priority callback from support lead,Basic,Annual,4,194.0
719,CUST100177,0.7487,High,Low satisfaction score; New customer (tenure <= 6 months),Priority callback from support lead,Basic,Annual,1,204.76
720,CUST102964,0.7482,High,Month-to-month contract (no lock-in),Offer annual-plan incentive,Basic,Monthly,7,202.58
721,CUST101703,0.7481,High,Month-to-month contract (no lock-in),Offer annual-plan incentive,Basic,Monthly,10,214.71
722,CUST103329,0.748,High,General elevated risk - manual review,Offer annual-plan incentive,Basic,Annual,18,202.95
723,CUST101985,0.7478,High,Frequent support contacts; Slow support resolution; Month-to-month contract (no lock-in),Priority callback from support lead,Premium,Monthly,12,669.33
724,CUST103842,0.7478,High,New customer (tenure <= 6 months),Offer annual-plan incentive,Basic,Annual,4,203.43
725,CUST101049,0.7478,High,Slow support resolution; Month-to-month contract (no lock-in),Priority callback from support lead,Standard,Monthly,10,388.92
726,CUST101068,0.7478,High,Slow support resolution; Low satisfaction score; Repeated late payments; Recent price increase,Offer loyalty discount / plan review,Basic,Annual,6,212.94
727,CUST100151,0.7476,High,Frequent support contacts; Slow support resolution; Repeated late payments; Month-to-month contract (no lock-in),Priority callback from support lead,Basic,Monthly,22,204.04
728,CUST100668,0.747,High,Frequent support contacts; Month-to-month contract (no lock-in),Priority callback from support lead,Standard,Monthly,7,395.86
729,CUST100604,0.7467,High,Usage dropped sharply over 3 months; Month-to-month contract (no lock-in); New customer (tenure <= 6 months),Send re-engagement campaign / feature tips,Basic,Monthly,2,206.85
730,CUST100460,0.7466,High,Usage dropped sharply over 3 months; Repeated late payments; Month-to-month contract (no lock-in),Send re-engagement campaign / feature tips,Basic,Monthly,15,196.1
731,CUST102287,0.7466,High,Slow support resolution; Low satisfaction score; Month-to-month contract (no lock-in),Priority callback from support lead,Premium,Monthly,9,689.73
732,CUST101374,0.7464,High,Slow support resolution; Month-to-month contract (no lock-in),Priority callback from support lead,Basic,Monthly,8,231.92
733,CUST101010,0.7463,High,Slow support resolution; Recent price increase; Month-to-month contract (no lock-in),Offer loyalty discount / plan review,Premium,Monthly,13,648.84
734,CUST101683,0.7457,High,Month-to-month contract (no lock-in); New customer (tenure <= 6 months),Offer annual-plan incentive,Basic,Monthly,4,204.11
735,CUST102136,0.7454,High,Month-to-month contract (no lock-in); New customer (tenure <= 6 months),Offer annual-plan incentive,Basic,Monthly,4,217.87
736,CUST100335,0.7452,High,Frequent support contacts; Slow support resolution,Priority callback from support lead,Standard,Annual,22,423.42
737,CUST100618,0.7451,High,Month-to-month contract (no lock-in); New customer (tenure <= 6 months),Offer annual-plan incentive,Standard,Monthly,1,353.48
738,CUST104029,0.7449,High,Repeated late payments; Month-to-month contract (no lock-in),Offer flexible payment / autopay setup,Basic,Monthly,7,208.46
739,CUST102071,0.7449,High,Usage dropped sharply over 3 months; Slow support resolution; Month-to-month contract (no lock-in),Priority callback from support lead,Basic,Monthly,11,203.98
740,CUST104764,0.7448,High,Usage dropped sharply over 3 months; Recent price increase; Month-to-month contract (no lock-in),Offer loyalty discount / plan review,Basic,Monthly,32,213.52
741,CUST104825,0.7446,High,Month-to-month contract (no lock-in),Offer annual-plan incentive,Standard,Monthly,9,425.06
742,CUST101079,0.7445,High,Usage dropped sharply over 3 months; Frequent support contacts; Month-to-month contract (no lock-in),Priority callback from support lead,Basic,Monthly,17,207.13
743,CUST103722,0.7443,High,Usage dropped sharply over 3 months; Frequent support contacts,Priority callback from support lead,Basic,Annual,13,185.22
744,CUST102308,0.744,High,Frequent support contacts; New customer (tenure <= 6 months),Priority callback from support lead,Basic,Annual,2,200.41
745,CUST102657,0.7439,High,Month-to-month contract (no lock-in),Offer annual-plan incentive,Basic,Monthly,17,190.04
746,CUST101807,0.7439,High,Frequent support contacts; Slow support resolution; Month-to-month contract (no lock-in),Priority callback from support lead,Basic,Monthly,46,189.66
747,CUST104026,0.7433,High,Recent price increase; Month-to-month contract (no lock-in),Offer loyalty discount / plan review,Premium,Monthly,29,694.5
748,CUST104212,0.7433,High,Frequent support contacts; Low satisfaction score; Month-to-month contract (no lock-in); New customer (tenure <= 6 months),Priority callback from support lead,Basic,Monthly,4,188.8
749,CUST102795,0.7432,High,Low satisfaction score; Recent price increase,Offer loyalty discount / plan review,Standard,Annual,13,390.04
750,CUST104980,0.7431,High,Slow support resolution; Low satisfaction score; Month-to-month contract (no lock-in),Priority callback from support lead,Premium,Monthly,7,713.49
751,CUST100390,0.7428,High,Usage dropped sharply over 3 months; Month-to-month contract (no lock-in); New customer (tenure <= 6 months),Send re-engagement campaign / feature tips,Standard,Monthly,2,395.2
752,CUST103056,0.7421,High,Very low engagement (usage/logins); Month-to-month contract (no lock-in),Send re-engagement campaign / feature tips,Basic,Monthly,28,186.37
753,CUST104795,0.7415,High,New customer (tenure <= 6 months),Offer annual-plan incentive,Basic,Annual,2,203.3
754,CUST102435,0.7413,High,Month-to-month contract (no lock-in); New customer (tenure <= 6 months),Offer annual-plan incentive,Premium,Monthly,2,688.89
755,CUST100237,0.7413,High,Frequent support contacts; Slow support resolution; Month-to-month contract (no lock-in),Priority callback from support lead,Standard,Monthly,31,389.9
756,CUST103195,0.7411,High,Low satisfaction score; Repeated late payments; Month-to-month contract (no lock-in); New customer (tenure <= 6 months),Priority callback from support lead,Basic,Monthly,3,176.53
757,CUST103784,0.7408,High,Month-to-month contract (no lock-in); New customer (tenure <= 6 months),Offer annual-plan incentive,Premium,Monthly,1,724.57
758,CUST100231,0.7406,High,Frequent support contacts; Recent price increase; Month-to-month contract (no lock-in),Offer loyalty discount / plan review,Premium,Monthly,19,699.2
759,CUST103874,0.7404,High,Month-to-month contract (no lock-in); New customer (tenure <= 6 months),Offer annual-plan incentive,Premium,Monthly,3,715.61
760,CUST102365,0.7403,High,Repeated late payments; Month-to-month contract (no lock-in),Offer flexible payment / autopay setup,Standard,Monthly,15,411.52
761,CUST101699,0.7403,High,Usage dropped sharply over 3 months; Month-to-month contract (no lock-in),Send re-engagement campaign / feature tips,Basic,Monthly,12,212.38
762,CUST102118,0.7399,High,Usage dropped sharply over 3 months; Month-to-month contract (no lock-in),Send re-engagement campaign / feature tips,Basic,Monthly,11,202.42
763,CUST103665,0.7397,High,Frequent support contacts; Month-to-month contract (no lock-in); New customer (tenure <= 6 months),Priority callback from support lead,Standard,Monthly,6,409.26
764,CUST102097,0.7394,High,Usage dropped sharply over 3 months; Recent price increase; Month-to-month contract (no lock-in); New customer (tenure <= 6 months),Offer loyalty discount / plan review,Basic,Monthly,4,201.04
765,CUST102027,0.7389,High,Slow support resolution; Low satisfaction score; Repeated late payments; Month-to-month contract (no lock-in),Priority callback from support lead,Basic,Monthly,6,190.4
766,CUST100829,0.7385,High,Repeated late payments; Recent price increase; New customer (tenure <= 6 months),Offer loyalty discount / plan review,Standard,Annual,2,404.02
767,CUST100942,0.7384,High,Usage dropped sharply over 3 months; Frequent support contacts; Recent price increase; Month-to-month contract (no lock-in),Offer loyalty discount / plan review,Basic,Monthly,7,194.12
768,CUST103263,0.7381,High,Usage dropped sharply over 3 months; Repeated late payments,Send re-engagement campaign / feature tips,Standard,Annual,44,399.4
769,CUST102424,0.7374,High,Repeated late payments,Offer flexible payment / autopay setup,Basic,Annual,11,185.97
770,CUST102953,0.7371,High,Month-to-month contract (no lock-in); New customer (tenure <= 6 months),Offer annual-plan incentive,Standard,Monthly,1,396.33
771,CUST102518,0.7367,High,New customer (tenure <= 6 months),Offer annual-plan incentive,Premium,Annual,6,679.47
772,CUST104870,0.7364,High,Usage dropped sharply over 3 months; New customer (tenure <= 6 months),Send re-engagement campaign / feature tips,Basic,Annual,2,192.92
773,CUST101564,0.7357,High,Frequent support contacts,Priority callback from support lead,Standard,Annual,30,419.19
774,CUST100940,0.7354,High,Slow support resolution; Month-to-month contract (no lock-in),Priority callback from support lead,Basic,Monthly,8,204.41
775,CUST101086,0.7353,High,General elevated risk - manual review,Offer annual-plan incentive,Basic,Annual,8,188.13
776,CUST100561,0.7348,High,Low satisfaction score; Repeated late payments; Month-to-month contract (no lock-in),Priority callback from support lead,Basic,Monthly,17,196.89
777,CUST101575,0.7348,High,Slow support resolution; Month-to-month contract (no lock-in),Priority callback from support lead,Basic,Monthly,16,195.6
778,CUST101186,0.7343,High,Low satisfaction score; Month-to-month contract (no lock-in),Priority callback from support lead,Standard,Monthly,10,390.21
779,CUST101422,0.7337,High,Month-to-month contract (no lock-in),Offer annual-plan incentive,Premium,Monthly,13,727.09
780,CUST104425,0.7337,High,Usage dropped sharply over 3 months; Repeated late payments; Month-to-month contract (no lock-in),Send re-engagement campaign / feature tips,Standard,Monthly,68,393.3
781,CUST100629,0.7326,High,Frequent support contacts; Slow support resolution; Month-to-month contract (no lock-in),Priority callback from support lead,Basic,Monthly,8,186.31
782,CUST102391,0.7324,High,Month-to-month contract (no lock-in),Offer annual-plan incentive,Standard,Monthly,7,401.85
783,CUST100338,0.7322,High,Usage dropped sharply over 3 months; New customer (tenure <= 6 months),Send re-engagement campaign / feature tips,Standard,Annual,4,396.68
784,CUST104039,0.7312,High,Frequent support contacts; Low satisfaction score; Month-to-month contract (no lock-in),Priority callback from support lead,Standard,Monthly,36,403.82
785,CUST103995,0.7312,High,Slow support resolution; Low satisfaction score; Month-to-month contract (no lock-in),Priority callback from support lead,Standard,Monthly,18,394.52
786,CUST102357,0.7308,High,Slow support resolution; Low satisfaction score; Month-to-month contract (no lock-in),Priority callback from support lead,Standard,Monthly,13,373.66
787,CUST103039,0.7307,High,Frequent support contacts; Month-to-month contract (no lock-in),Priority callback from support lead,Standard,Monthly,50,425.46
788,CUST100423,0.7306,High,Frequent support contacts; Month-to-month contract (no lock-in),Priority callback from support lead,Premium,Monthly,17,693.83
789,CUST100467,0.7306,High,Usage dropped sharply over 3 months; Low satisfaction score; Month-to-month contract (no lock-in),Priority callback from support lead,Basic,Monthly,12,206.75
790,CUST101040,0.7302,High,Slow support resolution; Month-to-month contract (no lock-in),Priority callback from support lead,Basic,Monthly,16,197.65
791,CUST100269,0.7302,High,Low satisfaction score; Month-to-month contract (no lock-in),Priority callback from support lead,Standard,Monthly,14,426.4
792,CUST102743,0.7302,High,Frequent support contacts; Low satisfaction score; Month-to-month contract (no lock-in),Priority callback from support lead,Premium,Monthly,20,649.98
793,CUST100971,0.73,High,Slow support resolution; Month-to-month contract (no lock-in); New customer (tenure <= 6 months),Priority callback from support lead,Basic,Monthly,1,200.97
794,CUST101713,0.7299,High,Low satisfaction score; Month-to-month contract (no lock-in),Priority callback from support lead,Premium,Monthly,20,771.79
795,CUST102060,0.7298,High,Repeated late payments; Month-to-month contract (no lock-in); New customer (tenure <= 6 months),Offer flexible payment / autopay setup,Basic,Monthly,1,193.34
796,CUST101973,0.7297,High,Usage dropped sharply over 3 months,Send re-engagement campaign / feature tips,Premium,Annual,20,656.32
797,CUST102794,0.7296,High,Slow support resolution; Month-to-month contract (no lock-in); New customer (tenure <= 6 months),Priority callback from support lead,Basic,Monthly,6,200.4
798,CUST102069,0.7296,High,Frequent support contacts; New customer (tenure <= 6 months),Priority callback from support lead,Standard,Annual,5,376.25
799,CUST101962,0.7294,High,Slow support resolution; Month-to-month contract (no lock-in),Priority callback from support lead,Premium,Monthly,8,794.87
800,CUST104543,0.7291,High,Frequent support contacts; Slow support resolution; Low satisfaction score; Repeated late payments,Priority callback from support lead,Basic,Annual,23,185.68
801,CUST102115,0.729,High,Very low engagement (usage/logins); Repeated late payments; New customer (tenure <= 6 months),Send re-engagement campaign / feature tips,Standard,Annual,1,385.82
802,CUST101264,0.7288,High,Usage dropped sharply over 3 months; Repeated late payments; Recent price increase; Month-to-month contract (no lock-in),Offer loyalty discount / plan review,Basic,Monthly,21,191.74
803,CUST102400,0.7287,High,Recent price increase; New customer (tenure <= 6 months),Offer loyalty discount / plan review,Standard,Annual,4,431.08
804,CUST104124,0.7287,High,Low satisfaction score; Month-to-month contract (no lock-in),Priority callback from support lead,Basic,Monthly,14,202.31
805,CUST103983,0.7281,High,Repeated late payments,Offer flexible payment / autopay setup,Basic,Annual,8,191.9
806,CUST101349,0.7279,High,Frequent support contacts; Month-to-month contract (no lock-in),Priority callback from support lead,Basic,Monthly,13,202.58
807,CUST101428,0.7275,High,Usage dropped sharply over 3 months; Slow support resolution; Month-to-month contract (no lock-in),Priority callback from support lead,Standard,Monthly,9,383.34
808,CUST104855,0.7274,High,Slow support resolution; Month-to-month contract (no lock-in); New customer (tenure <= 6 months),Priority callback from support lead,Standard,Monthly,2,384.96
809,CUST101682,0.7271,High,Repeated late payments; Month-to-month contract (no lock-in); New customer (tenure <= 6 months),Offer flexible payment / autopay setup,Standard,Monthly,1,418.64
810,CUST101965,0.7265,High,Usage dropped sharply over 3 months; Slow support resolution; Month-to-month contract (no lock-in),Priority callback from support lead,Standard,Monthly,21,389.47
811,CUST100155,0.7265,High,Slow support resolution; Month-to-month contract (no lock-in),Priority callback from support lead,Basic,Monthly,8,211.24
812,CUST100431,0.7262,High,Frequent support contacts; Month-to-month contract (no lock-in),Priority callback from support lead,Standard,Monthly,8,405.07
813,CUST103858,0.7262,High,Low satisfaction score,Priority callback from support lead,Standard,Annual,8,425.03
814,CUST100508,0.7261,High,Slow support resolution; New customer (tenure <= 6 months),Priority callback from support lead,Basic,Annual,1,202.33
815,CUST103683,0.7259,High,Month-to-month contract (no lock-in),Offer annual-plan incentive,Basic,Monthly,13,206.76
816,CUST104466,0.7258,High,Usage dropped sharply over 3 months; Slow support resolution; Month-to-month contract (no lock-in),Priority callback from support lead,Basic,Monthly,14,200.41
817,CUST100736,0.7256,High,Slow support resolution; Low satisfaction score; Month-to-month contract (no lock-in),Priority callback from support lead,Basic,Monthly,16,185.5
818,CUST100957,0.7256,High,Slow support resolution; New customer (tenure <= 6 months),Priority callback from support lead,Basic,Annual,3,194.32
819,CUST103827,0.7253,High,Usage dropped sharply over 3 months; Month-to-month contract (no lock-in); New customer (tenure <= 6 months),Send re-engagement campaign / feature tips,Standard,Monthly,1,385.03
820,CUST103074,0.7247,High,Month-to-month contract (no lock-in),Offer annual-plan incentive,Basic,Monthly,22,206.16
821,CUST100538,0.7247,High,Frequent support contacts; Low satisfaction score; New customer (tenure <= 6 months),Priority callback from support lead,Standard,Annual,3,398.25
822,CUST103668,0.7245,High,Slow support resolution; Month-to-month contract (no lock-in),Priority callback from support lead,Premium,Monthly,18,697.57
823,CUST103657,0.7238,High,Slow support resolution; Recent price increase; Month-to-month contract (no lock-in),Offer loyalty discount / plan review,Basic,Monthly,29,210.77
824,CUST104008,0.7236,High,Recent price increase; Month-to-month contract (no lock-in); New customer (tenure <= 6 months),Offer loyalty discount / plan review,Standard,Monthly,5,1500.0
825,CUST104081,0.7232,High,Frequent support contacts; Slow support resolution; Low satisfaction score; Month-to-month contract (no lock-in),Priority callback from support lead,Basic,Monthly,10,199.36
826,CUST104482,0.723,High,Month-to-month contract (no lock-in),Offer annual-plan incentive,Standard,Monthly,72,412.62
827,CUST101133,0.723,High,Low satisfaction score; Month-to-month contract (no lock-in); New customer (tenure <= 6 months),Priority callback from support lead,Basic,Monthly,6,212.33
828,CUST104580,0.7227,High,Recent price increase; Month-to-month contract (no lock-in); New customer (tenure <= 6 months),Offer loyalty discount / plan review,Standard,Monthly,6,403.14
829,CUST102294,0.7221,High,New customer (tenure <= 6 months),Offer annual-plan incentive,Basic,Annual,2,204.27
830,CUST101096,0.722,High,General elevated risk - manual review,Offer annual-plan incentive,Basic,Annual,7,207.18
831,CUST104142,0.7215,High,Slow support resolution; Month-to-month contract (no lock-in); New customer (tenure <= 6 months),Priority callback from support lead,Basic,Monthly,5,208.45
832,CUST102323,0.7214,High,Repeated late payments; Month-to-month contract (no lock-in),Offer flexible payment / autopay setup,Premium,Monthly,7,655.93
833,CUST103326,0.7213,High,Frequent support contacts; Month-to-month contract (no lock-in); New customer (tenure <= 6 months),Priority callback from support lead,Basic,Monthly,4,200.75
834,CUST104705,0.7212,High,Month-to-month contract (no lock-in); New customer (tenure <= 6 months),Offer annual-plan incentive,Premium,Monthly,3,730.24
835,CUST101027,0.7211,High,Repeated late payments; Month-to-month contract (no lock-in),Offer flexible payment / autopay setup,Basic,Monthly,36,191.54
836,CUST102806,0.721,High,General elevated risk - manual review,Offer annual-plan incentive,Premium,Annual,10,749.91
837,CUST101069,0.721,High,Very low engagement (usage/logins); Low satisfaction score; New customer (tenure <= 6 months),Priority callback from support lead,Basic,Annual,6,214.52
838,CUST103269,0.721,High,Frequent support contacts; Month-to-month contract (no lock-in),Priority callback from support lead,Basic,Monthly,10,209.08
839,CUST100977,0.7209,High,Slow support resolution; New customer (tenure <= 6 months),Priority callback from support lead,Basic,Annual,5,220.55
840,CUST100605,0.7208,High,Frequent support contacts; Slow support resolution; Low satisfaction score; Month-to-month contract (no lock-in),Priority callback from support lead,Basic,Monthly,1,205.42
841,CUST100492,0.7208,High,Slow support resolution; Month-to-month contract (no lock-in),Priority callback from support lead,Basic,Monthly,10,206.93
842,CUST100918,0.7205,High,Month-to-month contract (no lock-in),Offer annual-plan incentive,Basic,Monthly,14,211.85
843,CUST102542,0.7201,High,Slow support resolution; Month-to-month contract (no lock-in),Priority callback from support lead,Standard,Monthly,12,393.46
844,CUST102227,0.7201,High,Slow support resolution; Low satisfaction score,Priority callback from support lead,Basic,Annual,8,197.56
845,CUST103041,0.7198,High,Low satisfaction score; Recent price increase; Month-to-month contract (no lock-in),Offer loyalty discount / plan review,Premium,Monthly,15,699.17
846,CUST100879,0.7198,High,Slow support resolution; Low satisfaction score; Month-to-month contract (no lock-in),Priority callback from support lead,Standard,Monthly,24,365.76
847,CUST100323,0.7196,High,Very low engagement (usage/logins); Month-to-month contract (no lock-in),Send re-engagement campaign / feature tips,Premium,Monthly,15,735.63
848,CUST103962,0.7195,High,Recent price increase; Month-to-month contract (no lock-in); New customer (tenure <= 6 months),Offer loyalty discount / plan review,Basic,Monthly,3,195.31
849,CUST102048,0.7194,High,Slow support resolution; Low satisfaction score; Month-to-month contract (no lock-in),Priority callback from support lead,Basic,Monthly,14,179.93
850,CUST104497,0.7191,High,Repeated late payments; Month-to-month contract (no lock-in),Offer flexible payment / autopay setup,Basic,Monthly,12,210.24
851,CUST101875,0.719,High,Recent price increase; Month-to-month contract (no lock-in); New customer (tenure <= 6 months),Offer loyalty discount / plan review,Premium,Monthly,1,684.73
852,CUST103364,0.719,High,Usage dropped sharply over 3 months; Frequent support contacts; Low satisfaction score; Recent price increase,Offer loyalty discount / plan review,Basic,Monthly,38,201.9
853,CUST100981,0.7189,High,Low satisfaction score; Month-to-month contract (no lock-in),Priority callback from support lead,Basic,Monthly,8,200.99
854,CUST104887,0.7189,High,Frequent support contacts; Slow support resolution; Low satisfaction score,Priority callback from support lead,Standard,Annual,28,357.4
855,CUST103145,0.7188,High,Low satisfaction score; Repeated late payments; Month-to-month contract (no lock-in),Priority callback from support lead,Basic,Monthly,10,211.98
856,CUST103146,0.7184,High,Frequent support contacts; Low satisfaction score; Month-to-month contract (no lock-in),Priority callback from support lead,Basic,Monthly,18,205.32
857,CUST102171,0.7182,High,Month-to-month contract (no lock-in); New customer (tenure <= 6 months),Offer annual-plan incentive,Premium,Monthly,1,733.34
858,CUST102987,0.718,High,Slow support resolution; Month-to-month contract (no lock-in); New customer (tenure <= 6 months),Priority callback from support lead,Standard,Monthly,6,384.22
859,CUST104875,0.7179,High,Usage dropped sharply over 3 months; Very low engagement (usage/logins); Month-to-month contract (no lock-in),Send re-engagement campaign / feature tips,Standard,Monthly,12,418.95
860,CUST104766,0.7178,High,Usage dropped sharply over 3 months; Frequent support contacts; Slow support resolution,Priority callback from support lead,Standard,Annual,18,386.43
861,CUST104477,0.7177,High,Frequent support contacts; Slow support resolution; Low satisfaction score; Month-to-month contract (no lock-in),Priority callback from support lead,Standard,Monthly,10,399.85
862,CUST103876,0.7176,High,Low satisfaction score; New customer (tenure <= 6 months),Priority callback from support lead,Standard,Annual,1,397.1
863,CUST101463,0.7176,High,Frequent support contacts; Recent price increase; Month-to-month contract (no lock-in),Offer loyalty discount / plan review,Premium,Monthly,26,717.11
864,CUST104654,0.7168,High,Month-to-month contract (no lock-in),Offer annual-plan incentive,Basic,Monthly,15,202.81
865,CUST101636,0.7164,High,Low satisfaction score; Recent price increase; Month-to-month contract (no lock-in),Offer loyalty discount / plan review,Standard,Monthly,8,380.05
866,CUST100182,0.7159,High,Frequent support contacts; Low satisfaction score,Priority callback from support lead,Basic,Annual,20,188.11
867,CUST103198,0.7158,High,Frequent support contacts; Low satisfaction score; Month-to-month contract (no lock-in); New customer (tenure <= 6 months),Priority callback from support lead,Basic,Monthly,6,201.83
868,CUST102217,0.7157,High,Frequent support contacts; Month-to-month contract (no lock-in); New customer (tenure <= 6 months),Priority callback from support lead,Standard,Monthly,6,399.31
869,CUST104583,0.7156,High,Low satisfaction score; Recent price increase,Offer loyalty discount / plan review,Basic,Annual,25,190.71
870,CUST104362,0.7155,High,Month-to-month contract (no lock-in); New customer (tenure <= 6 months),Offer annual-plan incentive,Premium,Monthly,1,709.88
871,CUST100735,0.7153,High,Slow support resolution; Recent price increase; Month-to-month contract (no lock-in),Offer loyalty discount / plan review,Standard,Monthly,17,441.55
872,CUST102734,0.7151,High,Very low engagement (usage/logins); Recent price increase; Month-to-month contract (no lock-in); New customer (tenure <= 6 months),Offer loyalty discount / plan review,Basic,Monthly,5,213.9
873,CUST101849,0.715,High,Month-to-month contract (no lock-in),Offer annual-plan incentive,Standard,Monthly,7,381.18
874,CUST103049,0.7145,High,Slow support resolution; Month-to-month contract (no lock-in); New customer (tenure <= 6 months),Priority callback from support lead,Standard,Monthly,1,429.33
875,CUST104528,0.7144,High,Frequent support contacts,Priority callback from support lead,Basic,Annual,25,194.62
876,CUST102965,0.7133,High,Recent price increase,Offer loyalty discount / plan review,Basic,Annual,23,191.86
877,CUST103553,0.7133,High,Usage dropped sharply over 3 months; Month-to-month contract (no lock-in),Send re-engagement campaign / feature tips,Premium,Monthly,9,682.2
878,CUST104430,0.7133,High,Month-to-month contract (no lock-in); New customer (tenure <= 6 months),Offer annual-plan incentive,Basic,Monthly,2,209.8
879,CUST100767,0.7131,High,Low satisfaction score; Month-to-month contract (no lock-in),Priority callback from support lead,Premium,Monthly,22,660.85
880,CUST102313,0.7128,High,Low satisfaction score; Recent price increase; Month-to-month contract (no lock-in); New customer (tenure <= 6 months),Offer loyalty discount / plan review,Basic,Monthly,4,212.35
881,CUST100149,0.7126,High,Frequent support contacts,Priority callback from support lead,Basic,Annual,23,199.0
882,CUST100800,0.7126,High,Usage dropped sharply over 3 months; Recent price increase; Month-to-month contract (no lock-in),Offer loyalty discount / plan review,Standard,Monthly,15,408.07
883,CUST102721,0.7124,High,Frequent support contacts; Repeated late payments,Priority callback from support lead,Standard,Annual,10,424.37
884,CUST104900,0.712,High,Usage dropped sharply over 3 months; Slow support resolution; Month-to-month contract (no lock-in),Priority callback from support lead,Premium,Monthly,28,716.55
885,CUST104170,0.7119,High,Slow support resolution; Month-to-month contract (no lock-in); New customer (tenure <= 6 months),Priority callback from support lead,Premium,Monthly,5,714.84
886,CUST104696,0.7119,High,Usage dropped sharply over 3 months; Month-to-month contract (no lock-in),Send re-engagement campaign / feature tips,Basic,Monthly,21,204.14
887,CUST101941,0.7114,High,Recent price increase; Month-to-month contract (no lock-in),Offer loyalty discount / plan review,Premium,Monthly,14,743.23
888,CUST102437,0.7113,High,Repeated late payments; Month-to-month contract (no lock-in); New customer (tenure <= 6 months),Offer flexible payment / autopay setup,Basic,Monthly,1,199.41
889,CUST100809,0.7106,High,Frequent support contacts; Low satisfaction score; Recent price increase; New customer (tenure <= 6 months),Offer loyalty discount / plan review,Standard,Annual,5,403.51
890,CUST100308,0.7106,High,Usage dropped sharply over 3 months; Low satisfaction score; Month-to-month contract (no lock-in),Priority callback from support lead,Standard,Monthly,15,368.01
891,CUST100665,0.7096,High,Slow support resolution; Low satisfaction score; Recent price increase; Month-to-month contract (no lock-in),Offer loyalty discount / plan review,Premium,Monthly,29,718.22
892,CUST104122,0.7094,High,Month-to-month contract (no lock-in); New customer (tenure <= 6 months),Offer annual-plan incentive,Standard,Monthly,5,383.63
893,CUST101105,0.7091,High,Slow support resolution; Month-to-month contract (no lock-in),Priority callback from support lead,Premium,Monthly,7,673.82
894,CUST100021,0.709,High,Slow support resolution; Low satisfaction score; Recent price increase; Month-to-month contract (no lock-in),Offer loyalty discount / plan review,Basic,Monthly,28,199.83
895,CUST100039,0.7086,High,Repeated late payments; Month-to-month contract (no lock-in); New customer (tenure <= 6 months),Offer flexible payment / autopay setup,Basic,Monthly,1,185.85
896,CUST100131,0.7085,High,Usage dropped sharply over 3 months; Month-to-month contract (no lock-in); New customer (tenure <= 6 months),Send re-engagement campaign / feature tips,Premium,Monthly,1,737.24
897,CUST104373,0.7084,High,Frequent support contacts; Low satisfaction score; Recent price increase,Offer loyalty discount / plan review,Premium,Annual,7,642.92
898,CUST104918,0.7082,High,Month-to-month contract (no lock-in); New customer (tenure <= 6 months),Offer annual-plan incentive,Basic,Monthly,2,206.85
899,CUST103021,0.7081,High,Month-to-month contract (no lock-in); New customer (tenure <= 6 months),Offer annual-plan incentive,Premium,Monthly,5,699.83
900,CUST103333,0.7078,High,Frequent support contacts; Recent price increase; Month-to-month contract (no lock-in),Offer loyalty discount / plan review,Premium,Monthly,20,681.29
901,CUST103393,0.7074,High,Usage dropped sharply over 3 months; Month-to-month contract (no lock-in); New customer (tenure <= 6 months),Send re-engagement campaign / feature tips,Basic,Monthly,4,198.12
902,CUST101313,0.7066,High,Month-to-month contract (no lock-in),Offer annual-plan incentive,Basic,Monthly,13,212.43
903,CUST103366,0.7065,High,Slow support resolution; New customer (tenure <= 6 months),Priority callback from support lead,Basic,Annual,4,190.96
904,CUST104293,0.7063,High,Frequent support contacts; Low satisfaction score,Priority callback from support lead,Basic,Annual,13,190.8
905,CUST104361,0.706,High,Usage dropped sharply over 3 months; Month-to-month contract (no lock-in),Send re-engagement campaign / feature tips,Premium,Monthly,23,665.91
906,CUST100676,0.706,High,Slow support resolution; Month-to-month contract (no lock-in),Priority callback from support lead,Standard,Monthly,10,407.89
907,CUST101433,0.7059,High,Month-to-month contract (no lock-in),Offer annual-plan incentive,Premium,Monthly,21,754.03
908,CUST104506,0.7056,High,Slow support resolution; Month-to-month contract (no lock-in); New customer (tenure <= 6 months),Priority callback from support lead,Premium,Monthly,3,687.0
909,CUST102523,0.7055,High,Frequent support contacts; Month-to-month contract (no lock-in); New customer (tenure <= 6 months),Priority callback from support lead,Basic,Monthly,2,208.08
910,CUST101238,0.7053,High,Usage dropped sharply over 3 months; Slow support resolution; Low satisfaction score; Month-to-month contract (no lock-in),Priority callback from support lead,Premium,Monthly,14,663.85
911,CUST101848,0.705,High,Month-to-month contract (no lock-in); New customer (tenure <= 6 months),Offer annual-plan incentive,Standard,Monthly,5,401.7
912,CUST102694,0.705,High,Usage dropped sharply over 3 months; Month-to-month contract (no lock-in); New customer (tenure <= 6 months),Send re-engagement campaign / feature tips,Standard,Monthly,3,399.53
913,CUST103096,0.7049,High,Usage dropped sharply over 3 months; Slow support resolution,Priority callback from support lead,Basic,Annual,14,202.7
914,CUST103597,0.7049,High,Month-to-month contract (no lock-in); New customer (tenure <= 6 months),Offer annual-plan incentive,Basic,Monthly,2,208.38
915,CUST102268,0.7045,High,Usage dropped sharply over 3 months; Slow support resolution; Recent price increase,Offer loyalty discount / plan review,Premium,Annual,14,652.1
916,CUST103867,0.7042,High,Frequent support contacts; Slow support resolution; Month-to-month contract (no lock-in),Priority callback from support lead,Standard,Monthly,15,389.35
917,CUST103076,0.704,High,Low satisfaction score; Month-to-month contract (no lock-in),Priority callback from support lead,Basic,Monthly,15,209.78
918,CUST103081,0.704,High,Slow support resolution; Month-to-month contract (no lock-in),Priority callback from support lead,Basic,Monthly,25,202.91
919,CUST104538,0.7039,High,Slow support resolution; Month-to-month contract (no lock-in),Priority callback from support lead,Basic,Monthly,8,184.39
920,CUST100838,0.7038,High,Low satisfaction score,Priority callback from support lead,Basic,Annual,38,176.76
921,CUST103979,0.7036,High,Usage dropped sharply over 3 months; Frequent support contacts; Month-to-month contract (no lock-in),Priority callback from support lead,Basic,Monthly,18,192.9
922,CUST104411,0.7036,High,Slow support resolution; Recent price increase; Month-to-month contract (no lock-in),Offer loyalty discount / plan review,Standard,Monthly,11,397.12
923,CUST102715,0.7035,High,General elevated risk - manual review,Offer annual-plan incentive,Basic,Annual,13,198.99
924,CUST102031,0.7034,High,Low satisfaction score; Month-to-month contract (no lock-in),Priority callback from support lead,Standard,Monthly,15,373.8
925,CUST103066,0.7034,High,Low satisfaction score; Repeated late payments; New customer (tenure <= 6 months),Priority callback from support lead,Standard,Annual,5,399.09
926,CUST102291,0.7033,High,Low satisfaction score; Recent price increase; New customer (tenure <= 6 months),Offer loyalty discount / plan review,Basic,Annual,2,210.08
927,CUST102831,0.7033,High,Low satisfaction score; New customer (tenure <= 6 months),Priority callback from support lead,Basic,Annual,3,186.96
928,CUST102959,0.7033,High,Usage dropped sharply over 3 months; Frequent support contacts; Recent price increase; Month-to-month contract (no lock-in),Offer loyalty discount / plan review,Premium,Monthly,44,689.85
929,CUST100568,0.7028,High,Usage dropped sharply over 3 months; Month-to-month contract (no lock-in); New customer (tenure <= 6 months),Send re-engagement campaign / feature tips,Premium,Monthly,1,693.64
930,CUST104168,0.7026,High,Low satisfaction score; Month-to-month contract (no lock-in),Priority callback from support lead,Basic,Monthly,19,193.33
931,CUST104615,0.7024,High,Usage dropped sharply over 3 months; Slow support resolution; Recent price increase,Offer loyalty discount / plan review,Standard,Annual,8,379.77
932,CUST102874,0.7023,High,Recent price increase; Month-to-month contract (no lock-in),Offer loyalty discount / plan review,Basic,Monthly,8,218.43
933,CUST104633,0.7022,High,Very low engagement (usage/logins); Slow support resolution; Recent price increase; Month-to-month contract (no lock-in),Offer loyalty discount / plan review,Basic,Monthly,30,206.27
934,CUST102590,0.702,High,Slow support resolution; Repeated late payments,Priority callback from support lead,Standard,Annual,8,418.44
935,CUST102834,0.7019,High,Very low engagement (usage/logins); Month-to-month contract (no lock-in),Send re-engagement campaign / feature tips,Basic,Monthly,15,196.41
936,CUST101174,0.7018,High,Frequent support contacts; Low satisfaction score,Priority callback from support lead,Basic,Annual,9,209.51
937,CUST102843,0.7015,High,Usage dropped sharply over 3 months; Month-to-month contract (no lock-in),Send re-engagement campaign / feature tips,Basic,Monthly,20,187.44
938,CUST104331,0.7013,High,Frequent support contacts; Month-to-month contract (no lock-in),Priority callback from support lead,Standard,Monthly,12,432.8
939,CUST101598,0.7011,High,Month-to-month contract (no lock-in); New customer (tenure <= 6 months),Offer annual-plan incentive,Basic,Monthly,1,210.67
940,CUST104758,0.7008,High,Very low engagement (usage/logins); Month-to-month contract (no lock-in),Send re-engagement campaign / feature tips,Standard,Monthly,32,377.59
941,CUST101438,0.7001,High,Month-to-month contract (no lock-in),Offer annual-plan incentive,Basic,Monthly,18,184.57
942,CUST100137,0.7,Medium,Month-to-month contract (no lock-in); New customer (tenure <= 6 months),Offer annual-plan incentive,Basic,Monthly,1,202.3
943,CUST101930,0.6997,Medium,Repeated late payments; Month-to-month contract (no lock-in),Offer flexible payment / autopay setup,Basic,Monthly,12,195.4
944,CUST104956,0.6995,Medium,Frequent support contacts; Low satisfaction score; Recent price increase; Month-to-month contract (no lock-in),Offer loyalty discount / plan review,Standard,Monthly,29,409.83
945,CUST104628,0.6995,Medium,Repeated late payments; Month-to-month contract (no lock-in),Offer flexible payment / autopay setup,Standard,Monthly,22,376.22
946,CUST101435,0.6994,Medium,Month-to-month contract (no lock-in); New customer (tenure <= 6 months),Offer annual-plan incentive,Basic,Monthly,3,196.46
947,CUST104833,0.6994,Medium,Low satisfaction score; Month-to-month contract (no lock-in); New customer (tenure <= 6 months),Priority callback from support lead,Standard,Monthly,4,386.85
948,CUST100429,0.6994,Medium,Usage dropped sharply over 3 months; Month-to-month contract (no lock-in); New customer (tenure <= 6 months),Send re-engagement campaign / feature tips,Standard,Monthly,4,383.1
949,CUST101292,0.6992,Medium,Usage dropped sharply over 3 months; Repeated late payments; Month-to-month contract (no lock-in),Send re-engagement campaign / feature tips,Premium,Monthly,25,679.35
950,CUST102545,0.6989,Medium,Month-to-month contract (no lock-in),Offer annual-plan incentive,Basic,Monthly,26,204.93
951,CUST102449,0.6989,Medium,Frequent support contacts; Low satisfaction score; Month-to-month contract (no lock-in),Priority callback from support lead,Standard,Monthly,38,419.4
952,CUST102927,0.6988,Medium,Frequent support contacts,Priority callback from support lead,Standard,Annual,16,405.36
953,CUST103811,0.6988,Medium,Month-to-month contract (no lock-in); New customer (tenure <= 6 months),Offer annual-plan incentive,Standard,Monthly,3,411.51
954,CUST102929,0.6984,Medium,Usage dropped sharply over 3 months; Low satisfaction score; Month-to-month contract (no lock-in),Priority callback from support lead,Premium,Monthly,13,728.45
955,CUST102714,0.6981,Medium,Low satisfaction score; Month-to-month contract (no lock-in),Priority callback from support lead,Premium,Monthly,22,717.78
956,CUST100371,0.6974,Medium,Slow support resolution; Month-to-month contract (no lock-in); New customer (tenure <= 6 months),Priority callback from support lead,Premium,Monthly,2,743.76
957,CUST102576,0.6972,Medium,Low satisfaction score; Recent price increase; Month-to-month contract (no lock-in),Offer loyalty discount / plan review,Standard,Monthly,24,415.4
958,CUST100077,0.697,Medium,Slow support resolution; Recent price increase; Month-to-month contract (no lock-in); New customer (tenure <= 6 months),Offer loyalty discount / plan review,Basic,Monthly,4,201.14
959,CUST100990,0.6963,Medium,Frequent support contacts; Low satisfaction score; Month-to-month contract (no lock-in); New customer (tenure <= 6 months),Priority callback from support lead,Standard,Monthly,3,384.04
960,CUST100509,0.696,Medium,Low satisfaction score; Recent price increase; Month-to-month contract (no lock-in),Offer loyalty discount / plan review,Standard,Monthly,35,378.28
961,CUST101810,0.6958,Medium,Month-to-month contract (no lock-in); New customer (tenure <= 6 months),Offer annual-plan incentive,Basic,Monthly,4,190.26
962,CUST104748,0.6958,Medium,Low satisfaction score; Month-to-month contract (no lock-in),Priority callback from support lead,Standard,Monthly,37,437.84
963,CUST104945,0.6948,Medium,Low satisfaction score; Recent price increase; Month-to-month contract (no lock-in),Offer loyalty discount / plan review,Standard,Monthly,8,396.73
964,CUST102954,0.6947,Medium,Low satisfaction score; New customer (tenure <= 6 months),Priority callback from support lead,Premium,Annual,4,696.81
965,CUST100516,0.6946,Medium,Repeated late payments; Month-to-month contract (no lock-in); New customer (tenure <= 6 months),Offer flexible payment / autopay setup,Basic,Monthly,5,189.16
966,CUST100828,0.6944,Medium,Usage dropped sharply over 3 months; Recent price increase; Month-to-month contract (no lock-in),Offer loyalty discount / plan review,Standard,Monthly,19,398.78
967,CUST101073,0.6943,Medium,Month-to-month contract (no lock-in),Offer annual-plan incentive,Standard,Monthly,7,413.33
968,CUST103676,0.6941,Medium,Recent price increase; Month-to-month contract (no lock-in),Offer loyalty discount / plan review,Basic,Monthly,43,193.64
969,CUST100258,0.694,Medium,Very low engagement (usage/logins); Low satisfaction score; Month-to-month contract (no lock-in),Priority callback from support lead,Premium,Monthly,23,689.46
970,CUST101951,0.6938,Medium,Low satisfaction score; Repeated late payments,Priority callback from support lead,Basic,Annual,10,204.55
971,CUST102478,0.6937,Medium,Frequent support contacts; Month-to-month contract (no lock-in),Priority callback from support lead,Standard,Monthly,23,412.07
972,CUST100196,0.6935,Medium,Slow support resolution; Month-to-month contract (no lock-in); New customer (tenure <= 6 months),Priority callback from support lead,Basic,Monthly,5,197.94
973,CUST104514,0.6932,Medium,Frequent support contacts; Slow support resolution; Month-to-month contract (no lock-in); New customer (tenure <= 6 months),Priority callback from support lead,Premium,Monthly,6,686.57
974,CUST101025,0.693,Medium,Month-to-month contract (no lock-in),Offer annual-plan incentive,Basic,Monthly,14,194.93
975,CUST101918,0.6929,Medium,Low satisfaction score; New customer (tenure <= 6 months),Priority callback from support lead,Standard,Annual,5,402.82
976,CUST103792,0.6928,Medium,Frequent support contacts; Slow support resolution; Recent price increase; Month-to-month contract (no lock-in),Offer loyalty discount / plan review,Standard,Monthly,3,337.33
977,CUST101240,0.6928,Medium,General elevated risk - manual review,Offer annual-plan incentive,Basic,Annual,10,187.31
978,CUST101059,0.6928,Medium,Slow support resolution; Month-to-month contract (no lock-in),Priority callback from support lead,Premium,Monthly,8,687.35
979,CUST100383,0.6926,Medium,Slow support resolution; New customer (tenure <= 6 months),Priority callback from support lead,Basic,Annual,2,204.48
980,CUST104476,0.6926,Medium,Usage dropped sharply over 3 months; Frequent support contacts; Slow support resolution; New customer (tenure <= 6 months),Priority callback from support lead,Basic,Annual,1,203.4
981,CUST102045,0.6915,Medium,Slow support resolution; Month-to-month contract (no lock-in),Priority callback from support lead,Basic,Monthly,13,191.01
982,CUST104336,0.6913,Medium,Month-to-month contract (no lock-in); New customer (tenure <= 6 months),Offer annual-plan incentive,Premium,Monthly,4,627.18
983,CUST102951,0.6912,Medium,Month-to-month contract (no lock-in),Offer annual-plan incentive,Basic,Monthly,9,189.41
984,CUST103013,0.691,Medium,Usage dropped sharply over 3 months; Slow support resolution; Month-to-month contract (no lock-in); New customer (tenure <= 6 months),Priority callback from support lead,Premium,Monthly,2,651.84
985,CUST100600,0.6908,Medium,Usage dropped sharply over 3 months; Month-to-month contract (no lock-in),Send re-engagement campaign / feature tips,Basic,Monthly,25,205.02
986,CUST102412,0.6908,Medium,Frequent support contacts; Month-to-month contract (no lock-in),Priority callback from support lead,Basic,Monthly,12,197.29
987,CUST102162,0.6906,Medium,Slow support resolution; Month-to-month contract (no lock-in); New customer (tenure <= 6 months),Priority callback from support lead,Basic,Monthly,6,198.32
988,CUST103020,0.6904,Medium,Repeated late payments; Month-to-month contract (no lock-in),Offer flexible payment / autopay setup,Standard,Monthly,32,397.84
989,CUST101163,0.6903,Medium,New customer (tenure <= 6 months),Offer annual-plan incentive,Standard,Annual,3,407.03
990,CUST100328,0.6901,Medium,Usage dropped sharply over 3 months; Recent price increase; Month-to-month contract (no lock-in); New customer (tenure <= 6 months),Offer loyalty discount / plan review,Basic,Monthly,3,198.32
991,CUST104205,0.6901,Medium,Frequent support contacts; Slow support resolution; Recent price increase; Month-to-month contract (no lock-in),Offer loyalty discount / plan review,Premium,Monthly,22,732.73
992,CUST100966,0.6901,Medium,Month-to-month contract (no lock-in); New customer (tenure <= 6 months),Offer annual-plan incentive,Basic,Monthly,1,199.49
993,CUST104961,0.69,Medium,Usage dropped sharply over 3 months; Month-to-month contract (no lock-in),Send re-engagement campaign / feature tips,Standard,Monthly,8,420.88
994,CUST102081,0.6897,Medium,Slow support resolution; Month-to-month contract (no lock-in); New customer (tenure <= 6 months),Priority callback from support lead,Standard,Monthly,1,400.52
995,CUST101987,0.6895,Medium,Usage dropped sharply over 3 months; Repeated late payments; New customer (tenure <= 6 months),Send re-engagement campaign / feature tips,Basic,Annual,5,202.96
996,CUST104095,0.6893,Medium,Recent price increase; Month-to-month contract (no lock-in),Offer loyalty discount / plan review,Premium,Monthly,21,726.15
997,CUST101617,0.6887,Medium,Frequent support contacts; Month-to-month contract (no lock-in); New customer (tenure <= 6 months),Priority callback from support lead,Premium,Monthly,5,719.8
998,CUST103228,0.6887,Medium,Frequent support contacts; Month-to-month contract (no lock-in); New customer (tenure <= 6 months),Priority callback from support lead,Basic,Monthly,3,207.28
999,CUST102972,0.6887,Medium,Slow support resolution; Month-to-month contract (no lock-in),Priority callback from support lead,Basic,Monthly,28,211.68
1000,CUST100118,0.6885,Medium,Month-to-month contract (no lock-in),Offer annual-plan incentive,Basic,Monthly,29,211.34
1001,CUST103106,0.688,Medium,Month-to-month contract (no lock-in); New customer (tenure <= 6 months),Offer annual-plan incentive,Basic,Monthly,6,205.75
1002,CUST100648,0.6878,Medium,Usage dropped sharply over 3 months; Recent price increase; New customer (tenure <= 6 months),Offer loyalty discount / plan review,Standard,Annual,3,382.8
1003,CUST104318,0.6874,Medium,Slow support resolution; Month-to-month contract (no lock-in); New customer (tenure <= 6 months),Priority callback from support lead,Basic,Monthly,6,176.3
1004,CUST102561,0.6874,Medium,Low satisfaction score; Month-to-month contract (no lock-in); New customer (tenure <= 6 months),Priority callback from support lead,Basic,Monthly,2,190.97
1005,CUST103192,0.687,Medium,Low satisfaction score; Month-to-month contract (no lock-in); New customer (tenure <= 6 months),Priority callback from support lead,Basic,Monthly,6,211.3
1006,CUST103398,0.687,Medium,Slow support resolution; Month-to-month contract (no lock-in),Priority callback from support lead,Basic,Monthly,21,200.49
1007,CUST104555,0.6869,Medium,Usage dropped sharply over 3 months; Month-to-month contract (no lock-in); New customer (tenure <= 6 months),Send re-engagement campaign / feature tips,Standard,Monthly,2,401.54
1008,CUST102192,0.6867,Medium,Usage dropped sharply over 3 months; Low satisfaction score; New customer (tenure <= 6 months),Priority callback from support lead,Premium,Annual,1,651.5
1009,CUST103908,0.6864,Medium,Frequent support contacts; Month-to-month contract (no lock-in),Priority callback from support lead,Premium,Monthly,13,637.63
1010,CUST101021,0.686,Medium,Frequent support contacts,Priority callback from support lead,Basic,Annual,9,196.63
1011,CUST100439,0.6854,Medium,New customer (tenure <= 6 months),Offer annual-plan incentive,Basic,Annual,1,182.2
1012,CUST103154,0.6854,Medium,Frequent support contacts; Slow support resolution; Month-to-month contract (no lock-in); New customer (tenure <= 6 months),Priority callback from support lead,Basic,Monthly,1,194.96
1013,CUST101436,0.6853,Medium,Slow support resolution; Low satisfaction score; Repeated late payments; Month-to-month contract (no lock-in),Priority callback from support lead,Standard,Monthly,20,392.87
1014,CUST104805,0.6852,Medium,Month-to-month contract (no lock-in); New customer (tenure <= 6 months),Offer annual-plan incentive,Standard,Monthly,3,393.26
1015,CUST100610,0.6851,Medium,Month-to-month contract (no lock-in),Offer annual-plan incentive,Standard,Monthly,10,365.24
1016,CUST103429,0.6851,Medium,Usage dropped sharply over 3 months; Month-to-month contract (no lock-in); New customer (tenure <= 6 months),Send re-engagement campaign / feature tips,Standard,Monthly,5,411.66
1017,CUST100401,0.6849,Medium,Slow support resolution; Repeated late payments; Month-to-month contract (no lock-in); New customer (tenure <= 6 months),Priority callback from support lead,Basic,Monthly,3,207.79
1018,CUST100987,0.6847,Medium,Month-to-month contract (no lock-in); New customer (tenure <= 6 months),Offer annual-plan incentive,Premium,Monthly,5,742.64
1019,CUST101871,0.6843,Medium,Low satisfaction score; New customer (tenure <= 6 months),Priority callback from support lead,Standard,Annual,6,406.02
1020,CUST102496,0.6843,Medium,Usage dropped sharply over 3 months; Month-to-month contract (no lock-in); New customer (tenure <= 6 months),Send re-engagement campaign / feature tips,Basic,Monthly,3,195.35
1021,CUST104113,0.6843,Medium,Low satisfaction score; Month-to-month contract (no lock-in),Priority callback from support lead,Premium,Monthly,13,698.39
1022,CUST104938,0.6841,Medium,Frequent support contacts; Month-to-month contract (no lock-in); New customer (tenure <= 6 months),Priority callback from support lead,Premium,Monthly,2,672.5
1023,CUST102236,0.6837,Medium,Repeated late payments; Month-to-month contract (no lock-in); New customer (tenure <= 6 months),Offer flexible payment / autopay setup,Standard,Monthly,5,363.8
1024,CUST104697,0.6834,Medium,Low satisfaction score; Month-to-month contract (no lock-in),Priority callback from support lead,Standard,Monthly,8,389.33
1025,CUST102387,0.6832,Medium,Low satisfaction score; New customer (tenure <= 6 months),Priority callback from support lead,Standard,Annual,4,407.8
1026,CUST101518,0.6831,Medium,Slow support resolution; Month-to-month contract (no lock-in); New customer (tenure <= 6 months),Priority callback from support lead,Basic,Monthly,4,199.79
1027,CUST100117,0.6831,Medium,Frequent support contacts; Repeated late payments; Recent price increase,Offer loyalty discount / plan review,Standard,Annual,16,416.46
1028,CUST101469,0.683,Medium,Slow support resolution; Month-to-month contract (no lock-in); New customer (tenure <= 6 months),Priority callback from support lead,Premium,Monthly,6,698.47
1029,CUST101224,0.6829,Medium,Frequent support contacts; Month-to-month contract (no lock-in),Priority callback from support lead,Basic,Monthly,16,186.09
1030,CUST104447,0.6824,Medium,Recent price increase; Month-to-month contract (no lock-in); New customer (tenure <= 6 months),Offer loyalty discount / plan review,Premium,Monthly,1,751.48
1031,CUST100445,0.6824,Medium,Usage dropped sharply over 3 months; Low satisfaction score; Month-to-month contract (no lock-in),Priority callback from support lead,Standard,Monthly,13,421.68
1032,CUST101775,0.6824,Medium,Frequent support contacts; Recent price increase; Month-to-month contract (no lock-in),Offer loyalty discount / plan review,Standard,Monthly,9,389.76
1033,CUST104848,0.6823,Medium,Repeated late payments; Month-to-month contract (no lock-in); New customer (tenure <= 6 months),Offer flexible payment / autopay setup,Basic,Monthly,5,218.02
1034,CUST101476,0.6821,Medium,Recent price increase; Month-to-month contract (no lock-in),Offer loyalty discount / plan review,Basic,Monthly,12,184.23
1035,CUST102451,0.6821,Medium,Low satisfaction score; Recent price increase; Month-to-month contract (no lock-in),Offer loyalty discount / plan review,Standard,Monthly,13,404.09
1036,CUST103200,0.6818,Medium,Month-to-month contract (no lock-in); New customer (tenure <= 6 months),Offer annual-plan incentive,Standard,Monthly,3,409.53
1037,CUST102742,0.6818,Medium,Repeated late payments; Month-to-month contract (no lock-in),Offer flexible payment / autopay setup,Standard,Monthly,16,389.25
1038,CUST103742,0.6815,Medium,Usage dropped sharply over 3 months; Slow support resolution; Month-to-month contract (no lock-in),Priority callback from support lead,Premium,Monthly,10,726.49
1039,CUST103964,0.681,Medium,Frequent support contacts; Slow support resolution; Month-to-month contract (no lock-in),Priority callback from support lead,Basic,Monthly,15,204.77
1040,CUST101786,0.6797,Medium,Repeated late payments; Month-to-month contract (no lock-in),Offer flexible payment / autopay setup,Premium,Monthly,14,758.2
1041,CUST102339,0.6792,Medium,Recent price increase; Month-to-month contract (no lock-in); New customer (tenure <= 6 months),Offer loyalty discount / plan review,Premium,Monthly,2,686.21
1042,CUST104224,0.6792,Medium,Month-to-month contract (no lock-in),Offer annual-plan incentive,Basic,Monthly,8,182.48
1043,CUST102378,0.6791,Medium,Usage dropped sharply over 3 months; Month-to-month contract (no lock-in),Send re-engagement campaign / feature tips,Basic,Monthly,8,188.04
1044,CUST102647,0.6791,Medium,Very low engagement (usage/logins); Month-to-month contract (no lock-in),Send re-engagement campaign / feature tips,Basic,Monthly,10,195.64
1045,CUST104624,0.679,Medium,Frequent support contacts; Slow support resolution; Low satisfaction score,Priority callback from support lead,Standard,Annual,10,411.15
1046,CUST102337,0.679,Medium,Low satisfaction score; Month-to-month contract (no lock-in); New customer (tenure <= 6 months),Priority callback from support lead,Standard,Monthly,4,361.72
1047,CUST102814,0.679,Medium,Usage dropped sharply over 3 months; Month-to-month contract (no lock-in),Send re-engagement campaign / feature tips,Standard,Monthly,20,376.03
1048,CUST102483,0.6787,Medium,Month-to-month contract (no lock-in); New customer (tenure <= 6 months),Offer annual-plan incentive,Basic,Monthly,3,183.8
1049,CUST104535,0.6784,Medium,Very low engagement (usage/logins); Recent price increase; New customer (tenure <= 6 months),Offer loyalty discount / plan review,Standard,Annual,5,372.48
1050,CUST104433,0.6784,Medium,New customer (tenure <= 6 months),Offer annual-plan incentive,Basic,Annual,6,187.27
1051,CUST100535,0.6781,Medium,Frequent support contacts; Low satisfaction score; New customer (tenure <= 6 months),Priority callback from support lead,Basic,Annual,3,200.92
1052,CUST101485,0.6781,Medium,Month-to-month contract (no lock-in); New customer (tenure <= 6 months),Offer annual-plan incentive,Premium,Monthly,3,677.68
1053,CUST100991,0.6777,Medium,Month-to-month contract (no lock-in); New customer (tenure <= 6 months),Offer annual-plan incentive,Standard,Monthly,3,384.2
1054,CUST100025,0.6776,Medium,Month-to-month contract (no lock-in),Offer annual-plan incentive,Premium,Monthly,27,675.72
1055,CUST104305,0.6774,Medium,Low satisfaction score; Recent price increase; Month-to-month contract (no lock-in); New customer (tenure <= 6 months),Offer loyalty discount / plan review,Premium,Monthly,1,688.79
1056,CUST101956,0.6774,Medium,Slow support resolution; Recent price increase; Month-to-month contract (no lock-in); New customer (tenure <= 6 months),Offer loyalty discount / plan review,Standard,Monthly,3,397.83
1057,CUST103658,0.6773,Medium,Recent price increase; Month-to-month contract (no lock-in); New customer (tenure <= 6 months),Offer loyalty discount / plan review,Basic,Monthly,1,212.62
1058,CUST102137,0.6772,Medium,Slow support resolution; Low satisfaction score; Month-to-month contract (no lock-in); New customer (tenure <= 6 months),Priority callback from support lead,Basic,Monthly,4,190.34
1059,CUST100915,0.677,Medium,Usage dropped sharply over 3 months; Month-to-month contract (no lock-in); New customer (tenure <= 6 months),Send re-engagement campaign / feature tips,Basic,Monthly,4,194.59
1060,CUST102082,0.6767,Medium,Usage dropped sharply over 3 months; Month-to-month contract (no lock-in); New customer (tenure <= 6 months),Send re-engagement campaign / feature tips,Basic,Monthly,1,184.98
1061,CUST104140,0.6764,Medium,Slow support resolution; New customer (tenure <= 6 months),Priority callback from support lead,Standard,Annual,1,381.76
1062,CUST103620,0.676,Medium,New customer (tenure <= 6 months),Offer annual-plan incentive,Basic,Annual,2,200.59
1063,CUST100464,0.6759,Medium,Month-to-month contract (no lock-in); New customer (tenure <= 6 months),Offer annual-plan incentive,Standard,Monthly,5,386.34
1064,CUST101496,0.6756,Medium,Low satisfaction score; Month-to-month contract (no lock-in),Priority callback from support lead,Premium,Monthly,9,720.26
1065,CUST101128,0.6755,Medium,Usage dropped sharply over 3 months,Send re-engagement campaign / feature tips,Premium,Annual,10,747.75
1066,CUST101299,0.6752,Medium,Usage dropped sharply over 3 months; Frequent support contacts; Low satisfaction score; Recent price increase,Offer loyalty discount / plan review,Premium,Annual,2,786.95
1067,CUST101691,0.6747,Medium,Frequent support contacts; Slow support resolution; New customer (tenure <= 6 months),Priority callback from support lead,Premium,Annual,2,677.36
1068,CUST102741,0.6746,Medium,Slow support resolution,Priority callback from support lead,Basic,Annual,7,197.75
1069,CUST101467,0.6746,Medium,Frequent support contacts; Slow support resolution; Recent price increase,Offer loyalty discount / plan review,Standard,Annual,19,396.51
1070,CUST102783,0.6746,Medium,Repeated late payments; Recent price increase; Month-to-month contract (no lock-in),Offer loyalty discount / plan review,Standard,Monthly,14,416.73
1071,CUST102461,0.6742,Medium,Frequent support contacts,Priority callback from support lead,Basic,Annual,13,188.25
1072,CUST104591,0.6741,Medium,Slow support resolution; Low satisfaction score; Month-to-month contract (no lock-in),Priority callback from support lead,Standard,Monthly,18,414.85
1073,CUST100086,0.6741,Medium,Low satisfaction score; Month-to-month contract (no lock-in); New customer (tenure <= 6 months),Priority callback from support lead,Premium,Monthly,4,721.16
1074,CUST100906,0.6739,Medium,Frequent support contacts; Slow support resolution; Month-to-month contract (no lock-in),Priority callback from support lead,Premium,Monthly,11,724.08
1075,CUST103661,0.6739,Medium,Frequent support contacts; Month-to-month contract (no lock-in),Priority callback from support lead,Basic,Monthly,14,201.66
1076,CUST100533,0.6738,Medium,Slow support resolution; Month-to-month contract (no lock-in),Priority callback from support lead,Basic,Monthly,20,190.6
1077,CUST103093,0.6735,Medium,Frequent support contacts; Low satisfaction score; Recent price increase; Month-to-month contract (no lock-in),Offer loyalty discount / plan review,Premium,Monthly,17,682.57
1078,CUST102489,0.6734,Medium,Frequent support contacts; Month-to-month contract (no lock-in); New customer (tenure <= 6 months),Priority callback from support lead,Basic,Monthly,4,192.96
1079,CUST101806,0.6728,Medium,Usage dropped sharply over 3 months; Month-to-month contract (no lock-in); New customer (tenure <= 6 months),Send re-engagement campaign / feature tips,Basic,Monthly,5,205.69
1080,CUST102317,0.6727,Medium,Repeated late payments; Month-to-month contract (no lock-in),Offer flexible payment / autopay setup,Basic,Monthly,25,189.78
1081,CUST103555,0.6726,Medium,Usage dropped sharply over 3 months; Slow support resolution; New customer (tenure <= 6 months),Priority callback from support lead,Standard,Annual,6,375.78
1082,CUST103082,0.6725,Medium,Frequent support contacts; Month-to-month contract (no lock-in),Priority callback from support lead,Basic,Monthly,28,185.21
1083,CUST102784,0.6725,Medium,Repeated late payments; Month-to-month contract (no lock-in),Offer flexible payment / autopay setup,Basic,Monthly,10,188.9
1084,CUST101057,0.6721,Medium,Month-to-month contract (no lock-in),Offer annual-plan incentive,Basic,Monthly,14,198.58
1085,CUST103306,0.6719,Medium,Month-to-month contract (no lock-in); New customer (tenure <= 6 months),Offer annual-plan incentive,Premium,Monthly,1,679.07
1086,CUST102807,0.6717,Medium,Month-to-month contract (no lock-in),Offer annual-plan incentive,Standard,Monthly,17,388.51
1087,CUST104024,0.6716,Medium,Usage dropped sharply over 3 months; Frequent support contacts,Priority callback from support lead,Premium,Annual,13,685.92
1088,CUST100931,0.6715,Medium,Slow support resolution; New customer (tenure <= 6 months),Priority callback from support lead,Premium,Annual,6,698.68
1089,CUST104436,0.6712,Medium,Month-to-month contract (no lock-in),Offer annual-plan incentive,Premium,Monthly,12,692.26
1090,CUST103968,0.6705,Medium,Slow support resolution; Month-to-month contract (no lock-in); New customer (tenure <= 6 months),Priority callback from support lead,Basic,Monthly,1,192.99
1091,CUST104483,0.6703,Medium,Usage dropped sharply over 3 months; Month-to-month contract (no lock-in),Send re-engagement campaign / feature tips,Basic,Monthly,38,196.83
1092,CUST103562,0.6699,Medium,Low satisfaction score; Month-to-month contract (no lock-in); New customer (tenure <= 6 months),Priority callback from support lead,Standard,Monthly,2,442.88
1093,CUST101356,0.6697,Medium,Frequent support contacts; Month-to-month contract (no lock-in),Priority callback from support lead,Standard,Monthly,31,402.08
1094,CUST100746,0.6696,Medium,Usage dropped sharply over 3 months; Recent price increase; Month-to-month contract (no lock-in),Offer loyalty discount / plan review,Basic,Monthly,9,219.44
1095,CUST102698,0.6693,Medium,Usage dropped sharply over 3 months; Repeated late payments; Month-to-month contract (no lock-in),Send re-engagement campaign / feature tips,Basic,Monthly,8,185.93
1096,CUST104611,0.6692,Medium,Recent price increase; Month-to-month contract (no lock-in); New customer (tenure <= 6 months),Offer loyalty discount / plan review,Basic,Monthly,1,203.35
1097,CUST103407,0.6688,Medium,Month-to-month contract (no lock-in),Offer annual-plan incentive,Standard,Monthly,26,391.78
1098,CUST101720,0.6685,Medium,Low satisfaction score; New customer (tenure <= 6 months),Priority callback from support lead,Basic,Annual,1,203.84
1099,CUST101119,0.6683,Medium,Frequent support contacts; Slow support resolution; Month-to-month contract (no lock-in),Priority callback from support lead,Standard,Monthly,17,415.93
1100,CUST104699,0.6683,Medium,Frequent support contacts; Low satisfaction score; Repeated late payments,Priority callback from support lead,Premium,Annual,10,695.24
1101,CUST104206,0.6682,Medium,Frequent support contacts; Low satisfaction score; New customer (tenure <= 6 months),Priority callback from support lead,Basic,Annual,1,204.07
1102,CUST101937,0.6682,Medium,Repeated late payments,Offer flexible payment / autopay setup,Basic,Annual,15,208.64
1103,CUST101531,0.668,Medium,Low satisfaction score; Month-to-month contract (no lock-in),Priority callback from support lead,Premium,Monthly,32,707.64
1104,CUST103606,0.6679,Medium,Low satisfaction score; Month-to-month contract (no lock-in),Priority callback from support lead,Basic,Monthly,14,204.56
1105,CUST100105,0.6679,Medium,Usage dropped sharply over 3 months; Low satisfaction score; Recent price increase,Offer loyalty discount / plan review,Basic,Annual,16,1079.52
1106,CUST104871,0.6678,Medium,Slow support resolution; Month-to-month contract (no lock-in),Priority callback from support lead,Standard,Monthly,31,405.18
1107,CUST104172,0.6678,Medium,Month-to-month contract (no lock-in),Offer annual-plan incentive,Basic,Monthly,16,189.57
1108,CUST103503,0.6676,Medium,Month-to-month contract (no lock-in); New customer (tenure <= 6 months),Offer annual-plan incentive,Basic,Monthly,3,194.72
1109,CUST101595,0.6675,Medium,Month-to-month contract (no lock-in),Offer annual-plan incentive,Standard,Monthly,25,388.92
1110,CUST103994,0.6674,Medium,Usage dropped sharply over 3 months; New customer (tenure <= 6 months),Send re-engagement campaign / feature tips,Basic,Annual,3,202.02
1111,CUST103300,0.6672,Medium,Recent price increase; Month-to-month contract (no lock-in),Offer loyalty discount / plan review,Basic,Monthly,17,216.88
1112,CUST101413,0.6671,Medium,Repeated late payments; Month-to-month contract (no lock-in); New customer (tenure <= 6 months),Offer flexible payment / autopay setup,Basic,Monthly,2,195.03
1113,CUST104287,0.6669,Medium,Usage dropped sharply over 3 months; New customer (tenure <= 6 months),Send re-engagement campaign / feature tips,Standard,Annual,1,376.18
1114,CUST101351,0.6669,Medium,Usage dropped sharply over 3 months; Frequent support contacts; Slow support resolution; Low satisfaction score,Priority callback from support lead,Basic,Annual,30,197.9
1115,CUST100298,0.6666,Medium,General elevated risk - manual review,Offer annual-plan incentive,Basic,Annual,8,173.83
1116,CUST101541,0.6665,Medium,Month-to-month contract (no lock-in),Offer annual-plan incentive,Basic,Monthly,7,205.82
1117,CUST101867,0.6664,Medium,Low satisfaction score; Recent price increase; Month-to-month contract (no lock-in); New customer (tenure <= 6 months),Offer loyalty discount / plan review,Standard,Monthly,2,371.36
1118,CUST104043,0.6663,Medium,Recent price increase; Month-to-month contract (no lock-in),Offer loyalty discount / plan review,Standard,Monthly,10,397.37
1119,CUST101303,0.6662,Medium,Usage dropped sharply over 3 months; Slow support resolution; Month-to-month contract (no lock-in),Priority callback from support lead,Standard,Monthly,26,382.46
1120,CUST102852,0.6662,Medium,Month-to-month contract (no lock-in); New customer (tenure <= 6 months),Offer annual-plan incentive,Premium,Monthly,5,727.07
1121,CUST103549,0.6657,Medium,Month-to-month contract (no lock-in); New customer (tenure <= 6 months),Offer annual-plan incentive,Premium,Monthly,1,688.58
1122,CUST100771,0.6654,Medium,Frequent support contacts; Slow support resolution; Month-to-month contract (no lock-in); New customer (tenure <= 6 months),Priority callback from support lead,Basic,Monthly,1,178.34
1123,CUST102455,0.6653,Medium,Slow support resolution; Low satisfaction score; Month-to-month contract (no lock-in),Priority callback from support lead,Premium,Monthly,10,693.79
1124,CUST102019,0.6653,Medium,Month-to-month contract (no lock-in),Offer annual-plan incentive,Premium,Monthly,17,707.04
1125,CUST100841,0.6651,Medium,Usage dropped sharply over 3 months; Frequent support contacts; Slow support resolution; Repeated late payments,Priority callback from support lead,Standard,Monthly,32,423.43
1126,CUST104320,0.6644,Medium,Frequent support contacts; Month-to-month contract (no lock-in); New customer (tenure <= 6 months),Priority callback from support lead,Basic,Monthly,2,209.01
1127,CUST101427,0.6644,Medium,Usage dropped sharply over 3 months; Month-to-month contract (no lock-in),Send re-engagement campaign / feature tips,Basic,Monthly,23,206.13
1128,CUST100808,0.6643,Medium,Slow support resolution; Repeated late payments; Month-to-month contract (no lock-in),Priority callback from support lead,Basic,Monthly,21,194.42
1129,CUST100247,0.6638,Medium,New customer (tenure <= 6 months),Offer annual-plan incentive,Basic,Annual,5,207.73
1130,CUST104734,0.6638,Medium,Low satisfaction score; New customer (tenure <= 6 months),Priority callback from support lead,Basic,Annual,3,200.66
1131,CUST103913,0.6635,Medium,Frequent support contacts; Recent price increase; Month-to-month contract (no lock-in),Offer loyalty discount / plan review,Premium,Monthly,13,705.54
1132,CUST103746,0.6635,Medium,Month-to-month contract (no lock-in),Offer annual-plan incentive,Standard,Monthly,8,419.48
1133,CUST101366,0.6633,Medium,Frequent support contacts; Slow support resolution; Repeated late payments; Month-to-month contract (no lock-in),Priority callback from support lead,Premium,Monthly,32,722.98
1134,CUST104136,0.6628,Medium,New customer (tenure <= 6 months),Offer annual-plan incentive,Standard,Annual,5,400.78
1135,CUST104731,0.6624,Medium,Month-to-month contract (no lock-in),Offer annual-plan incentive,Basic,Monthly,20,196.11
1136,CUST100250,0.6624,Medium,Frequent support contacts; Month-to-month contract (no lock-in); New customer (tenure <= 6 months),Priority callback from support lead,Basic,Monthly,1,206.72
1137,CUST100570,0.6623,Medium,Slow support resolution; Repeated late payments; Month-to-month contract (no lock-in),Priority callback from support lead,Basic,Monthly,17,193.16
1138,CUST101614,0.6621,Medium,Frequent support contacts; Recent price increase; Month-to-month contract (no lock-in),Offer loyalty discount / plan review,Premium,Monthly,32,735.63
1139,CUST103758,0.6619,Medium,Frequent support contacts; Slow support resolution; Recent price increase,Offer loyalty discount / plan review,Standard,Annual,50,350.44
1140,CUST102934,0.6616,Medium,Month-to-month contract (no lock-in),Offer annual-plan incentive,Basic,Monthly,10,200.19
1141,CUST100369,0.6615,Medium,Low satisfaction score; Month-to-month contract (no lock-in); New customer (tenure <= 6 months),Priority callback from support lead,Standard,Monthly,5,385.34
1142,CUST101173,0.6614,Medium,Recent price increase; Month-to-month contract (no lock-in),Offer loyalty discount / plan review,Basic,Monthly,22,192.55
1143,CUST103771,0.6613,Medium,Month-to-month contract (no lock-in); New customer (tenure <= 6 months),Offer annual-plan incentive,Standard,Monthly,3,406.07
1144,CUST103537,0.6608,Medium,Month-to-month contract (no lock-in); New customer (tenure <= 6 months),Offer annual-plan incentive,Basic,Monthly,6,203.44
1145,CUST100563,0.6608,Medium,Low satisfaction score; Month-to-month contract (no lock-in),Priority callback from support lead,Basic,Monthly,28,197.51
1146,CUST104511,0.6607,Medium,Usage dropped sharply over 3 months; Month-to-month contract (no lock-in),Send re-engagement campaign / feature tips,Standard,Monthly,14,412.02
1147,CUST100384,0.6605,Medium,Slow support resolution; New customer (tenure <= 6 months),Priority callback from support lead,Standard,Annual,4,408.26
1148,CUST101530,0.6604,Medium,Frequent support contacts; Slow support resolution; Month-to-month contract (no lock-in),Priority callback from support lead,Standard,Monthly,7,403.47
1149,CUST103293,0.6604,Medium,Frequent support contacts,Priority callback from support lead,Basic,Annual,16,208.23
1150,CUST104049,0.6597,Medium,Month-to-month contract (no lock-in),Offer annual-plan incentive,Standard,Monthly,7,389.49
1151,CUST101697,0.6595,Medium,Month-to-month contract (no lock-in),Offer annual-plan incentive,Premium,Monthly,18,725.32
1152,CUST103825,0.6594,Medium,Month-to-month contract (no lock-in); New customer (tenure <= 6 months),Offer annual-plan incentive,Standard,Monthly,1,404.88
1153,CUST103534,0.6586,Medium,Frequent support contacts; Recent price increase; Month-to-month contract (no lock-in),Offer loyalty discount / plan review,Standard,Monthly,25,359.01
1154,CUST102979,0.6585,Medium,Low satisfaction score; Recent price increase; Month-to-month contract (no lock-in),Offer loyalty discount / plan review,Basic,Monthly,42,191.04
1155,CUST104019,0.6585,Medium,Slow support resolution,Priority callback from support lead,Standard,Annual,8,393.84
1156,CUST100539,0.6584,Medium,Low satisfaction score; Recent price increase; Month-to-month contract (no lock-in),Offer loyalty discount / plan review,Premium,Monthly,37,664.69
1157,CUST100619,0.6584,Medium,Month-to-month contract (no lock-in); New customer (tenure <= 6 months),Offer annual-plan incentive,Standard,Monthly,4,412.19
1158,CUST100132,0.6577,Medium,Usage dropped sharply over 3 months; Recent price increase; Month-to-month contract (no lock-in); New customer (tenure <= 6 months),Offer loyalty discount / plan review,Basic,Monthly,6,201.21
1159,CUST103142,0.6574,Medium,Usage dropped sharply over 3 months; Month-to-month contract (no lock-in),Send re-engagement campaign / feature tips,Standard,Monthly,32,432.44
1160,CUST104879,0.6573,Medium,Usage dropped sharply over 3 months; New customer (tenure <= 6 months),Send re-engagement campaign / feature tips,Standard,Annual,4,388.58
1161,CUST101305,0.6568,Medium,Usage dropped sharply over 3 months; Month-to-month contract (no lock-in),Send re-engagement campaign / feature tips,Basic,Monthly,34,219.99
1162,CUST101379,0.6565,Medium,Month-to-month contract (no lock-in); New customer (tenure <= 6 months),Offer annual-plan incentive,Premium,Monthly,2,699.65
1163,CUST101663,0.6563,Medium,Repeated late payments; New customer (tenure <= 6 months),Offer flexible payment / autopay setup,Standard,Annual,3,384.28
1164,CUST101582,0.6562,Medium,Month-to-month contract (no lock-in),Offer annual-plan incentive,Standard,Monthly,9,394.04
1165,CUST103389,0.6558,Medium,Repeated late payments; Recent price increase; New customer (tenure <= 6 months),Offer loyalty discount / plan review,Standard,Annual,2,360.57
1166,CUST100793,0.6555,Medium,Month-to-month contract (no lock-in); New customer (tenure <= 6 months),Offer annual-plan incentive,Premium,Monthly,3,680.68
1167,CUST103957,0.6552,Medium,Month-to-month contract (no lock-in); New customer (tenure <= 6 months),Offer annual-plan incentive,Basic,Monthly,4,180.03
1168,CUST100233,0.655,Medium,Month-to-month contract (no lock-in); New customer (tenure <= 6 months),Offer annual-plan incentive,Basic,Monthly,1,198.53
1169,CUST103757,0.655,Medium,Month-to-month contract (no lock-in),Offer annual-plan incentive,Standard,Monthly,32,406.78
1170,CUST101736,0.6549,Medium,Month-to-month contract (no lock-in),Offer annual-plan incentive,Standard,Monthly,23,434.66
1171,CUST102085,0.6547,Medium,Month-to-month contract (no lock-in); New customer (tenure <= 6 months),Offer annual-plan incentive,Premium,Monthly,3,620.35
1172,CUST104828,0.6545,Medium,Usage dropped sharply over 3 months; Repeated late payments; Recent price increase; Month-to-month contract (no lock-in),Offer loyalty discount / plan review,Premium,Monthly,27,724.33
1173,CUST101932,0.6544,Medium,Low satisfaction score; Repeated late payments; Month-to-month contract (no lock-in),Priority callback from support lead,Basic,Monthly,25,211.17
1174,CUST102878,0.6544,Medium,Repeated late payments; New customer (tenure <= 6 months),Offer flexible payment / autopay setup,Basic,Annual,1,196.06
1175,CUST101053,0.6542,Medium,Repeated late payments; Recent price increase; Month-to-month contract (no lock-in); New customer (tenure <= 6 months),Offer loyalty discount / plan review,Premium,Monthly,2,683.08
1176,CUST101816,0.6538,Medium,Slow support resolution; Low satisfaction score; Month-to-month contract (no lock-in),Priority callback from support lead,Standard,Monthly,35,456.12
1177,CUST104860,0.6537,Medium,Low satisfaction score; Month-to-month contract (no lock-in),Priority callback from support lead,Standard,Monthly,19,375.46
1178,CUST103288,0.6536,Medium,Frequent support contacts; Low satisfaction score,Priority callback from support lead,Standard,Annual,25,427.0
1179,CUST104456,0.6534,Medium,Low satisfaction score; Month-to-month contract (no lock-in),Priority callback from support lead,Standard,Monthly,7,430.81
1180,CUST104544,0.6533,Medium,Month-to-month contract (no lock-in),Offer annual-plan incentive,Basic,Monthly,9,192.38
1181,CUST100753,0.6532,Medium,Month-to-month contract (no lock-in),Offer annual-plan incentive,Premium,Monthly,13,736.53
1182,CUST103455,0.6529,Medium,Usage dropped sharply over 3 months; Slow support resolution; Month-to-month contract (no lock-in),Priority callback from support lead,Standard,Monthly,18,432.19
1183,CUST103415,0.6529,Medium,Usage dropped sharply over 3 months; Low satisfaction score; Month-to-month contract (no lock-in),Priority callback from support lead,Basic,Monthly,54,198.05
1184,CUST100943,0.6528,Medium,Usage dropped sharply over 3 months; Month-to-month contract (no lock-in),Send re-engagement campaign / feature tips,Basic,Monthly,44,202.35
1185,CUST104907,0.6527,Medium,Very low engagement (usage/logins); Month-to-month contract (no lock-in),Send re-engagement campaign / feature tips,Standard,Monthly,16,370.8
1186,CUST103599,0.6525,Medium,Repeated late payments; Month-to-month contract (no lock-in); New customer (tenure <= 6 months),Offer flexible payment / autopay setup,Premium,Monthly,1,693.21
1187,CUST104486,0.6521,Medium,Recent price increase; Month-to-month contract (no lock-in),Offer loyalty discount / plan review,Premium,Monthly,12,784.41
1188,CUST104892,0.652,Medium,Recent price increase; Month-to-month contract (no lock-in),Offer loyalty discount / plan review,Standard,Monthly,21,385.77
1189,CUST101242,0.652,Medium,Month-to-month contract (no lock-in); New customer (tenure <= 6 months),Offer annual-plan incentive,Standard,Monthly,2,437.62
1190,CUST101782,0.6519,Medium,Usage dropped sharply over 3 months; Low satisfaction score,Priority callback from support lead,Premium,Annual,18,672.78
1191,CUST101731,0.6511,Medium,Slow support resolution; Month-to-month contract (no lock-in); New customer (tenure <= 6 months),Priority callback from support lead,Basic,Monthly,1,205.44
1192,CUST101239,0.651,Medium,Low satisfaction score; Month-to-month contract (no lock-in); New customer (tenure <= 6 months),Priority callback from support lead,Basic,Monthly,3,205.92
1193,CUST101622,0.6508,Medium,Frequent support contacts; Low satisfaction score; Recent price increase,Offer loyalty discount / plan review,Standard,Annual,13,379.8
1194,CUST100252,0.6505,Medium,Slow support resolution; Month-to-month contract (no lock-in); New customer (tenure <= 6 months),Priority callback from support lead,Basic,Monthly,4,207.51
1195,CUST100989,0.6503,Medium,Frequent support contacts; Recent price increase; Month-to-month contract (no lock-in); New customer (tenure <= 6 months),Offer loyalty discount / plan review,Premium,Monthly,1,678.18
1196,CUST102628,0.6502,Medium,Recent price increase; Month-to-month contract (no lock-in),Offer loyalty discount / plan review,Basic,Monthly,31,203.94
1197,CUST101645,0.6501,Medium,Low satisfaction score; Month-to-month contract (no lock-in),Priority callback from support lead,Basic,Monthly,8,201.35
1198,CUST101038,0.6498,Medium,Low satisfaction score; Recent price increase; Month-to-month contract (no lock-in),Offer loyalty discount / plan review,Premium,Monthly,14,737.91
1199,CUST103944,0.6498,Medium,Low satisfaction score; Repeated late payments,Priority callback from support lead,Standard,Annual,18,392.06
1200,CUST104125,0.6497,Medium,Low satisfaction score; Month-to-month contract (no lock-in),Priority callback from support lead,Basic,Monthly,10,176.04
1201,CUST103558,0.6497,Medium,Frequent support contacts; Recent price increase; Month-to-month contract (no lock-in),Offer loyalty discount / plan review,Standard,Monthly,14,395.57
1202,CUST100447,0.6495,Medium,Repeated late payments,Offer flexible payment / autopay setup,Basic,Annual,14,191.95
1203,CUST101539,0.6494,Medium,Slow support resolution; Low satisfaction score; Recent price increase; Month-to-month contract (no lock-in),Offer loyalty discount / plan review,Basic,Monthly,10,203.18
1204,CUST103290,0.6492,Medium,Frequent support contacts; Month-to-month contract (no lock-in),Priority callback from support lead,Standard,Monthly,19,401.55
1205,CUST104640,0.6489,Medium,Slow support resolution; New customer (tenure <= 6 months),Priority callback from support lead,Standard,Annual,1,428.6
1206,CUST101568,0.6487,Medium,Slow support resolution; Repeated late payments; Month-to-month contract (no lock-in); New customer (tenure <= 6 months),Priority callback from support lead,Standard,Monthly,3,397.86
1207,CUST102468,0.6485,Medium,Repeated late payments; Recent price increase; Month-to-month contract (no lock-in),Offer loyalty discount / plan review,Basic,Monthly,9,182.54
1208,CUST102836,0.6485,Medium,Slow support resolution; Month-to-month contract (no lock-in),Priority callback from support lead,Premium,Monthly,15,701.16
1209,CUST102867,0.6485,Medium,Month-to-month contract (no lock-in); New customer (tenure <= 6 months),Offer annual-plan incentive,Standard,Monthly,2,327.23
1210,CUST101117,0.6484,Medium,Usage dropped sharply over 3 months; Frequent support contacts; Slow support resolution; Month-to-month contract (no lock-in),Priority callback from support lead,Basic,Monthly,9,196.42
1211,CUST100005,0.6481,Medium,Repeated late payments; Month-to-month contract (no lock-in),Offer flexible payment / autopay setup,Premium,Monthly,7,736.18
1212,CUST100525,0.6477,Medium,Usage dropped sharply over 3 months; New customer (tenure <= 6 months),Send re-engagement campaign / feature tips,Standard,Annual,6,397.08
1213,CUST104953,0.6476,Medium,Month-to-month contract (no lock-in); New customer (tenure <= 6 months),Offer annual-plan incentive,Basic,Monthly,2,200.15
1214,CUST101455,0.6476,Medium,Low satisfaction score; Month-to-month contract (no lock-in); New customer (tenure <= 6 months),Priority callback from support lead,Basic,Monthly,4,212.82
1215,CUST102503,0.6475,Medium,Month-to-month contract (no lock-in); New customer (tenure <= 6 months),Offer annual-plan incentive,Premium,Monthly,1,706.48
1216,CUST101493,0.6474,Medium,Slow support resolution; Low satisfaction score; Month-to-month contract (no lock-in),Priority callback from support lead,Basic,Monthly,25,201.33
1217,CUST102579,0.6473,Medium,Frequent support contacts; Low satisfaction score; Month-to-month contract (no lock-in),Priority callback from support lead,Standard,Monthly,10,412.88
1218,CUST103478,0.6469,Medium,Month-to-month contract (no lock-in),Offer annual-plan incentive,Basic,Monthly,12,198.88
1219,CUST101100,0.6468,Medium,Month-to-month contract (no lock-in); New customer (tenure <= 6 months),Offer annual-plan incentive,Standard,Monthly,3,396.46
1220,CUST102789,0.6463,Medium,Usage dropped sharply over 3 months; Month-to-month contract (no lock-in),Send re-engagement campaign / feature tips,Standard,Monthly,17,444.77
1221,CUST102422,0.6462,Medium,Usage dropped sharply over 3 months; Month-to-month contract (no lock-in); New customer (tenure <= 6 months),Send re-engagement campaign / feature tips,Basic,Monthly,5,199.82
1222,CUST103837,0.6455,Medium,Frequent support contacts; Month-to-month contract (no lock-in),Priority callback from support lead,Standard,Monthly,11,373.49
1223,CUST104007,0.6451,Medium,Repeated late payments; Month-to-month contract (no lock-in),Offer flexible payment / autopay setup,Basic,Monthly,15,224.13
1224,CUST103508,0.6451,Medium,Frequent support contacts; Slow support resolution; Repeated late payments; Month-to-month contract (no lock-in),Priority callback from support lead,Premium,Monthly,6,614.73
1225,CUST100636,0.6451,Medium,Slow support resolution; Low satisfaction score; Month-to-month contract (no lock-in); New customer (tenure <= 6 months),Priority callback from support lead,Basic,Monthly,2,195.35
1226,CUST100964,0.6449,Medium,Low satisfaction score; Month-to-month contract (no lock-in),Priority callback from support lead,Standard,Monthly,21,407.7
1227,CUST100777,0.6447,Medium,Month-to-month contract (no lock-in),Offer annual-plan incentive,Basic,Monthly,11,197.66
1228,CUST101142,0.6441,Medium,Month-to-month contract (no lock-in); New customer (tenure <= 6 months),Offer annual-plan incentive,Basic,Monthly,1,194.64
1229,CUST102765,0.644,Medium,Slow support resolution; Low satisfaction score; Month-to-month contract (no lock-in),Priority callback from support lead,Premium,Monthly,21,657.69
1230,CUST104173,0.644,Medium,Month-to-month contract (no lock-in),Offer annual-plan incentive,Basic,Monthly,21,192.58
1231,CUST103999,0.6439,Medium,Month-to-month contract (no lock-in),Offer annual-plan incentive,Basic,Monthly,11,186.11
1232,CUST101796,0.6438,Medium,Slow support resolution; Month-to-month contract (no lock-in); New customer (tenure <= 6 months),Priority callback from support lead,Basic,Monthly,5,197.53
1233,CUST101876,0.6437,Medium,Recent price increase; Month-to-month contract (no lock-in); New customer (tenure <= 6 months),Offer loyalty discount / plan review,Standard,Monthly,3,352.18
1234,CUST101922,0.643,Medium,Month-to-month contract (no lock-in); New customer (tenure <= 6 months),Offer annual-plan incentive,Basic,Monthly,5,194.27
1235,CUST104865,0.6429,Medium,Usage dropped sharply over 3 months; Month-to-month contract (no lock-in),Send re-engagement campaign / feature tips,Standard,Monthly,24,403.82
1236,CUST101279,0.6428,Medium,Low satisfaction score; Month-to-month contract (no lock-in),Priority callback from support lead,Premium,Monthly,20,688.04
1237,CUST102511,0.6427,Medium,Month-to-month contract (no lock-in),Offer annual-plan incentive,Basic,Monthly,36,189.89
1238,CUST102132,0.6424,Medium,Low satisfaction score,Priority callback from support lead,Basic,Annual,15,195.66
1239,CUST103014,0.6424,Medium,Frequent support contacts; Low satisfaction score; Month-to-month contract (no lock-in),Priority callback from support lead,Basic,Monthly,26,205.4
1240,CUST102258,0.6418,Medium,Low satisfaction score; Recent price increase; Month-to-month contract (no lock-in); New customer (tenure <= 6 months),Offer loyalty discount / plan review,Standard,Monthly,1,394.12
1241,CUST102208,0.6414,Medium,Month-to-month contract (no lock-in),Offer annual-plan incentive,Basic,Monthly,15,201.8
1242,CUST100169,0.6411,Medium,Low satisfaction score,Priority callback from support lead,Standard,Annual,13,368.03
1243,CUST100595,0.6404,Medium,Month-to-month contract (no lock-in),Offer annual-plan incentive,Basic,Monthly,32,211.12
1244,CUST103889,0.64,Medium,Usage dropped sharply over 3 months; Low satisfaction score; New customer (tenure <= 6 months),Priority callback from support lead,Basic,Annual,1,200.55
1245,CUST104429,0.6399,Medium,Frequent support contacts; Month-to-month contract (no lock-in),Priority callback from support lead,Standard,Monthly,20,404.84
1246,CUST102689,0.6398,Medium,Frequent support contacts; Low satisfaction score,Priority callback from support lead,Premium,Annual,43,678.53
1247,CUST102110,0.6397,Medium,Very low engagement (usage/logins); Month-to-month contract (no lock-in); New customer (tenure <= 6 months),Send re-engagement campaign / feature tips,Premium,Monthly,1,732.51
1248,CUST104919,0.6395,Medium,Month-to-month contract (no lock-in); New customer (tenure <= 6 months),Offer annual-plan incentive,Premium,Monthly,5,700.63
1249,CUST102914,0.6394,Medium,Usage dropped sharply over 3 months; Month-to-month contract (no lock-in),Send re-engagement campaign / feature tips,Basic,Monthly,11,201.42
1250,CUST103700,0.6393,Medium,Recent price increase; Month-to-month contract (no lock-in),Offer loyalty discount / plan review,Standard,Monthly,19,413.96
1251,CUST100869,0.6388,Medium,Slow support resolution; Month-to-month contract (no lock-in); New customer (tenure <= 6 months),Priority callback from support lead,Basic,Monthly,1,186.96
1252,CUST100922,0.6388,Medium,Low satisfaction score; Month-to-month contract (no lock-in),Priority callback from support lead,Basic,Monthly,12,206.68
1253,CUST100679,0.6386,Medium,Low satisfaction score; Month-to-month contract (no lock-in),Priority callback from support lead,Standard,Monthly,22,385.49
1254,CUST100972,0.6386,Medium,Usage dropped sharply over 3 months; New customer (tenure <= 6 months),Send re-engagement campaign / feature tips,Basic,Annual,2,197.52
1255,CUST101724,0.6385,Medium,Usage dropped sharply over 3 months,Send re-engagement campaign / feature tips,Basic,Annual,14,203.54
1256,CUST103193,0.6385,Medium,General elevated risk - manual review,Offer annual-plan incentive,Basic,Annual,17,196.07
1257,CUST101419,0.6382,Medium,Usage dropped sharply over 3 months; Repeated late payments; Recent price increase,Offer loyalty discount / plan review,Premium,Annual,12,685.97
1258,CUST103281,0.638,Medium,Month-to-month contract (no lock-in); New customer (tenure <= 6 months),Offer annual-plan incentive,Basic,Monthly,6,205.32
1259,CUST101202,0.6379,Medium,Repeated late payments; Recent price increase; Month-to-month contract (no lock-in); New customer (tenure <= 6 months),Offer loyalty discount / plan review,Standard,Monthly,1,437.85
1260,CUST101276,0.6377,Medium,Slow support resolution; Month-to-month contract (no lock-in),Priority callback from support lead,Standard,Monthly,8,389.86
1261,CUST104174,0.6373,Medium,Frequent support contacts; Month-to-month contract (no lock-in); New customer (tenure <= 6 months),Priority callback from support lead,Basic,Monthly,6,199.48
1262,CUST103911,0.6373,Medium,Low satisfaction score; Recent price increase,Offer loyalty discount / plan review,Standard,Annual,22,416.44
1263,CUST102671,0.6372,Medium,Repeated late payments; Month-to-month contract (no lock-in); New customer (tenure <= 6 months),Offer flexible payment / autopay setup,Basic,Monthly,5,199.45
1264,CUST103619,0.6372,Medium,Low satisfaction score,Priority callback from support lead,Standard,Annual,7,413.52
1265,CUST102033,0.6369,Medium,Month-to-month contract (no lock-in); New customer (tenure <= 6 months),Offer annual-plan incentive,Premium,Monthly,4,690.59
1266,CUST104965,0.6368,Medium,Low satisfaction score; Month-to-month contract (no lock-in); New customer (tenure <= 6 months),Priority callback from support lead,Premium,Monthly,3,748.58
1267,CUST104208,0.6368,Medium,Month-to-month contract (no lock-in); New customer (tenure <= 6 months),Offer annual-plan incentive,Premium,Monthly,2,699.94
1268,CUST101960,0.6366,Medium,Slow support resolution; Low satisfaction score; Month-to-month contract (no lock-in),Priority callback from support lead,Basic,Monthly,21,191.34
1269,CUST103227,0.6365,Medium,Month-to-month contract (no lock-in),Offer annual-plan incentive,Basic,Monthly,9,196.64
1270,CUST104902,0.6364,Medium,Usage dropped sharply over 3 months; Month-to-month contract (no lock-in); New customer (tenure <= 6 months),Send re-engagement campaign / feature tips,Basic,Monthly,4,208.28
1271,CUST101006,0.6364,Medium,Recent price increase; Month-to-month contract (no lock-in),Offer loyalty discount / plan review,Basic,Monthly,15,191.58
1272,CUST100262,0.6363,Medium,Frequent support contacts; Recent price increase,Offer loyalty discount / plan review,Premium,Annual,13,618.95
1273,CUST101064,0.6362,Medium,Month-to-month contract (no lock-in),Offer annual-plan incentive,Basic,Monthly,15,208.02
1274,CUST101189,0.6361,Medium,Slow support resolution; New customer (tenure <= 6 months),Priority callback from support lead,Standard,Annual,4,419.9
1275,CUST104487,0.636,Medium,Month-to-month contract (no lock-in),Offer annual-plan incentive,Basic,Monthly,15,177.39
1276,CUST100294,0.6359,Medium,Slow support resolution,Priority callback from support lead,Basic,Annual,7,194.82
1277,CUST102857,0.6359,Medium,Month-to-month contract (no lock-in); New customer (tenure <= 6 months),Offer annual-plan incentive,Premium,Monthly,1,725.92
1278,CUST104566,0.635,Medium,Usage dropped sharply over 3 months; Month-to-month contract (no lock-in); New customer (tenure <= 6 months),Send re-engagement campaign / feature tips,Basic,Monthly,4,196.68
1279,CUST102300,0.6348,Medium,Usage dropped sharply over 3 months; Frequent support contacts; Month-to-month contract (no lock-in),Priority callback from support lead,Standard,Monthly,8,399.59
1280,CUST104006,0.6347,Medium,Low satisfaction score; Repeated late payments; Month-to-month contract (no lock-in),Priority callback from support lead,Basic,Monthly,11,196.33
1281,CUST101210,0.6346,Medium,Low satisfaction score; Month-to-month contract (no lock-in); New customer (tenure <= 6 months),Priority callback from support lead,Standard,Monthly,3,405.09
1282,CUST103532,0.6345,Medium,Low satisfaction score; Month-to-month contract (no lock-in),Priority callback from support lead,Basic,Monthly,25,204.66
1283,CUST100200,0.6345,Medium,Frequent support contacts; Slow support resolution,Priority callback from support lead,Standard,Annual,8,378.59
1284,CUST100189,0.6344,Medium,Month-to-month contract (no lock-in),Offer annual-plan incentive,Standard,Monthly,9,388.34
1285,CUST103689,0.6344,Medium,Usage dropped sharply over 3 months; Slow support resolution; Month-to-month contract (no lock-in),Priority callback from support lead,Standard,Monthly,23,383.47
1286,CUST102482,0.6339,Medium,Frequent support contacts; Repeated late payments; Month-to-month contract (no lock-in),Priority callback from support lead,Basic,Monthly,13,208.03
1287,CUST100422,0.6339,Medium,Recent price increase; New customer (tenure <= 6 months),Offer loyalty discount / plan review,Standard,Annual,1,386.33
1288,CUST100425,0.6338,Medium,Month-to-month contract (no lock-in); New customer (tenure <= 6 months),Offer annual-plan incentive,Standard,Monthly,2,383.03
1289,CUST104779,0.6335,Medium,Slow support resolution; Recent price increase; Month-to-month contract (no lock-in),Offer loyalty discount / plan review,Basic,Monthly,21,211.58
1290,CUST100775,0.6333,Medium,Frequent support contacts; Slow support resolution; Recent price increase; Month-to-month contract (no lock-in),Offer loyalty discount / plan review,Basic,Monthly,7,215.2
1291,CUST102779,0.6328,Medium,Frequent support contacts; Month-to-month contract (no lock-in); New customer (tenure <= 6 months),Priority callback from support lead,Standard,Monthly,2,430.17
1292,CUST100715,0.6328,Medium,Slow support resolution,Priority callback from support lead,Basic,Annual,8,185.18
1293,CUST100703,0.6325,Medium,Low satisfaction score; Month-to-month contract (no lock-in); New customer (tenure <= 6 months),Priority callback from support lead,Basic,Monthly,2,190.18
1294,CUST101818,0.6323,Medium,Month-to-month contract (no lock-in); New customer (tenure <= 6 months),Offer annual-plan incentive,Basic,Monthly,3,205.47
1295,CUST103474,0.632,Medium,Frequent support contacts; Month-to-month contract (no lock-in),Priority callback from support lead,Basic,Monthly,11,198.67
1296,CUST102705,0.6318,Medium,Month-to-month contract (no lock-in); New customer (tenure <= 6 months),Offer annual-plan incentive,Basic,Monthly,5,204.56
1297,CUST100967,0.6315,Medium,Low satisfaction score,Priority callback from support lead,Standard,Annual,25,411.35
1298,CUST102091,0.6312,Medium,Usage dropped sharply over 3 months; Repeated late payments; Recent price increase; Month-to-month contract (no lock-in),Offer loyalty discount / plan review,Standard,Monthly,49,394.54
1299,CUST100898,0.6309,Medium,Frequent support contacts; Low satisfaction score; Month-to-month contract (no lock-in); New customer (tenure <= 6 months),Priority callback from support lead,Premium,Monthly,2,708.08
1300,CUST102763,0.6301,Medium,Usage dropped sharply over 3 months; Low satisfaction score; Repeated late payments; Month-to-month contract (no lock-in),Priority callback from support lead,Basic,Monthly,13,191.75
1301,CUST100156,0.6298,Medium,Month-to-month contract (no lock-in); New customer (tenure <= 6 months),Offer annual-plan incentive,Standard,Monthly,5,433.88
1302,CUST102347,0.6298,Medium,Frequent support contacts; Month-to-month contract (no lock-in),Priority callback from support lead,Standard,Monthly,28,421.3
1303,CUST102172,0.6297,Medium,Usage dropped sharply over 3 months; Month-to-month contract (no lock-in),Send re-engagement campaign / feature tips,Basic,Monthly,12,207.32
1304,CUST100450,0.6297,Medium,Month-to-month contract (no lock-in),Offer annual-plan incentive,Premium,Monthly,36,686.13
1305,CUST101358,0.6292,Medium,Slow support resolution; Repeated late payments; Month-to-month contract (no lock-in),Priority callback from support lead,Basic,Monthly,33,194.74
1306,CUST103865,0.6291,Medium,Usage dropped sharply over 3 months; Recent price increase; New customer (tenure <= 6 months),Offer loyalty discount / plan review,Basic,Annual,1,205.01
1307,CUST100078,0.629,Medium,Slow support resolution; Low satisfaction score,Priority callback from support lead,Standard,Annual,13,380.89
1308,CUST100251,0.6289,Medium,Very low engagement (usage/logins); Recent price increase; Month-to-month contract (no lock-in),Offer loyalty discount / plan review,Premium,Monthly,61,688.68
1309,CUST104478,0.6287,Medium,Month-to-month contract (no lock-in),Offer annual-plan incentive,Standard,Monthly,9,358.53
1310,CUST102821,0.6286,Medium,Month-to-month contract (no lock-in),Offer annual-plan incentive,Basic,Monthly,10,212.01
1311,CUST100046,0.6284,Medium,Frequent support contacts; Low satisfaction score; Repeated late payments; Month-to-month contract (no lock-in),Priority callback from support lead,Standard,Monthly,26,385.0
1312,CUST100602,0.6278,Medium,Month-to-month contract (no lock-in); New customer (tenure <= 6 months),Offer annual-plan incentive,Standard,Monthly,5,405.43
1313,CUST104062,0.6277,Medium,Usage dropped sharply over 3 months; Low satisfaction score; New customer (tenure <= 6 months),Priority callback from support lead,Standard,Annual,5,431.04
1314,CUST101758,0.6276,Medium,Frequent support contacts; Low satisfaction score; Recent price increase,Offer loyalty discount / plan review,Standard,Annual,39,383.18
1315,CUST101500,0.6272,Medium,Frequent support contacts; Month-to-month contract (no lock-in),Priority callback from support lead,Standard,Monthly,30,411.64
1316,CUST101393,0.6271,Medium,Low satisfaction score; Month-to-month contract (no lock-in); New customer (tenure <= 6 months),Priority callback from support lead,Basic,Monthly,5,213.47
1317,CUST103425,0.6268,Medium,Month-to-month contract (no lock-in); New customer (tenure <= 6 months),Offer annual-plan incentive,Basic,Monthly,1,220.54
1318,CUST104639,0.6267,Medium,Slow support resolution; Month-to-month contract (no lock-in); New customer (tenure <= 6 months),Priority callback from support lead,Standard,Monthly,6,412.42
1319,CUST103232,0.6267,Medium,Low satisfaction score; Month-to-month contract (no lock-in); New customer (tenure <= 6 months),Priority callback from support lead,Basic,Monthly,1,199.78
1320,CUST101639,0.6266,Medium,Month-to-month contract (no lock-in),Offer annual-plan incentive,Premium,Monthly,37,753.43
1321,CUST101522,0.6265,Medium,Usage dropped sharply over 3 months; Low satisfaction score; Month-to-month contract (no lock-in),Priority callback from support lead,Standard,Monthly,7,412.83
1322,CUST100774,0.6265,Medium,Month-to-month contract (no lock-in); New customer (tenure <= 6 months),Offer annual-plan incentive,Premium,Monthly,3,731.58
1323,CUST103765,0.6264,Medium,Month-to-month contract (no lock-in),Offer annual-plan incentive,Standard,Monthly,17,411.11
1324,CUST100586,0.6264,Medium,Recent price increase; Month-to-month contract (no lock-in),Offer loyalty discount / plan review,Premium,Monthly,19,711.76
1325,CUST104319,0.6262,Medium,Usage dropped sharply over 3 months; Very low engagement (usage/logins); Month-to-month contract (no lock-in),Send re-engagement campaign / feature tips,Basic,Monthly,18,203.5
1326,CUST101405,0.6262,Medium,Month-to-month contract (no lock-in); New customer (tenure <= 6 months),Offer annual-plan incentive,Basic,Monthly,1,211.9
1327,CUST103762,0.6258,Medium,Month-to-month contract (no lock-in),Offer annual-plan incentive,Standard,Monthly,9,397.13
1328,CUST100756,0.6256,Medium,Low satisfaction score; New customer (tenure <= 6 months),Priority callback from support lead,Premium,Annual,6,705.67
1329,CUST104030,0.6254,Medium,Repeated late payments; Month-to-month contract (no lock-in),Offer flexible payment / autopay setup,Premium,Monthly,19,685.45
1330,CUST100564,0.6252,Medium,Month-to-month contract (no lock-in); New customer (tenure <= 6 months),Offer annual-plan incentive,Basic,Monthly,3,175.07
1331,CUST104271,0.6251,Medium,Low satisfaction score; Month-to-month contract (no lock-in); New customer (tenure <= 6 months),Priority callback from support lead,Standard,Monthly,1,410.75
1332,CUST103275,0.6248,Medium,Low satisfaction score; Month-to-month contract (no lock-in),Priority callback from support lead,Standard,Monthly,10,416.71
1333,CUST102080,0.6245,Medium,Frequent support contacts; Low satisfaction score; New customer (tenure <= 6 months),Priority callback from support lead,Basic,Annual,3,197.03
1334,CUST101080,0.6245,Medium,Usage dropped sharply over 3 months; Month-to-month contract (no lock-in),Send re-engagement campaign / feature tips,Standard,Monthly,26,389.39
1335,CUST102524,0.6241,Medium,General elevated risk - manual review,Offer annual-plan incentive,Basic,Annual,7,225.89
1336,CUST102218,0.624,Medium,Frequent support contacts; Month-to-month contract (no lock-in),Priority callback from support lead,Basic,Monthly,43,201.4
1337,CUST103109,0.624,Medium,Month-to-month contract (no lock-in),Offer annual-plan incentive,Basic,Monthly,8,193.52
1338,CUST104284,0.6239,Medium,Low satisfaction score; Month-to-month contract (no lock-in); New customer (tenure <= 6 months),Priority callback from support lead,Premium,Monthly,6,765.01
1339,CUST104894,0.6239,Medium,Month-to-month contract (no lock-in); New customer (tenure <= 6 months),Offer annual-plan incentive,Basic,Monthly,5,185.93
1340,CUST104402,0.6238,Medium,Usage dropped sharply over 3 months; Repeated late payments,Send re-engagement campaign / feature tips,Standard,Annual,11,437.33
1341,CUST100638,0.6237,Medium,Repeated late payments; Month-to-month contract (no lock-in),Offer flexible payment / autopay setup,Basic,Monthly,7,195.98
1342,CUST103022,0.6237,Medium,Low satisfaction score; Recent price increase; Month-to-month contract (no lock-in),Offer loyalty discount / plan review,Basic,Monthly,11,220.22
1343,CUST104259,0.6237,Medium,Frequent support contacts; Slow support resolution; Month-to-month contract (no lock-in); New customer (tenure <= 6 months),Priority callback from support lead,Basic,Monthly,5,180.6
1344,CUST103468,0.6237,Medium,Month-to-month contract (no lock-in),Offer annual-plan incentive,Basic,Monthly,17,208.95
1345,CUST103566,0.6234,Medium,Month-to-month contract (no lock-in),Offer annual-plan incentive,Standard,Monthly,14,376.88
1346,CUST100505,0.6233,Medium,Month-to-month contract (no lock-in); New customer (tenure <= 6 months),Offer annual-plan incentive,Standard,Monthly,3,401.15
1347,CUST100992,0.6233,Medium,Usage dropped sharply over 3 months; Month-to-month contract (no lock-in),Send re-engagement campaign / feature tips,Premium,Monthly,14,659.21
1348,CUST101367,0.6226,Medium,Repeated late payments; Month-to-month contract (no lock-in),Offer flexible payment / autopay setup,Standard,Monthly,28,413.92
1349,CUST104873,0.6224,Medium,Usage dropped sharply over 3 months; Month-to-month contract (no lock-in),Send re-engagement campaign / feature tips,Premium,Monthly,12,659.6
1350,CUST101280,0.6221,Medium,Month-to-month contract (no lock-in); New customer (tenure <= 6 months),Offer annual-plan incentive,Basic,Monthly,4,210.8
1351,CUST101362,0.622,Medium,Usage dropped sharply over 3 months; Month-to-month contract (no lock-in),Send re-engagement campaign / feature tips,Basic,Monthly,7,197.13
1352,CUST102169,0.622,Medium,Usage dropped sharply over 3 months; Very low engagement (usage/logins); Month-to-month contract (no lock-in),Send re-engagement campaign / feature tips,Standard,Monthly,10,378.14
1353,CUST100871,0.6217,Medium,Month-to-month contract (no lock-in),Offer annual-plan incentive,Basic,Monthly,8,203.31
1354,CUST103764,0.6209,Medium,Month-to-month contract (no lock-in),Offer annual-plan incentive,Standard,Monthly,7,411.2
1355,CUST103571,0.6207,Medium,Slow support resolution; Repeated late payments; Recent price increase; Month-to-month contract (no lock-in),Offer loyalty discount / plan review,Standard,Monthly,14,412.2
1356,CUST104175,0.6206,Medium,Month-to-month contract (no lock-in); New customer (tenure <= 6 months),Offer annual-plan incentive,Basic,Monthly,3,189.68
1357,CUST103169,0.6205,Medium,Low satisfaction score; Month-to-month contract (no lock-in),Priority callback from support lead,Standard,Monthly,13,399.19
1358,CUST101785,0.6205,Medium,Repeated late payments; Month-to-month contract (no lock-in),Offer flexible payment / autopay setup,Basic,Monthly,17,179.69
1359,CUST100727,0.62,Medium,Repeated late payments; Month-to-month contract (no lock-in),Offer flexible payment / autopay setup,Premium,Monthly,24,679.67
1360,CUST102397,0.6198,Medium,Month-to-month contract (no lock-in); New customer (tenure <= 6 months),Offer annual-plan incentive,Basic,Monthly,2,194.14
1361,CUST104904,0.6194,Medium,Month-to-month contract (no lock-in),Offer annual-plan incentive,Basic,Monthly,8,202.07
1362,CUST103234,0.6193,Medium,Frequent support contacts; Month-to-month contract (no lock-in),Priority callback from support lead,Basic,Monthly,31,181.06
1363,CUST100174,0.6189,Medium,Month-to-month contract (no lock-in),Offer annual-plan incentive,Basic,Monthly,7,176.7
1364,CUST103397,0.6189,Medium,Repeated late payments; Month-to-month contract (no lock-in); New customer (tenure <= 6 months),Offer flexible payment / autopay setup,Standard,Monthly,1,427.83
1365,CUST101855,0.6187,Medium,Repeated late payments; Recent price increase; Month-to-month contract (no lock-in),Offer loyalty discount / plan review,Basic,Monthly,12,182.85
1366,CUST104714,0.6186,Medium,Usage dropped sharply over 3 months; New customer (tenure <= 6 months),Send re-engagement campaign / feature tips,Standard,Annual,5,411.45
1367,CUST100551,0.6183,Medium,Usage dropped sharply over 3 months; Frequent support contacts,Priority callback from support lead,Standard,Annual,31,412.34
1368,CUST102761,0.6183,Medium,Low satisfaction score; Recent price increase; Month-to-month contract (no lock-in),Offer loyalty discount / plan review,Standard,Monthly,23,425.62
1369,CUST103408,0.6182,Medium,Month-to-month contract (no lock-in),Offer annual-plan incentive,Basic,Monthly,13,198.49
1370,CUST103414,0.6181,Medium,Usage dropped sharply over 3 months; Low satisfaction score,Priority callback from support lead,Basic,Annual,13,199.67
1371,CUST102143,0.6181,Medium,Usage dropped sharply over 3 months; Repeated late payments; Recent price increase; New customer (tenure <= 6 months),Offer loyalty discount / plan review,Standard,Annual,6,394.98
1372,CUST104619,0.6181,Medium,Month-to-month contract (no lock-in),Offer annual-plan incentive,Basic,Monthly,9,198.37
1373,CUST103935,0.6179,Medium,Very low engagement (usage/logins); Month-to-month contract (no lock-in),Send re-engagement campaign / feature tips,Standard,Monthly,15,379.27
1374,CUST102376,0.6179,Medium,Frequent support contacts,Priority callback from support lead,Standard,Annual,8,378.31
1375,CUST100218,0.6174,Medium,Month-to-month contract (no lock-in),Offer annual-plan incentive,Standard,Monthly,16,396.8
1376,CUST103265,0.6173,Medium,Slow support resolution; New customer (tenure <= 6 months),Priority callback from support lead,Premium,Annual,1,745.46
1377,CUST102375,0.6164,Medium,Low satisfaction score; Month-to-month contract (no lock-in),Priority callback from support lead,Premium,Monthly,7,681.07
1378,CUST102978,0.6161,Medium,Month-to-month contract (no lock-in),Offer annual-plan incentive,Basic,Monthly,12,198.14
1379,CUST100290,0.6158,Medium,Month-to-month contract (no lock-in),Offer annual-plan incentive,Standard,Monthly,11,415.28
1380,CUST103829,0.6158,Medium,Low satisfaction score; Month-to-month contract (no lock-in),Priority callback from support lead,Premium,Monthly,38,710.17
1381,CUST103128,0.6154,Medium,Usage dropped sharply over 3 months; Slow support resolution; Low satisfaction score; Recent price increase,Offer loyalty discount / plan review,Basic,Annual,2,198.9
1382,CUST103259,0.6154,Medium,Slow support resolution; Month-to-month contract (no lock-in),Priority callback from support lead,Basic,Monthly,8,202.13
1383,CUST102181,0.6153,Medium,Low satisfaction score; Repeated late payments; Month-to-month contract (no lock-in),Priority callback from support lead,Standard,Monthly,47,356.86
1384,CUST104692,0.6152,Medium,Low satisfaction score; Repeated late payments; Recent price increase; Month-to-month contract (no lock-in),Offer loyalty discount / plan review,Basic,Monthly,12,183.48
1385,CUST103211,0.615,Medium,Slow support resolution; Low satisfaction score,Priority callback from support lead,Basic,Annual,19,199.26
1386,CUST104106,0.615,Medium,Usage dropped sharply over 3 months; Month-to-month contract (no lock-in); New customer (tenure <= 6 months),Send re-engagement campaign / feature tips,Basic,Monthly,3,197.27
1387,CUST101994,0.6149,Medium,Month-to-month contract (no lock-in); New customer (tenure <= 6 months),Offer annual-plan incentive,Premium,Monthly,4,696.39
1388,CUST100705,0.6149,Medium,Low satisfaction score; New customer (tenure <= 6 months),Priority callback from support lead,Basic,Annual,2,227.92
1389,CUST100452,0.6148,Medium,New customer (tenure <= 6 months),Offer annual-plan incentive,Standard,Annual,3,411.64
1390,CUST102805,0.6144,Medium,Month-to-month contract (no lock-in),Offer annual-plan incentive,Basic,Monthly,15,210.86
1391,CUST104950,0.6142,Medium,Repeated late payments; Month-to-month contract (no lock-in),Offer flexible payment / autopay setup,Premium,Monthly,23,697.95
1392,CUST101042,0.6142,Medium,Month-to-month contract (no lock-in),Offer annual-plan incentive,Basic,Monthly,17,201.73
1393,CUST104313,0.6139,Medium,Month-to-month contract (no lock-in); New customer (tenure <= 6 months),Offer annual-plan incentive,Premium,Monthly,1,712.4
1394,CUST101587,0.6137,Medium,Usage dropped sharply over 3 months; Month-to-month contract (no lock-in); New customer (tenure <= 6 months),Send re-engagement campaign / feature tips,Standard,Monthly,4,393.81
1395,CUST104496,0.6133,Medium,Low satisfaction score; Repeated late payments; Month-to-month contract (no lock-in),Priority callback from support lead,Basic,Monthly,16,211.73
1396,CUST102314,0.6133,Medium,Month-to-month contract (no lock-in),Offer annual-plan incentive,Premium,Monthly,9,663.46
1397,CUST100571,0.6132,Medium,Slow support resolution; Month-to-month contract (no lock-in),Priority callback from support lead,Basic,Monthly,28,214.53
1398,CUST103370,0.6132,Medium,Month-to-month contract (no lock-in); New customer (tenure <= 6 months),Offer annual-plan incentive,Premium,Monthly,6,694.95
1399,CUST101552,0.613,Medium,Low satisfaction score; Month-to-month contract (no lock-in),Priority callback from support lead,Basic,Monthly,72,203.51
1400,CUST101686,0.6128,Medium,Frequent support contacts; Recent price increase; Month-to-month contract (no lock-in),Offer loyalty discount / plan review,Basic,Monthly,8,191.95
1401,CUST104277,0.6126,Medium,Slow support resolution; Repeated late payments; New customer (tenure <= 6 months),Priority callback from support lead,Premium,Annual,6,703.15
1402,CUST104426,0.6122,Medium,Month-to-month contract (no lock-in),Offer annual-plan incentive,Standard,Monthly,13,401.55
1403,CUST101327,0.6121,Medium,Very low engagement (usage/logins); Slow support resolution; Low satisfaction score,Priority callback from support lead,Basic,Annual,27,214.18
1404,CUST100884,0.6119,Medium,Usage dropped sharply over 3 months; Slow support resolution; Month-to-month contract (no lock-in),Priority callback from support lead,Premium,Monthly,27,699.86
1405,CUST103410,0.6116,Medium,Low satisfaction score,Priority callback from support lead,Premium,Annual,9,710.85
1406,CUST101330,0.6111,Medium,Month-to-month contract (no lock-in),Offer annual-plan incentive,Standard,Monthly,7,404.53
1407,CUST101576,0.6111,Medium,Low satisfaction score; Month-to-month contract (no lock-in),Priority callback from support lead,Basic,Monthly,24,198.49
1408,CUST101992,0.611,Medium,Month-to-month contract (no lock-in); New customer (tenure <= 6 months),Offer annual-plan incentive,Standard,Monthly,1,378.96
1409,CUST103727,0.611,Medium,Month-to-month contract (no lock-in),Offer annual-plan incentive,Premium,Monthly,10,751.86
1410,CUST100072,0.6109,Medium,Month-to-month contract (no lock-in),Offer annual-plan incentive,Basic,Monthly,10,199.14
1411,CUST104994,0.6107,Medium,Month-to-month contract (no lock-in); New customer (tenure <= 6 months),Offer annual-plan incentive,Basic,Monthly,6,214.53
1412,CUST100309,0.6103,Medium,Repeated late payments; Recent price increase; Month-to-month contract (no lock-in),Offer loyalty discount / plan review,Standard,Monthly,21,384.7
1413,CUST100342,0.6102,Medium,Repeated late payments; Month-to-month contract (no lock-in),Offer flexible payment / autopay setup,Basic,Monthly,7,182.69
1414,CUST101113,0.6097,Medium,Month-to-month contract (no lock-in); New customer (tenure <= 6 months),Offer annual-plan incentive,Premium,Monthly,4,648.36
1415,CUST101741,0.6096,Medium,Month-to-month contract (no lock-in),Offer annual-plan incentive,Basic,Monthly,9,212.24
1416,CUST102703,0.6096,Medium,Month-to-month contract (no lock-in),Offer annual-plan incentive,Standard,Monthly,10,386.22
1417,CUST101934,0.6096,Medium,Month-to-month contract (no lock-in),Offer annual-plan incentive,Basic,Monthly,12,205.48
1418,CUST101460,0.6093,Medium,Recent price increase; New customer (tenure <= 6 months),Offer loyalty discount / plan review,Premium,Annual,5,665.28
1419,CUST103394,0.6091,Medium,Low satisfaction score; Month-to-month contract (no lock-in),Priority callback from support lead,Standard,Monthly,9,437.4
1420,CUST104974,0.609,Medium,Frequent support contacts,Priority callback from support lead,Basic,Annual,15,194.16
1421,CUST104150,0.6087,Medium,Month-to-month contract (no lock-in),Offer annual-plan incentive,Basic,Monthly,33,183.97
1422,CUST102574,0.6086,Medium,Month-to-month contract (no lock-in),Offer annual-plan incentive,Premium,Monthly,15,725.8
1423,CUST100801,0.6086,Medium,Usage dropped sharply over 3 months; Month-to-month contract (no lock-in); New customer (tenure <= 6 months),Send re-engagement campaign / feature tips,Basic,Monthly,1,207.19
1424,CUST100927,0.6084,Medium,Recent price increase; Month-to-month contract (no lock-in); New customer (tenure <= 6 months),Offer loyalty discount / plan review,Premium,Monthly,4,629.22
1425,CUST101015,0.6083,Medium,Month-to-month contract (no lock-in); New customer (tenure <= 6 months),Offer annual-plan incentive,Premium,Monthly,6,660.09
1426,CUST102667,0.6081,Medium,Usage dropped sharply over 3 months; Slow support resolution,Priority callback from support lead,Premium,Annual,23,758.06
1427,CUST102891,0.608,Medium,Low satisfaction score; Recent price increase,Offer loyalty discount / plan review,Standard,Annual,19,399.57
1428,CUST102121,0.6072,Medium,Recent price increase; Month-to-month contract (no lock-in),Offer loyalty discount / plan review,Basic,Monthly,11,215.14
1429,CUST102581,0.6071,Medium,Slow support resolution; Month-to-month contract (no lock-in); New customer (tenure <= 6 months),Priority callback from support lead,Basic,Monthly,3,200.7
1430,CUST104394,0.607,Medium,Repeated late payments; Recent price increase; Month-to-month contract (no lock-in),Offer loyalty discount / plan review,Basic,Monthly,27,1184.28
1431,CUST103717,0.6062,Medium,Low satisfaction score; Recent price increase; Month-to-month contract (no lock-in),Offer loyalty discount / plan review,Basic,Monthly,42,208.69
1432,CUST102839,0.6053,Medium,Month-to-month contract (no lock-in); New customer (tenure <= 6 months),Offer annual-plan incentive,Standard,Monthly,6,380.19
1433,CUST100311,0.6052,Medium,Low satisfaction score; Month-to-month contract (no lock-in),Priority callback from support lead,Premium,Monthly,14,705.09
1434,CUST102167,0.6051,Medium,Usage dropped sharply over 3 months; Frequent support contacts; Month-to-month contract (no lock-in),Priority callback from support lead,Basic,Monthly,16,194.9
1435,CUST104127,0.605,Medium,Usage dropped sharply over 3 months; Month-to-month contract (no lock-in),Send re-engagement campaign / feature tips,Standard,Monthly,26,422.57
1436,CUST103230,0.6048,Medium,Recent price increase; Month-to-month contract (no lock-in); New customer (tenure <= 6 months),Offer loyalty discount / plan review,Standard,Monthly,1,407.11
1437,CUST101385,0.6048,Medium,Month-to-month contract (no lock-in),Offer annual-plan incentive,Basic,Monthly,11,216.24
1438,CUST102251,0.6046,Medium,Month-to-month contract (no lock-in),Offer annual-plan incentive,Standard,Monthly,19,415.88
1439,CUST102643,0.6045,Medium,Month-to-month contract (no lock-in); New customer (tenure <= 6 months),Offer annual-plan incentive,Basic,Monthly,5,211.5
1440,CUST100742,0.6043,Medium,Low satisfaction score; Month-to-month contract (no lock-in),Priority callback from support lead,Premium,Monthly,15,723.62
1441,CUST100778,0.604,Medium,Usage dropped sharply over 3 months; Low satisfaction score; Recent price increase; Month-to-month contract (no lock-in),Offer loyalty discount / plan review,Standard,Monthly,4,426.05
1442,CUST102755,0.6036,Medium,Month-to-month contract (no lock-in); New customer (tenure <= 6 months),Offer annual-plan incentive,Basic,Monthly,5,202.14
1443,CUST102017,0.6035,Medium,Frequent support contacts; Recent price increase,Offer loyalty discount / plan review,Standard,Annual,7,361.53
1444,CUST100465,0.6035,Medium,Month-to-month contract (no lock-in),Offer annual-plan incentive,Basic,Monthly,16,186.82
1445,CUST101072,0.6032,Medium,Month-to-month contract (no lock-in); New customer (tenure <= 6 months),Offer annual-plan incentive,Standard,Monthly,2,389.59
1446,CUST102841,0.6024,Medium,Repeated late payments; Recent price increase; Month-to-month contract (no lock-in),Offer loyalty discount / plan review,Basic,Monthly,16,187.61
1447,CUST101771,0.6023,Medium,Recent price increase; Month-to-month contract (no lock-in),Offer loyalty discount / plan review,Basic,Monthly,33,201.65
1448,CUST104363,0.6021,Medium,Month-to-month contract (no lock-in),Offer annual-plan incentive,Basic,Monthly,8,197.93
1449,CUST103308,0.6019,Medium,Low satisfaction score; Month-to-month contract (no lock-in); New customer (tenure <= 6 months),Priority callback from support lead,Standard,Monthly,3,393.02
1450,CUST101705,0.6018,Medium,Frequent support contacts; Repeated late payments; Month-to-month contract (no lock-in),Priority callback from support lead,Standard,Monthly,28,446.76
1451,CUST101195,0.6018,Medium,Month-to-month contract (no lock-in),Offer annual-plan incentive,Standard,Monthly,10,392.49
1452,CUST103924,0.6017,Medium,Month-to-month contract (no lock-in),Offer annual-plan incentive,Premium,Monthly,27,693.97
1453,CUST104265,0.6016,Medium,Month-to-month contract (no lock-in),Offer annual-plan incentive,Standard,Monthly,23,421.03
1454,CUST100783,0.6012,Medium,Month-to-month contract (no lock-in),Offer annual-plan incentive,Premium,Monthly,7,690.0
1455,CUST104794,0.6011,Medium,Low satisfaction score; Month-to-month contract (no lock-in); New customer (tenure <= 6 months),Priority callback from support lead,Premium,Monthly,4,671.87
1456,CUST103579,0.6011,Medium,Repeated late payments; Month-to-month contract (no lock-in),Offer flexible payment / autopay setup,Standard,Monthly,19,382.01
1457,CUST101800,0.6011,Medium,Low satisfaction score; Month-to-month contract (no lock-in),Priority callback from support lead,Standard,Monthly,18,399.52
1458,CUST103652,0.6008,Medium,Low satisfaction score; Month-to-month contract (no lock-in); New customer (tenure <= 6 months),Priority callback from support lead,Standard,Monthly,1,390.46
1459,CUST104588,0.6007,Medium,Usage dropped sharply over 3 months; Low satisfaction score; Month-to-month contract (no lock-in),Priority callback from support lead,Premium,Monthly,17,667.81
1460,CUST104515,0.6006,Medium,Repeated late payments; Month-to-month contract (no lock-in),Offer flexible payment / autopay setup,Standard,Monthly,27,402.83
1461,CUST103376,0.6004,Medium,Month-to-month contract (no lock-in); New customer (tenure <= 6 months),Offer annual-plan incentive,Standard,Monthly,4,368.49
1462,CUST104623,0.6,Medium,Recent price increase; Month-to-month contract (no lock-in),Offer loyalty discount / plan review,Basic,Monthly,34,194.89
1463,CUST103196,0.5999,Medium,Month-to-month contract (no lock-in),Offer annual-plan incentive,Premium,Monthly,33,763.18
1464,CUST103790,0.5994,Medium,Usage dropped sharply over 3 months; Frequent support contacts; Low satisfaction score,Priority callback from support lead,Basic,Annual,9,213.1
1465,CUST100590,0.599,Medium,Slow support resolution; Month-to-month contract (no lock-in),Priority callback from support lead,Basic,Monthly,17,197.14
1466,CUST100433,0.5989,Medium,Repeated late payments; Month-to-month contract (no lock-in),Offer flexible payment / autopay setup,Standard,Monthly,20,399.52
1467,CUST104109,0.5987,Medium,Frequent support contacts; Month-to-month contract (no lock-in),Priority callback from support lead,Standard,Monthly,9,411.91
1468,CUST100136,0.5986,Medium,Frequent support contacts; Month-to-month contract (no lock-in),Priority callback from support lead,Basic,Monthly,72,200.53
1469,CUST102383,0.598,Medium,Month-to-month contract (no lock-in); New customer (tenure <= 6 months),Offer annual-plan incentive,Basic,Monthly,1,165.41
1470,CUST103927,0.5977,Medium,Repeated late payments; Month-to-month contract (no lock-in),Offer flexible payment / autopay setup,Basic,Monthly,20,199.05
1471,CUST104835,0.5977,Medium,Month-to-month contract (no lock-in); New customer (tenure <= 6 months),Offer annual-plan incentive,Basic,Monthly,1,193.34
1472,CUST103772,0.5975,Medium,Slow support resolution; Month-to-month contract (no lock-in),Priority callback from support lead,Basic,Monthly,22,199.98
1473,CUST104743,0.5975,Medium,Month-to-month contract (no lock-in); New customer (tenure <= 6 months),Offer annual-plan incentive,Premium,Monthly,4,686.39
1474,CUST100006,0.5974,Medium,Frequent support contacts; Slow support resolution; Low satisfaction score; Month-to-month contract (no lock-in),Priority callback from support lead,Basic,Monthly,23,199.22
1475,CUST102758,0.5971,Medium,Month-to-month contract (no lock-in),Offer annual-plan incentive,Standard,Monthly,24,372.78
1476,CUST104301,0.597,Medium,Recent price increase; Month-to-month contract (no lock-in); New customer (tenure <= 6 months),Offer loyalty discount / plan review,Premium,Monthly,2,719.18
1477,CUST100913,0.5967,Medium,Slow support resolution; Recent price increase; Month-to-month contract (no lock-in),Offer loyalty discount / plan review,Basic,Monthly,34,197.34
1478,CUST102343,0.5963,Medium,Usage dropped sharply over 3 months; Recent price increase; Month-to-month contract (no lock-in); New customer (tenure <= 6 months),Offer loyalty discount / plan review,Standard,Monthly,2,398.79
1479,CUST104238,0.5961,Medium,Month-to-month contract (no lock-in); New customer (tenure <= 6 months),Offer annual-plan incentive,Standard,Monthly,5,392.86
1480,CUST102716,0.596,Medium,Recent price increase; Month-to-month contract (no lock-in),Offer loyalty discount / plan review,Standard,Monthly,24,428.59
1481,CUST103882,0.5959,Medium,Slow support resolution; Month-to-month contract (no lock-in),Priority callback from support lead,Basic,Monthly,7,191.76
1482,CUST102012,0.5957,Medium,Low satisfaction score; Month-to-month contract (no lock-in),Priority callback from support lead,Basic,Monthly,8,198.3
1483,CUST100458,0.5951,Medium,Usage dropped sharply over 3 months; Month-to-month contract (no lock-in),Send re-engagement campaign / feature tips,Standard,Monthly,13,405.07
1484,CUST100511,0.5949,Medium,Month-to-month contract (no lock-in); New customer (tenure <= 6 months),Offer annual-plan incentive,Basic,Monthly,2,197.04
1485,CUST103258,0.5946,Medium,Low satisfaction score,Priority callback from support lead,Premium,Annual,10,703.57
1486,CUST103216,0.5941,Medium,Month-to-month contract (no lock-in),Offer annual-plan incentive,Standard,Monthly,7,430.89
1487,CUST102299,0.5937,Medium,Month-to-month contract (no lock-in),Offer annual-plan incentive,Standard,Monthly,9,384.49
1488,CUST101547,0.5936,Medium,Low satisfaction score; Recent price increase; Month-to-month contract (no lock-in),Offer loyalty discount / plan review,Standard,Monthly,12,401.74
1489,CUST102551,0.5936,Medium,Month-to-month contract (no lock-in); New customer (tenure <= 6 months),Offer annual-plan incentive,Basic,Monthly,4,211.73
1490,CUST104749,0.5935,Medium,Frequent support contacts; Month-to-month contract (no lock-in),Priority callback from support lead,Basic,Monthly,20,194.7
1491,CUST103622,0.5926,Medium,Usage dropped sharply over 3 months; Month-to-month contract (no lock-in); New customer (tenure <= 6 months),Send re-engagement campaign / feature tips,Premium,Monthly,3,659.32
1492,CUST102249,0.5926,Medium,Repeated late payments; Month-to-month contract (no lock-in); New customer (tenure <= 6 months),Offer flexible payment / autopay setup,Standard,Monthly,2,386.08
1493,CUST102700,0.5923,Medium,Frequent support contacts; Low satisfaction score,Priority callback from support lead,Basic,Annual,27,202.65
1494,CUST104025,0.5921,Medium,Month-to-month contract (no lock-in); New customer (tenure <= 6 months),Offer annual-plan incentive,Standard,Monthly,3,399.65
1495,CUST100041,0.592,Medium,Slow support resolution; Recent price increase; Month-to-month contract (no lock-in),Offer loyalty discount / plan review,Standard,Monthly,7,407.26
1496,CUST103898,0.5918,Medium,Month-to-month contract (no lock-in); New customer (tenure <= 6 months),Offer annual-plan incentive,Basic,Monthly,1,199.36
1497,CUST102043,0.5916,Medium,Usage dropped sharply over 3 months; Repeated late payments; Recent price increase; Month-to-month contract (no lock-in),Offer loyalty discount / plan review,Standard,Monthly,7,412.12
1498,CUST103939,0.5915,Medium,Usage dropped sharply over 3 months; Month-to-month contract (no lock-in),Send re-engagement campaign / feature tips,Basic,Monthly,22,210.91
1499,CUST104218,0.5915,Medium,Recent price increase; Month-to-month contract (no lock-in),Offer loyalty discount / plan review,Standard,Monthly,9,363.41
1500,CUST104981,0.5913,Medium,Month-to-month contract (no lock-in); New customer (tenure <= 6 months),Offer annual-plan incentive,Basic,Monthly,1,191.81
1501,CUST104185,0.5907,Medium,Usage dropped sharply over 3 months; Month-to-month contract (no lock-in),Send re-engagement campaign / feature tips,Basic,Monthly,31,189.96
1502,CUST100375,0.5901,Medium,Slow support resolution,Priority callback from support lead,Standard,Annual,28,408.14
1503,CUST101328,0.5901,Medium,Month-to-month contract (no lock-in); New customer (tenure <= 6 months),Offer annual-plan incentive,Basic,Monthly,5,220.82
1504,CUST102912,0.59,Medium,Slow support resolution; Recent price increase; Month-to-month contract (no lock-in),Offer loyalty discount / plan review,Premium,Monthly,8,689.42
1505,CUST104891,0.5899,Medium,Frequent support contacts; Slow support resolution; Low satisfaction score,Priority callback from support lead,Basic,Annual,21,198.92
1506,CUST100312,0.5896,Medium,Usage dropped sharply over 3 months; New customer (tenure <= 6 months),Send re-engagement campaign / feature tips,Premium,Annual,5,640.08
1507,CUST100373,0.5896,Medium,Month-to-month contract (no lock-in),Offer annual-plan incentive,Basic,Monthly,15,193.64
1508,CUST103663,0.5895,Medium,Month-to-month contract (no lock-in); New customer (tenure <= 6 months),Offer annual-plan incentive,Basic,Monthly,3,211.78
1509,CUST104629,0.589,Medium,Month-to-month contract (no lock-in); New customer (tenure <= 6 months),Offer annual-plan incentive,Basic,Monthly,2,195.34
1510,CUST101116,0.5889,Medium,Low satisfaction score; Recent price increase; Month-to-month contract (no lock-in),Offer loyalty discount / plan review,Standard,Monthly,22,400.75
1511,CUST104587,0.5888,Medium,Low satisfaction score; Month-to-month contract (no lock-in),Priority callback from support lead,Basic,Monthly,7,197.78
1512,CUST100002,0.5882,Medium,Usage dropped sharply over 3 months; Recent price increase; New customer (tenure <= 6 months),Offer loyalty discount / plan review,Standard,Annual,1,395.38
1513,CUST104934,0.588,Medium,Usage dropped sharply over 3 months; Low satisfaction score; Recent price increase,Offer loyalty discount / plan review,Basic,Annual,14,196.53
1514,CUST100574,0.5878,Medium,Month-to-month contract (no lock-in); New customer (tenure <= 6 months),Offer annual-plan incentive,Standard,Monthly,6,368.75
1515,CUST104622,0.5875,Medium,Usage dropped sharply over 3 months; Month-to-month contract (no lock-in),Send re-engagement campaign / feature tips,Basic,Monthly,21,185.8
1516,CUST101320,0.5875,Medium,Recent price increase; Month-to-month contract (no lock-in),Offer loyalty discount / plan review,Premium,Monthly,20,708.11
1517,CUST101347,0.5873,Medium,New customer (tenure <= 6 months),Offer annual-plan incentive,Basic,Annual,5,211.1
1518,CUST103603,0.587,Medium,Slow support resolution; Low satisfaction score; New customer (tenure <= 6 months),Priority callback from support lead,Basic,Annual,1,198.72
1519,CUST103467,0.5869,Medium,Repeated late payments; Month-to-month contract (no lock-in); New customer (tenure <= 6 months),Offer flexible payment / autopay setup,Basic,Monthly,4,208.36
1520,CUST102619,0.5867,Medium,Month-to-month contract (no lock-in),Offer annual-plan incentive,Basic,Monthly,22,205.08
1521,CUST103711,0.5866,Medium,Recent price increase; Month-to-month contract (no lock-in),Offer loyalty discount / plan review,Premium,Monthly,13,653.06
1522,CUST100008,0.586,Medium,Slow support resolution; Repeated late payments; Month-to-month contract (no lock-in),Priority callback from support lead,Basic,Monthly,7,194.85
1523,CUST104407,0.5857,Medium,Slow support resolution; Month-to-month contract (no lock-in); New customer (tenure <= 6 months),Priority callback from support lead,Standard,Monthly,5,400.0
1524,CUST101225,0.5852,Medium,Recent price increase; Month-to-month contract (no lock-in),Offer loyalty discount / plan review,Basic,Monthly,19,204.31
1525,CUST103674,0.5849,Medium,Low satisfaction score; Recent price increase,Offer loyalty discount / plan review,Premium,Annual,12,662.41
1526,CUST104736,0.5849,Medium,Usage dropped sharply over 3 months; Repeated late payments; Month-to-month contract (no lock-in),Send re-engagement campaign / feature tips,Standard,Monthly,12,426.47
1527,CUST102733,0.5846,Medium,Month-to-month contract (no lock-in); New customer (tenure <= 6 months),Offer annual-plan incentive,Standard,Monthly,4,406.81
1528,CUST104752,0.5845,Medium,Frequent support contacts; Month-to-month contract (no lock-in); New customer (tenure <= 6 months),Priority callback from support lead,Basic,Monthly,3,193.01
1529,CUST103954,0.5845,Medium,Usage dropped sharply over 3 months; Repeated late payments; Month-to-month contract (no lock-in),Send re-engagement campaign / feature tips,Basic,Monthly,8,201.39
1530,CUST102225,0.5844,Medium,Frequent support contacts; Low satisfaction score,Priority callback from support lead,Standard,Annual,26,424.18
1531,CUST101071,0.584,Medium,Slow support resolution; Month-to-month contract (no lock-in),Priority callback from support lead,Premium,Monthly,9,678.75
1532,CUST103725,0.584,Medium,Month-to-month contract (no lock-in),Offer annual-plan incentive,Premium,Monthly,17,662.27
1533,CUST104027,0.5835,Medium,Month-to-month contract (no lock-in),Offer annual-plan incentive,Basic,Monthly,20,185.93
1534,CUST102269,0.5834,Medium,Usage dropped sharply over 3 months; Slow support resolution; Month-to-month contract (no lock-in),Priority callback from support lead,Standard,Monthly,20,383.07
1535,CUST103904,0.5829,Medium,Low satisfaction score; Repeated late payments; Month-to-month contract (no lock-in),Priority callback from support lead,Standard,Monthly,8,423.5
1536,CUST101233,0.5824,Medium,Usage dropped sharply over 3 months; Frequent support contacts; Month-to-month contract (no lock-in),Priority callback from support lead,Standard,Monthly,27,384.92
1537,CUST102786,0.5822,Medium,Month-to-month contract (no lock-in),Offer annual-plan incentive,Standard,Monthly,11,405.72
1538,CUST104944,0.5819,Medium,Usage dropped sharply over 3 months; Slow support resolution; Month-to-month contract (no lock-in); New customer (tenure <= 6 months),Priority callback from support lead,Standard,Monthly,1,367.87
1539,CUST102793,0.5817,Medium,Usage dropped sharply over 3 months; Frequent support contacts,Priority callback from support lead,Standard,Annual,26,388.21
1540,CUST101980,0.5809,Medium,Slow support resolution; Month-to-month contract (no lock-in),Priority callback from support lead,Standard,Monthly,12,415.76
1541,CUST104123,0.5808,Medium,Frequent support contacts; Month-to-month contract (no lock-in),Priority callback from support lead,Standard,Monthly,42,409.53
1542,CUST103107,0.5805,Medium,General elevated risk - manual review,Offer annual-plan incentive,Basic,Annual,44,186.37
1543,CUST104561,0.5804,Medium,Slow support resolution; Month-to-month contract (no lock-in); New customer (tenure <= 6 months),Priority callback from support lead,Standard,Monthly,3,352.69
1544,CUST101201,0.5802,Medium,Repeated late payments; Month-to-month contract (no lock-in); New customer (tenure <= 6 months),Offer flexible payment / autopay setup,Basic,Monthly,5,214.45
1545,CUST102809,0.5797,Medium,Very low engagement (usage/logins); Month-to-month contract (no lock-in),Send re-engagement campaign / feature tips,Basic,Monthly,12,197.91
1546,CUST104669,0.5793,Medium,Slow support resolution; Low satisfaction score; Repeated late payments,Priority callback from support lead,Basic,Annual,9,188.08
1547,CUST103456,0.5792,Medium,Month-to-month contract (no lock-in); New customer (tenure <= 6 months),Offer annual-plan incentive,Basic,Monthly,3,177.12
1548,CUST100749,0.5787,Medium,Month-to-month contract (no lock-in),Offer annual-plan incentive,Basic,Monthly,9,200.87
1549,CUST101535,0.5782,Medium,Low satisfaction score; Month-to-month contract (no lock-in),Priority callback from support lead,Basic,Monthly,10,210.44
1550,CUST100805,0.5781,Medium,Month-to-month contract (no lock-in),Offer annual-plan incentive,Premium,Monthly,7,719.62
1551,CUST101924,0.5779,Medium,Frequent support contacts; Month-to-month contract (no lock-in),Priority callback from support lead,Premium,Monthly,22,704.34
1552,CUST101726,0.5779,Medium,Usage dropped sharply over 3 months; Month-to-month contract (no lock-in),Send re-engagement campaign / feature tips,Basic,Monthly,11,204.79
1553,CUST101520,0.5771,Medium,Slow support resolution; Month-to-month contract (no lock-in); New customer (tenure <= 6 months),Priority callback from support lead,Basic,Monthly,6,205.16
1554,CUST100080,0.5771,Medium,Slow support resolution; Month-to-month contract (no lock-in),Priority callback from support lead,Basic,Monthly,18,194.83
1555,CUST103125,0.5767,Medium,Slow support resolution; Repeated late payments; Recent price increase,Offer loyalty discount / plan review,Standard,Annual,10,443.76
1556,CUST102472,0.5763,Medium,Month-to-month contract (no lock-in); New customer (tenure <= 6 months),Offer annual-plan incentive,Standard,Monthly,2,388.22
1557,CUST102669,0.5762,Medium,Month-to-month contract (no lock-in),Offer annual-plan incentive,Premium,Monthly,8,664.17
1558,CUST104148,0.5761,Medium,Frequent support contacts; Month-to-month contract (no lock-in),Priority callback from support lead,Basic,Monthly,29,191.03
1559,CUST104379,0.5756,Medium,Frequent support contacts; Low satisfaction score,Priority callback from support lead,Premium,Annual,14,651.11
1560,CUST103695,0.5756,Medium,New customer (tenure <= 6 months),Offer annual-plan incentive,Standard,Annual,1,377.48
1561,CUST101095,0.5755,Medium,Month-to-month contract (no lock-in),Offer annual-plan incentive,Standard,Monthly,26,383.11
1562,CUST101661,0.5755,Medium,Month-to-month contract (no lock-in),Offer annual-plan incentive,Basic,Monthly,10,191.03
1563,CUST102724,0.5753,Medium,Frequent support contacts; New customer (tenure <= 6 months),Priority callback from support lead,Basic,Annual,2,208.97
1564,CUST104906,0.5753,Medium,Frequent support contacts,Priority callback from support lead,Basic,Annual,17,219.15
1565,CUST104824,0.575,Medium,Month-to-month contract (no lock-in); New customer (tenure <= 6 months),Offer annual-plan incentive,Standard,Monthly,4,408.58
1566,CUST102764,0.5747,Medium,Month-to-month contract (no lock-in); New customer (tenure <= 6 months),Offer annual-plan incentive,Standard,Monthly,3,387.83
1567,CUST100531,0.5745,Medium,Usage dropped sharply over 3 months; New customer (tenure <= 6 months),Send re-engagement campaign / feature tips,Premium,Annual,2,664.35
1568,CUST101837,0.5744,Medium,Low satisfaction score; Month-to-month contract (no lock-in),Priority callback from support lead,Standard,Monthly,17,413.56
1569,CUST104280,0.5743,Medium,Slow support resolution; Month-to-month contract (no lock-in),Priority callback from support lead,Premium,Monthly,21,722.66
1570,CUST102635,0.5742,Medium,Month-to-month contract (no lock-in),Offer annual-plan incentive,Basic,Monthly,22,213.68
1571,CUST100326,0.5742,Medium,Month-to-month contract (no lock-in); New customer (tenure <= 6 months),Offer annual-plan incentive,Standard,Monthly,3,403.17
1572,CUST102259,0.574,Medium,Low satisfaction score; Month-to-month contract (no lock-in),Priority callback from support lead,Premium,Monthly,24,765.68
1573,CUST102469,0.5739,Medium,Usage dropped sharply over 3 months; Low satisfaction score; Month-to-month contract (no lock-in); New customer (tenure <= 6 months),Priority callback from support lead,Standard,Monthly,5,410.22
1574,CUST102568,0.5738,Medium,New customer (tenure <= 6 months),Offer annual-plan incentive,Basic,Annual,4,190.61
1575,CUST104799,0.5738,Medium,Month-to-month contract (no lock-in),Offer annual-plan incentive,Basic,Monthly,21,187.7
1576,CUST102340,0.5733,Medium,Low satisfaction score; Month-to-month contract (no lock-in); New customer (tenure <= 6 months),Priority callback from support lead,Basic,Monthly,4,185.76
1577,CUST100037,0.5733,Medium,Month-to-month contract (no lock-in),Offer annual-plan incentive,Standard,Monthly,7,403.38
1578,CUST104099,0.5732,Medium,Usage dropped sharply over 3 months; Low satisfaction score; Recent price increase; Month-to-month contract (no lock-in),Offer loyalty discount / plan review,Basic,Monthly,5,206.4
1579,CUST104061,0.573,Medium,Low satisfaction score; Month-to-month contract (no lock-in); New customer (tenure <= 6 months),Priority callback from support lead,Basic,Monthly,3,213.54
1580,CUST101394,0.573,Medium,Month-to-month contract (no lock-in); New customer (tenure <= 6 months),Offer annual-plan incentive,Standard,Monthly,4,400.96
1581,CUST100998,0.573,Medium,Slow support resolution; Low satisfaction score,Priority callback from support lead,Premium,Annual,14,718.88
1582,CUST100075,0.573,Medium,Frequent support contacts; Month-to-month contract (no lock-in),Priority callback from support lead,Premium,Monthly,14,625.96
1583,CUST104732,0.5726,Medium,Frequent support contacts; Low satisfaction score; Month-to-month contract (no lock-in); New customer (tenure <= 6 months),Priority callback from support lead,Premium,Monthly,4,776.1
1584,CUST102553,0.5725,Medium,Month-to-month contract (no lock-in),Offer annual-plan incentive,Standard,Monthly,14,384.24
1585,CUST101751,0.5721,Medium,Recent price increase; Month-to-month contract (no lock-in),Offer loyalty discount / plan review,Standard,Monthly,15,413.11
1586,CUST100259,0.572,Medium,Repeated late payments; Month-to-month contract (no lock-in); New customer (tenure <= 6 months),Offer flexible payment / autopay setup,Basic,Monthly,4,182.65
1587,CUST100360,0.5714,Medium,Month-to-month contract (no lock-in),Offer annual-plan incentive,Basic,Monthly,13,216.75
1588,CUST103693,0.5714,Medium,Frequent support contacts; Recent price increase; Month-to-month contract (no lock-in),Offer loyalty discount / plan review,Standard,Monthly,8,404.27
1589,CUST103241,0.5712,Medium,Frequent support contacts; Low satisfaction score,Priority callback from support lead,Basic,Annual,7,202.36
1590,CUST103405,0.5712,Medium,Usage dropped sharply over 3 months; Frequent support contacts; New customer (tenure <= 6 months),Priority callback from support lead,Basic,Annual,6,185.25
1591,CUST104638,0.5707,Medium,Repeated late payments,Offer flexible payment / autopay setup,Standard,Annual,14,367.89
1592,CUST100475,0.5704,Medium,General elevated risk - manual review,Offer annual-plan incentive,Basic,Annual,31,191.36
1593,CUST103173,0.5704,Medium,Slow support resolution; Month-to-month contract (no lock-in); New customer (tenure <= 6 months),Priority callback from support lead,Premium,Monthly,1,701.81
1594,CUST103980,0.5704,Medium,Month-to-month contract (no lock-in),Offer annual-plan incentive,Basic,Monthly,8,202.72
1595,CUST100378,0.5699,Medium,Frequent support contacts; Month-to-month contract (no lock-in),Priority callback from support lead,Basic,Monthly,25,210.6
1596,CUST103025,0.5693,Medium,Frequent support contacts; Month-to-month contract (no lock-in),Priority callback from support lead,Premium,Monthly,19,729.51
1597,CUST103946,0.5691,Medium,Month-to-month contract (no lock-in),Offer annual-plan incentive,Standard,Monthly,17,409.04
1598,CUST100009,0.569,Medium,Month-to-month contract (no lock-in); New customer (tenure <= 6 months),Offer annual-plan incentive,Standard,Monthly,6,419.7
1599,CUST100048,0.5689,Medium,Month-to-month contract (no lock-in),Offer annual-plan incentive,Standard,Monthly,12,408.75
1600,CUST103310,0.5686,Medium,Month-to-month contract (no lock-in); New customer (tenure <= 6 months),Offer annual-plan incentive,Standard,Monthly,4,375.12
1601,CUST102041,0.5685,Medium,Month-to-month contract (no lock-in),Offer annual-plan incentive,Basic,Monthly,35,201.35
1602,CUST103633,0.5684,Medium,Slow support resolution; Low satisfaction score,Priority callback from support lead,Basic,Annual,9,203.26
1603,CUST100207,0.5683,Medium,Low satisfaction score,Priority callback from support lead,Standard,Annual,10,422.86
1604,CUST102769,0.5682,Medium,Month-to-month contract (no lock-in); New customer (tenure <= 6 months),Offer annual-plan incentive,Basic,Monthly,3,209.38
1605,CUST103630,0.5679,Medium,Usage dropped sharply over 3 months; Repeated late payments; Recent price increase; Month-to-month contract (no lock-in),Offer loyalty discount / plan review,Premium,Monthly,19,735.68
1606,CUST102940,0.5678,Medium,Month-to-month contract (no lock-in),Offer annual-plan incentive,Basic,Monthly,16,201.79
1607,CUST103950,0.5677,Medium,Low satisfaction score; Month-to-month contract (no lock-in),Priority callback from support lead,Premium,Monthly,34,609.95
1608,CUST102785,0.5674,Medium,Month-to-month contract (no lock-in); New customer (tenure <= 6 months),Offer annual-plan incentive,Standard,Monthly,1,413.11
1609,CUST103069,0.5673,Medium,Month-to-month contract (no lock-in),Offer annual-plan incentive,Premium,Monthly,11,698.29
1610,CUST102270,0.5673,Medium,New customer (tenure <= 6 months),Offer annual-plan incentive,Basic,Annual,3,194.41
1611,CUST101735,0.5672,Medium,Low satisfaction score; New customer (tenure <= 6 months),Priority callback from support lead,Basic,Annual,4,203.81
1612,CUST101434,0.5671,Medium,Month-to-month contract (no lock-in),Offer annual-plan incentive,Basic,Monthly,15,175.65
1613,CUST101005,0.5665,Medium,Repeated late payments,Offer flexible payment / autopay setup,Premium,Annual,12,661.41
1614,CUST103368,0.5663,Medium,Repeated late payments; Month-to-month contract (no lock-in),Offer flexible payment / autopay setup,Basic,Monthly,21,208.84
1615,CUST102018,0.5663,Medium,Repeated late payments; Month-to-month contract (no lock-in),Offer flexible payment / autopay setup,Basic,Monthly,16,211.8
1616,CUST104037,0.5663,Medium,Usage dropped sharply over 3 months; Month-to-month contract (no lock-in); New customer (tenure <= 6 months),Send re-engagement campaign / feature tips,Basic,Monthly,2,195.94
1617,CUST103643,0.566,Medium,Month-to-month contract (no lock-in),Offer annual-plan incentive,Basic,Monthly,28,200.24
1618,CUST102384,0.566,Medium,Frequent support contacts; New customer (tenure <= 6 months),Priority callback from support lead,Standard,Annual,2,397.37
1619,CUST101709,0.5659,Medium,Slow support resolution; Low satisfaction score; Month-to-month contract (no lock-in),Priority callback from support lead,Basic,Monthly,29,185.51
1620,CUST101137,0.5658,Medium,Frequent support contacts; Month-to-month contract (no lock-in),Priority callback from support lead,Premium,Monthly,9,692.89
1621,CUST100432,0.5657,Medium,Month-to-month contract (no lock-in),Offer annual-plan incentive,Standard,Monthly,8,399.43
1622,CUST102002,0.5657,Medium,Month-to-month contract (no lock-in),Offer annual-plan incentive,Premium,Monthly,12,714.41
1623,CUST103680,0.5656,Medium,Slow support resolution; Month-to-month contract (no lock-in),Priority callback from support lead,Basic,Monthly,26,203.3
1624,CUST104773,0.5654,Medium,Frequent support contacts; Month-to-month contract (no lock-in); New customer (tenure <= 6 months),Priority callback from support lead,Standard,Monthly,3,372.37
1625,CUST102034,0.5653,Medium,Slow support resolution; Low satisfaction score; Month-to-month contract (no lock-in),Priority callback from support lead,Standard,Monthly,30,417.16
1626,CUST104243,0.5652,Medium,Usage dropped sharply over 3 months; Recent price increase; Month-to-month contract (no lock-in),Offer loyalty discount / plan review,Basic,Monthly,14,198.52
1627,CUST100634,0.5652,Medium,Month-to-month contract (no lock-in); New customer (tenure <= 6 months),Offer annual-plan incentive,Basic,Monthly,5,211.35
1628,CUST100407,0.5651,Medium,Repeated late payments; Month-to-month contract (no lock-in); New customer (tenure <= 6 months),Offer flexible payment / autopay setup,Standard,Monthly,4,407.08
1629,CUST102587,0.565,Medium,Month-to-month contract (no lock-in); New customer (tenure <= 6 months),Offer annual-plan incentive,Premium,Monthly,4,682.78
1630,CUST103780,0.565,Medium,Month-to-month contract (no lock-in),Offer annual-plan incentive,Basic,Monthly,13,208.85
1631,CUST103284,0.5647,Medium,Month-to-month contract (no lock-in); New customer (tenure <= 6 months),Offer annual-plan incentive,Standard,Monthly,5,369.7
1632,CUST102546,0.5647,Medium,New customer (tenure <= 6 months),Offer annual-plan incentive,Standard,Annual,4,401.16
1633,CUST101087,0.5646,Medium,New customer (tenure <= 6 months),Offer annual-plan incentive,Standard,Annual,4,426.46
1634,CUST103037,0.5639,Medium,Month-to-month contract (no lock-in),Offer annual-plan incentive,Premium,Monthly,18,660.13
1635,CUST103395,0.5636,Medium,Frequent support contacts; Recent price increase; Month-to-month contract (no lock-in),Offer loyalty discount / plan review,Standard,Monthly,8,411.6
1636,CUST104232,0.5634,Medium,Usage dropped sharply over 3 months; Month-to-month contract (no lock-in),Send re-engagement campaign / feature tips,Basic,Monthly,17,200.23
1637,CUST104983,0.5632,Medium,Month-to-month contract (no lock-in); New customer (tenure <= 6 months),Offer annual-plan incentive,Standard,Monthly,4,395.14
1638,CUST101375,0.5631,Medium,Month-to-month contract (no lock-in); New customer (tenure <= 6 months),Offer annual-plan incentive,Standard,Monthly,2,405.55
1639,CUST104177,0.5626,Medium,Usage dropped sharply over 3 months; Recent price increase; Month-to-month contract (no lock-in),Offer loyalty discount / plan review,Basic,Monthly,22,195.44
1640,CUST102037,0.5626,Medium,Slow support resolution; Month-to-month contract (no lock-in),Priority callback from support lead,Premium,Monthly,15,714.6
1641,CUST104475,0.5625,Medium,New customer (tenure <= 6 months),Offer annual-plan incentive,Standard,Annual,1,388.95
1642,CUST102900,0.5624,Medium,Usage dropped sharply over 3 months; Slow support resolution; Month-to-month contract (no lock-in),Priority callback from support lead,Premium,Monthly,19,720.15
1643,CUST104884,0.5616,Medium,Low satisfaction score; Month-to-month contract (no lock-in),Priority callback from support lead,Basic,Monthly,50,195.32
1644,CUST100633,0.5612,Medium,Slow support resolution; Recent price increase; Month-to-month contract (no lock-in); New customer (tenure <= 6 months),Offer loyalty discount / plan review,Standard,Monthly,2,375.0
1645,CUST102550,0.5609,Medium,Month-to-month contract (no lock-in),Offer annual-plan incentive,Standard,Monthly,24,400.57
1646,CUST104163,0.5603,Medium,Usage dropped sharply over 3 months; Recent price increase; Month-to-month contract (no lock-in); New customer (tenure <= 6 months),Offer loyalty discount / plan review,Basic,Monthly,4,202.62
1647,CUST103422,0.5601,Medium,Usage dropped sharply over 3 months,Send re-engagement campaign / feature tips,Standard,Annual,20,392.03
1648,CUST102829,0.56,Medium,New customer (tenure <= 6 months),Offer annual-plan incentive,Premium,Annual,2,693.62
1649,CUST100885,0.5594,Medium,Month-to-month contract (no lock-in),Offer annual-plan incentive,Standard,Monthly,8,361.4
1650,CUST103850,0.5587,Medium,Slow support resolution; Month-to-month contract (no lock-in),Priority callback from support lead,Basic,Monthly,16,223.62
1651,CUST101465,0.5583,Medium,Month-to-month contract (no lock-in),Offer annual-plan incentive,Standard,Monthly,7,389.7
1652,CUST102607,0.5583,Medium,Slow support resolution; Month-to-month contract (no lock-in); New customer (tenure <= 6 months),Priority callback from support lead,Premium,Monthly,4,668.25
1653,CUST103058,0.5579,Medium,General elevated risk - manual review,Offer annual-plan incentive,Premium,Annual,29,676.51
1654,CUST104376,0.5578,Medium,Slow support resolution; Month-to-month contract (no lock-in),Priority callback from support lead,Premium,Monthly,19,731.87
1655,CUST103925,0.5574,Medium,Slow support resolution; New customer (tenure <= 6 months),Priority callback from support lead,Standard,Annual,1,407.62
1656,CUST103875,0.5574,Medium,Usage dropped sharply over 3 months; Month-to-month contract (no lock-in); New customer (tenure <= 6 months),Send re-engagement campaign / feature tips,Standard,Monthly,2,408.24
1657,CUST100449,0.5574,Medium,Frequent support contacts; Low satisfaction score; Month-to-month contract (no lock-in),Priority callback from support lead,Basic,Monthly,29,181.06
1658,CUST104997,0.5573,Medium,Frequent support contacts; Month-to-month contract (no lock-in); New customer (tenure <= 6 months),Priority callback from support lead,Basic,Monthly,2,199.65
1659,CUST104542,0.5572,Medium,Month-to-month contract (no lock-in),Offer annual-plan incentive,Standard,Monthly,27,374.05
1660,CUST101084,0.5565,Medium,Month-to-month contract (no lock-in),Offer annual-plan incentive,Standard,Monthly,8,423.82
1661,CUST100513,0.5563,Medium,Month-to-month contract (no lock-in),Offer annual-plan incentive,Standard,Monthly,8,385.91
1662,CUST101943,0.5563,Medium,Recent price increase; New customer (tenure <= 6 months),Offer loyalty discount / plan review,Premium,Annual,2,696.01
1663,CUST101861,0.5563,Medium,Usage dropped sharply over 3 months; Frequent support contacts; Low satisfaction score; Recent price increase,Offer loyalty discount / plan review,Basic,Annual,9,209.44
1664,CUST103598,0.5562,Medium,Month-to-month contract (no lock-in); New customer (tenure <= 6 months),Offer annual-plan incentive,Basic,Monthly,2,204.02
1665,CUST101384,0.5562,Medium,Usage dropped sharply over 3 months; Month-to-month contract (no lock-in),Send re-engagement campaign / feature tips,Standard,Monthly,44,426.82
1666,CUST101406,0.5561,Medium,Slow support resolution,Priority callback from support lead,Basic,Annual,7,193.11
1667,CUST101887,0.556,Medium,Month-to-month contract (no lock-in),Offer annual-plan incentive,Standard,Monthly,8,423.47
1668,CUST101942,0.5558,Medium,Usage dropped sharply over 3 months; Repeated late payments; Month-to-month contract (no lock-in),Send re-engagement campaign / feature tips,Standard,Monthly,29,387.9
1669,CUST102254,0.5556,Medium,Repeated late payments; Recent price increase; Month-to-month contract (no lock-in),Offer loyalty discount / plan review,Standard,Monthly,7,368.07
1670,CUST104285,0.5556,Medium,Usage dropped sharply over 3 months; Month-to-month contract (no lock-in),Send re-engagement campaign / feature tips,Premium,Monthly,22,696.57
1671,CUST104826,0.5555,Medium,Month-to-month contract (no lock-in); New customer (tenure <= 6 months),Offer annual-plan incentive,Basic,Monthly,3,191.82
1672,CUST104572,0.5554,Medium,Very low engagement (usage/logins); Low satisfaction score; Month-to-month contract (no lock-in),Priority callback from support lead,Standard,Monthly,8,384.28
1673,CUST104964,0.555,Medium,Frequent support contacts; New customer (tenure <= 6 months),Priority callback from support lead,Standard,Annual,1,444.65
1674,CUST104421,0.5544,Medium,Low satisfaction score; Month-to-month contract (no lock-in),Priority callback from support lead,Standard,Monthly,16,371.06
1675,CUST104167,0.554,Medium,Frequent support contacts; Low satisfaction score,Priority callback from support lead,Basic,Annual,19,190.47
1676,CUST101526,0.5539,Medium,Usage dropped sharply over 3 months; Month-to-month contract (no lock-in); New customer (tenure <= 6 months),Send re-engagement campaign / feature tips,Basic,Monthly,3,197.53
1677,CUST102880,0.5536,Medium,Month-to-month contract (no lock-in),Offer annual-plan incentive,Standard,Monthly,26,378.2
1678,CUST103251,0.5533,Medium,Frequent support contacts; Month-to-month contract (no lock-in); New customer (tenure <= 6 months),Priority callback from support lead,Premium,Monthly,5,695.54
1679,CUST103710,0.553,Medium,Month-to-month contract (no lock-in); New customer (tenure <= 6 months),Offer annual-plan incentive,Standard,Monthly,2,397.63
1680,CUST101035,0.5526,Medium,Month-to-month contract (no lock-in),Offer annual-plan incentive,Basic,Monthly,13,213.5
1681,CUST104161,0.5523,Medium,Usage dropped sharply over 3 months,Send re-engagement campaign / feature tips,Standard,Annual,31,389.05
1682,CUST101263,0.5519,Medium,Month-to-month contract (no lock-in),Offer annual-plan incentive,Standard,Monthly,11,406.71
1683,CUST104874,0.5518,Medium,Month-to-month contract (no lock-in),Offer annual-plan incentive,Premium,Monthly,9,719.59
1684,CUST100073,0.5514,Medium,Frequent support contacts; Month-to-month contract (no lock-in); New customer (tenure <= 6 months),Priority callback from support lead,Standard,Monthly,2,393.33
1685,CUST101492,0.551,Medium,Month-to-month contract (no lock-in); New customer (tenure <= 6 months),Offer annual-plan incentive,Standard,Monthly,1,409.97
1686,CUST104181,0.5509,Medium,Low satisfaction score; Month-to-month contract (no lock-in),Priority callback from support lead,Premium,Monthly,20,703.23
1687,CUST103590,0.5502,Medium,Month-to-month contract (no lock-in); New customer (tenure <= 6 months),Offer annual-plan incentive,Standard,Monthly,3,382.27
1688,CUST104143,0.5499,Medium,Frequent support contacts; Low satisfaction score,Priority callback from support lead,Basic,Annual,48,183.15
1689,CUST104608,0.5498,Medium,Low satisfaction score; Recent price increase; Month-to-month contract (no lock-in); New customer (tenure <= 6 months),Offer loyalty discount / plan review,Standard,Monthly,1,395.88
1690,CUST102180,0.5495,Medium,Month-to-month contract (no lock-in); New customer (tenure <= 6 months),Offer annual-plan incentive,Basic,Monthly,1,206.0
1691,CUST103420,0.5493,Medium,Repeated late payments; Month-to-month contract (no lock-in),Offer flexible payment / autopay setup,Standard,Monthly,35,421.47
1692,CUST100537,0.5492,Medium,Month-to-month contract (no lock-in); New customer (tenure <= 6 months),Offer annual-plan incentive,Standard,Monthly,2,413.49
1693,CUST102183,0.5488,Medium,New customer (tenure <= 6 months),Offer annual-plan incentive,Premium,Annual,5,649.97
1694,CUST103730,0.5488,Medium,Slow support resolution; Month-to-month contract (no lock-in),Priority callback from support lead,Standard,Monthly,27,402.32
1695,CUST103312,0.5488,Medium,Usage dropped sharply over 3 months; Month-to-month contract (no lock-in); New customer (tenure <= 6 months),Send re-engagement campaign / feature tips,Standard,Monthly,6,423.21
1696,CUST101823,0.5486,Medium,Slow support resolution; Repeated late payments; Month-to-month contract (no lock-in),Priority callback from support lead,Premium,Monthly,17,720.23
1697,CUST104266,0.5485,Medium,Low satisfaction score,Priority callback from support lead,Standard,Annual,8,423.34
1698,CUST104251,0.5482,Medium,Month-to-month contract (no lock-in),Offer annual-plan incentive,Standard,Monthly,8,445.83
1699,CUST101524,0.5479,Medium,Usage dropped sharply over 3 months; Month-to-month contract (no lock-in),Send re-engagement campaign / feature tips,Basic,Monthly,15,199.86
1700,CUST100888,0.5478,Medium,Low satisfaction score; New customer (tenure <= 6 months),Priority callback from support lead,Standard,Annual,4,386.65
1701,CUST104922,0.5477,Medium,Low satisfaction score; Month-to-month contract (no lock-in); New customer (tenure <= 6 months),Priority callback from support lead,Basic,Monthly,4,187.2
1702,CUST104859,0.5477,Medium,Month-to-month contract (no lock-in); New customer (tenure <= 6 months),Offer annual-plan incentive,Basic,Monthly,1,192.24
1703,CUST101156,0.5475,Medium,Month-to-month contract (no lock-in),Offer annual-plan incentive,Premium,Monthly,8,692.89
1704,CUST101904,0.5475,Medium,Frequent support contacts; Recent price increase; Month-to-month contract (no lock-in); New customer (tenure <= 6 months),Offer loyalty discount / plan review,Basic,Monthly,4,202.75
1705,CUST101139,0.5475,Medium,Month-to-month contract (no lock-in); New customer (tenure <= 6 months),Offer annual-plan incentive,Basic,Monthly,2,203.84
1706,CUST104077,0.5474,Medium,Frequent support contacts; Month-to-month contract (no lock-in),Priority callback from support lead,Standard,Monthly,9,397.27
1707,CUST101784,0.5471,Medium,Month-to-month contract (no lock-in),Offer annual-plan incentive,Basic,Monthly,29,197.51
1708,CUST104321,0.5468,Medium,Frequent support contacts; Month-to-month contract (no lock-in); New customer (tenure <= 6 months),Priority callback from support lead,Basic,Monthly,1,198.85
1709,CUST103548,0.5467,Medium,Month-to-month contract (no lock-in); New customer (tenure <= 6 months),Offer annual-plan incentive,Standard,Monthly,6,384.01
1710,CUST101512,0.5459,Medium,Slow support resolution; Month-to-month contract (no lock-in),Priority callback from support lead,Basic,Monthly,23,194.16
1711,CUST101099,0.5457,Medium,Low satisfaction score; Month-to-month contract (no lock-in); New customer (tenure <= 6 months),Priority callback from support lead,Basic,Monthly,5,186.16
1712,CUST100880,0.5452,Medium,Frequent support contacts; Low satisfaction score; New customer (tenure <= 6 months),Priority callback from support lead,Basic,Annual,1,199.76
1713,CUST103692,0.5451,Medium,Usage dropped sharply over 3 months; Month-to-month contract (no lock-in),Send re-engagement campaign / feature tips,Basic,Monthly,13,208.0
1714,CUST102565,0.5449,Medium,Usage dropped sharply over 3 months; Month-to-month contract (no lock-in),Send re-engagement campaign / feature tips,Basic,Monthly,15,203.95
1715,CUST104378,0.5444,Medium,Month-to-month contract (no lock-in),Offer annual-plan incentive,Premium,Monthly,8,738.35
1716,CUST100770,0.5437,Medium,Frequent support contacts; Month-to-month contract (no lock-in); New customer (tenure <= 6 months),Priority callback from support lead,Standard,Monthly,3,385.52
1717,CUST104847,0.5437,Medium,Usage dropped sharply over 3 months,Send re-engagement campaign / feature tips,Standard,Annual,7,394.32
1718,CUST103296,0.5433,Medium,Month-to-month contract (no lock-in),Offer annual-plan incentive,Standard,Monthly,8,391.6
1719,CUST101580,0.5432,Medium,New customer (tenure <= 6 months),Offer annual-plan incentive,Basic,Annual,5,198.31
1720,CUST103484,0.5427,Medium,Month-to-month contract (no lock-in),Offer annual-plan incentive,Basic,Monthly,17,195.76
1721,CUST102426,0.5426,Medium,Frequent support contacts; Month-to-month contract (no lock-in); New customer (tenure <= 6 months),Priority callback from support lead,Standard,Monthly,6,440.08
1722,CUST103608,0.5423,Medium,Recent price increase; Month-to-month contract (no lock-in); New customer (tenure <= 6 months),Offer loyalty discount / plan review,Standard,Monthly,6,381.87
1723,CUST101115,0.5418,Medium,Frequent support contacts; Month-to-month contract (no lock-in),Priority callback from support lead,Premium,Monthly,18,653.39
1724,CUST103862,0.5414,Medium,General elevated risk - manual review,Offer annual-plan incentive,Basic,Annual,11,189.55
1725,CUST104264,0.5413,Medium,Recent price increase; Month-to-month contract (no lock-in),Offer loyalty discount / plan review,Premium,Monthly,22,714.71
1726,CUST101094,0.5412,Medium,New customer (tenure <= 6 months),Offer annual-plan incentive,Standard,Annual,2,364.83
1727,CUST100408,0.5411,Medium,Frequent support contacts; New customer (tenure <= 6 months),Priority callback from support lead,Basic,Annual,5,189.72
1728,CUST102151,0.541,Medium,Low satisfaction score; Month-to-month contract (no lock-in),Priority callback from support lead,Basic,Monthly,38,200.0
1729,CUST102562,0.541,Medium,Frequent support contacts; Low satisfaction score; Recent price increase; Month-to-month contract (no lock-in),Offer loyalty discount / plan review,Premium,Monthly,24,679.9
1730,CUST103298,0.5409,Medium,Usage dropped sharply over 3 months; New customer (tenure <= 6 months),Send re-engagement campaign / feature tips,Basic,Annual,2,192.41
1731,CUST102771,0.5405,Medium,Recent price increase; Month-to-month contract (no lock-in),Offer loyalty discount / plan review,Premium,Monthly,10,743.3
1732,CUST100242,0.5403,Medium,Recent price increase; Month-to-month contract (no lock-in),Offer loyalty discount / plan review,Premium,Monthly,18,690.26
1733,CUST103222,0.5402,Medium,Slow support resolution; New customer (tenure <= 6 months),Priority callback from support lead,Standard,Annual,4,394.44
1734,CUST100193,0.5402,Medium,Usage dropped sharply over 3 months,Send re-engagement campaign / feature tips,Basic,Annual,19,207.1
1735,CUST100125,0.54,Medium,Slow support resolution; Recent price increase; Month-to-month contract (no lock-in); New customer (tenure <= 6 months),Offer loyalty discount / plan review,Premium,Monthly,6,684.38
1736,CUST103515,0.5399,Medium,Usage dropped sharply over 3 months; Month-to-month contract (no lock-in),Send re-engagement campaign / feature tips,Standard,Monthly,18,388.36
1737,CUST100421,0.5399,Medium,Usage dropped sharply over 3 months; Recent price increase,Offer loyalty discount / plan review,Basic,Annual,21,217.64
1738,CUST102889,0.5399,Medium,Month-to-month contract (no lock-in),Offer annual-plan incentive,Standard,Monthly,21,377.36
1739,CUST102319,0.5399,Medium,Recent price increase; Month-to-month contract (no lock-in),Offer loyalty discount / plan review,Basic,Monthly,8,211.05
1740,CUST103029,0.5397,Medium,Slow support resolution; Month-to-month contract (no lock-in),Priority callback from support lead,Standard,Monthly,9,403.76
1741,CUST103631,0.5395,Medium,Low satisfaction score,Priority callback from support lead,Premium,Annual,19,633.63
1742,CUST104690,0.5394,Medium,Recent price increase; Month-to-month contract (no lock-in); New customer (tenure <= 6 months),Offer loyalty discount / plan review,Premium,Monthly,6,678.27
1743,CUST102792,0.5392,Medium,Low satisfaction score; New customer (tenure <= 6 months),Priority callback from support lead,Premium,Annual,1,714.75
1744,CUST104417,0.5391,Medium,Month-to-month contract (no lock-in); New customer (tenure <= 6 months),Offer annual-plan incentive,Basic,Monthly,3,210.28
1745,CUST102055,0.5388,Medium,New customer (tenure <= 6 months),Offer annual-plan incentive,Standard,Annual,1,403.49
1746,CUST103754,0.5388,Medium,Usage dropped sharply over 3 months; Repeated late payments; New customer (tenure <= 6 months),Send re-engagement campaign / feature tips,Standard,Annual,6,393.29
1747,CUST101179,0.5386,Medium,Slow support resolution; Month-to-month contract (no lock-in),Priority callback from support lead,Basic,Monthly,11,187.98
1748,CUST102842,0.5385,Medium,Month-to-month contract (no lock-in); New customer (tenure <= 6 months),Offer annual-plan incentive,Premium,Monthly,2,632.95
1749,CUST104386,0.5381,Medium,Month-to-month contract (no lock-in); New customer (tenure <= 6 months),Offer annual-plan incentive,Standard,Monthly,1,384.63
1750,CUST104166,0.5377,Medium,Usage dropped sharply over 3 months; Recent price increase; Month-to-month contract (no lock-in),Offer loyalty discount / plan review,Standard,Monthly,27,414.74
1751,CUST102013,0.5374,Medium,Slow support resolution; Month-to-month contract (no lock-in),Priority callback from support lead,Basic,Monthly,24,185.75
1752,CUST102260,0.5373,Medium,Month-to-month contract (no lock-in); New customer (tenure <= 6 months),Offer annual-plan incentive,Standard,Monthly,3,417.68
1753,CUST103321,0.5373,Medium,Low satisfaction score; New customer (tenure <= 6 months),Priority callback from support lead,Basic,Annual,3,207.29
1754,CUST100333,0.5372,Medium,Recent price increase; Month-to-month contract (no lock-in),Offer loyalty discount / plan review,Basic,Monthly,22,197.55
1755,CUST102626,0.5369,Medium,Month-to-month contract (no lock-in),Offer annual-plan incentive,Standard,Monthly,13,411.48
1756,CUST101968,0.5367,Medium,Slow support resolution,Priority callback from support lead,Standard,Annual,14,405.14
1757,CUST103401,0.5365,Medium,Month-to-month contract (no lock-in),Offer annual-plan incentive,Premium,Monthly,18,730.92
1758,CUST103878,0.5362,Medium,Slow support resolution; Month-to-month contract (no lock-in),Priority callback from support lead,Standard,Monthly,14,408.79
1759,CUST104604,0.5362,Medium,Slow support resolution; Month-to-month contract (no lock-in),Priority callback from support lead,Standard,Monthly,16,374.35
1760,CUST102159,0.536,Medium,Usage dropped sharply over 3 months; Slow support resolution,Priority callback from support lead,Basic,Annual,7,203.22
1761,CUST101649,0.5358,Medium,Recent price increase; New customer (tenure <= 6 months),Offer loyalty discount / plan review,Premium,Annual,1,684.18
1762,CUST103560,0.5356,Medium,Slow support resolution; Recent price increase; Month-to-month contract (no lock-in),Offer loyalty discount / plan review,Standard,Monthly,23,385.65
1763,CUST102654,0.5354,Medium,Frequent support contacts; Month-to-month contract (no lock-in),Priority callback from support lead,Basic,Monthly,17,188.44
1764,CUST103719,0.5354,Medium,Low satisfaction score,Priority callback from support lead,Standard,Annual,16,405.77
1765,CUST103841,0.5354,Medium,Month-to-month contract (no lock-in); New customer (tenure <= 6 months),Offer annual-plan incentive,Standard,Monthly,2,405.27
1766,CUST101477,0.5343,Medium,Month-to-month contract (no lock-in),Offer annual-plan incentive,Premium,Monthly,7,729.7
1767,CUST101578,0.534,Medium,Frequent support contacts; Month-to-month contract (no lock-in),Priority callback from support lead,Premium,Monthly,26,708.88
1768,CUST104729,0.534,Medium,Recent price increase,Offer loyalty discount / plan review,Standard,Annual,14,395.95
1769,CUST104968,0.5339,Medium,Month-to-month contract (no lock-in); New customer (tenure <= 6 months),Offer annual-plan incentive,Basic,Monthly,2,178.75
1770,CUST102732,0.5339,Medium,Frequent support contacts; Low satisfaction score; Month-to-month contract (no lock-in),Priority callback from support lead,Basic,Monthly,19,207.63
1771,CUST103071,0.5338,Medium,Low satisfaction score; Month-to-month contract (no lock-in),Priority callback from support lead,Basic,Monthly,16,203.04
1772,CUST101333,0.5334,Medium,Usage dropped sharply over 3 months; Low satisfaction score,Priority callback from support lead,Basic,Annual,7,205.68
1773,CUST103912,0.533,Medium,Month-to-month contract (no lock-in),Offer annual-plan incentive,Premium,Monthly,10,711.48
1774,CUST102507,0.5329,Medium,Month-to-month contract (no lock-in),Offer annual-plan incentive,Premium,Monthly,9,733.88
1775,CUST102216,0.5328,Medium,Month-to-month contract (no lock-in); New customer (tenure <= 6 months),Offer annual-plan incentive,Standard,Monthly,6,382.6
1776,CUST103894,0.5327,Medium,Slow support resolution; Low satisfaction score,Priority callback from support lead,Standard,Annual,8,383.67
1777,CUST101964,0.5327,Medium,Frequent support contacts; Month-to-month contract (no lock-in),Priority callback from support lead,Basic,Monthly,9,186.4
1778,CUST100687,0.5327,Medium,Month-to-month contract (no lock-in),Offer annual-plan incentive,Basic,Monthly,36,200.53
1779,CUST104171,0.5325,Medium,Slow support resolution; Month-to-month contract (no lock-in),Priority callback from support lead,Standard,Monthly,7,377.31
1780,CUST100844,0.5323,Medium,Slow support resolution; Month-to-month contract (no lock-in),Priority callback from support lead,Premium,Monthly,7,680.16
1781,CUST104741,0.5322,Medium,Slow support resolution; Repeated late payments,Priority callback from support lead,Premium,Annual,9,699.21
1782,CUST100499,0.5321,Medium,Frequent support contacts; Month-to-month contract (no lock-in),Priority callback from support lead,Premium,Monthly,8,758.77
1783,CUST104798,0.5319,Medium,Recent price increase; Month-to-month contract (no lock-in),Offer loyalty discount / plan review,Premium,Monthly,7,663.42
1784,CUST104431,0.5317,Medium,Frequent support contacts; Low satisfaction score; New customer (tenure <= 6 months),Priority callback from support lead,Standard,Annual,2,395.47
1785,CUST102770,0.5315,Medium,Month-to-month contract (no lock-in); New customer (tenure <= 6 months),Offer annual-plan incentive,Basic,Monthly,2,196.55
1786,CUST103694,0.531,Medium,Frequent support contacts; Month-to-month contract (no lock-in),Priority callback from support lead,Premium,Monthly,19,722.54
1787,CUST101971,0.5309,Medium,Recent price increase; New customer (tenure <= 6 months),Offer loyalty discount / plan review,Standard,Annual,4,400.7
1788,CUST103687,0.5309,Medium,Month-to-month contract (no lock-in); New customer (tenure <= 6 months),Offer annual-plan incentive,Premium,Monthly,4,635.87
1789,CUST101334,0.5308,Medium,Usage dropped sharply over 3 months; Slow support resolution,Priority callback from support lead,Standard,Annual,7,414.39
1790,CUST101573,0.5305,Medium,Month-to-month contract (no lock-in),Offer annual-plan incentive,Premium,Monthly,17,680.29
1791,CUST101753,0.5305,Medium,Slow support resolution; Repeated late payments; Month-to-month contract (no lock-in),Priority callback from support lead,Standard,Monthly,13,385.68
1792,CUST102046,0.5305,Medium,Low satisfaction score; Repeated late payments; New customer (tenure <= 6 months),Priority callback from support lead,Basic,Annual,6,212.1
1793,CUST103907,0.5304,Medium,Low satisfaction score; Recent price increase; Month-to-month contract (no lock-in); New customer (tenure <= 6 months),Offer loyalty discount / plan review,Basic,Monthly,5,194.48
1794,CUST102526,0.5304,Medium,Month-to-month contract (no lock-in),Offer annual-plan incentive,Basic,Monthly,12,197.9
1795,CUST100930,0.5302,Medium,Month-to-month contract (no lock-in),Offer annual-plan incentive,Basic,Monthly,11,211.1
1796,CUST102640,0.5298,Medium,Slow support resolution; Low satisfaction score,Priority callback from support lead,Standard,Annual,11,386.81
1797,CUST104578,0.5298,Medium,Usage dropped sharply over 3 months; Low satisfaction score,Priority callback from support lead,Standard,Annual,9,367.67
1798,CUST104751,0.5296,Medium,Recent price increase,Offer loyalty discount / plan review,Standard,Annual,11,396.32
1799,CUST100689,0.5295,Medium,Usage dropped sharply over 3 months; Frequent support contacts; Slow support resolution; New customer (tenure <= 6 months),Priority callback from support lead,Standard,Annual,4,406.32
1800,CUST102233,0.529,Medium,Usage dropped sharply over 3 months; Frequent support contacts,Priority callback from support lead,Standard,Annual,24,364.81
1801,CUST104576,0.5287,Medium,Low satisfaction score,Priority callback from support lead,Basic,Annual,7,211.86
1802,CUST101510,0.5285,Medium,Month-to-month contract (no lock-in); New customer (tenure <= 6 months),Offer annual-plan incentive,Basic,Monthly,1,214.42
1803,CUST102956,0.5279,Medium,Frequent support contacts,Priority callback from support lead,Standard,Annual,7,378.06
1804,CUST100325,0.5275,Medium,Month-to-month contract (no lock-in),Offer annual-plan incentive,Standard,Monthly,17,380.83
1805,CUST100386,0.5273,Medium,Repeated late payments; Recent price increase; Month-to-month contract (no lock-in); New customer (tenure <= 6 months),Offer loyalty discount / plan review,Standard,Monthly,4,409.02
1806,CUST101169,0.5272,Medium,Recent price increase,Offer loyalty discount / plan review,Basic,Annual,55,194.95
1807,CUST100585,0.5272,Medium,New customer (tenure <= 6 months),Offer annual-plan incentive,Standard,Annual,1,390.99
1808,CUST104219,0.5272,Medium,Usage dropped sharply over 3 months; Slow support resolution; New customer (tenure <= 6 months),Priority callback from support lead,Standard,Annual,6,406.21
1809,CUST103040,0.5271,Medium,Recent price increase; Month-to-month contract (no lock-in),Offer loyalty discount / plan review,Standard,Monthly,13,446.24
1810,CUST100377,0.5269,Medium,Recent price increase; Month-to-month contract (no lock-in),Offer loyalty discount / plan review,Basic,Monthly,17,193.53
1811,CUST103209,0.5269,Medium,Month-to-month contract (no lock-in),Offer annual-plan incentive,Basic,Monthly,18,203.57
1812,CUST104438,0.5268,Medium,Month-to-month contract (no lock-in),Offer annual-plan incentive,Basic,Monthly,32,217.22
1813,CUST103617,0.5267,Medium,Month-to-month contract (no lock-in); New customer (tenure <= 6 months),Offer annual-plan incentive,Basic,Monthly,3,185.74
1814,CUST100961,0.5264,Medium,Month-to-month contract (no lock-in),Offer annual-plan incentive,Standard,Monthly,16,437.36
1815,CUST104344,0.5259,Medium,Usage dropped sharply over 3 months; Month-to-month contract (no lock-in),Send re-engagement campaign / feature tips,Premium,Monthly,21,683.85
1816,CUST103294,0.5258,Medium,Usage dropped sharply over 3 months; Month-to-month contract (no lock-in); New customer (tenure <= 6 months),Send re-engagement campaign / feature tips,Standard,Monthly,5,385.69
1817,CUST102146,0.5258,Medium,Usage dropped sharply over 3 months; Month-to-month contract (no lock-in),Send re-engagement campaign / feature tips,Basic,Monthly,16,199.48
1818,CUST100741,0.5256,Medium,Month-to-month contract (no lock-in),Offer annual-plan incentive,Basic,Monthly,9,206.52
1819,CUST101368,0.5256,Medium,Usage dropped sharply over 3 months; New customer (tenure <= 6 months),Send re-engagement campaign / feature tips,Basic,Annual,1,200.17
1820,CUST104422,0.5253,Medium,Month-to-month contract (no lock-in),Offer annual-plan incentive,Standard,Monthly,9,392.43
1821,CUST101348,0.5252,Medium,Repeated late payments; Month-to-month contract (no lock-in); New customer (tenure <= 6 months),Offer flexible payment / autopay setup,Basic,Monthly,3,192.51
1822,CUST101052,0.5248,Medium,Usage dropped sharply over 3 months; Repeated late payments; New customer (tenure <= 6 months),Send re-engagement campaign / feature tips,Basic,Annual,5,195.96
1823,CUST102879,0.5247,Medium,Recent price increase; New customer (tenure <= 6 months),Offer loyalty discount / plan review,Basic,Annual,4,200.61
1824,CUST101966,0.5246,Medium,Repeated late payments; Month-to-month contract (no lock-in); New customer (tenure <= 6 months),Offer flexible payment / autopay setup,Basic,Monthly,5,191.47
1825,CUST103291,0.5241,Medium,General elevated risk - manual review,Offer annual-plan incentive,Premium,Annual,7,708.72
1826,CUST104586,0.524,Medium,Month-to-month contract (no lock-in); New customer (tenure <= 6 months),Offer annual-plan incentive,Premium,Monthly,1,653.11
1827,CUST103614,0.5235,Medium,New customer (tenure <= 6 months),Offer annual-plan incentive,Basic,Annual,5,194.53
1828,CUST102627,0.5228,Medium,Month-to-month contract (no lock-in),Offer annual-plan incentive,Standard,Monthly,17,439.42
1829,CUST101846,0.5227,Medium,Month-to-month contract (no lock-in); New customer (tenure <= 6 months),Offer annual-plan incentive,Basic,Monthly,2,202.65
1830,CUST103881,0.5226,Medium,Month-to-month contract (no lock-in),Offer annual-plan incentive,Premium,Monthly,11,686.79
1831,CUST101836,0.5223,Medium,Low satisfaction score; Recent price increase; Month-to-month contract (no lock-in),Offer loyalty discount / plan review,Standard,Monthly,12,373.07
1832,CUST101247,0.5222,Medium,Recent price increase; Month-to-month contract (no lock-in),Offer loyalty discount / plan review,Basic,Monthly,28,199.98
1833,CUST100188,0.522,Medium,Slow support resolution; Month-to-month contract (no lock-in),Priority callback from support lead,Basic,Monthly,7,204.89
1834,CUST101692,0.5217,Medium,Slow support resolution; Month-to-month contract (no lock-in),Priority callback from support lead,Standard,Monthly,9,396.39
1835,CUST101917,0.5216,Medium,Usage dropped sharply over 3 months; Month-to-month contract (no lock-in); New customer (tenure <= 6 months),Send re-engagement campaign / feature tips,Basic,Monthly,6,195.89
1836,CUST102664,0.5211,Medium,Low satisfaction score; Month-to-month contract (no lock-in); New customer (tenure <= 6 months),Priority callback from support lead,Basic,Monthly,1,197.79
1837,CUST103506,0.5209,Medium,Month-to-month contract (no lock-in),Offer annual-plan incentive,Basic,Monthly,27,190.33
1838,CUST102996,0.5208,Medium,Month-to-month contract (no lock-in),Offer annual-plan incentive,Basic,Monthly,25,202.71
1839,CUST104011,0.5205,Medium,Slow support resolution; New customer (tenure <= 6 months),Priority callback from support lead,Standard,Annual,5,373.48
1840,CUST103712,0.5203,Medium,Low satisfaction score; Month-to-month contract (no lock-in),Priority callback from support lead,Standard,Monthly,9,391.11
1841,CUST100321,0.5203,Medium,Month-to-month contract (no lock-in); New customer (tenure <= 6 months),Offer annual-plan incentive,Standard,Monthly,6,378.17
1842,CUST104868,0.5202,Medium,Month-to-month contract (no lock-in),Offer annual-plan incentive,Basic,Monthly,15,185.17
1843,CUST104146,0.5202,Medium,Slow support resolution; Month-to-month contract (no lock-in),Priority callback from support lead,Basic,Monthly,17,185.28
1844,CUST102421,0.5193,Medium,Slow support resolution; Repeated late payments; Month-to-month contract (no lock-in),Priority callback from support lead,Basic,Monthly,23,210.02
1845,CUST103997,0.5193,Medium,Month-to-month contract (no lock-in),Offer annual-plan incentive,Standard,Monthly,13,426.95
1846,CUST101584,0.5192,Medium,Month-to-month contract (no lock-in); New customer (tenure <= 6 months),Offer annual-plan incentive,Basic,Monthly,1,197.17
1847,CUST104227,0.5186,Medium,Month-to-month contract (no lock-in),Offer annual-plan incentive,Premium,Monthly,26,621.54
1848,CUST103902,0.5185,Medium,Month-to-month contract (no lock-in),Offer annual-plan incentive,Standard,Monthly,14,382.35
1849,CUST104000,0.5184,Medium,Usage dropped sharply over 3 months; Month-to-month contract (no lock-in),Send re-engagement campaign / feature tips,Basic,Monthly,25,182.5
1850,CUST103511,0.5177,Medium,Slow support resolution; Low satisfaction score; Repeated late payments; New customer (tenure <= 6 months),Priority callback from support lead,Standard,Annual,1,375.85
1851,CUST104144,0.5175,Medium,Month-to-month contract (no lock-in),Offer annual-plan incentive,Premium,Monthly,30,782.99
1852,CUST102199,0.5169,Medium,General elevated risk - manual review,Offer annual-plan incentive,Basic,Annual,26,186.89
1853,CUST100319,0.5168,Medium,Repeated late payments,Offer flexible payment / autopay setup,Basic,Annual,10,194.56
1854,CUST102652,0.5167,Medium,Slow support resolution; Repeated late payments; Month-to-month contract (no lock-in),Priority callback from support lead,Basic,Monthly,29,192.37
1855,CUST103550,0.5165,Medium,Slow support resolution; Month-to-month contract (no lock-in),Priority callback from support lead,Standard,Monthly,19,426.46
1856,CUST104151,0.5162,Medium,Low satisfaction score; Month-to-month contract (no lock-in); New customer (tenure <= 6 months),Priority callback from support lead,Standard,Monthly,3,394.24
1857,CUST103441,0.5159,Medium,Month-to-month contract (no lock-in),Offer annual-plan incentive,Basic,Monthly,36,201.65
1858,CUST100536,0.5156,Medium,Month-to-month contract (no lock-in),Offer annual-plan incentive,Standard,Monthly,8,429.75
1859,CUST104087,0.5154,Medium,Usage dropped sharply over 3 months; Month-to-month contract (no lock-in); New customer (tenure <= 6 months),Send re-engagement campaign / feature tips,Basic,Monthly,6,194.89
1860,CUST104459,0.5154,Medium,Low satisfaction score; Month-to-month contract (no lock-in),Priority callback from support lead,Basic,Monthly,39,207.57
1861,CUST104195,0.5153,Medium,Usage dropped sharply over 3 months; Low satisfaction score; Recent price increase,Offer loyalty discount / plan review,Standard,Annual,15,389.03
1862,CUST100510,0.5147,Medium,Usage dropped sharply over 3 months; Month-to-month contract (no lock-in),Send re-engagement campaign / feature tips,Standard,Monthly,21,429.08
1863,CUST102191,0.5146,Medium,Recent price increase; Month-to-month contract (no lock-in); New customer (tenure <= 6 months),Offer loyalty discount / plan review,Basic,Monthly,5,201.06
1864,CUST101501,0.5143,Medium,Month-to-month contract (no lock-in),Offer annual-plan incentive,Standard,Monthly,25,405.3
1865,CUST104442,0.5138,Medium,Low satisfaction score; New customer (tenure <= 6 months),Priority callback from support lead,Standard,Annual,6,435.88
1866,CUST104470,0.5135,Medium,Slow support resolution; Month-to-month contract (no lock-in),Priority callback from support lead,Premium,Monthly,9,704.12
1867,CUST103974,0.5134,Medium,Recent price increase,Offer loyalty discount / plan review,Standard,Annual,7,401.07
1868,CUST104141,0.5132,Medium,Month-to-month contract (no lock-in),Offer annual-plan incentive,Standard,Monthly,19,384.42
1869,CUST101034,0.5129,Medium,Month-to-month contract (no lock-in),Offer annual-plan incentive,Premium,Monthly,29,722.07
1870,CUST104739,0.5124,Medium,Slow support resolution; Repeated late payments; Month-to-month contract (no lock-in),Priority callback from support lead,Basic,Monthly,7,208.13
1871,CUST103031,0.5124,Medium,Month-to-month contract (no lock-in); New customer (tenure <= 6 months),Offer annual-plan incentive,Basic,Monthly,2,186.62
1872,CUST100691,0.5119,Medium,Usage dropped sharply over 3 months; Recent price increase; Month-to-month contract (no lock-in),Offer loyalty discount / plan review,Basic,Monthly,15,193.64
1873,CUST102577,0.5117,Medium,Month-to-month contract (no lock-in),Offer annual-plan incentive,Standard,Monthly,9,409.29
1874,CUST102423,0.5115,Medium,Repeated late payments; Month-to-month contract (no lock-in),Offer flexible payment / autopay setup,Standard,Monthly,32,389.25
1875,CUST102117,0.5114,Medium,Month-to-month contract (no lock-in),Offer annual-plan incentive,Basic,Monthly,13,194.58
1876,CUST102540,0.5113,Medium,Month-to-month contract (no lock-in),Offer annual-plan incentive,Basic,Monthly,15,201.53
1877,CUST103891,0.5108,Medium,Low satisfaction score,Priority callback from support lead,Standard,Annual,8,439.04
1878,CUST100016,0.5106,Medium,Month-to-month contract (no lock-in),Offer annual-plan incentive,Basic,Monthly,8,184.98
1879,CUST104314,0.5103,Medium,Low satisfaction score; New customer (tenure <= 6 months),Priority callback from support lead,Standard,Annual,4,375.45
1880,CUST103220,0.5101,Medium,Repeated late payments; Month-to-month contract (no lock-in),Offer flexible payment / autopay setup,Standard,Monthly,18,386.34
1881,CUST104306,0.5098,Medium,Low satisfaction score; Month-to-month contract (no lock-in),Priority callback from support lead,Standard,Monthly,25,389.27
1882,CUST101790,0.5095,Medium,Month-to-month contract (no lock-in),Offer annual-plan incentive,Basic,Monthly,17,200.54
1883,CUST100678,0.5092,Medium,Slow support resolution; Month-to-month contract (no lock-in),Priority callback from support lead,Premium,Monthly,9,695.37
1884,CUST103769,0.5092,Medium,Month-to-month contract (no lock-in),Offer annual-plan incentive,Basic,Monthly,19,184.6
1885,CUST102817,0.5092,Medium,New customer (tenure <= 6 months),Offer annual-plan incentive,Basic,Annual,1,200.1
1886,CUST102332,0.5091,Medium,Month-to-month contract (no lock-in),Offer annual-plan incentive,Basic,Monthly,14,215.65
1887,CUST100121,0.5091,Medium,Month-to-month contract (no lock-in),Offer annual-plan incentive,Basic,Monthly,35,186.86
1888,CUST100824,0.509,Medium,Slow support resolution; Month-to-month contract (no lock-in),Priority callback from support lead,Basic,Monthly,30,196.91
1889,CUST102036,0.509,Medium,Recent price increase; Month-to-month contract (no lock-in); New customer (tenure <= 6 months),Offer loyalty discount / plan review,Premium,Monthly,2,636.8
1890,CUST103226,0.5086,Medium,Frequent support contacts; Low satisfaction score; Repeated late payments,Priority callback from support lead,Standard,Annual,35,409.37
1891,CUST104364,0.5085,Medium,Month-to-month contract (no lock-in),Offer annual-plan incentive,Premium,Monthly,12,667.24
1892,CUST100664,0.5084,Medium,Frequent support contacts; Month-to-month contract (no lock-in),Priority callback from support lead,Basic,Monthly,8,182.57
1893,CUST101944,0.5083,Medium,Slow support resolution; Month-to-month contract (no lock-in),Priority callback from support lead,Basic,Monthly,10,198.03
1894,CUST102920,0.5081,Medium,Slow support resolution; Month-to-month contract (no lock-in),Priority callback from support lead,Premium,Monthly,9,721.28
1895,CUST102467,0.5081,Medium,Frequent support contacts; Month-to-month contract (no lock-in),Priority callback from support lead,Standard,Monthly,7,392.23
1896,CUST101768,0.508,Medium,Slow support resolution; New customer (tenure <= 6 months),Priority callback from support lead,Standard,Annual,2,424.05
1897,CUST100171,0.5079,Medium,Low satisfaction score; Month-to-month contract (no lock-in),Priority callback from support lead,Standard,Monthly,17,436.93
1898,CUST104786,0.5078,Medium,Month-to-month contract (no lock-in); New customer (tenure <= 6 months),Offer annual-plan incentive,Basic,Monthly,5,186.34
1899,CUST101579,0.5078,Medium,Usage dropped sharply over 3 months; Month-to-month contract (no lock-in),Send re-engagement campaign / feature tips,Basic,Monthly,8,209.09
1900,CUST100274,0.5077,Medium,Recent price increase,Offer loyalty discount / plan review,Premium,Annual,44,682.05
1901,CUST100839,0.5076,Medium,Month-to-month contract (no lock-in); New customer (tenure <= 6 months),Offer annual-plan incentive,Standard,Monthly,6,414.15
1902,CUST103188,0.5075,Medium,Month-to-month contract (no lock-in); New customer (tenure <= 6 months),Offer annual-plan incentive,Basic,Monthly,6,192.45
1903,CUST104808,0.5075,Medium,Usage dropped sharply over 3 months; Slow support resolution; Month-to-month contract (no lock-in); New customer (tenure <= 6 months),Priority callback from support lead,Premium,Monthly,6,697.73
1904,CUST102751,0.5075,Medium,Usage dropped sharply over 3 months; Slow support resolution; Recent price increase; New customer (tenure <= 6 months),Offer loyalty discount / plan review,Basic,Annual,1,187.97
1905,CUST103691,0.5074,Medium,Slow support resolution; Recent price increase; Month-to-month contract (no lock-in),Offer loyalty discount / plan review,Premium,Monthly,12,712.2
1906,CUST104375,0.507,Medium,Month-to-month contract (no lock-in),Offer annual-plan incentive,Basic,Monthly,13,206.46
1907,CUST102939,0.5068,Medium,Low satisfaction score; Repeated late payments; Month-to-month contract (no lock-in),Priority callback from support lead,Standard,Monthly,11,411.35
1908,CUST102029,0.5068,Medium,Repeated late payments; New customer (tenure <= 6 months),Offer flexible payment / autopay setup,Premium,Annual,6,613.06
1909,CUST100082,0.5067,Medium,Usage dropped sharply over 3 months,Send re-engagement campaign / feature tips,Standard,Annual,10,407.28
1910,CUST100235,0.5065,Medium,Month-to-month contract (no lock-in),Offer annual-plan incentive,Basic,Monthly,7,226.29
1911,CUST101857,0.5065,Medium,Month-to-month contract (no lock-in); New customer (tenure <= 6 months),Offer annual-plan incentive,Premium,Monthly,5,717.86
1912,CUST101623,0.5062,Medium,Frequent support contacts; Low satisfaction score; Month-to-month contract (no lock-in),Priority callback from support lead,Basic,Monthly,19,192.91
1913,CUST102261,0.5062,Medium,Month-to-month contract (no lock-in),Offer annual-plan incentive,Premium,Monthly,16,746.1
1914,CUST101437,0.5061,Medium,Frequent support contacts; New customer (tenure <= 6 months),Priority callback from support lead,Basic,Annual,3,210.56
1915,CUST100337,0.5059,Medium,Low satisfaction score,Priority callback from support lead,Basic,Annual,7,185.37
1916,CUST102116,0.5055,Medium,Repeated late payments; Month-to-month contract (no lock-in),Offer flexible payment / autopay setup,Standard,Monthly,9,369.71
1917,CUST104614,0.5048,Medium,Slow support resolution; Month-to-month contract (no lock-in); New customer (tenure <= 6 months),Priority callback from support lead,Standard,Monthly,3,402.08
1918,CUST101504,0.5046,Medium,Recent price increase; Month-to-month contract (no lock-in); New customer (tenure <= 6 months),Offer loyalty discount / plan review,Standard,Monthly,2,399.48
1919,CUST103123,0.5045,Medium,Usage dropped sharply over 3 months; Month-to-month contract (no lock-in); New customer (tenure <= 6 months),Send re-engagement campaign / feature tips,Basic,Monthly,4,208.01
1920,CUST101566,0.5039,Medium,Usage dropped sharply over 3 months; Frequent support contacts; New customer (tenure <= 6 months),Priority callback from support lead,Basic,Annual,6,192.59
1921,CUST102106,0.5038,Medium,Slow support resolution; Low satisfaction score; New customer (tenure <= 6 months),Priority callback from support lead,Standard,Annual,6,402.11
1922,CUST102989,0.5036,Medium,Month-to-month contract (no lock-in); New customer (tenure <= 6 months),Offer annual-plan incentive,Standard,Monthly,2,405.35
1923,CUST104717,0.5035,Medium,Recent price increase; Month-to-month contract (no lock-in); New customer (tenure <= 6 months),Offer loyalty discount / plan review,Standard,Monthly,6,396.9
1924,CUST104078,0.5034,Medium,Month-to-month contract (no lock-in),Offer annual-plan incentive,Basic,Monthly,7,200.59
1925,CUST101632,0.502,Medium,Month-to-month contract (no lock-in),Offer annual-plan incentive,Standard,Monthly,12,433.34
1926,CUST102021,0.5018,Medium,Usage dropped sharply over 3 months,Send re-engagement campaign / feature tips,Standard,Annual,8,422.7
1927,CUST103586,0.5017,Medium,Slow support resolution; Recent price increase; Month-to-month contract (no lock-in),Offer loyalty discount / plan review,Basic,Monthly,29,191.49
1928,CUST100103,0.5013,Medium,Usage dropped sharply over 3 months,Send re-engagement campaign / feature tips,Standard,Annual,20,373.36
1929,CUST101267,0.5013,Medium,New customer (tenure <= 6 months),Offer annual-plan incentive,Standard,Annual,4,410.39
1930,CUST104400,0.501,Medium,Slow support resolution; Month-to-month contract (no lock-in),Priority callback from support lead,Premium,Monthly,11,770.37
1931,CUST104387,0.5009,Medium,Very low engagement (usage/logins),Send re-engagement campaign / feature tips,Basic,Annual,23,203.02
1932,CUST103036,0.5006,Medium,Slow support resolution; Month-to-month contract (no lock-in); New customer (tenure <= 6 months),Priority callback from support lead,Standard,Monthly,1,363.85
1933,CUST104712,0.5006,Medium,Frequent support contacts; Slow support resolution; Month-to-month contract (no lock-in),Priority callback from support lead,Basic,Monthly,21,192.93
1934,CUST103654,0.4998,Medium,Month-to-month contract (no lock-in),Offer annual-plan incentive,Basic,Monthly,7,195.08
1935,CUST103205,0.4994,Medium,New customer (tenure <= 6 months),Offer annual-plan incentive,Basic,Annual,5,195.2
1936,CUST103993,0.4992,Medium,Month-to-month contract (no lock-in),Offer annual-plan incentive,Basic,Monthly,22,196.22
1937,CUST101931,0.499,Medium,Low satisfaction score; Recent price increase; Month-to-month contract (no lock-in),Offer loyalty discount / plan review,Standard,Monthly,39,390.16
1938,CUST100923,0.4985,Medium,Usage dropped sharply over 3 months; Frequent support contacts; New customer (tenure <= 6 months),Priority callback from support lead,Standard,Annual,2,339.86
1939,CUST103605,0.4984,Medium,Low satisfaction score; Month-to-month contract (no lock-in); New customer (tenure <= 6 months),Priority callback from support lead,Standard,Monthly,1,384.98
1940,CUST100517,0.4979,Medium,Month-to-month contract (no lock-in),Offer annual-plan incentive,Basic,Monthly,25,187.9
1941,CUST103583,0.4978,Medium,Month-to-month contract (no lock-in),Offer annual-plan incentive,Basic,Monthly,7,191.17
1942,CUST101638,0.4975,Medium,Usage dropped sharply over 3 months,Send re-engagement campaign / feature tips,Premium,Annual,23,641.04
1943,CUST102150,0.4974,Medium,Slow support resolution; Recent price increase; Month-to-month contract (no lock-in); New customer (tenure <= 6 months),Offer loyalty discount / plan review,Standard,Monthly,2,426.66
1944,CUST104083,0.4973,Medium,Repeated late payments; Month-to-month contract (no lock-in),Offer flexible payment / autopay setup,Basic,Monthly,25,176.28
1945,CUST104368,0.4972,Medium,Month-to-month contract (no lock-in); New customer (tenure <= 6 months),Offer annual-plan incentive,Premium,Monthly,1,737.72
1946,CUST100921,0.4972,Medium,General elevated risk - manual review,Offer annual-plan incentive,Basic,Annual,22,199.38
1947,CUST102056,0.4972,Medium,Low satisfaction score; Month-to-month contract (no lock-in); New customer (tenure <= 6 months),Priority callback from support lead,Standard,Monthly,5,348.15
1948,CUST101650,0.4972,Medium,Month-to-month contract (no lock-in),Offer annual-plan incentive,Premium,Monthly,8,733.02
1949,CUST102101,0.497,Medium,Slow support resolution; Month-to-month contract (no lock-in),Priority callback from support lead,Basic,Monthly,8,194.88
1950,CUST103280,0.4968,Medium,Slow support resolution; New customer (tenure <= 6 months),Priority callback from support lead,Basic,Annual,2,202.55
1951,CUST102958,0.4958,Medium,Repeated late payments; Month-to-month contract (no lock-in),Offer flexible payment / autopay setup,Premium,Monthly,41,686.74
1952,CUST104353,0.4957,Medium,Usage dropped sharply over 3 months; Recent price increase; Month-to-month contract (no lock-in); New customer (tenure <= 6 months),Offer loyalty discount / plan review,Basic,Monthly,6,195.79
1953,CUST102417,0.4956,Medium,Low satisfaction score; New customer (tenure <= 6 months),Priority callback from support lead,Standard,Annual,3,362.2
1954,CUST104990,0.4954,Medium,Recent price increase; Month-to-month contract (no lock-in); New customer (tenure <= 6 months),Offer loyalty discount / plan review,Basic,Monthly,3,203.69
1955,CUST101282,0.495,Medium,Frequent support contacts; Slow support resolution; Recent price increase; Month-to-month contract (no lock-in),Offer loyalty discount / plan review,Standard,Monthly,1,386.77
1956,CUST104324,0.4949,Medium,Month-to-month contract (no lock-in),Offer annual-plan incentive,Standard,Monthly,7,370.39
1957,CUST104648,0.4948,Medium,Month-to-month contract (no lock-in); New customer (tenure <= 6 months),Offer annual-plan incentive,Basic,Monthly,5,192.54
1958,CUST100948,0.4948,Medium,Month-to-month contract (no lock-in),Offer annual-plan incentive,Basic,Monthly,31,199.83
1959,CUST101792,0.4948,Medium,Low satisfaction score,Priority callback from support lead,Standard,Annual,40,415.65
1960,CUST102612,0.4946,Medium,Month-to-month contract (no lock-in),Offer annual-plan incentive,Basic,Monthly,20,205.89
1961,CUST102112,0.4941,Medium,Low satisfaction score; Recent price increase; Month-to-month contract (no lock-in),Offer loyalty discount / plan review,Standard,Monthly,7,389.13
1962,CUST103518,0.4939,Medium,Usage dropped sharply over 3 months; Slow support resolution; New customer (tenure <= 6 months),Priority callback from support lead,Premium,Annual,3,688.65
1963,CUST103149,0.4938,Medium,Repeated late payments; Month-to-month contract (no lock-in),Offer flexible payment / autopay setup,Basic,Monthly,7,186.9
1964,CUST102730,0.4937,Medium,Recent price increase; Month-to-month contract (no lock-in); New customer (tenure <= 6 months),Offer loyalty discount / plan review,Standard,Monthly,4,381.08
1965,CUST103472,0.4937,Medium,Month-to-month contract (no lock-in),Offer annual-plan incentive,Basic,Monthly,7,201.65
1966,CUST102232,0.4937,Medium,Slow support resolution,Priority callback from support lead,Basic,Annual,26,217.32
1967,CUST102717,0.4936,Medium,Low satisfaction score; Recent price increase; Month-to-month contract (no lock-in),Offer loyalty discount / plan review,Standard,Monthly,13,392.07
1968,CUST102554,0.4932,Medium,Month-to-month contract (no lock-in); New customer (tenure <= 6 months),Offer annual-plan incentive,Basic,Monthly,3,204.02
1969,CUST103830,0.4931,Medium,Month-to-month contract (no lock-in); New customer (tenure <= 6 months),Offer annual-plan incentive,Basic,Monthly,4,203.3
1970,CUST102702,0.4931,Medium,Usage dropped sharply over 3 months; Frequent support contacts,Priority callback from support lead,Premium,Annual,35,630.48
1971,CUST101743,0.4924,Medium,Repeated late payments,Offer flexible payment / autopay setup,Premium,Annual,18,707.05
1972,CUST102720,0.4924,Medium,New customer (tenure <= 6 months),Offer annual-plan incentive,Basic,Annual,3,177.79
1973,CUST102677,0.4923,Medium,Recent price increase; Month-to-month contract (no lock-in),Offer loyalty discount / plan review,Basic,Monthly,14,219.62
1974,CUST103297,0.4922,Medium,Month-to-month contract (no lock-in),Offer annual-plan incentive,Standard,Monthly,31,445.39
1975,CUST103035,0.4919,Medium,Frequent support contacts; Month-to-month contract (no lock-in),Priority callback from support lead,Standard,Monthly,23,408.81
1976,CUST100113,0.4917,Medium,Frequent support contacts; Month-to-month contract (no lock-in),Priority callback from support lead,Basic,Monthly,15,193.62
1977,CUST102882,0.4916,Medium,Usage dropped sharply over 3 months; Month-to-month contract (no lock-in),Send re-engagement campaign / feature tips,Basic,Monthly,15,207.34
1978,CUST100848,0.4909,Medium,Month-to-month contract (no lock-in); New customer (tenure <= 6 months),Offer annual-plan incentive,Standard,Monthly,2,405.67
1979,CUST101440,0.4909,Medium,Usage dropped sharply over 3 months; Recent price increase; New customer (tenure <= 6 months),Offer loyalty discount / plan review,Basic,Annual,2,207.17
1980,CUST103986,0.4908,Medium,Frequent support contacts; Month-to-month contract (no lock-in),Priority callback from support lead,Standard,Monthly,7,395.44
1981,CUST104955,0.4908,Medium,Month-to-month contract (no lock-in); New customer (tenure <= 6 months),Offer annual-plan incentive,Basic,Monthly,1,202.21
1982,CUST103054,0.4904,Medium,Slow support resolution,Priority callback from support lead,Basic,Annual,14,185.99
1983,CUST101110,0.4901,Medium,Repeated late payments; Month-to-month contract (no lock-in),Offer flexible payment / autopay setup,Premium,Monthly,10,690.91
1984,CUST102616,0.4895,Medium,Low satisfaction score; Month-to-month contract (no lock-in),Priority callback from support lead,Standard,Monthly,8,370.33
1985,CUST102248,0.4893,Medium,General elevated risk - manual review,Offer annual-plan incentive,Basic,Annual,18,201.11
1986,CUST101989,0.4893,Medium,Slow support resolution; Recent price increase; Month-to-month contract (no lock-in),Offer loyalty discount / plan review,Standard,Monthly,72,401.21
1987,CUST100607,0.4891,Medium,Low satisfaction score; New customer (tenure <= 6 months),Priority callback from support lead,Premium,Annual,1,690.0
1988,CUST103335,0.4891,Medium,Repeated late payments; Month-to-month contract (no lock-in); New customer (tenure <= 6 months),Offer flexible payment / autopay setup,Standard,Monthly,4,374.03
1989,CUST100249,0.4891,Medium,Frequent support contacts; Slow support resolution,Priority callback from support lead,Premium,Annual,10,660.63
1990,CUST102452,0.4891,Medium,Low satisfaction score; Month-to-month contract (no lock-in),Priority callback from support lead,Standard,Monthly,44,433.79
1991,CUST103108,0.4889,Medium,Month-to-month contract (no lock-in),Offer annual-plan incentive,Standard,Monthly,13,415.66
1992,CUST100737,0.4886,Medium,Month-to-month contract (no lock-in),Offer annual-plan incentive,Standard,Monthly,7,405.6
1993,CUST104858,0.4885,Medium,General elevated risk - manual review,Offer annual-plan incentive,Basic,Annual,22,205.85
1994,CUST101039,0.4884,Medium,Usage dropped sharply over 3 months; Month-to-month contract (no lock-in),Send re-engagement campaign / feature tips,Basic,Monthly,23,203.01
1995,CUST101256,0.488,Medium,Month-to-month contract (no lock-in); New customer (tenure <= 6 months),Offer annual-plan incentive,Basic,Monthly,1,209.53
1996,CUST100631,0.488,Medium,Low satisfaction score; Month-to-month contract (no lock-in),Priority callback from support lead,Standard,Monthly,24,453.96
1997,CUST103731,0.4879,Medium,Month-to-month contract (no lock-in),Offer annual-plan incentive,Standard,Monthly,11,395.23
1998,CUST100907,0.4877,Medium,New customer (tenure <= 6 months),Offer annual-plan incentive,Standard,Annual,5,385.23
1999,CUST100675,0.4876,Medium,Slow support resolution,Priority callback from support lead,Basic,Annual,7,197.77
2000,CUST104310,0.487,Medium,Repeated late payments; Month-to-month contract (no lock-in),Offer flexible payment / autopay setup,Premium,Monthly,10,739.48
2001,CUST103428,0.4862,Medium,Month-to-month contract (no lock-in); New customer (tenure <= 6 months),Offer annual-plan incentive,Standard,Monthly,6,367.53
2002,CUST103436,0.4861,Medium,Month-to-month contract (no lock-in),Offer annual-plan incentive,Basic,Monthly,13,192.45
2003,CUST100302,0.486,Medium,Low satisfaction score; Month-to-month contract (no lock-in),Priority callback from support lead,Basic,Monthly,11,188.03
2004,CUST101490,0.4857,Medium,Recent price increase; Month-to-month contract (no lock-in); New customer (tenure <= 6 months),Offer loyalty discount / plan review,Basic,Monthly,1,202.7
2005,CUST103412,0.4856,Medium,Frequent support contacts; Low satisfaction score,Priority callback from support lead,Premium,Annual,21,675.28
2006,CUST101570,0.4853,Medium,Usage dropped sharply over 3 months; Repeated late payments; Month-to-month contract (no lock-in),Send re-engagement campaign / feature tips,Standard,Monthly,26,418.59
2007,CUST101669,0.4848,Medium,Slow support resolution; Month-to-month contract (no lock-in); New customer (tenure <= 6 months),Priority callback from support lead,Standard,Monthly,1,428.39
2008,CUST103292,0.4848,Medium,Month-to-month contract (no lock-in); New customer (tenure <= 6 months),Offer annual-plan incentive,Basic,Monthly,4,196.43
2009,CUST104481,0.4848,Medium,Usage dropped sharply over 3 months; Frequent support contacts; Slow support resolution; Low satisfaction score,Priority callback from support lead,Premium,Monthly,36,703.68
2010,CUST102475,0.4843,Medium,Month-to-month contract (no lock-in); New customer (tenure <= 6 months),Offer annual-plan incentive,Basic,Monthly,1,202.89
2011,CUST103836,0.4843,Medium,Recent price increase; Month-to-month contract (no lock-in),Offer loyalty discount / plan review,Basic,Monthly,27,194.43
2012,CUST101833,0.4841,Medium,Month-to-month contract (no lock-in); New customer (tenure <= 6 months),Offer annual-plan incentive,Standard,Monthly,6,392.5
2013,CUST103951,0.4838,Medium,Recent price increase; Month-to-month contract (no lock-in),Offer loyalty discount / plan review,Premium,Monthly,9,635.67
2014,CUST103295,0.4838,Medium,Month-to-month contract (no lock-in); New customer (tenure <= 6 months),Offer annual-plan incentive,Basic,Monthly,5,199.55
2015,CUST102908,0.4837,Medium,Frequent support contacts; Month-to-month contract (no lock-in),Priority callback from support lead,Standard,Monthly,8,392.85
2016,CUST101227,0.4835,Medium,Slow support resolution; Month-to-month contract (no lock-in),Priority callback from support lead,Premium,Monthly,25,695.01
2017,CUST103243,0.4833,Medium,Low satisfaction score; Recent price increase,Offer loyalty discount / plan review,Basic,Annual,16,194.93
2018,CUST104004,0.4831,Medium,Month-to-month contract (no lock-in),Offer annual-plan incentive,Premium,Monthly,8,691.67
2019,CUST100064,0.483,Medium,Recent price increase,Offer loyalty discount / plan review,Standard,Annual,23,400.46
2020,CUST100331,0.4826,Medium,Month-to-month contract (no lock-in); New customer (tenure <= 6 months),Offer annual-plan incentive,Premium,Monthly,1,667.58
2021,CUST101483,0.4824,Medium,Recent price increase; Month-to-month contract (no lock-in),Offer loyalty discount / plan review,Standard,Monthly,27,368.15
2022,CUST103197,0.4824,Medium,Low satisfaction score; Month-to-month contract (no lock-in),Priority callback from support lead,Basic,Monthly,24,210.34
2023,CUST104941,0.4823,Medium,Usage dropped sharply over 3 months; Frequent support contacts; Month-to-month contract (no lock-in),Priority callback from support lead,Basic,Monthly,27,205.6
2024,CUST104041,0.4823,Medium,Recent price increase; Month-to-month contract (no lock-in),Offer loyalty discount / plan review,Basic,Monthly,52,189.82
2025,CUST101698,0.4822,Medium,Usage dropped sharply over 3 months; Repeated late payments,Send re-engagement campaign / feature tips,Standard,Annual,11,410.75
2026,CUST104329,0.4817,Medium,Slow support resolution; Recent price increase,Offer loyalty discount / plan review,Premium,Annual,11,655.11
2027,CUST102824,0.4811,Medium,Month-to-month contract (no lock-in); New customer (tenure <= 6 months),Offer annual-plan incentive,Premium,Monthly,5,639.84
2028,CUST100459,0.481,Medium,Recent price increase; Month-to-month contract (no lock-in); New customer (tenure <= 6 months),Offer loyalty discount / plan review,Basic,Monthly,2,219.71
2029,CUST104867,0.481,Medium,Month-to-month contract (no lock-in),Offer annual-plan incentive,Standard,Monthly,23,412.25
2030,CUST103072,0.4809,Medium,Slow support resolution; Month-to-month contract (no lock-in),Priority callback from support lead,Basic,Monthly,30,205.86
2031,CUST100420,0.4809,Medium,Month-to-month contract (no lock-in),Offer annual-plan incentive,Standard,Monthly,14,387.74
2032,CUST103257,0.4809,Medium,Month-to-month contract (no lock-in),Offer annual-plan incentive,Premium,Monthly,10,651.63
2033,CUST104403,0.4808,Medium,Low satisfaction score; Recent price increase,Offer loyalty discount / plan review,Premium,Annual,20,692.96
2034,CUST104268,0.4807,Medium,Month-to-month contract (no lock-in),Offer annual-plan incentive,Basic,Monthly,72,190.41
2035,CUST102773,0.4806,Medium,Month-to-month contract (no lock-in),Offer annual-plan incentive,Basic,Monthly,7,201.24
2036,CUST101719,0.4803,Medium,Usage dropped sharply over 3 months; New customer (tenure <= 6 months),Send re-engagement campaign / feature tips,Basic,Annual,2,195.96
2037,CUST103231,0.4799,Medium,Usage dropped sharply over 3 months; Month-to-month contract (no lock-in),Send re-engagement campaign / feature tips,Standard,Monthly,21,402.96
2038,CUST104976,0.4792,Medium,Month-to-month contract (no lock-in),Offer annual-plan incentive,Basic,Monthly,20,218.34
2039,CUST100194,0.4791,Medium,Low satisfaction score; Month-to-month contract (no lock-in); New customer (tenure <= 6 months),Priority callback from support lead,Standard,Monthly,4,406.68
2040,CUST100623,0.479,Medium,Frequent support contacts; Slow support resolution; Month-to-month contract (no lock-in),Priority callback from support lead,Basic,Monthly,45,185.78
2041,CUST101302,0.4787,Medium,General elevated risk - manual review,Offer annual-plan incentive,Standard,Annual,24,378.55
2042,CUST100752,0.4782,Medium,Low satisfaction score; Month-to-month contract (no lock-in),Priority callback from support lead,Standard,Monthly,19,397.4
2043,CUST100789,0.4782,Medium,Month-to-month contract (no lock-in),Offer annual-plan incentive,Premium,Monthly,49,714.91
2044,CUST104782,0.4782,Medium,Usage dropped sharply over 3 months,Send re-engagement campaign / feature tips,Basic,Annual,14,180.55
2045,CUST100457,0.4778,Medium,Slow support resolution; Month-to-month contract (no lock-in),Priority callback from support lead,Standard,Monthly,7,354.57
2046,CUST100647,0.4775,Medium,Slow support resolution; Recent price increase; Month-to-month contract (no lock-in),Offer loyalty discount / plan review,Standard,Monthly,16,386.08
2047,CUST101912,0.4775,Medium,Month-to-month contract (no lock-in),Offer annual-plan incentive,Standard,Monthly,18,384.21
2048,CUST102680,0.4772,Medium,Slow support resolution; New customer (tenure <= 6 months),Priority callback from support lead,Premium,Annual,6,678.06
2049,CUST103319,0.4772,Medium,Frequent support contacts; Low satisfaction score; Repeated late payments; Month-to-month contract (no lock-in),Priority callback from support lead,Premium,Monthly,17,687.3
2050,CUST101075,0.4771,Medium,Usage dropped sharply over 3 months; Slow support resolution; Month-to-month contract (no lock-in),Priority callback from support lead,Standard,Monthly,21,376.25
2051,CUST103131,0.4764,Medium,Frequent support contacts; Month-to-month contract (no lock-in),Priority callback from support lead,Standard,Monthly,24,400.17
2052,CUST102791,0.4759,Medium,Usage dropped sharply over 3 months; Month-to-month contract (no lock-in),Send re-engagement campaign / feature tips,Basic,Monthly,21,195.34
2053,CUST101783,0.4757,Medium,Usage dropped sharply over 3 months; Frequent support contacts; Month-to-month contract (no lock-in),Priority callback from support lead,Basic,Monthly,15,200.38
2054,CUST101892,0.4755,Medium,Month-to-month contract (no lock-in),Offer annual-plan incentive,Standard,Monthly,15,382.84
2055,CUST103331,0.4755,Medium,Slow support resolution; Low satisfaction score; Month-to-month contract (no lock-in),Priority callback from support lead,Standard,Monthly,18,404.05
2056,CUST100166,0.4753,Medium,Slow support resolution; New customer (tenure <= 6 months),Priority callback from support lead,Basic,Annual,6,200.14
2057,CUST100758,0.4752,Medium,Month-to-month contract (no lock-in),Offer annual-plan incentive,Standard,Monthly,25,410.5
2058,CUST104519,0.4751,Medium,Usage dropped sharply over 3 months; Frequent support contacts; Month-to-month contract (no lock-in),Priority callback from support lead,Basic,Monthly,38,201.46
2059,CUST100698,0.475,Medium,Usage dropped sharply over 3 months; Frequent support contacts; Slow support resolution; Low satisfaction score,Priority callback from support lead,Standard,Annual,10,417.5
2060,CUST102844,0.475,Medium,Month-to-month contract (no lock-in); New customer (tenure <= 6 months),Offer annual-plan incentive,Standard,Monthly,5,401.4
2061,CUST102369,0.4749,Medium,General elevated risk - manual review,Offer annual-plan incentive,Standard,Annual,26,393.92
2062,CUST102430,0.4746,Medium,Slow support resolution; Recent price increase; Month-to-month contract (no lock-in); New customer (tenure <= 6 months),Offer loyalty discount / plan review,Basic,Monthly,5,210.78
2063,CUST101319,0.4746,Medium,Month-to-month contract (no lock-in),Offer annual-plan incentive,Basic,Monthly,34,191.68
2064,CUST104840,0.4744,Medium,Low satisfaction score; Month-to-month contract (no lock-in),Priority callback from support lead,Basic,Monthly,33,194.35
2065,CUST101275,0.4742,Medium,Usage dropped sharply over 3 months; Repeated late payments; Recent price increase; Month-to-month contract (no lock-in),Offer loyalty discount / plan review,Basic,Monthly,22,207.01
2066,CUST101168,0.4741,Medium,Month-to-month contract (no lock-in),Offer annual-plan incentive,Standard,Monthly,8,394.09
2067,CUST104448,0.474,Medium,Usage dropped sharply over 3 months; Slow support resolution,Priority callback from support lead,Premium,Annual,29,674.81
2068,CUST102691,0.4737,Medium,Low satisfaction score; Month-to-month contract (no lock-in); New customer (tenure <= 6 months),Priority callback from support lead,Standard,Monthly,5,405.17
2069,CUST101997,0.4735,Medium,Slow support resolution,Priority callback from support lead,Premium,Annual,14,664.37
2070,CUST104311,0.4735,Medium,Slow support resolution; Month-to-month contract (no lock-in),Priority callback from support lead,Standard,Monthly,40,400.64
2071,CUST104930,0.4732,Medium,Frequent support contacts; Slow support resolution,Priority callback from support lead,Standard,Annual,22,397.72
2072,CUST102803,0.4731,Medium,Recent price increase; Month-to-month contract (no lock-in),Offer loyalty discount / plan review,Premium,Monthly,11,758.13
2073,CUST100973,0.4728,Medium,Month-to-month contract (no lock-in); New customer (tenure <= 6 months),Offer annual-plan incentive,Premium,Monthly,4,707.61
2074,CUST104118,0.4727,Medium,Month-to-month contract (no lock-in),Offer annual-plan incentive,Standard,Monthly,16,360.11
2075,CUST104913,0.4726,Medium,Month-to-month contract (no lock-in),Offer annual-plan incentive,Standard,Monthly,22,392.28
2076,CUST101556,0.4726,Medium,Month-to-month contract (no lock-in),Offer annual-plan incentive,Basic,Monthly,37,195.77
2077,CUST102962,0.4725,Medium,Month-to-month contract (no lock-in); New customer (tenure <= 6 months),Offer annual-plan incentive,Standard,Monthly,2,400.44
2078,CUST104652,0.4723,Medium,Recent price increase; Month-to-month contract (no lock-in); New customer (tenure <= 6 months),Offer loyalty discount / plan review,Standard,Monthly,6,396.05
2079,CUST103578,0.4722,Medium,Low satisfaction score; Month-to-month contract (no lock-in),Priority callback from support lead,Basic,Monthly,10,191.69
2080,CUST103779,0.4719,Medium,Frequent support contacts; Month-to-month contract (no lock-in),Priority callback from support lead,Standard,Monthly,7,391.92
2081,CUST102699,0.4716,Medium,Month-to-month contract (no lock-in); New customer (tenure <= 6 months),Offer annual-plan incentive,Standard,Monthly,2,392.97
2082,CUST100794,0.4716,Medium,Month-to-month contract (no lock-in),Offer annual-plan incentive,Basic,Monthly,26,190.71
2083,CUST101609,0.4714,Medium,Month-to-month contract (no lock-in),Offer annual-plan incentive,Basic,Monthly,18,178.45
2084,CUST102295,0.471,Medium,Usage dropped sharply over 3 months; Frequent support contacts; Low satisfaction score; Repeated late payments,Priority callback from support lead,Basic,Annual,16,201.25
2085,CUST104632,0.471,Medium,Low satisfaction score; New customer (tenure <= 6 months),Priority callback from support lead,Premium,Annual,1,631.25
2086,CUST101260,0.4707,Medium,Usage dropped sharply over 3 months; Month-to-month contract (no lock-in),Send re-engagement campaign / feature tips,Basic,Monthly,13,200.2
2087,CUST103807,0.4707,Medium,Usage dropped sharply over 3 months; New customer (tenure <= 6 months),Send re-engagement campaign / feature tips,Standard,Annual,2,427.32
2088,CUST103524,0.4701,Medium,Recent price increase; Month-to-month contract (no lock-in),Offer loyalty discount / plan review,Basic,Monthly,46,212.52
2089,CUST103651,0.4697,Medium,Low satisfaction score; Month-to-month contract (no lock-in); New customer (tenure <= 6 months),Priority callback from support lead,Basic,Monthly,1,204.51
2090,CUST103260,0.4694,Medium,Usage dropped sharply over 3 months; Slow support resolution; Recent price increase,Offer loyalty discount / plan review,Basic,Annual,13,204.62
2091,CUST101298,0.4694,Medium,Repeated late payments,Offer flexible payment / autopay setup,Basic,Annual,19,196.09
2092,CUST102099,0.4693,Medium,Recent price increase; Month-to-month contract (no lock-in),Offer loyalty discount / plan review,Standard,Monthly,7,376.79
2093,CUST101618,0.4692,Medium,Repeated late payments; Recent price increase,Offer loyalty discount / plan review,Premium,Annual,31,654.55
2094,CUST102992,0.4691,Medium,Month-to-month contract (no lock-in),Offer annual-plan incentive,Basic,Monthly,11,188.51
2095,CUST100925,0.4691,Medium,Slow support resolution; Month-to-month contract (no lock-in),Priority callback from support lead,Standard,Monthly,29,371.73
2096,CUST104747,0.4691,Medium,Month-to-month contract (no lock-in),Offer annual-plan incentive,Premium,Monthly,10,734.99
2097,CUST100515,0.4686,Medium,Usage dropped sharply over 3 months; Frequent support contacts; Month-to-month contract (no lock-in),Priority callback from support lead,Standard,Monthly,21,440.44
2098,CUST102816,0.4686,Medium,Usage dropped sharply over 3 months; Month-to-month contract (no lock-in),Send re-engagement campaign / feature tips,Standard,Monthly,19,401.56
2099,CUST103318,0.4686,Medium,Month-to-month contract (no lock-in); New customer (tenure <= 6 months),Offer annual-plan incentive,Basic,Monthly,5,202.97
2100,CUST100779,0.4684,Medium,Month-to-month contract (no lock-in),Offer annual-plan incentive,Basic,Monthly,7,212.42
2101,CUST101180,0.4682,Medium,Frequent support contacts; Low satisfaction score; Recent price increase; Month-to-month contract (no lock-in),Offer loyalty discount / plan review,Standard,Monthly,20,393.04
2102,CUST103987,0.4677,Medium,Usage dropped sharply over 3 months,Send re-engagement campaign / feature tips,Premium,Annual,7,737.71
2103,CUST103402,0.4675,Medium,Slow support resolution; Month-to-month contract (no lock-in); New customer (tenure <= 6 months),Priority callback from support lead,Basic,Monthly,1,198.21
2104,CUST101534,0.4672,Medium,Low satisfaction score; Month-to-month contract (no lock-in),Priority callback from support lead,Standard,Monthly,27,378.58
2105,CUST101019,0.4672,Medium,Frequent support contacts; Month-to-month contract (no lock-in); New customer (tenure <= 6 months),Priority callback from support lead,Standard,Monthly,1,410.35
2106,CUST100366,0.4669,Medium,Usage dropped sharply over 3 months; Recent price increase; Month-to-month contract (no lock-in),Offer loyalty discount / plan review,Standard,Monthly,32,401.87
2107,CUST103085,0.4668,Medium,Very low engagement (usage/logins); Month-to-month contract (no lock-in),Send re-engagement campaign / feature tips,Premium,Monthly,24,679.76
2108,CUST101230,0.4665,Medium,Month-to-month contract (no lock-in),Offer annual-plan incentive,Standard,Monthly,21,386.6
2109,CUST103797,0.4663,Medium,Recent price increase; Month-to-month contract (no lock-in),Offer loyalty discount / plan review,Basic,Monthly,9,195.38
2110,CUST100477,0.4659,Medium,Low satisfaction score,Priority callback from support lead,Standard,Annual,13,378.99
2111,CUST101678,0.4657,Medium,Repeated late payments; Month-to-month contract (no lock-in); New customer (tenure <= 6 months),Offer flexible payment / autopay setup,Standard,Monthly,2,364.6
2112,CUST104662,0.4657,Medium,Month-to-month contract (no lock-in); New customer (tenure <= 6 months),Offer annual-plan incentive,Basic,Monthly,1,201.56
2113,CUST103628,0.4654,Medium,Recent price increase,Offer loyalty discount / plan review,Basic,Annual,7,205.5
2114,CUST100365,0.4652,Medium,Usage dropped sharply over 3 months,Send re-engagement campaign / feature tips,Basic,Annual,17,180.22
2115,CUST103859,0.4648,Medium,Month-to-month contract (no lock-in),Offer annual-plan incentive,Basic,Monthly,10,217.6
2116,CUST103703,0.4647,Medium,Slow support resolution,Priority callback from support lead,Basic,Annual,19,206.76
2117,CUST104165,0.4642,Medium,Low satisfaction score; Month-to-month contract (no lock-in),Priority callback from support lead,Standard,Monthly,8,384.43
2118,CUST101412,0.4641,Medium,Repeated late payments; Month-to-month contract (no lock-in),Offer flexible payment / autopay setup,Premium,Monthly,21,701.1
2119,CUST102570,0.4638,Medium,Low satisfaction score,Priority callback from support lead,Basic,Annual,23,185.93
2120,CUST104905,0.4637,Medium,Slow support resolution; Low satisfaction score; Recent price increase; New customer (tenure <= 6 months),Offer loyalty discount / plan review,Basic,Annual,3,205.79
2121,CUST103724,0.4633,Medium,Low satisfaction score; Month-to-month contract (no lock-in),Priority callback from support lead,Basic,Monthly,26,181.23
2122,CUST101220,0.4627,Medium,Recent price increase; Month-to-month contract (no lock-in),Offer loyalty discount / plan review,Standard,Monthly,23,379.35
2123,CUST100624,0.4626,Medium,General elevated risk - manual review,Offer annual-plan incentive,Basic,Annual,8,183.28
2124,CUST100969,0.4622,Medium,Frequent support contacts; Low satisfaction score; Recent price increase,Offer loyalty discount / plan review,Basic,Annual,12,201.18
2125,CUST101414,0.4621,Medium,Low satisfaction score; Month-to-month contract (no lock-in); New customer (tenure <= 6 months),Priority callback from support lead,Basic,Monthly,1,170.51
2126,CUST103726,0.462,Medium,Month-to-month contract (no lock-in); New customer (tenure <= 6 months),Offer annual-plan incentive,Premium,Monthly,1,680.63
2127,CUST100023,0.4614,Medium,Usage dropped sharply over 3 months; Slow support resolution; Month-to-month contract (no lock-in),Priority callback from support lead,Basic,Monthly,43,210.9
2128,CUST104435,0.4613,Medium,Month-to-month contract (no lock-in); New customer (tenure <= 6 months),Offer annual-plan incentive,Basic,Monthly,4,206.92
2129,CUST102349,0.4612,Medium,Month-to-month contract (no lock-in),Offer annual-plan incentive,Premium,Monthly,17,715.99
2130,CUST101044,0.4612,Medium,Usage dropped sharply over 3 months; Month-to-month contract (no lock-in),Send re-engagement campaign / feature tips,Basic,Monthly,33,198.83
2131,CUST103267,0.4611,Medium,Slow support resolution; Month-to-month contract (no lock-in),Priority callback from support lead,Premium,Monthly,13,744.52
2132,CUST103953,0.4609,Medium,Recent price increase; Month-to-month contract (no lock-in); New customer (tenure <= 6 months),Offer loyalty discount / plan review,Basic,Monthly,4,195.43
2133,CUST100170,0.4608,Medium,Usage dropped sharply over 3 months; Frequent support contacts; Low satisfaction score; Month-to-month contract (no lock-in),Priority callback from support lead,Basic,Monthly,49,199.39
2134,CUST101506,0.4606,Medium,New customer (tenure <= 6 months),Offer annual-plan incentive,Standard,Annual,2,399.32
2135,CUST100766,0.4605,Medium,Slow support resolution; Month-to-month contract (no lock-in),Priority callback from support lead,Basic,Monthly,17,186.53
2136,CUST100199,0.4604,Medium,Frequent support contacts; Month-to-month contract (no lock-in); New customer (tenure <= 6 months),Priority callback from support lead,Standard,Monthly,6,438.0
2137,CUST103585,0.4604,Medium,Slow support resolution; Month-to-month contract (no lock-in); New customer (tenure <= 6 months),Priority callback from support lead,Standard,Monthly,5,383.14
2138,CUST104915,0.4604,Medium,Recent price increase; Month-to-month contract (no lock-in),Offer loyalty discount / plan review,Basic,Monthly,32,204.28
2139,CUST101092,0.4602,Medium,Month-to-month contract (no lock-in),Offer annual-plan incentive,Basic,Monthly,13,211.38
2140,CUST102986,0.4598,Medium,Repeated late payments; Recent price increase; Month-to-month contract (no lock-in),Offer loyalty discount / plan review,Basic,Monthly,8,203.62
2141,CUST103164,0.4597,Medium,Usage dropped sharply over 3 months; Slow support resolution; Month-to-month contract (no lock-in),Priority callback from support lead,Standard,Monthly,33,392.93
2142,CUST101854,0.4596,Medium,Low satisfaction score,Priority callback from support lead,Basic,Annual,9,210.36
2143,CUST104842,0.4595,Medium,Usage dropped sharply over 3 months; Frequent support contacts; Month-to-month contract (no lock-in),Priority callback from support lead,Premium,Monthly,38,725.02
2144,CUST101266,0.4594,Medium,Usage dropped sharply over 3 months; Frequent support contacts,Priority callback from support lead,Basic,Annual,15,175.21
2145,CUST103172,0.4593,Medium,Month-to-month contract (no lock-in); New customer (tenure <= 6 months),Offer annual-plan incentive,Basic,Monthly,2,209.59
2146,CUST101769,0.4592,Medium,Repeated late payments; Month-to-month contract (no lock-in),Offer flexible payment / autopay setup,Basic,Monthly,14,211.63
2147,CUST102237,0.459,Medium,Repeated late payments; New customer (tenure <= 6 months),Offer flexible payment / autopay setup,Standard,Annual,3,377.42
2148,CUST104584,0.4588,Medium,Usage dropped sharply over 3 months; Month-to-month contract (no lock-in); New customer (tenure <= 6 months),Send re-engagement campaign / feature tips,Standard,Monthly,1,372.8
2149,CUST103976,0.4585,Medium,Slow support resolution; Recent price increase; Month-to-month contract (no lock-in),Offer loyalty discount / plan review,Standard,Monthly,15,423.09
2150,CUST104959,0.4585,Medium,Month-to-month contract (no lock-in); New customer (tenure <= 6 months),Offer annual-plan incentive,Standard,Monthly,1,374.82
2151,CUST102410,0.4582,Medium,Very low engagement (usage/logins),Send re-engagement campaign / feature tips,Standard,Annual,41,417.71
2152,CUST104001,0.458,Medium,Month-to-month contract (no lock-in),Offer annual-plan incentive,Premium,Monthly,31,714.47
2153,CUST104012,0.4579,Medium,Low satisfaction score; Month-to-month contract (no lock-in),Priority callback from support lead,Standard,Monthly,15,365.26
2154,CUST103033,0.4578,Medium,Low satisfaction score,Priority callback from support lead,Standard,Annual,8,395.98
2155,CUST104347,0.4578,Medium,Month-to-month contract (no lock-in); New customer (tenure <= 6 months),Offer annual-plan incentive,Standard,Monthly,5,394.3
2156,CUST102928,0.4575,Medium,Slow support resolution; Month-to-month contract (no lock-in),Priority callback from support lead,Standard,Monthly,12,398.34
2157,CUST100057,0.4574,Medium,Month-to-month contract (no lock-in),Offer annual-plan incentive,Standard,Monthly,21,401.7
2158,CUST103380,0.4573,Medium,Month-to-month contract (no lock-in); New customer (tenure <= 6 months),Offer annual-plan incentive,Standard,Monthly,3,390.89
2159,CUST100835,0.4572,Medium,Recent price increase; Month-to-month contract (no lock-in); New customer (tenure <= 6 months),Offer loyalty discount / plan review,Standard,Monthly,4,396.85
2160,CUST104665,0.457,Medium,Month-to-month contract (no lock-in); New customer (tenure <= 6 months),Offer annual-plan incentive,Basic,Monthly,1,203.55
2161,CUST103440,0.457,Medium,Usage dropped sharply over 3 months,Send re-engagement campaign / feature tips,Standard,Annual,29,375.3
2162,CUST104878,0.4569,Medium,Month-to-month contract (no lock-in),Offer annual-plan incentive,Basic,Monthly,14,189.37
2163,CUST102011,0.4568,Medium,Recent price increase; Month-to-month contract (no lock-in),Offer loyalty discount / plan review,Premium,Monthly,24,766.16
2164,CUST100754,0.4567,Medium,Month-to-month contract (no lock-in),Offer annual-plan incentive,Standard,Monthly,8,416.1
2165,CUST104059,0.4566,Medium,Low satisfaction score,Priority callback from support lead,Standard,Annual,19,398.22
2166,CUST104494,0.4562,Medium,Month-to-month contract (no lock-in),Offer annual-plan incentive,Basic,Monthly,13,196.59
2167,CUST100134,0.4555,Medium,Usage dropped sharply over 3 months; Recent price increase; Month-to-month contract (no lock-in),Offer loyalty discount / plan review,Basic,Monthly,20,192.28
2168,CUST103309,0.4555,Medium,Repeated late payments; Recent price increase; New customer (tenure <= 6 months),Offer loyalty discount / plan review,Standard,Annual,6,399.12
2169,CUST103574,0.4548,Medium,Month-to-month contract (no lock-in),Offer annual-plan incentive,Premium,Monthly,13,661.26
2170,CUST100632,0.4547,Medium,Recent price increase; Month-to-month contract (no lock-in); New customer (tenure <= 6 months),Offer loyalty discount / plan review,Standard,Monthly,3,394.3
2171,CUST104641,0.4546,Medium,Slow support resolution; Low satisfaction score; Month-to-month contract (no lock-in),Priority callback from support lead,Standard,Monthly,20,409.04
2172,CUST103544,0.4543,Medium,Recent price increase; Month-to-month contract (no lock-in); New customer (tenure <= 6 months),Offer loyalty discount / plan review,Standard,Monthly,5,382.69
2173,CUST104360,0.4543,Medium,Low satisfaction score; Repeated late payments; Month-to-month contract (no lock-in),Priority callback from support lead,Basic,Monthly,22,191.94
2174,CUST104485,0.454,Medium,Usage dropped sharply over 3 months; Low satisfaction score,Priority callback from support lead,Premium,Annual,9,707.18
2175,CUST104273,0.4538,Medium,Month-to-month contract (no lock-in),Offer annual-plan incentive,Basic,Monthly,67,205.35
2176,CUST103019,0.4535,Medium,Frequent support contacts; Slow support resolution,Priority callback from support lead,Standard,Annual,40,424.92
2177,CUST100186,0.4534,Medium,Frequent support contacts; Slow support resolution; Month-to-month contract (no lock-in); New customer (tenure <= 6 months),Priority callback from support lead,Premium,Monthly,1,722.81
2178,CUST103627,0.4534,Medium,Month-to-month contract (no lock-in); New customer (tenure <= 6 months),Offer annual-plan incentive,Basic,Monthly,5,205.92
2179,CUST104137,0.4534,Medium,Recent price increase; Month-to-month contract (no lock-in); New customer (tenure <= 6 months),Offer loyalty discount / plan review,Premium,Monthly,2,753.83
2180,CUST100340,0.4532,Medium,Month-to-month contract (no lock-in),Offer annual-plan incentive,Standard,Monthly,24,409.43
2181,CUST103213,0.4531,Medium,Usage dropped sharply over 3 months; Slow support resolution; Month-to-month contract (no lock-in),Priority callback from support lead,Basic,Monthly,48,192.41
2182,CUST104550,0.4531,Medium,Slow support resolution; Low satisfaction score; Repeated late payments,Priority callback from support lead,Basic,Annual,35,190.98
2183,CUST102327,0.453,Medium,Slow support resolution; Month-to-month contract (no lock-in),Priority callback from support lead,Standard,Monthly,9,390.45
2184,CUST104660,0.4528,Medium,Month-to-month contract (no lock-in),Offer annual-plan incentive,Standard,Monthly,10,409.49
2185,CUST101451,0.4524,Medium,New customer (tenure <= 6 months),Offer annual-plan incentive,Standard,Annual,1,395.72
2186,CUST100053,0.4524,Medium,Low satisfaction score; Recent price increase; Month-to-month contract (no lock-in); New customer (tenure <= 6 months),Offer loyalty discount / plan review,Basic,Monthly,2,205.95
2187,CUST103572,0.4524,Medium,Slow support resolution; Month-to-month contract (no lock-in),Priority callback from support lead,Standard,Monthly,10,367.89
2188,CUST103611,0.4522,Medium,Low satisfaction score; New customer (tenure <= 6 months),Priority callback from support lead,Premium,Annual,5,645.39
2189,CUST103301,0.4522,Medium,Slow support resolution,Priority callback from support lead,Standard,Annual,8,380.68
2190,CUST104708,0.4521,Medium,New customer (tenure <= 6 months),Offer annual-plan incentive,Premium,Annual,2,687.52
2191,CUST101144,0.4521,Medium,Frequent support contacts; Low satisfaction score; Recent price increase; Month-to-month contract (no lock-in),Offer loyalty discount / plan review,Basic,Monthly,2,218.07
2192,CUST104675,0.4519,Medium,Slow support resolution; Recent price increase; Month-to-month contract (no lock-in),Offer loyalty discount / plan review,Standard,Monthly,17,424.49
2193,CUST103759,0.4512,Medium,Month-to-month contract (no lock-in),Offer annual-plan incentive,Basic,Monthly,16,192.37
2194,CUST101844,0.4511,Medium,Month-to-month contract (no lock-in); New customer (tenure <= 6 months),Offer annual-plan incentive,Standard,Monthly,6,413.77
2195,CUST101353,0.4509,Medium,Repeated late payments; Recent price increase; Month-to-month contract (no lock-in),Offer loyalty discount / plan review,Standard,Monthly,8,380.6
2196,CUST103448,0.4507,Medium,Repeated late payments; Month-to-month contract (no lock-in),Offer flexible payment / autopay setup,Standard,Monthly,13,415.0
2197,CUST102610,0.4507,Medium,Low satisfaction score; Recent price increase,Offer loyalty discount / plan review,Basic,Annual,10,213.64
2198,CUST100986,0.4505,Medium,Month-to-month contract (no lock-in),Offer annual-plan incentive,Standard,Monthly,17,426.19
2199,CUST104610,0.4505,Medium,Low satisfaction score,Priority callback from support lead,Basic,Annual,11,181.67
2200,CUST101403,0.4503,Medium,Usage dropped sharply over 3 months; Low satisfaction score; Repeated late payments,Priority callback from support lead,Standard,Annual,11,393.0
2201,CUST100130,0.4503,Medium,General elevated risk - manual review,Offer annual-plan incentive,Basic,Annual,16,216.83
2202,CUST103147,0.4497,Medium,Month-to-month contract (no lock-in),Offer annual-plan incentive,Basic,Monthly,12,213.59
2203,CUST101484,0.4495,Medium,General elevated risk - manual review,Offer annual-plan incentive,Basic,Annual,18,190.98
2204,CUST101672,0.4493,Medium,Low satisfaction score; New customer (tenure <= 6 months),Priority callback from support lead,Standard,Annual,4,401.6
2205,CUST103400,0.4479,Medium,Month-to-month contract (no lock-in),Offer annual-plan incentive,Basic,Monthly,14,202.03
2206,CUST101633,0.4477,Medium,Low satisfaction score; New customer (tenure <= 6 months),Priority callback from support lead,Standard,Annual,1,347.63
2207,CUST100094,0.4473,Medium,Slow support resolution; Month-to-month contract (no lock-in),Priority callback from support lead,Standard,Monthly,44,358.68
2208,CUST104701,0.4471,Medium,New customer (tenure <= 6 months),Offer annual-plan incentive,Basic,Annual,3,198.45
2209,CUST104420,0.4471,Medium,Recent price increase; Month-to-month contract (no lock-in),Offer loyalty discount / plan review,Standard,Monthly,14,395.87
2210,CUST101702,0.4464,Medium,Month-to-month contract (no lock-in); New customer (tenure <= 6 months),Offer annual-plan incentive,Premium,Monthly,2,688.77
2211,CUST104746,0.4461,Medium,Month-to-month contract (no lock-in),Offer annual-plan incentive,Basic,Monthly,26,180.17
2212,CUST104356,0.4459,Medium,Low satisfaction score; New customer (tenure <= 6 months),Priority callback from support lead,Standard,Annual,5,420.53
2213,CUST103350,0.4448,Medium,Recent price increase; Month-to-month contract (no lock-in),Offer loyalty discount / plan review,Standard,Monthly,21,408.24
2214,CUST101551,0.4444,Medium,Month-to-month contract (no lock-in),Offer annual-plan incentive,Basic,Monthly,16,195.33
2215,CUST102696,0.4441,Medium,Month-to-month contract (no lock-in),Offer annual-plan incentive,Basic,Monthly,18,202.13
2216,CUST104688,0.4437,Medium,Month-to-month contract (no lock-in),Offer annual-plan incentive,Standard,Monthly,29,404.18
2217,CUST100001,0.4437,Medium,Frequent support contacts,Priority callback from support lead,Basic,Annual,20,205.67
2218,CUST101026,0.4431,Medium,Low satisfaction score; Recent price increase; Month-to-month contract (no lock-in),Offer loyalty discount / plan review,Basic,Monthly,19,198.82
2219,CUST103567,0.443,Medium,New customer (tenure <= 6 months),Offer annual-plan incentive,Standard,Annual,1,429.35
2220,CUST100056,0.4429,Medium,Low satisfaction score,Priority callback from support lead,Basic,Annual,25,191.22
2221,CUST101491,0.4429,Medium,Low satisfaction score; Month-to-month contract (no lock-in); New customer (tenure <= 6 months),Priority callback from support lead,Basic,Monthly,4,182.35
2222,CUST102331,0.4423,Medium,Usage dropped sharply over 3 months; Month-to-month contract (no lock-in),Send re-engagement campaign / feature tips,Premium,Monthly,24,636.27
2223,CUST101190,0.4421,Medium,Recent price increase,Offer loyalty discount / plan review,Standard,Annual,8,377.9
2224,CUST103359,0.442,Medium,Usage dropped sharply over 3 months; Month-to-month contract (no lock-in),Send re-engagement campaign / feature tips,Standard,Monthly,14,411.94
2225,CUST102185,0.4416,Medium,Usage dropped sharply over 3 months; Recent price increase; Month-to-month contract (no lock-in); New customer (tenure <= 6 months),Offer loyalty discount / plan review,Basic,Monthly,5,203.3
2226,CUST104491,0.4416,Medium,Low satisfaction score; Month-to-month contract (no lock-in),Priority callback from support lead,Standard,Monthly,13,396.91
2227,CUST102147,0.4412,Medium,Month-to-month contract (no lock-in); New customer (tenure <= 6 months),Offer annual-plan incentive,Standard,Monthly,5,408.73
2228,CUST104092,0.4411,Medium,Low satisfaction score; Month-to-month contract (no lock-in),Priority callback from support lead,Standard,Monthly,10,411.61
2229,CUST104643,0.4409,Medium,Slow support resolution; Month-to-month contract (no lock-in); New customer (tenure <= 6 months),Priority callback from support lead,Basic,Monthly,4,184.35
2230,CUST100781,0.4404,Medium,Slow support resolution; Month-to-month contract (no lock-in),Priority callback from support lead,Premium,Monthly,30,729.84
2231,CUST102971,0.4404,Medium,Month-to-month contract (no lock-in),Offer annual-plan incentive,Basic,Monthly,9,204.01
2232,CUST103520,0.4403,Medium,New customer (tenure <= 6 months),Offer annual-plan incentive,Basic,Annual,1,214.19
2233,CUST100674,0.4401,Medium,Low satisfaction score; Month-to-month contract (no lock-in),Priority callback from support lead,Standard,Monthly,31,416.66
2234,CUST100389,0.4398,Medium,Usage dropped sharply over 3 months; Repeated late payments; Month-to-month contract (no lock-in),Send re-engagement campaign / feature tips,Basic,Monthly,24,203.53
2235,CUST104706,0.4397,Medium,Month-to-month contract (no lock-in),Offer annual-plan incentive,Basic,Monthly,15,207.54
2236,CUST102491,0.4394,Medium,Month-to-month contract (no lock-in),Offer annual-plan incentive,Basic,Monthly,38,202.47
2237,CUST104998,0.4393,Medium,Month-to-month contract (no lock-in),Offer annual-plan incentive,Basic,Monthly,15,188.34
2238,CUST104667,0.439,Medium,Usage dropped sharply over 3 months; Month-to-month contract (no lock-in),Send re-engagement campaign / feature tips,Standard,Monthly,39,394.37
2239,CUST104663,0.4386,Medium,Month-to-month contract (no lock-in),Offer annual-plan incentive,Basic,Monthly,7,192.47
2240,CUST100764,0.4386,Medium,Low satisfaction score; Month-to-month contract (no lock-in); New customer (tenure <= 6 months),Priority callback from support lead,Standard,Monthly,3,402.09
2241,CUST103542,0.4383,Medium,Repeated late payments; Month-to-month contract (no lock-in); New customer (tenure <= 6 months),Offer flexible payment / autopay setup,Standard,Monthly,6,373.6
2242,CUST101946,0.438,Medium,New customer (tenure <= 6 months),Offer annual-plan incentive,Basic,Annual,1,188.54
2243,CUST101480,0.4378,Medium,Slow support resolution; Month-to-month contract (no lock-in),Priority callback from support lead,Basic,Monthly,20,192.57
2244,CUST100594,0.4377,Medium,Slow support resolution; Low satisfaction score; Recent price increase; Month-to-month contract (no lock-in),Offer loyalty discount / plan review,Basic,Monthly,27,190.53
2245,CUST103349,0.4376,Medium,Recent price increase; Month-to-month contract (no lock-in); New customer (tenure <= 6 months),Offer loyalty discount / plan review,Basic,Monthly,3,189.43
2246,CUST100411,0.4376,Medium,Recent price increase; Month-to-month contract (no lock-in); New customer (tenure <= 6 months),Offer loyalty discount / plan review,Basic,Monthly,2,207.74
2247,CUST100787,0.4374,Medium,Slow support resolution; Month-to-month contract (no lock-in),Priority callback from support lead,Basic,Monthly,19,193.72
2248,CUST104780,0.4373,Medium,Month-to-month contract (no lock-in),Offer annual-plan incentive,Basic,Monthly,21,191.4
2249,CUST101342,0.4372,Medium,Usage dropped sharply over 3 months,Send re-engagement campaign / feature tips,Basic,Annual,15,189.56
2250,CUST102380,0.4371,Medium,Recent price increase; Month-to-month contract (no lock-in); New customer (tenure <= 6 months),Offer loyalty discount / plan review,Premium,Monthly,5,691.19
2251,CUST101022,0.4371,Medium,Slow support resolution; Recent price increase; Month-to-month contract (no lock-in),Offer loyalty discount / plan review,Premium,Monthly,35,754.03
2252,CUST102509,0.4368,Medium,Month-to-month contract (no lock-in),Offer annual-plan incentive,Standard,Monthly,12,405.73
2253,CUST103090,0.4367,Medium,Month-to-month contract (no lock-in),Offer annual-plan incentive,Standard,Monthly,36,420.33
2254,CUST101655,0.4365,Medium,Recent price increase; Month-to-month contract (no lock-in); New customer (tenure <= 6 months),Offer loyalty discount / plan review,Standard,Monthly,3,399.76
2255,CUST100686,0.4365,Medium,Usage dropped sharply over 3 months,Send re-engagement campaign / feature tips,Basic,Annual,10,180.79
2256,CUST102534,0.4363,Medium,General elevated risk - manual review,Offer annual-plan incentive,Standard,Annual,8,421.17
2257,CUST101745,0.4363,Medium,Usage dropped sharply over 3 months,Send re-engagement campaign / feature tips,Basic,Annual,23,184.01
2258,CUST101701,0.436,Medium,Month-to-month contract (no lock-in); New customer (tenure <= 6 months),Offer annual-plan incentive,Standard,Monthly,3,447.18
2259,CUST104885,0.4354,Medium,Month-to-month contract (no lock-in); New customer (tenure <= 6 months),Offer annual-plan incentive,Standard,Monthly,6,359.74
2260,CUST100671,0.4353,Medium,General elevated risk - manual review,Offer annual-plan incentive,Premium,Annual,23,700.34
2261,CUST104086,0.4351,Medium,Usage dropped sharply over 3 months; Slow support resolution,Priority callback from support lead,Premium,Annual,13,658.31
2262,CUST103672,0.435,Medium,Recent price increase; Month-to-month contract (no lock-in); New customer (tenure <= 6 months),Offer loyalty discount / plan review,Premium,Monthly,4,698.75
2263,CUST101377,0.4346,Medium,Usage dropped sharply over 3 months; Frequent support contacts; Slow support resolution,Priority callback from support lead,Premium,Annual,41,660.52
2264,CUST104800,0.4344,Medium,Month-to-month contract (no lock-in),Offer annual-plan incentive,Premium,Monthly,13,728.06
2265,CUST102406,0.4341,Medium,Month-to-month contract (no lock-in),Offer annual-plan incentive,Premium,Monthly,13,690.53
2266,CUST104156,0.4339,Medium,Low satisfaction score; New customer (tenure <= 6 months),Priority callback from support lead,Basic,Annual,3,191.4
2267,CUST103625,0.4338,Medium,Low satisfaction score; Month-to-month contract (no lock-in),Priority callback from support lead,Basic,Monthly,11,231.74
2268,CUST103098,0.4335,Medium,Month-to-month contract (no lock-in),Offer annual-plan incentive,Basic,Monthly,16,190.71
2269,CUST104342,0.4332,Medium,Month-to-month contract (no lock-in),Offer annual-plan incentive,Basic,Monthly,19,203.5
2270,CUST100933,0.4332,Medium,Month-to-month contract (no lock-in),Offer annual-plan incentive,Basic,Monthly,16,188.83
2271,CUST102124,0.4329,Medium,Month-to-month contract (no lock-in),Offer annual-plan incentive,Basic,Monthly,15,207.76
2272,CUST102855,0.4325,Medium,Low satisfaction score; Month-to-month contract (no lock-in),Priority callback from support lead,Standard,Monthly,18,382.14
2273,CUST102719,0.4321,Medium,Month-to-month contract (no lock-in); New customer (tenure <= 6 months),Offer annual-plan incentive,Basic,Monthly,6,196.58
2274,CUST100493,0.4319,Medium,Slow support resolution; Month-to-month contract (no lock-in),Priority callback from support lead,Standard,Monthly,39,405.48
2275,CUST103189,0.4316,Medium,Usage dropped sharply over 3 months; Slow support resolution; Month-to-month contract (no lock-in),Priority callback from support lead,Basic,Monthly,17,194.5
2276,CUST100958,0.4315,Medium,Usage dropped sharply over 3 months; Month-to-month contract (no lock-in); New customer (tenure <= 6 months),Send re-engagement campaign / feature tips,Basic,Monthly,1,185.85
2277,CUST100380,0.4313,Medium,Slow support resolution; Month-to-month contract (no lock-in),Priority callback from support lead,Premium,Monthly,7,675.06
2278,CUST103367,0.431,Medium,Slow support resolution; Month-to-month contract (no lock-in),Priority callback from support lead,Standard,Monthly,22,367.64
2279,CUST103818,0.4308,Medium,Month-to-month contract (no lock-in),Offer annual-plan incentive,Premium,Monthly,9,689.65
2280,CUST103958,0.4306,Medium,Slow support resolution; Month-to-month contract (no lock-in); New customer (tenure <= 6 months),Priority callback from support lead,Basic,Monthly,6,212.23
2281,CUST102352,0.4303,Medium,Usage dropped sharply over 3 months; Month-to-month contract (no lock-in),Send re-engagement campaign / feature tips,Standard,Monthly,25,388.96
2282,CUST103363,0.4302,Medium,Month-to-month contract (no lock-in); New customer (tenure <= 6 months),Offer annual-plan incentive,Standard,Monthly,2,411.37
2283,CUST104636,0.43,Medium,Frequent support contacts; Month-to-month contract (no lock-in); New customer (tenure <= 6 months),Priority callback from support lead,Basic,Monthly,5,207.41
2284,CUST101447,0.4297,Medium,Month-to-month contract (no lock-in); New customer (tenure <= 6 months),Offer annual-plan incentive,Premium,Monthly,1,716.75
2285,CUST102073,0.4296,Medium,Recent price increase; Month-to-month contract (no lock-in); New customer (tenure <= 6 months),Offer loyalty discount / plan review,Basic,Monthly,3,199.8
2286,CUST103773,0.4295,Medium,Recent price increase; Month-to-month contract (no lock-in); New customer (tenure <= 6 months),Offer loyalty discount / plan review,Premium,Monthly,1,749.21
2287,CUST102212,0.4295,Medium,Month-to-month contract (no lock-in),Offer annual-plan incentive,Premium,Monthly,11,707.95
2288,CUST103153,0.4294,Medium,Usage dropped sharply over 3 months; Month-to-month contract (no lock-in),Send re-engagement campaign / feature tips,Basic,Monthly,18,191.78
2289,CUST102865,0.4294,Medium,Frequent support contacts; Month-to-month contract (no lock-in),Priority callback from support lead,Basic,Monthly,33,204.99
2290,CUST100033,0.4292,Medium,New customer (tenure <= 6 months),Offer annual-plan incentive,Standard,Annual,5,420.61
2291,CUST100202,0.429,Medium,Month-to-month contract (no lock-in); New customer (tenure <= 6 months),Offer annual-plan incentive,Basic,Monthly,2,207.09
2292,CUST104792,0.4289,Medium,Month-to-month contract (no lock-in),Offer annual-plan incentive,Premium,Monthly,30,699.99
2293,CUST104468,0.4287,Medium,Month-to-month contract (no lock-in); New customer (tenure <= 6 months),Offer annual-plan incentive,Basic,Monthly,2,201.12
2294,CUST103253,0.4285,Medium,Low satisfaction score; Month-to-month contract (no lock-in),Priority callback from support lead,Basic,Monthly,29,189.45
2295,CUST103715,0.4285,Medium,Month-to-month contract (no lock-in),Offer annual-plan incentive,Basic,Monthly,34,206.65
2296,CUST100474,0.4282,Medium,Month-to-month contract (no lock-in),Offer annual-plan incentive,Basic,Monthly,8,204.8
2297,CUST102396,0.4281,Medium,Usage dropped sharply over 3 months; Month-to-month contract (no lock-in),Send re-engagement campaign / feature tips,Basic,Monthly,23,190.21
2298,CUST100316,0.428,Medium,Repeated late payments,Offer flexible payment / autopay setup,Standard,Annual,59,382.14
2299,CUST104644,0.4278,Medium,Month-to-month contract (no lock-in),Offer annual-plan incentive,Premium,Monthly,10,667.5
2300,CUST102808,0.4275,Medium,Month-to-month contract (no lock-in); New customer (tenure <= 6 months),Offer annual-plan incentive,Standard,Monthly,3,390.43
2301,CUST100732,0.4273,Medium,Usage dropped sharply over 3 months; Month-to-month contract (no lock-in),Send re-engagement campaign / feature tips,Basic,Monthly,7,186.96
2302,CUST104073,0.4272,Medium,Usage dropped sharply over 3 months; Month-to-month contract (no lock-in),Send re-engagement campaign / feature tips,Premium,Monthly,16,695.78
2303,CUST101646,0.4269,Medium,Month-to-month contract (no lock-in),Offer annual-plan incentive,Standard,Monthly,19,390.01
2304,CUST104861,0.4269,Medium,Month-to-month contract (no lock-in); New customer (tenure <= 6 months),Offer annual-plan incentive,Standard,Monthly,6,424.06
2305,CUST100388,0.4269,Medium,Month-to-month contract (no lock-in); New customer (tenure <= 6 months),Offer annual-plan incentive,Basic,Monthly,4,195.62
2306,CUST103910,0.4266,Medium,Month-to-month contract (no lock-in),Offer annual-plan incentive,Standard,Monthly,8,414.24
2307,CUST102214,0.4266,Medium,Month-to-month contract (no lock-in),Offer annual-plan incentive,Premium,Monthly,23,680.64
2308,CUST100283,0.4266,Medium,Month-to-month contract (no lock-in); New customer (tenure <= 6 months),Offer annual-plan incentive,Standard,Monthly,1,392.29
2309,CUST103704,0.4258,Medium,Usage dropped sharply over 3 months; Month-to-month contract (no lock-in),Send re-engagement campaign / feature tips,Standard,Monthly,25,401.7
2310,CUST101043,0.4257,Medium,Recent price increase; Month-to-month contract (no lock-in),Offer loyalty discount / plan review,Basic,Monthly,10,213.21
2311,CUST101121,0.4256,Medium,Low satisfaction score; Month-to-month contract (no lock-in),Priority callback from support lead,Premium,Monthly,31,736.98
2312,CUST101553,0.4255,Medium,Month-to-month contract (no lock-in),Offer annual-plan incentive,Standard,Monthly,7,429.94
2313,CUST101123,0.4252,Medium,Month-to-month contract (no lock-in); New customer (tenure <= 6 months),Offer annual-plan incentive,Basic,Monthly,1,206.0
2314,CUST100154,0.425,Medium,Usage dropped sharply over 3 months; Recent price increase; Month-to-month contract (no lock-in),Offer loyalty discount / plan review,Premium,Monthly,17,653.8
2315,CUST104869,0.425,Medium,Usage dropped sharply over 3 months; New customer (tenure <= 6 months),Send re-engagement campaign / feature tips,Standard,Annual,2,385.86
2316,CUST100857,0.4248,Medium,Month-to-month contract (no lock-in),Offer annual-plan incentive,Basic,Monthly,8,205.55
2317,CUST104315,0.4244,Medium,Usage dropped sharply over 3 months; Month-to-month contract (no lock-in),Send re-engagement campaign / feature tips,Standard,Monthly,21,421.86
2318,CUST103804,0.4243,Medium,Frequent support contacts; Month-to-month contract (no lock-in),Priority callback from support lead,Basic,Monthly,10,197.56
2319,CUST103129,0.4241,Medium,Month-to-month contract (no lock-in),Offer annual-plan incentive,Basic,Monthly,23,198.53
2320,CUST101339,0.424,Medium,Repeated late payments; Month-to-month contract (no lock-in),Offer flexible payment / autopay setup,Basic,Monthly,31,205.81
2321,CUST101850,0.424,Medium,Slow support resolution; Month-to-month contract (no lock-in); New customer (tenure <= 6 months),Priority callback from support lead,Premium,Monthly,1,742.68
2322,CUST104876,0.4236,Medium,Low satisfaction score; Month-to-month contract (no lock-in),Priority callback from support lead,Premium,Monthly,13,695.41
2323,CUST102615,0.4234,Medium,Slow support resolution; Month-to-month contract (no lock-in),Priority callback from support lead,Basic,Monthly,16,197.23
2324,CUST103411,0.4232,Medium,Repeated late payments; Month-to-month contract (no lock-in); New customer (tenure <= 6 months),Offer flexible payment / autopay setup,Basic,Monthly,6,203.52
2325,CUST102244,0.4229,Medium,Usage dropped sharply over 3 months; Frequent support contacts; Month-to-month contract (no lock-in),Priority callback from support lead,Basic,Monthly,20,196.21
2326,CUST100212,0.4226,Medium,Slow support resolution; Month-to-month contract (no lock-in),Priority callback from support lead,Standard,Monthly,36,403.83
2327,CUST102130,0.4224,Medium,Slow support resolution; New customer (tenure <= 6 months),Priority callback from support lead,Premium,Annual,6,654.46
2328,CUST102145,0.4215,Medium,New customer (tenure <= 6 months),Offer annual-plan incentive,Basic,Annual,3,205.25
2329,CUST104088,0.4212,Medium,Usage dropped sharply over 3 months; Slow support resolution; Month-to-month contract (no lock-in),Priority callback from support lead,Premium,Monthly,17,751.42
2330,CUST100834,0.4212,Medium,New customer (tenure <= 6 months),Offer annual-plan incentive,Premium,Annual,1,713.01
2331,CUST104244,0.421,Medium,Month-to-month contract (no lock-in),Offer annual-plan incentive,Premium,Monthly,19,727.65
2332,CUST104235,0.4209,Medium,Frequent support contacts,Priority callback from support lead,Basic,Annual,17,200.15
2333,CUST103714,0.4206,Medium,Month-to-month contract (no lock-in); New customer (tenure <= 6 months),Offer annual-plan incentive,Standard,Monthly,5,418.57
2334,CUST100573,0.4201,Medium,Low satisfaction score; New customer (tenure <= 6 months),Priority callback from support lead,Premium,Annual,6,675.37
2335,CUST101581,0.4197,Medium,Usage dropped sharply over 3 months; Frequent support contacts; Slow support resolution; Month-to-month contract (no lock-in),Priority callback from support lead,Basic,Monthly,38,212.7
2336,CUST100522,0.4194,Medium,Slow support resolution; Month-to-month contract (no lock-in),Priority callback from support lead,Basic,Monthly,10,198.51
2337,CUST104715,0.4192,Medium,Repeated late payments; Month-to-month contract (no lock-in),Offer flexible payment / autopay setup,Premium,Monthly,26,757.97
2338,CUST103645,0.4188,Medium,Repeated late payments; Month-to-month contract (no lock-in),Offer flexible payment / autopay setup,Basic,Monthly,10,208.26
2339,CUST103181,0.4186,Medium,Month-to-month contract (no lock-in); New customer (tenure <= 6 months),Offer annual-plan incentive,Basic,Monthly,1,192.36
2340,CUST100712,0.4184,Medium,Month-to-month contract (no lock-in),Offer annual-plan incentive,Standard,Monthly,13,388.79
2341,CUST103053,0.4182,Medium,Frequent support contacts; Month-to-month contract (no lock-in),Priority callback from support lead,Basic,Monthly,30,207.17
2342,CUST102075,0.4181,Medium,Month-to-month contract (no lock-in),Offer annual-plan incentive,Standard,Monthly,14,407.33
2343,CUST100745,0.4181,Medium,Repeated late payments; Month-to-month contract (no lock-in); New customer (tenure <= 6 months),Offer flexible payment / autopay setup,Standard,Monthly,1,364.13
2344,CUST101624,0.418,Medium,New customer (tenure <= 6 months),Offer annual-plan incentive,Standard,Annual,1,406.03
2345,CUST101286,0.4174,Medium,Slow support resolution,Priority callback from support lead,Basic,Annual,10,188.71
2346,CUST104064,0.4173,Medium,Month-to-month contract (no lock-in); New customer (tenure <= 6 months),Offer annual-plan incentive,Standard,Monthly,3,407.03
2347,CUST101835,0.4172,Medium,Month-to-month contract (no lock-in),Offer annual-plan incentive,Basic,Monthly,10,207.33
2348,CUST103430,0.4169,Medium,Low satisfaction score; New customer (tenure <= 6 months),Priority callback from support lead,Basic,Annual,3,196.23
2349,CUST102532,0.4169,Medium,Usage dropped sharply over 3 months; Month-to-month contract (no lock-in),Send re-engagement campaign / feature tips,Premium,Monthly,28,658.12
2350,CUST102768,0.4168,Medium,Month-to-month contract (no lock-in); New customer (tenure <= 6 months),Offer annual-plan incentive,Basic,Monthly,1,184.13
2351,CUST102528,0.4163,Medium,Slow support resolution; Month-to-month contract (no lock-in); New customer (tenure <= 6 months),Priority callback from support lead,Standard,Monthly,6,388.75
2352,CUST104689,0.4159,Medium,Frequent support contacts; Slow support resolution,Priority callback from support lead,Basic,Annual,22,199.66
2353,CUST103111,0.4158,Medium,Recent price increase,Offer loyalty discount / plan review,Standard,Annual,12,385.63
2354,CUST100415,0.4156,Medium,Month-to-month contract (no lock-in),Offer annual-plan incentive,Standard,Monthly,14,403.65
2355,CUST102348,0.4153,Medium,Month-to-month contract (no lock-in); New customer (tenure <= 6 months),Offer annual-plan incentive,Basic,Monthly,2,181.43
2356,CUST104107,0.4153,Medium,Month-to-month contract (no lock-in),Offer annual-plan incentive,Standard,Monthly,17,362.37
2357,CUST103229,0.4153,Medium,General elevated risk - manual review,Offer annual-plan incentive,Basic,Annual,23,196.05
2358,CUST104776,0.4153,Medium,Frequent support contacts,Priority callback from support lead,Standard,Annual,23,390.38
2359,CUST104488,0.4152,Medium,Usage dropped sharply over 3 months; Slow support resolution; Month-to-month contract (no lock-in),Priority callback from support lead,Basic,Monthly,21,201.32
2360,CUST100099,0.4151,Medium,Slow support resolution; Month-to-month contract (no lock-in),Priority callback from support lead,Basic,Monthly,11,212.85
2361,CUST102385,0.4151,Medium,Slow support resolution; Recent price increase; Month-to-month contract (no lock-in),Offer loyalty discount / plan review,Standard,Monthly,7,403.67
2362,CUST104040,0.4145,Medium,Slow support resolution; Low satisfaction score; Recent price increase; Month-to-month contract (no lock-in),Offer loyalty discount / plan review,Standard,Monthly,48,400.79
2363,CUST104988,0.4145,Medium,Month-to-month contract (no lock-in); New customer (tenure <= 6 months),Offer annual-plan incentive,Basic,Monthly,1,205.1
2364,CUST104126,0.4142,Medium,General elevated risk - manual review,Offer annual-plan incentive,Standard,Annual,12,409.33
2365,CUST100837,0.4141,Medium,Slow support resolution; Month-to-month contract (no lock-in); New customer (tenure <= 6 months),Priority callback from support lead,Basic,Monthly,4,203.5
2366,CUST101360,0.4141,Medium,Slow support resolution,Priority callback from support lead,Premium,Annual,9,749.43
2367,CUST103810,0.4139,Medium,Low satisfaction score; Repeated late payments; Month-to-month contract (no lock-in),Priority callback from support lead,Standard,Monthly,40,379.69
2368,CUST100471,0.4139,Medium,Month-to-month contract (no lock-in),Offer annual-plan incentive,Standard,Monthly,13,400.47
2369,CUST101296,0.4136,Medium,General elevated risk - manual review,Offer annual-plan incentive,Standard,Annual,32,383.27
2370,CUST103768,0.413,Medium,Month-to-month contract (no lock-in); New customer (tenure <= 6 months),Offer annual-plan incentive,Standard,Monthly,6,426.26
2371,CUST102653,0.413,Medium,Frequent support contacts; Low satisfaction score; Month-to-month contract (no lock-in),Priority callback from support lead,Premium,Monthly,41,669.98
2372,CUST103114,0.4124,Medium,Frequent support contacts; Repeated late payments; Recent price increase; Month-to-month contract (no lock-in),Offer loyalty discount / plan review,Standard,Monthly,37,407.58
2373,CUST100613,0.4123,Medium,Recent price increase; Month-to-month contract (no lock-in); New customer (tenure <= 6 months),Offer loyalty discount / plan review,Premium,Monthly,4,682.91
2374,CUST100932,0.4122,Medium,Usage dropped sharply over 3 months; Month-to-month contract (no lock-in),Send re-engagement campaign / feature tips,Standard,Monthly,24,446.79
2375,CUST101211,0.412,Medium,New customer (tenure <= 6 months),Offer annual-plan incentive,Premium,Annual,1,678.4
2376,CUST103840,0.4114,Medium,Slow support resolution; Low satisfaction score; Month-to-month contract (no lock-in),Priority callback from support lead,Basic,Monthly,8,187.56
2377,CUST101899,0.4114,Medium,Month-to-month contract (no lock-in),Offer annual-plan incentive,Standard,Monthly,24,365.64
2378,CUST100361,0.4113,Medium,Slow support resolution; Repeated late payments; Month-to-month contract (no lock-in),Priority callback from support lead,Standard,Monthly,16,390.18
2379,CUST102144,0.4107,Medium,Low satisfaction score,Priority callback from support lead,Standard,Annual,8,416.04
2380,CUST100738,0.4107,Medium,Month-to-month contract (no lock-in),Offer annual-plan incentive,Premium,Monthly,25,692.36
2381,CUST100603,0.4106,Medium,Month-to-month contract (no lock-in),Offer annual-plan incentive,Premium,Monthly,10,695.72
2382,CUST100332,0.4106,Medium,Usage dropped sharply over 3 months; Month-to-month contract (no lock-in),Send re-engagement campaign / feature tips,Basic,Monthly,8,208.81
2383,CUST102010,0.4103,Medium,Month-to-month contract (no lock-in); New customer (tenure <= 6 months),Offer annual-plan incentive,Basic,Monthly,6,199.99
2384,CUST103557,0.4103,Medium,Month-to-month contract (no lock-in); New customer (tenure <= 6 months),Offer annual-plan incentive,Premium,Monthly,5,677.83
2385,CUST103740,0.4101,Medium,Frequent support contacts; Recent price increase; Month-to-month contract (no lock-in); New customer (tenure <= 6 months),Offer loyalty discount / plan review,Basic,Monthly,1,197.46
2386,CUST103252,0.4101,Medium,Usage dropped sharply over 3 months; Repeated late payments; Month-to-month contract (no lock-in),Send re-engagement campaign / feature tips,Basic,Monthly,28,187.53
2387,CUST103982,0.41,Medium,Month-to-month contract (no lock-in),Offer annual-plan incentive,Standard,Monthly,10,398.76
2388,CUST101919,0.4097,Medium,Month-to-month contract (no lock-in),Offer annual-plan incentive,Standard,Monthly,13,393.44
2389,CUST102371,0.4096,Medium,Slow support resolution; New customer (tenure <= 6 months),Priority callback from support lead,Standard,Annual,4,408.85
2390,CUST100219,0.4089,Medium,Usage dropped sharply over 3 months; Month-to-month contract (no lock-in),Send re-engagement campaign / feature tips,Basic,Monthly,31,203.39
2391,CUST100614,0.4088,Medium,Repeated late payments; Recent price increase,Offer loyalty discount / plan review,Standard,Annual,15,424.79
2392,CUST101948,0.4087,Medium,Month-to-month contract (no lock-in),Offer annual-plan incentive,Basic,Monthly,12,204.65
2393,CUST100015,0.4077,Medium,Month-to-month contract (no lock-in),Offer annual-plan incentive,Basic,Monthly,26,198.36
2394,CUST104017,0.4072,Medium,Month-to-month contract (no lock-in),Offer annual-plan incentive,Basic,Monthly,10,213.39
2395,CUST100557,0.4071,Medium,Month-to-month contract (no lock-in); New customer (tenure <= 6 months),Offer annual-plan incentive,Standard,Monthly,5,405.81
2396,CUST100541,0.4069,Medium,Frequent support contacts; Month-to-month contract (no lock-in),Priority callback from support lead,Premium,Monthly,42,697.02
2397,CUST101050,0.4066,Medium,Slow support resolution; New customer (tenure <= 6 months),Priority callback from support lead,Basic,Annual,1,203.97
2398,CUST103124,0.4063,Medium,Slow support resolution; New customer (tenure <= 6 months),Priority callback from support lead,Standard,Annual,3,391.07
2399,CUST101162,0.4062,Medium,Usage dropped sharply over 3 months; Month-to-month contract (no lock-in),Send re-engagement campaign / feature tips,Standard,Monthly,15,379.16
2400,CUST104352,0.4062,Medium,Month-to-month contract (no lock-in),Offer annual-plan incentive,Basic,Monthly,7,194.03
2401,CUST103741,0.4062,Medium,General elevated risk - manual review,Offer annual-plan incentive,Premium,Annual,8,695.49
2402,CUST101986,0.4061,Medium,Month-to-month contract (no lock-in),Offer annual-plan incentive,Basic,Monthly,16,207.42
2403,CUST100626,0.406,Medium,Month-to-month contract (no lock-in),Offer annual-plan incentive,Standard,Monthly,8,424.35
2404,CUST104735,0.4057,Medium,Usage dropped sharply over 3 months; New customer (tenure <= 6 months),Send re-engagement campaign / feature tips,Standard,Annual,4,378.84
2405,CUST103970,0.4056,Medium,Slow support resolution,Priority callback from support lead,Standard,Annual,7,399.16
2406,CUST100873,0.4054,Medium,Usage dropped sharply over 3 months; Recent price increase; Month-to-month contract (no lock-in),Offer loyalty discount / plan review,Standard,Monthly,9,398.64
2407,CUST100926,0.405,Medium,Slow support resolution; Month-to-month contract (no lock-in),Priority callback from support lead,Basic,Monthly,7,206.21
2408,CUST102858,0.4048,Medium,Recent price increase; Month-to-month contract (no lock-in),Offer loyalty discount / plan review,Basic,Monthly,7,197.18
2409,CUST100681,0.4043,Medium,General elevated risk - manual review,Offer annual-plan incentive,Basic,Annual,15,195.15
2410,CUST101473,0.4039,Medium,Usage dropped sharply over 3 months; Low satisfaction score; Month-to-month contract (no lock-in),Priority callback from support lead,Standard,Monthly,28,353.46
2411,CUST103084,0.4035,Medium,Recent price increase; Month-to-month contract (no lock-in),Offer loyalty discount / plan review,Basic,Monthly,15,207.31
2412,CUST102707,0.4035,Medium,Low satisfaction score; Month-to-month contract (no lock-in),Priority callback from support lead,Standard,Monthly,46,401.67
2413,CUST101689,0.4035,Medium,General elevated risk - manual review,Offer annual-plan incentive,Premium,Annual,31,696.13
2414,CUST101545,0.4033,Medium,Month-to-month contract (no lock-in); New customer (tenure <= 6 months),Offer annual-plan incentive,Standard,Monthly,1,403.23
2415,CUST100273,0.4022,Medium,Recent price increase; New customer (tenure <= 6 months),Offer loyalty discount / plan review,Basic,Annual,1,195.89
2416,CUST100878,0.4022,Medium,Usage dropped sharply over 3 months; Month-to-month contract (no lock-in),Send re-engagement campaign / feature tips,Basic,Monthly,39,199.73
2417,CUST104695,0.4016,Medium,Month-to-month contract (no lock-in); New customer (tenure <= 6 months),Offer annual-plan incentive,Basic,Monthly,2,208.6
2418,CUST104111,0.4016,Medium,Month-to-month contract (no lock-in),Offer annual-plan incentive,Standard,Monthly,25,360.09
2419,CUST100773,0.4016,Medium,Frequent support contacts; Month-to-month contract (no lock-in),Priority callback from support lead,Standard,Monthly,17,421.3
2420,CUST102837,0.4012,Medium,Month-to-month contract (no lock-in),Offer annual-plan incentive,Standard,Monthly,25,432.09
2421,CUST100330,0.4008,Medium,Usage dropped sharply over 3 months; Month-to-month contract (no lock-in),Send re-engagement campaign / feature tips,Standard,Monthly,16,378.86
2422,CUST103916,0.4008,Medium,General elevated risk - manual review,Offer annual-plan incentive,Basic,Annual,7,181.25
2423,CUST104465,0.4006,Medium,Low satisfaction score; Month-to-month contract (no lock-in); New customer (tenure <= 6 months),Priority callback from support lead,Basic,Monthly,5,209.57
2424,CUST103009,0.4005,Medium,New customer (tenure <= 6 months),Offer annual-plan incentive,Standard,Annual,4,395.32
2425,CUST104490,0.4002,Medium,General elevated risk - manual review,Offer annual-plan incentive,Premium,Annual,31,684.11
2426,CUST104827,0.4001,Medium,Repeated late payments; New customer (tenure <= 6 months),Offer flexible payment / autopay setup,Basic,Annual,6,207.71
2427,CUST104996,0.4001,Medium,Slow support resolution; Month-to-month contract (no lock-in),Priority callback from support lead,Basic,Monthly,18,208.23
2428,CUST101114,0.4001,Medium,Month-to-month contract (no lock-in),Offer annual-plan incentive,Basic,Monthly,16,199.66
2429,CUST104599,0.4,Medium,New customer (tenure <= 6 months),Offer annual-plan incentive,Standard,Annual,4,393.06
2430,CUST104707,0.3995,Low,Frequent support contacts; Recent price increase; Month-to-month contract (no lock-in),Offer loyalty discount / plan review,Basic,Monthly,11,201.58
2431,CUST100100,0.3991,Low,New customer (tenure <= 6 months),Offer annual-plan incentive,Standard,Annual,2,409.56
2432,CUST102318,0.399,Low,Month-to-month contract (no lock-in),Offer annual-plan incentive,Premium,Monthly,15,691.88
2433,CUST103556,0.3987,Low,Usage dropped sharply over 3 months; Slow support resolution; Recent price increase; Month-to-month contract (no lock-in),Offer loyalty discount / plan review,Basic,Monthly,1,199.22
2434,CUST102832,0.3986,Low,Low satisfaction score,Priority callback from support lead,Basic,Annual,21,205.97
2435,CUST100385,0.3984,Low,Month-to-month contract (no lock-in); New customer (tenure <= 6 months),Offer annual-plan incentive,Premium,Monthly,5,735.73
2436,CUST102402,0.3982,Low,Month-to-month contract (no lock-in); New customer (tenure <= 6 months),Offer annual-plan incentive,Basic,Monthly,1,185.7
2437,CUST102639,0.3981,Low,Slow support resolution,Priority callback from support lead,Standard,Annual,28,359.37
2438,CUST102454,0.3979,Low,Month-to-month contract (no lock-in),Offer annual-plan incentive,Standard,Monthly,20,361.01
2439,CUST100426,0.3978,Low,Frequent support contacts; Month-to-month contract (no lock-in),Priority callback from support lead,Basic,Monthly,7,185.06
2440,CUST100144,0.3977,Low,Slow support resolution; Repeated late payments,Priority callback from support lead,Basic,Annual,10,198.89
2441,CUST104686,0.3976,Low,Month-to-month contract (no lock-in); New customer (tenure <= 6 months),Offer annual-plan incentive,Standard,Monthly,3,386.52
2442,CUST100221,0.3973,Low,Low satisfaction score,Priority callback from support lead,Standard,Annual,17,367.33
2443,CUST101641,0.3973,Low,Slow support resolution; Low satisfaction score; Recent price increase; Month-to-month contract (no lock-in),Offer loyalty discount / plan review,Basic,Monthly,10,185.46
2444,CUST102984,0.397,Low,Recent price increase; Month-to-month contract (no lock-in),Offer loyalty discount / plan review,Standard,Monthly,17,396.43
2445,CUST104577,0.3965,Low,Month-to-month contract (no lock-in),Offer annual-plan incentive,Basic,Monthly,8,209.76
2446,CUST100709,0.3964,Low,Month-to-month contract (no lock-in),Offer annual-plan incentive,Standard,Monthly,20,384.59
2447,CUST103817,0.3961,Low,Low satisfaction score; New customer (tenure <= 6 months),Priority callback from support lead,Basic,Annual,6,203.16
2448,CUST104969,0.3959,Low,Month-to-month contract (no lock-in),Offer annual-plan incentive,Standard,Monthly,12,413.14
2449,CUST102448,0.3959,Low,Month-to-month contract (no lock-in),Offer annual-plan incentive,Standard,Monthly,72,393.67
2450,CUST104505,0.3957,Low,Slow support resolution; Month-to-month contract (no lock-in),Priority callback from support lead,Standard,Monthly,11,427.1
2451,CUST100150,0.3953,Low,Slow support resolution,Priority callback from support lead,Standard,Annual,7,380.19
2452,CUST103442,0.3953,Low,Month-to-month contract (no lock-in),Offer annual-plan incentive,Basic,Monthly,37,219.75
2453,CUST100663,0.3952,Low,Month-to-month contract (no lock-in),Offer annual-plan incentive,Standard,Monthly,9,396.43
2454,CUST102753,0.3951,Low,Recent price increase; Month-to-month contract (no lock-in),Offer loyalty discount / plan review,Basic,Monthly,22,202.39
2455,CUST101155,0.395,Low,Frequent support contacts; Slow support resolution; Month-to-month contract (no lock-in),Priority callback from support lead,Basic,Monthly,28,197.75
2456,CUST101866,0.3949,Low,Slow support resolution; Month-to-month contract (no lock-in); New customer (tenure <= 6 months),Priority callback from support lead,Standard,Monthly,1,383.99
2457,CUST103748,0.3948,Low,Month-to-month contract (no lock-in),Offer annual-plan incentive,Basic,Monthly,17,200.76
2458,CUST102220,0.3946,Low,General elevated risk - manual review,Offer annual-plan incentive,Basic,Annual,16,211.55
2459,CUST101613,0.3942,Low,Usage dropped sharply over 3 months; Low satisfaction score; Repeated late payments,Priority callback from support lead,Basic,Annual,8,191.74
2460,CUST102035,0.3941,Low,Slow support resolution; Month-to-month contract (no lock-in),Priority callback from support lead,Standard,Monthly,25,442.96
2461,CUST101727,0.394,Low,Recent price increase; Month-to-month contract (no lock-in),Offer loyalty discount / plan review,Basic,Monthly,35,210.75
2462,CUST103044,0.3934,Low,Slow support resolution; Month-to-month contract (no lock-in),Priority callback from support lead,Basic,Monthly,14,208.0
2463,CUST100076,0.3934,Low,Slow support resolution; Month-to-month contract (no lock-in),Priority callback from support lead,Basic,Monthly,14,183.44
2464,CUST100108,0.3931,Low,Frequent support contacts; Month-to-month contract (no lock-in),Priority callback from support lead,Standard,Monthly,19,382.25
2465,CUST103221,0.393,Low,Frequent support contacts; Low satisfaction score,Priority callback from support lead,Basic,Annual,14,208.0
2466,CUST101134,0.3925,Low,Month-to-month contract (no lock-in),Offer annual-plan incentive,Basic,Monthly,17,202.14
2467,CUST102571,0.3922,Low,Usage dropped sharply over 3 months; Frequent support contacts; New customer (tenure <= 6 months),Priority callback from support lead,Premium,Annual,3,670.27
2468,CUST103159,0.3921,Low,Slow support resolution; Month-to-month contract (no lock-in),Priority callback from support lead,Basic,Monthly,24,203.72
2469,CUST102812,0.3921,Low,Slow support resolution; Month-to-month contract (no lock-in),Priority callback from support lead,Premium,Monthly,12,695.18
2470,CUST100466,0.392,Low,Very low engagement (usage/logins); Recent price increase; Month-to-month contract (no lock-in),Offer loyalty discount / plan review,Basic,Monthly,34,208.26
2471,CUST100944,0.3919,Low,Usage dropped sharply over 3 months; Slow support resolution; Low satisfaction score; Recent price increase,Offer loyalty discount / plan review,Premium,Annual,42,720.17
2472,CUST100683,0.3917,Low,Low satisfaction score; Month-to-month contract (no lock-in),Priority callback from support lead,Standard,Monthly,31,376.2
2473,CUST103332,0.3916,Low,General elevated risk - manual review,Offer annual-plan incentive,Premium,Annual,7,682.44
2474,CUST100167,0.3913,Low,Repeated late payments; New customer (tenure <= 6 months),Offer flexible payment / autopay setup,Standard,Annual,5,411.71
2475,CUST104231,0.3909,Low,Month-to-month contract (no lock-in),Offer annual-plan incentive,Standard,Monthly,35,385.93
2476,CUST102025,0.3907,Low,Usage dropped sharply over 3 months; Repeated late payments,Send re-engagement campaign / feature tips,Premium,Annual,11,751.15
2477,CUST100101,0.3905,Low,Month-to-month contract (no lock-in),Offer annual-plan incentive,Standard,Monthly,16,417.2
2478,CUST100502,0.39,Low,Slow support resolution; New customer (tenure <= 6 months),Priority callback from support lead,Standard,Annual,3,369.15
2479,CUST102296,0.39,Low,Frequent support contacts; Month-to-month contract (no lock-in),Priority callback from support lead,Standard,Monthly,24,385.56
2480,CUST103217,0.39,Low,General elevated risk - manual review,Offer annual-plan incentive,Premium,Annual,19,650.34
2481,CUST104567,0.3899,Low,General elevated risk - manual review,Offer annual-plan incentive,Basic,Annual,12,194.74
2482,CUST103483,0.3898,Low,Month-to-month contract (no lock-in),Offer annual-plan incentive,Standard,Monthly,10,415.02
2483,CUST101029,0.3898,Low,Low satisfaction score; Month-to-month contract (no lock-in),Priority callback from support lead,Basic,Monthly,37,194.66
2484,CUST101056,0.3897,Low,Frequent support contacts; Slow support resolution,Priority callback from support lead,Standard,Annual,14,442.87
2485,CUST102221,0.3895,Low,Recent price increase; Month-to-month contract (no lock-in),Offer loyalty discount / plan review,Basic,Monthly,37,203.81
2486,CUST101259,0.3894,Low,Frequent support contacts; Recent price increase; New customer (tenure <= 6 months),Offer loyalty discount / plan review,Premium,Annual,5,722.02
2487,CUST102324,0.3892,Low,Month-to-month contract (no lock-in); New customer (tenure <= 6 months),Offer annual-plan incentive,Basic,Monthly,5,191.72
2488,CUST102513,0.3884,Low,Slow support resolution; Recent price increase; Month-to-month contract (no lock-in),Offer loyalty discount / plan review,Premium,Monthly,17,690.31
2489,CUST104893,0.3882,Low,Month-to-month contract (no lock-in); New customer (tenure <= 6 months),Offer annual-plan incentive,Basic,Monthly,1,205.5
2490,CUST100035,0.388,Low,Repeated late payments; Month-to-month contract (no lock-in),Offer flexible payment / autopay setup,Basic,Monthly,17,184.88
2491,CUST104937,0.3879,Low,Month-to-month contract (no lock-in),Offer annual-plan incentive,Standard,Monthly,9,404.15
2492,CUST100268,0.3878,Low,Usage dropped sharply over 3 months; Month-to-month contract (no lock-in); New customer (tenure <= 6 months),Send re-engagement campaign / feature tips,Basic,Monthly,1,201.09
2493,CUST104523,0.3877,Low,Month-to-month contract (no lock-in),Offer annual-plan incentive,Basic,Monthly,8,214.16
2494,CUST102358,0.3875,Low,Month-to-month contract (no lock-in),Offer annual-plan incentive,Standard,Monthly,15,389.9
2495,CUST103766,0.3871,Low,Month-to-month contract (no lock-in); New customer (tenure <= 6 months),Offer annual-plan incentive,Basic,Monthly,2,186.83
2496,CUST100650,0.3871,Low,Month-to-month contract (no lock-in); New customer (tenure <= 6 months),Offer annual-plan incentive,Basic,Monthly,3,180.08
2497,CUST101007,0.3869,Low,Usage dropped sharply over 3 months; Month-to-month contract (no lock-in),Send re-engagement campaign / feature tips,Basic,Monthly,8,184.59
2498,CUST104979,0.3869,Low,Month-to-month contract (no lock-in),Offer annual-plan incentive,Basic,Monthly,11,198.55
2499,CUST100695,0.3858,Low,Slow support resolution; New customer (tenure <= 6 months),Priority callback from support lead,Standard,Annual,2,394.67
2500,CUST104755,0.3858,Low,Slow support resolution; Month-to-month contract (no lock-in); New customer (tenure <= 6 months),Priority callback from support lead,Premium,Monthly,1,673.79
2501,CUST100608,0.3857,Low,Month-to-month contract (no lock-in); New customer (tenure <= 6 months),Offer annual-plan incentive,Premium,Monthly,4,734.47
2502,CUST102556,0.3856,Low,Low satisfaction score; Month-to-month contract (no lock-in),Priority callback from support lead,Standard,Monthly,34,346.87
2503,CUST100152,0.3855,Low,Low satisfaction score; Month-to-month contract (no lock-in),Priority callback from support lead,Standard,Monthly,11,407.64
2504,CUST100503,0.3853,Low,Month-to-month contract (no lock-in),Offer annual-plan incentive,Basic,Monthly,22,182.07
2505,CUST103529,0.3849,Low,Usage dropped sharply over 3 months; Month-to-month contract (no lock-in); New customer (tenure <= 6 months),Send re-engagement campaign / feature tips,Standard,Monthly,1,386.83
2506,CUST104003,0.3847,Low,Very low engagement (usage/logins); Low satisfaction score,Priority callback from support lead,Basic,Annual,9,182.48
2507,CUST104234,0.3846,Low,Low satisfaction score; Month-to-month contract (no lock-in),Priority callback from support lead,Basic,Monthly,17,179.24
2508,CUST101209,0.3845,Low,Repeated late payments; New customer (tenure <= 6 months),Offer flexible payment / autopay setup,Basic,Annual,5,191.16
2509,CUST101673,0.3844,Low,Month-to-month contract (no lock-in); New customer (tenure <= 6 months),Offer annual-plan incentive,Standard,Monthly,2,431.98
2510,CUST103856,0.3844,Low,Slow support resolution; Repeated late payments; Month-to-month contract (no lock-in),Priority callback from support lead,Premium,Monthly,24,721.19
2511,CUST100806,0.3841,Low,Month-to-month contract (no lock-in),Offer annual-plan incentive,Standard,Monthly,33,412.52
2512,CUST101426,0.3837,Low,Repeated late payments; Recent price increase; Month-to-month contract (no lock-in),Offer loyalty discount / plan review,Standard,Monthly,10,414.62
2513,CUST104254,0.3834,Low,Month-to-month contract (no lock-in); New customer (tenure <= 6 months),Offer annual-plan incentive,Standard,Monthly,3,365.78
2514,CUST103686,0.3834,Low,Month-to-month contract (no lock-in),Offer annual-plan incentive,Basic,Monthly,30,199.51
2515,CUST103720,0.3833,Low,Frequent support contacts; Month-to-month contract (no lock-in); New customer (tenure <= 6 months),Priority callback from support lead,Basic,Monthly,1,209.81
2516,CUST101602,0.3832,Low,Usage dropped sharply over 3 months; Slow support resolution,Priority callback from support lead,Basic,Annual,13,200.48
2517,CUST100013,0.3832,Low,Usage dropped sharply over 3 months,Send re-engagement campaign / feature tips,Standard,Annual,37,399.49
2518,CUST103225,0.3829,Low,Usage dropped sharply over 3 months; Month-to-month contract (no lock-in); New customer (tenure <= 6 months),Send re-engagement campaign / feature tips,Standard,Monthly,1,385.12
2519,CUST102415,0.3826,Low,Usage dropped sharply over 3 months; New customer (tenure <= 6 months),Send re-engagement campaign / feature tips,Standard,Annual,2,400.29
2520,CUST104242,0.3824,Low,Month-to-month contract (no lock-in); New customer (tenure <= 6 months),Offer annual-plan incentive,Basic,Monthly,3,200.65
2521,CUST102350,0.3824,Low,Frequent support contacts; Month-to-month contract (no lock-in),Priority callback from support lead,Basic,Monthly,33,199.12
2522,CUST102826,0.3824,Low,Month-to-month contract (no lock-in),Offer annual-plan incentive,Standard,Monthly,27,410.89
2523,CUST101380,0.3821,Low,Month-to-month contract (no lock-in); New customer (tenure <= 6 months),Offer annual-plan incentive,Basic,Monthly,2,197.29
2524,CUST100424,0.3821,Low,Recent price increase; Month-to-month contract (no lock-in),Offer loyalty discount / plan review,Basic,Monthly,11,192.4
2525,CUST101642,0.3818,Low,Repeated late payments; Month-to-month contract (no lock-in),Offer flexible payment / autopay setup,Basic,Monthly,15,178.1
2526,CUST103137,0.3818,Low,Usage dropped sharply over 3 months; New customer (tenure <= 6 months),Send re-engagement campaign / feature tips,Basic,Annual,1,224.47
2527,CUST101183,0.3818,Low,Month-to-month contract (no lock-in),Offer annual-plan incentive,Premium,Monthly,11,687.41
2528,CUST104702,0.3817,Low,Low satisfaction score; Month-to-month contract (no lock-in); New customer (tenure <= 6 months),Priority callback from support lead,Premium,Monthly,2,760.91
2529,CUST103699,0.3817,Low,Month-to-month contract (no lock-in),Offer annual-plan incentive,Basic,Monthly,19,212.4
2530,CUST101028,0.3816,Low,Usage dropped sharply over 3 months; Month-to-month contract (no lock-in),Send re-engagement campaign / feature tips,Basic,Monthly,33,192.17
2531,CUST101685,0.3815,Low,Month-to-month contract (no lock-in),Offer annual-plan incentive,Standard,Monthly,11,388.58
2532,CUST100469,0.3813,Low,Slow support resolution; Month-to-month contract (no lock-in),Priority callback from support lead,Standard,Monthly,30,423.46
2533,CUST104620,0.3813,Low,Low satisfaction score; Month-to-month contract (no lock-in),Priority callback from support lead,Premium,Monthly,17,752.84
2534,CUST104910,0.3813,Low,Recent price increase; Month-to-month contract (no lock-in); New customer (tenure <= 6 months),Offer loyalty discount / plan review,Standard,Monthly,1,407.65
2535,CUST100215,0.3813,Low,Recent price increase; Month-to-month contract (no lock-in),Offer loyalty discount / plan review,Standard,Monthly,7,435.75
2536,CUST103673,0.3812,Low,Month-to-month contract (no lock-in),Offer annual-plan incentive,Basic,Monthly,17,174.07
2537,CUST100430,0.3811,Low,Usage dropped sharply over 3 months; Month-to-month contract (no lock-in),Send re-engagement campaign / feature tips,Basic,Monthly,12,189.42
2538,CUST100461,0.3809,Low,Month-to-month contract (no lock-in),Offer annual-plan incentive,Standard,Monthly,10,348.69
2539,CUST101737,0.3805,Low,Repeated late payments; Month-to-month contract (no lock-in),Offer flexible payment / autopay setup,Basic,Monthly,23,196.45
2540,CUST101789,0.3805,Low,Month-to-month contract (no lock-in); New customer (tenure <= 6 months),Offer annual-plan incentive,Standard,Monthly,3,384.92
2541,CUST101652,0.3804,Low,Repeated late payments; Month-to-month contract (no lock-in),Offer flexible payment / autopay setup,Basic,Monthly,18,206.71
2542,CUST102111,0.3803,Low,General elevated risk - manual review,Offer annual-plan incentive,Premium,Annual,8,680.87
2543,CUST104656,0.3803,Low,Slow support resolution; Repeated late payments; New customer (tenure <= 6 months),Priority callback from support lead,Basic,Annual,5,197.24
2544,CUST101046,0.38,Low,Usage dropped sharply over 3 months; New customer (tenure <= 6 months),Send re-engagement campaign / feature tips,Premium,Annual,4,737.38
2545,CUST104837,0.3798,Low,Month-to-month contract (no lock-in); New customer (tenure <= 6 months),Offer annual-plan incentive,Basic,Monthly,3,188.83
2546,CUST104548,0.3797,Low,Low satisfaction score; Month-to-month contract (no lock-in),Priority callback from support lead,Basic,Monthly,31,194.41
2547,CUST103914,0.3792,Low,Month-to-month contract (no lock-in),Offer annual-plan incentive,Standard,Monthly,19,384.91
2548,CUST104594,0.379,Low,Usage dropped sharply over 3 months; Frequent support contacts; Repeated late payments; Recent price increase,Offer loyalty discount / plan review,Basic,Monthly,13,200.36
2549,CUST101048,0.3789,Low,Month-to-month contract (no lock-in),Offer annual-plan incentive,Premium,Monthly,13,738.64
2550,CUST102744,0.3787,Low,Month-to-month contract (no lock-in),Offer annual-plan incentive,Standard,Monthly,13,417.69
2551,CUST101062,0.3787,Low,Frequent support contacts; Recent price increase; Month-to-month contract (no lock-in),Offer loyalty discount / plan review,Basic,Monthly,42,188.03
2552,CUST104901,0.3786,Low,Recent price increase,Offer loyalty discount / plan review,Basic,Annual,25,198.64
2553,CUST102661,0.3786,Low,Low satisfaction score,Priority callback from support lead,Basic,Annual,10,204.12
2554,CUST104034,0.3785,Low,Frequent support contacts; Month-to-month contract (no lock-in),Priority callback from support lead,Premium,Monthly,22,692.93
2555,CUST102631,0.3783,Low,Recent price increase; Month-to-month contract (no lock-in),Offer loyalty discount / plan review,Premium,Monthly,12,743.9
2556,CUST104197,0.3782,Low,Frequent support contacts; Low satisfaction score,Priority callback from support lead,Standard,Annual,38,392.5
2557,CUST100720,0.3782,Low,Month-to-month contract (no lock-in),Offer annual-plan incentive,Standard,Monthly,10,421.68
2558,CUST104820,0.378,Low,Recent price increase; Month-to-month contract (no lock-in),Offer loyalty discount / plan review,Standard,Monthly,16,382.6
2559,CUST103960,0.3779,Low,Frequent support contacts; Low satisfaction score,Priority callback from support lead,Basic,Annual,13,199.06
2560,CUST101798,0.3772,Low,New customer (tenure <= 6 months),Offer annual-plan incentive,Basic,Annual,3,192.79
2561,CUST102239,0.3772,Low,Month-to-month contract (no lock-in),Offer annual-plan incentive,Premium,Monthly,22,761.95
2562,CUST100146,0.3769,Low,Frequent support contacts,Priority callback from support lead,Basic,Annual,21,196.58
2563,CUST101369,0.3769,Low,Low satisfaction score; Month-to-month contract (no lock-in),Priority callback from support lead,Standard,Monthly,8,371.55
2564,CUST100811,0.3767,Low,Very low engagement (usage/logins),Send re-engagement campaign / feature tips,Basic,Annual,14,215.16
2565,CUST100919,0.3762,Low,Repeated late payments; Recent price increase; Month-to-month contract (no lock-in),Offer loyalty discount / plan review,Premium,Monthly,38,669.51
2566,CUST104607,0.3761,Low,Usage dropped sharply over 3 months; Recent price increase; Month-to-month contract (no lock-in),Offer loyalty discount / plan review,Basic,Monthly,18,197.02
2567,CUST101628,0.3761,Low,Month-to-month contract (no lock-in); New customer (tenure <= 6 months),Offer annual-plan incentive,Standard,Monthly,5,390.27
2568,CUST103287,0.376,Low,Repeated late payments; Month-to-month contract (no lock-in),Offer flexible payment / autopay setup,Basic,Monthly,18,206.85
2569,CUST100637,0.3758,Low,Recent price increase; Month-to-month contract (no lock-in),Offer loyalty discount / plan review,Standard,Monthly,8,346.36
2570,CUST100192,0.3754,Low,Month-to-month contract (no lock-in),Offer annual-plan incentive,Standard,Monthly,29,433.99
2571,CUST102026,0.3754,Low,Slow support resolution; Recent price increase; Month-to-month contract (no lock-in),Offer loyalty discount / plan review,Basic,Monthly,24,201.42
2572,CUST103165,0.3749,Low,Usage dropped sharply over 3 months; Frequent support contacts; Month-to-month contract (no lock-in),Priority callback from support lead,Basic,Monthly,46,204.23
2573,CUST103926,0.3743,Low,Slow support resolution; Recent price increase; Month-to-month contract (no lock-in),Offer loyalty discount / plan review,Basic,Monthly,25,195.69
2574,CUST104261,0.3743,Low,Month-to-month contract (no lock-in),Offer annual-plan incentive,Basic,Monthly,10,202.07
2575,CUST101841,0.3741,Low,Month-to-month contract (no lock-in),Offer annual-plan incentive,Basic,Monthly,25,203.62
2576,CUST101710,0.374,Low,Recent price increase,Offer loyalty discount / plan review,Standard,Annual,27,377.56
2577,CUST102134,0.374,Low,Usage dropped sharply over 3 months; New customer (tenure <= 6 months),Send re-engagement campaign / feature tips,Standard,Annual,1,404.24
2578,CUST102173,0.3737,Low,Repeated late payments; Month-to-month contract (no lock-in),Offer flexible payment / autopay setup,Basic,Monthly,26,220.84
2579,CUST104618,0.3735,Low,Usage dropped sharply over 3 months; Month-to-month contract (no lock-in),Send re-engagement campaign / feature tips,Basic,Monthly,24,201.16
2580,CUST102586,0.3734,Low,Slow support resolution; Month-to-month contract (no lock-in),Priority callback from support lead,Basic,Monthly,7,193.98
2581,CUST102709,0.3734,Low,New customer (tenure <= 6 months),Offer annual-plan incentive,Standard,Annual,4,395.8
2582,CUST102674,0.3732,Low,Recent price increase; Month-to-month contract (no lock-in),Offer loyalty discount / plan review,Standard,Monthly,7,403.68
2583,CUST104890,0.3731,Low,Repeated late payments; Month-to-month contract (no lock-in),Offer flexible payment / autopay setup,Premium,Monthly,9,689.71
2584,CUST102695,0.3731,Low,Month-to-month contract (no lock-in),Offer annual-plan incentive,Standard,Monthly,11,377.94
2585,CUST103576,0.373,Low,Low satisfaction score,Priority callback from support lead,Standard,Annual,45,423.05
2586,CUST102651,0.3729,Low,Month-to-month contract (no lock-in); New customer (tenure <= 6 months),Offer annual-plan incentive,Standard,Monthly,4,422.15
2587,CUST104076,0.3729,Low,New customer (tenure <= 6 months),Offer annual-plan incentive,Standard,Annual,5,444.3
2588,CUST104853,0.3725,Low,Month-to-month contract (no lock-in),Offer annual-plan incentive,Basic,Monthly,35,198.22
2589,CUST101000,0.3724,Low,Month-to-month contract (no lock-in),Offer annual-plan incentive,Premium,Monthly,7,710.0
2590,CUST104351,0.3724,Low,Frequent support contacts; Slow support resolution; Recent price increase; Month-to-month contract (no lock-in),Offer loyalty discount / plan review,Basic,Monthly,8,206.47
2591,CUST104683,0.3723,Low,Month-to-month contract (no lock-in),Offer annual-plan incentive,Basic,Monthly,28,200.26
2592,CUST100692,0.3719,Low,Month-to-month contract (no lock-in),Offer annual-plan incentive,Premium,Monthly,21,732.66
2593,CUST101108,0.3716,Low,Month-to-month contract (no lock-in); New customer (tenure <= 6 months),Offer annual-plan incentive,Premium,Monthly,5,716.58
2594,CUST100733,0.3715,Low,Low satisfaction score,Priority callback from support lead,Premium,Annual,8,692.43
2595,CUST104010,0.3715,Low,Recent price increase; Month-to-month contract (no lock-in),Offer loyalty discount / plan review,Premium,Monthly,13,1500.0
2596,CUST103150,0.3715,Low,Low satisfaction score,Priority callback from support lead,Premium,Annual,23,699.58
2597,CUST104822,0.3709,Low,Slow support resolution; Month-to-month contract (no lock-in),Priority callback from support lead,Basic,Monthly,9,191.4
2598,CUST104013,0.3707,Low,New customer (tenure <= 6 months),Offer annual-plan incentive,Basic,Annual,6,196.8
2599,CUST101317,0.3706,Low,Slow support resolution; Repeated late payments; Month-to-month contract (no lock-in),Priority callback from support lead,Standard,Monthly,19,367.57
2600,CUST101088,0.3705,Low,Month-to-month contract (no lock-in),Offer annual-plan incentive,Basic,Monthly,15,187.91
2601,CUST102203,0.3705,Low,Month-to-month contract (no lock-in),Offer annual-plan incentive,Basic,Monthly,12,191.92
2602,CUST103642,0.3703,Low,Month-to-month contract (no lock-in),Offer annual-plan incentive,Basic,Monthly,27,201.85
2603,CUST104625,0.3702,Low,Usage dropped sharply over 3 months; Frequent support contacts; Low satisfaction score; Month-to-month contract (no lock-in),Priority callback from support lead,Standard,Monthly,47,343.19
2604,CUST103753,0.3698,Low,Slow support resolution; Low satisfaction score; Month-to-month contract (no lock-in),Priority callback from support lead,Basic,Monthly,29,216.44
2605,CUST103457,0.3695,Low,Month-to-month contract (no lock-in); New customer (tenure <= 6 months),Offer annual-plan incentive,Premium,Monthly,1,693.62
2606,CUST104674,0.3693,Low,Frequent support contacts; Low satisfaction score; Recent price increase; Month-to-month contract (no lock-in),Offer loyalty discount / plan review,Basic,Monthly,8,192.67
2607,CUST102058,0.3692,Low,Low satisfaction score; Month-to-month contract (no lock-in),Priority callback from support lead,Basic,Monthly,28,192.7
2608,CUST102023,0.3691,Low,Usage dropped sharply over 3 months; Very low engagement (usage/logins); New customer (tenure <= 6 months),Send re-engagement campaign / feature tips,Standard,Annual,4,401.23
2609,CUST103777,0.369,Low,Month-to-month contract (no lock-in); New customer (tenure <= 6 months),Offer annual-plan incentive,Premium,Monthly,1,725.71
2610,CUST104845,0.3687,Low,Month-to-month contract (no lock-in),Offer annual-plan incentive,Standard,Monthly,11,419.7
2611,CUST101054,0.3679,Low,Usage dropped sharply over 3 months; New customer (tenure <= 6 months),Send re-engagement campaign / feature tips,Standard,Annual,1,397.91
2612,CUST103573,0.3677,Low,Slow support resolution; New customer (tenure <= 6 months),Priority callback from support lead,Standard,Annual,5,394.75
2613,CUST102363,0.3675,Low,Recent price increase; Month-to-month contract (no lock-in); New customer (tenure <= 6 months),Offer loyalty discount / plan review,Premium,Monthly,6,714.64
2614,CUST102919,0.3669,Low,Low satisfaction score; Recent price increase; Month-to-month contract (no lock-in),Offer loyalty discount / plan review,Basic,Monthly,40,205.18
2615,CUST100666,0.3668,Low,Recent price increase; Month-to-month contract (no lock-in); New customer (tenure <= 6 months),Offer loyalty discount / plan review,Basic,Monthly,2,198.83
2616,CUST101479,0.3668,Low,Slow support resolution; Repeated late payments; Recent price increase; Month-to-month contract (no lock-in),Offer loyalty discount / plan review,Basic,Monthly,48,210.4
2617,CUST100843,0.3666,Low,Low satisfaction score,Priority callback from support lead,Basic,Annual,40,198.69
2618,CUST104912,0.3666,Low,Month-to-month contract (no lock-in),Offer annual-plan incentive,Basic,Monthly,7,216.65
2619,CUST101978,0.3666,Low,Month-to-month contract (no lock-in),Offer annual-plan incentive,Premium,Monthly,11,726.4
2620,CUST102904,0.366,Low,Recent price increase; Month-to-month contract (no lock-in),Offer loyalty discount / plan review,Premium,Monthly,17,785.28
2621,CUST101257,0.3659,Low,Slow support resolution; Month-to-month contract (no lock-in),Priority callback from support lead,Basic,Monthly,31,215.38
2622,CUST103564,0.3655,Low,Frequent support contacts; Month-to-month contract (no lock-in),Priority callback from support lead,Basic,Monthly,17,198.16
2623,CUST101625,0.3655,Low,Month-to-month contract (no lock-in); New customer (tenure <= 6 months),Offer annual-plan incentive,Basic,Monthly,5,179.13
2624,CUST102729,0.3655,Low,Month-to-month contract (no lock-in),Offer annual-plan incentive,Standard,Monthly,16,399.53
2625,CUST101764,0.3653,Low,Month-to-month contract (no lock-in),Offer annual-plan incentive,Basic,Monthly,13,209.16
2626,CUST101870,0.3652,Low,Frequent support contacts; Month-to-month contract (no lock-in),Priority callback from support lead,Basic,Monthly,37,212.78
2627,CUST101417,0.3652,Low,Frequent support contacts; Month-to-month contract (no lock-in),Priority callback from support lead,Basic,Monthly,12,197.4
2628,CUST103272,0.365,Low,Month-to-month contract (no lock-in),Offer annual-plan incentive,Premium,Monthly,15,650.89
2629,CUST101604,0.365,Low,Month-to-month contract (no lock-in); New customer (tenure <= 6 months),Offer annual-plan incentive,Basic,Monthly,4,204.59
2630,CUST104621,0.3649,Low,Slow support resolution,Priority callback from support lead,Basic,Annual,11,190.37
2631,CUST101389,0.3647,Low,New customer (tenure <= 6 months),Offer annual-plan incentive,Basic,Annual,4,195.88
2632,CUST103182,0.3644,Low,Low satisfaction score; Month-to-month contract (no lock-in),Priority callback from support lead,Standard,Monthly,10,381.98
2633,CUST101289,0.3643,Low,General elevated risk - manual review,Offer annual-plan incentive,Basic,Annual,16,205.61
2634,CUST103384,0.3641,Low,Usage dropped sharply over 3 months; Recent price increase; New customer (tenure <= 6 months),Offer loyalty discount / plan review,Standard,Annual,2,387.37
2635,CUST104056,0.3639,Low,Low satisfaction score,Priority callback from support lead,Basic,Annual,16,204.15
2636,CUST100229,0.3637,Low,Recent price increase; New customer (tenure <= 6 months),Offer loyalty discount / plan review,Basic,Annual,1,190.95
2637,CUST100643,0.3635,Low,Month-to-month contract (no lock-in); New customer (tenure <= 6 months),Offer annual-plan incentive,Basic,Monthly,1,197.96
2638,CUST103510,0.3632,Low,Low satisfaction score; New customer (tenure <= 6 months),Priority callback from support lead,Standard,Annual,5,396.37
2639,CUST104783,0.3631,Low,Month-to-month contract (no lock-in),Offer annual-plan incentive,Standard,Monthly,26,389.65
2640,CUST102999,0.363,Low,Repeated late payments,Offer flexible payment / autopay setup,Standard,Annual,38,413.78
2641,CUST100324,0.3628,Low,Slow support resolution; Low satisfaction score; Recent price increase; Month-to-month contract (no lock-in),Offer loyalty discount / plan review,Basic,Monthly,38,191.49
2642,CUST103582,0.3625,Low,Month-to-month contract (no lock-in),Offer annual-plan incentive,Basic,Monthly,34,211.64
2643,CUST100036,0.3625,Low,Usage dropped sharply over 3 months,Send re-engagement campaign / feature tips,Basic,Annual,27,213.06
2644,CUST102853,0.3622,Low,Usage dropped sharply over 3 months; Low satisfaction score; Repeated late payments; Recent price increase,Offer loyalty discount / plan review,Premium,Annual,32,690.18
2645,CUST102310,0.3621,Low,Repeated late payments; Recent price increase,Offer loyalty discount / plan review,Basic,Annual,13,197.35
2646,CUST103632,0.3617,Low,Slow support resolution; Recent price increase; Month-to-month contract (no lock-in); New customer (tenure <= 6 months),Offer loyalty discount / plan review,Basic,Monthly,1,201.76
2647,CUST100983,0.3616,Low,Frequent support contacts,Priority callback from support lead,Standard,Annual,29,366.58
2648,CUST102213,0.3614,Low,Recent price increase; Month-to-month contract (no lock-in),Offer loyalty discount / plan review,Basic,Monthly,7,184.37
2649,CUST100307,0.3613,Low,Slow support resolution; Month-to-month contract (no lock-in),Priority callback from support lead,Basic,Monthly,25,195.65
2650,CUST100209,0.361,Low,Recent price increase; Month-to-month contract (no lock-in),Offer loyalty discount / plan review,Premium,Monthly,7,693.08
2651,CUST104724,0.3607,Low,Month-to-month contract (no lock-in),Offer annual-plan incentive,Basic,Monthly,36,202.89
2652,CUST101519,0.3607,Low,Frequent support contacts; Low satisfaction score,Priority callback from support lead,Basic,Annual,25,182.26
2653,CUST103471,0.3602,Low,Low satisfaction score; Month-to-month contract (no lock-in),Priority callback from support lead,Basic,Monthly,8,200.36
2654,CUST101565,0.3601,Low,Usage dropped sharply over 3 months; New customer (tenure <= 6 months),Send re-engagement campaign / feature tips,Premium,Annual,1,691.83
2655,CUST104767,0.3601,Low,Month-to-month contract (no lock-in); New customer (tenure <= 6 months),Offer annual-plan incentive,Basic,Monthly,3,198.81
2656,CUST103254,0.3597,Low,Slow support resolution; Recent price increase; Month-to-month contract (no lock-in),Offer loyalty discount / plan review,Standard,Monthly,23,414.2
2657,CUST101772,0.3596,Low,Usage dropped sharply over 3 months; Month-to-month contract (no lock-in),Send re-engagement campaign / feature tips,Basic,Monthly,7,220.57
2658,CUST100578,0.3595,Low,Frequent support contacts; Slow support resolution; New customer (tenure <= 6 months),Priority callback from support lead,Basic,Annual,6,191.22
2659,CUST102634,0.3594,Low,Month-to-month contract (no lock-in); New customer (tenure <= 6 months),Offer annual-plan incentive,Standard,Monthly,5,352.02
2660,CUST101765,0.3593,Low,Usage dropped sharply over 3 months,Send re-engagement campaign / feature tips,Standard,Annual,7,397.49
2661,CUST100416,0.3592,Low,Month-to-month contract (no lock-in); New customer (tenure <= 6 months),Offer annual-plan incentive,Basic,Monthly,5,201.86
2662,CUST104857,0.3591,Low,Slow support resolution; Month-to-month contract (no lock-in); New customer (tenure <= 6 months),Priority callback from support lead,Standard,Monthly,4,400.38
2663,CUST102595,0.3585,Low,General elevated risk - manual review,Offer annual-plan incentive,Standard,Annual,19,433.04
2664,CUST102598,0.3582,Low,Month-to-month contract (no lock-in),Offer annual-plan incentive,Basic,Monthly,10,197.55
2665,CUST103453,0.3581,Low,Month-to-month contract (no lock-in),Offer annual-plan incentive,Standard,Monthly,28,388.93
2666,CUST100542,0.358,Low,Usage dropped sharply over 3 months; Slow support resolution; Month-to-month contract (no lock-in),Priority callback from support lead,Standard,Monthly,25,393.21
2667,CUST103989,0.3579,Low,Month-to-month contract (no lock-in),Offer annual-plan incentive,Basic,Monthly,30,199.19
2668,CUST103208,0.3577,Low,Low satisfaction score; New customer (tenure <= 6 months),Priority callback from support lead,Basic,Annual,4,204.72
2669,CUST102499,0.3576,Low,Repeated late payments; Month-to-month contract (no lock-in); New customer (tenure <= 6 months),Offer flexible payment / autopay setup,Basic,Monthly,6,199.79
2670,CUST101905,0.3575,Low,Month-to-month contract (no lock-in),Offer annual-plan incentive,Premium,Monthly,20,741.44
2671,CUST101643,0.3575,Low,General elevated risk - manual review,Offer annual-plan incentive,Premium,Annual,8,691.48
2672,CUST100625,0.357,Low,Usage dropped sharply over 3 months; Month-to-month contract (no lock-in),Send re-engagement campaign / feature tips,Standard,Monthly,14,353.56
2673,CUST103144,0.3568,Low,Month-to-month contract (no lock-in),Offer annual-plan incentive,Standard,Monthly,20,358.45
2674,CUST103877,0.3568,Low,Month-to-month contract (no lock-in); New customer (tenure <= 6 months),Offer annual-plan incentive,Standard,Monthly,1,417.79
2675,CUST103279,0.3568,Low,Month-to-month contract (no lock-in),Offer annual-plan incentive,Standard,Monthly,13,380.09
2676,CUST101272,0.3567,Low,Slow support resolution; Low satisfaction score; Month-to-month contract (no lock-in),Priority callback from support lead,Premium,Monthly,42,720.17
2677,CUST101779,0.3563,Low,Low satisfaction score; Month-to-month contract (no lock-in),Priority callback from support lead,Basic,Monthly,47,204.17
2678,CUST104191,0.3563,Low,Low satisfaction score; Month-to-month contract (no lock-in),Priority callback from support lead,Standard,Monthly,18,418.28
2679,CUST101082,0.356,Low,Recent price increase; Month-to-month contract (no lock-in); New customer (tenure <= 6 months),Offer loyalty discount / plan review,Standard,Monthly,2,348.33
2680,CUST104864,0.356,Low,Month-to-month contract (no lock-in); New customer (tenure <= 6 months),Offer annual-plan incentive,Basic,Monthly,4,208.16
2681,CUST101596,0.3559,Low,Month-to-month contract (no lock-in); New customer (tenure <= 6 months),Offer annual-plan incentive,Basic,Monthly,3,199.96
2682,CUST104661,0.3557,Low,Recent price increase; Month-to-month contract (no lock-in),Offer loyalty discount / plan review,Basic,Monthly,12,181.41
2683,CUST104659,0.355,Low,Month-to-month contract (no lock-in),Offer annual-plan incentive,Premium,Monthly,38,726.89
2684,CUST103824,0.3548,Low,Month-to-month contract (no lock-in); New customer (tenure <= 6 months),Offer annual-plan incentive,Premium,Monthly,2,639.97
2685,CUST101730,0.3538,Low,New customer (tenure <= 6 months),Offer annual-plan incentive,Standard,Annual,4,363.0
2686,CUST100887,0.3538,Low,Month-to-month contract (no lock-in); New customer (tenure <= 6 months),Offer annual-plan incentive,Standard,Monthly,1,404.23
2687,CUST101246,0.3537,Low,Month-to-month contract (no lock-in); New customer (tenure <= 6 months),Offer annual-plan incentive,Standard,Monthly,6,419.64
2688,CUST101756,0.3537,Low,Slow support resolution; Month-to-month contract (no lock-in),Priority callback from support lead,Basic,Monthly,31,189.72
2689,CUST103863,0.3535,Low,Usage dropped sharply over 3 months; Recent price increase,Offer loyalty discount / plan review,Premium,Annual,14,757.59
2690,CUST103955,0.3534,Low,Usage dropped sharply over 3 months; Frequent support contacts,Priority callback from support lead,Basic,Annual,30,199.1
2691,CUST104158,0.3533,Low,Slow support resolution; Month-to-month contract (no lock-in),Priority callback from support lead,Standard,Monthly,20,416.72
2692,CUST101592,0.3532,Low,Usage dropped sharply over 3 months; Month-to-month contract (no lock-in),Send re-engagement campaign / feature tips,Standard,Monthly,43,401.94
2693,CUST102985,0.3531,Low,Month-to-month contract (no lock-in),Offer annual-plan incentive,Basic,Monthly,18,194.32
2694,CUST100284,0.3529,Low,Frequent support contacts; New customer (tenure <= 6 months),Priority callback from support lead,Premium,Annual,3,794.34
2695,CUST100091,0.3527,Low,Recent price increase; Month-to-month contract (no lock-in); New customer (tenure <= 6 months),Offer loyalty discount / plan review,Standard,Monthly,1,395.31
2696,CUST102663,0.3527,Low,Month-to-month contract (no lock-in),Offer annual-plan incentive,Standard,Monthly,11,426.9
2697,CUST101061,0.3523,Low,New customer (tenure <= 6 months),Offer annual-plan incentive,Standard,Annual,3,417.84
2698,CUST100441,0.352,Low,Slow support resolution; Low satisfaction score; Month-to-month contract (no lock-in),Priority callback from support lead,Standard,Monthly,72,410.47
2699,CUST100227,0.352,Low,Month-to-month contract (no lock-in),Offer annual-plan incentive,Standard,Monthly,19,406.43
2700,CUST100239,0.3519,Low,Slow support resolution; Month-to-month contract (no lock-in),Priority callback from support lead,Premium,Monthly,11,707.97
2701,CUST103248,0.3516,Low,Frequent support contacts; Month-to-month contract (no lock-in); New customer (tenure <= 6 months),Priority callback from support lead,Basic,Monthly,1,199.47
2702,CUST101229,0.3513,Low,Month-to-month contract (no lock-in),Offer annual-plan incentive,Basic,Monthly,17,204.69
2703,CUST101882,0.3513,Low,Month-to-month contract (no lock-in); New customer (tenure <= 6 months),Offer annual-plan incentive,Premium,Monthly,6,723.21
2704,CUST103008,0.3512,Low,Slow support resolution; Recent price increase; Month-to-month contract (no lock-in); New customer (tenure <= 6 months),Offer loyalty discount / plan review,Standard,Monthly,1,394.45
2705,CUST101722,0.351,Low,General elevated risk - manual review,Offer annual-plan incentive,Standard,Annual,20,370.86
2706,CUST104817,0.351,Low,Low satisfaction score,Priority callback from support lead,Basic,Annual,23,197.25
2707,CUST100975,0.3506,Low,Frequent support contacts; Recent price increase; New customer (tenure <= 6 months),Offer loyalty discount / plan review,Basic,Annual,4,210.38
2708,CUST100669,0.3506,Low,Usage dropped sharply over 3 months; Recent price increase,Offer loyalty discount / plan review,Standard,Annual,14,387.47
2709,CUST102668,0.3504,Low,Recent price increase; Month-to-month contract (no lock-in),Offer loyalty discount / plan review,Basic,Monthly,20,193.17
2710,CUST104432,0.3502,Low,Usage dropped sharply over 3 months; Recent price increase; Month-to-month contract (no lock-in); New customer (tenure <= 6 months),Offer loyalty discount / plan review,Basic,Monthly,5,183.45
2711,CUST101802,0.35,Low,Slow support resolution,Priority callback from support lead,Standard,Annual,10,417.1
2712,CUST101603,0.3499,Low,Usage dropped sharply over 3 months; Slow support resolution; Month-to-month contract (no lock-in),Priority callback from support lead,Premium,Monthly,23,661.78
2713,CUST100443,0.3496,Low,Frequent support contacts; Recent price increase,Offer loyalty discount / plan review,Standard,Annual,23,405.74
2714,CUST104200,0.3489,Low,Low satisfaction score; Recent price increase; Month-to-month contract (no lock-in),Offer loyalty discount / plan review,Basic,Monthly,42,188.47
2715,CUST102854,0.3489,Low,Slow support resolution; Low satisfaction score; Month-to-month contract (no lock-in); New customer (tenure <= 6 months),Priority callback from support lead,Premium,Monthly,4,654.69
2716,CUST104678,0.3489,Low,Month-to-month contract (no lock-in); New customer (tenure <= 6 months),Offer annual-plan incentive,Basic,Monthly,1,185.8
2717,CUST102304,0.3489,Low,Frequent support contacts; Low satisfaction score; New customer (tenure <= 6 months),Priority callback from support lead,Premium,Annual,5,696.43
2718,CUST100395,0.3487,Low,Recent price increase; Month-to-month contract (no lock-in),Offer loyalty discount / plan review,Standard,Monthly,14,383.22
2719,CUST101839,0.3486,Low,Low satisfaction score; Month-to-month contract (no lock-in),Priority callback from support lead,Premium,Monthly,37,723.88
2720,CUST103917,0.3486,Low,Low satisfaction score,Priority callback from support lead,Standard,Annual,8,389.65
2721,CUST100616,0.3484,Low,Low satisfaction score; Month-to-month contract (no lock-in),Priority callback from support lead,Premium,Monthly,25,631.72
2722,CUST102209,0.3484,Low,Low satisfaction score,Priority callback from support lead,Basic,Annual,18,200.2
2723,CUST102425,0.3483,Low,Slow support resolution; Month-to-month contract (no lock-in); New customer (tenure <= 6 months),Priority callback from support lead,Basic,Monthly,5,201.23
2724,CUST100527,0.3483,Low,Slow support resolution; Month-to-month contract (no lock-in),Priority callback from support lead,Standard,Monthly,27,411.92
2725,CUST100293,0.3483,Low,Slow support resolution; Repeated late payments; Month-to-month contract (no lock-in),Priority callback from support lead,Basic,Monthly,72,208.36
2726,CUST103635,0.348,Low,Slow support resolution; Month-to-month contract (no lock-in); New customer (tenure <= 6 months),Priority callback from support lead,Standard,Monthly,1,375.94
2727,CUST101693,0.348,Low,Month-to-month contract (no lock-in),Offer annual-plan incentive,Premium,Monthly,9,717.35
2728,CUST102633,0.3478,Low,Low satisfaction score; Month-to-month contract (no lock-in); New customer (tenure <= 6 months),Priority callback from support lead,Basic,Monthly,3,207.48
2729,CUST103327,0.3477,Low,Usage dropped sharply over 3 months; Month-to-month contract (no lock-in),Send re-engagement campaign / feature tips,Basic,Monthly,34,184.38
2730,CUST100819,0.3475,Low,Low satisfaction score,Priority callback from support lead,Basic,Annual,16,199.54
2731,CUST101208,0.3473,Low,Recent price increase; Month-to-month contract (no lock-in); New customer (tenure <= 6 months),Offer loyalty discount / plan review,Basic,Monthly,1,182.28
2732,CUST102282,0.3473,Low,Low satisfaction score; Repeated late payments; Month-to-month contract (no lock-in),Priority callback from support lead,Basic,Monthly,27,190.48
2733,CUST101472,0.3469,Low,Month-to-month contract (no lock-in),Offer annual-plan incentive,Basic,Monthly,8,208.66
2734,CUST104153,0.3467,Low,Repeated late payments; Month-to-month contract (no lock-in); New customer (tenure <= 6 months),Offer flexible payment / autopay setup,Basic,Monthly,6,193.03
2735,CUST104383,0.3466,Low,Usage dropped sharply over 3 months; Frequent support contacts; Month-to-month contract (no lock-in); New customer (tenure <= 6 months),Priority callback from support lead,Premium,Monthly,4,730.83
2736,CUST101829,0.3464,Low,Month-to-month contract (no lock-in); New customer (tenure <= 6 months),Offer annual-plan incentive,Premium,Monthly,3,673.62
2737,CUST104439,0.3462,Low,Slow support resolution; Month-to-month contract (no lock-in),Priority callback from support lead,Basic,Monthly,11,190.16
2738,CUST103787,0.3459,Low,Usage dropped sharply over 3 months; Recent price increase; Month-to-month contract (no lock-in),Offer loyalty discount / plan review,Basic,Monthly,25,197.47
2739,CUST101315,0.3457,Low,Low satisfaction score; Repeated late payments; Month-to-month contract (no lock-in); New customer (tenure <= 6 months),Priority callback from support lead,Standard,Monthly,3,405.9
2740,CUST103206,0.3456,Low,Month-to-month contract (no lock-in),Offer annual-plan incentive,Standard,Monthly,35,399.75
2741,CUST101378,0.3452,Low,Month-to-month contract (no lock-in); New customer (tenure <= 6 months),Offer annual-plan incentive,Basic,Monthly,1,202.04
2742,CUST104179,0.345,Low,Frequent support contacts,Priority callback from support lead,Standard,Annual,14,400.26
2743,CUST104813,0.3449,Low,Frequent support contacts; Recent price increase,Offer loyalty discount / plan review,Standard,Annual,12,387.11
2744,CUST101284,0.3443,Low,Month-to-month contract (no lock-in); New customer (tenure <= 6 months),Offer annual-plan incentive,Basic,Monthly,1,217.93
2745,CUST101543,0.3443,Low,Slow support resolution; Month-to-month contract (no lock-in); New customer (tenure <= 6 months),Priority callback from support lead,Standard,Monthly,2,409.6
2746,CUST101499,0.3437,Low,New customer (tenure <= 6 months),Offer annual-plan incentive,Standard,Annual,4,390.62
2747,CUST103778,0.3436,Low,Month-to-month contract (no lock-in),Offer annual-plan incentive,Standard,Monthly,17,399.82
2748,CUST104967,0.3435,Low,Very low engagement (usage/logins); Slow support resolution; Month-to-month contract (no lock-in),Priority callback from support lead,Basic,Monthly,32,189.34
2749,CUST103133,0.3434,Low,Month-to-month contract (no lock-in); New customer (tenure <= 6 months),Offer annual-plan incentive,Premium,Monthly,2,713.26
2750,CUST103887,0.3433,Low,Month-to-month contract (no lock-in),Offer annual-plan incentive,Basic,Monthly,33,199.5
2751,CUST102381,0.3431,Low,Repeated late payments; Month-to-month contract (no lock-in),Offer flexible payment / autopay setup,Basic,Monthly,20,181.46
2752,CUST104390,0.3429,Low,Very low engagement (usage/logins); Repeated late payments,Send re-engagement campaign / feature tips,Basic,Annual,9,204.53
2753,CUST103445,0.3428,Low,Month-to-month contract (no lock-in); New customer (tenure <= 6 months),Offer annual-plan incentive,Standard,Monthly,3,401.22
2754,CUST104028,0.3427,Low,New customer (tenure <= 6 months),Offer annual-plan incentive,Basic,Annual,5,215.71
2755,CUST104186,0.3427,Low,Frequent support contacts; Low satisfaction score,Priority callback from support lead,Basic,Annual,11,214.1
2756,CUST102089,0.3423,Low,Month-to-month contract (no lock-in),Offer annual-plan incentive,Standard,Monthly,12,423.46
2757,CUST103966,0.3423,Low,Low satisfaction score,Priority callback from support lead,Standard,Annual,15,404.33
2758,CUST100399,0.3421,Low,General elevated risk - manual review,Offer annual-plan incentive,Basic,Annual,15,194.17
2759,CUST100763,0.342,Low,Slow support resolution; Repeated late payments; New customer (tenure <= 6 months),Priority callback from support lead,Standard,Annual,1,372.43
2760,CUST102890,0.342,Low,Recent price increase; Month-to-month contract (no lock-in); New customer (tenure <= 6 months),Offer loyalty discount / plan review,Premium,Monthly,1,643.92
2761,CUST103304,0.342,Low,Low satisfaction score; Repeated late payments; Month-to-month contract (no lock-in); New customer (tenure <= 6 months),Priority callback from support lead,Basic,Monthly,2,178.97
2762,CUST101290,0.3418,Low,Slow support resolution,Priority callback from support lead,Standard,Annual,21,392.33
2763,CUST100089,0.3417,Low,Low satisfaction score,Priority callback from support lead,Standard,Annual,38,419.71
2764,CUST102198,0.3414,Low,Month-to-month contract (no lock-in); New customer (tenure <= 6 months),Offer annual-plan incentive,Premium,Monthly,1,667.57
2765,CUST100723,0.3414,Low,Month-to-month contract (no lock-in),Offer annual-plan incentive,Premium,Monthly,8,714.93
2766,CUST102660,0.3414,Low,Frequent support contacts; Slow support resolution; Month-to-month contract (no lock-in),Priority callback from support lead,Premium,Monthly,15,694.04
2767,CUST103671,0.3411,Low,Month-to-month contract (no lock-in),Offer annual-plan incentive,Standard,Monthly,21,421.28
2768,CUST100055,0.341,Low,Low satisfaction score,Priority callback from support lead,Basic,Annual,24,219.1
2769,CUST104048,0.3407,Low,Usage dropped sharply over 3 months; Month-to-month contract (no lock-in); New customer (tenure <= 6 months),Send re-engagement campaign / feature tips,Standard,Monthly,1,428.99
2770,CUST104839,0.3404,Low,Month-to-month contract (no lock-in); New customer (tenure <= 6 months),Offer annual-plan incentive,Standard,Monthly,2,420.66
2771,CUST101273,0.3404,Low,Month-to-month contract (no lock-in); New customer (tenure <= 6 months),Offer annual-plan incentive,Basic,Monthly,3,212.34
2772,CUST102515,0.3401,Low,Slow support resolution; Month-to-month contract (no lock-in),Priority callback from support lead,Basic,Monthly,38,200.83
2773,CUST102683,0.34,Low,Month-to-month contract (no lock-in),Offer annual-plan incentive,Basic,Monthly,8,202.02
2774,CUST104230,0.3399,Low,Very low engagement (usage/logins); Month-to-month contract (no lock-in),Send re-engagement campaign / feature tips,Basic,Monthly,38,187.95
2775,CUST103610,0.3398,Low,Recent price increase; Month-to-month contract (no lock-in),Offer loyalty discount / plan review,Basic,Monthly,19,199.91
2776,CUST102998,0.3398,Low,Slow support resolution; Recent price increase; Month-to-month contract (no lock-in),Offer loyalty discount / plan review,Standard,Monthly,19,370.51
2777,CUST104050,0.3398,Low,Usage dropped sharply over 3 months; Month-to-month contract (no lock-in); New customer (tenure <= 6 months),Send re-engagement campaign / feature tips,Standard,Monthly,5,399.72
2778,CUST103104,0.3397,Low,Month-to-month contract (no lock-in); New customer (tenure <= 6 months),Offer annual-plan incentive,Standard,Monthly,5,388.6
2779,CUST104737,0.3397,Low,Usage dropped sharply over 3 months; Month-to-month contract (no lock-in),Send re-engagement campaign / feature tips,Premium,Monthly,38,727.53
2780,CUST103845,0.3395,Low,Slow support resolution; Month-to-month contract (no lock-in),Priority callback from support lead,Standard,Monthly,26,422.47
2781,CUST101670,0.3393,Low,Month-to-month contract (no lock-in),Offer annual-plan incentive,Standard,Monthly,16,387.73
2782,CUST100842,0.3392,Low,Month-to-month contract (no lock-in),Offer annual-plan incentive,Premium,Monthly,9,665.99
2783,CUST103656,0.3391,Low,Usage dropped sharply over 3 months; Month-to-month contract (no lock-in),Send re-engagement campaign / feature tips,Basic,Monthly,8,190.73
2784,CUST101383,0.3391,Low,Slow support resolution; Month-to-month contract (no lock-in),Priority callback from support lead,Basic,Monthly,23,202.72
2785,CUST103595,0.339,Low,Frequent support contacts; Recent price increase; Month-to-month contract (no lock-in); New customer (tenure <= 6 months),Offer loyalty discount / plan review,Standard,Monthly,2,385.65
2786,CUST104033,0.3388,Low,Month-to-month contract (no lock-in); New customer (tenure <= 6 months),Offer annual-plan incentive,Premium,Monthly,3,769.06
2787,CUST102372,0.3386,Low,Month-to-month contract (no lock-in),Offer annual-plan incentive,Basic,Monthly,27,217.45
2788,CUST100765,0.3383,Low,Month-to-month contract (no lock-in),Offer annual-plan incentive,Premium,Monthly,11,669.89
2789,CUST101563,0.3383,Low,Usage dropped sharply over 3 months; Month-to-month contract (no lock-in); New customer (tenure <= 6 months),Send re-engagement campaign / feature tips,Basic,Monthly,1,198.63
2790,CUST101869,0.3383,Low,Month-to-month contract (no lock-in); New customer (tenure <= 6 months),Offer annual-plan incentive,Basic,Monthly,6,203.12
2791,CUST103591,0.338,Low,Month-to-month contract (no lock-in),Offer annual-plan incentive,Basic,Monthly,45,201.3
2792,CUST103947,0.3377,Low,Recent price increase; Month-to-month contract (no lock-in),Offer loyalty discount / plan review,Premium,Monthly,16,689.96
2793,CUST103379,0.3375,Low,Month-to-month contract (no lock-in),Offer annual-plan incentive,Basic,Monthly,13,195.55
2794,CUST103821,0.3375,Low,Month-to-month contract (no lock-in); New customer (tenure <= 6 months),Offer annual-plan incentive,Basic,Monthly,1,184.53
2795,CUST101770,0.3372,Low,General elevated risk - manual review,Offer annual-plan incentive,Basic,Annual,15,214.54
2796,CUST100240,0.337,Low,Frequent support contacts; Slow support resolution; Recent price increase; Month-to-month contract (no lock-in),Offer loyalty discount / plan review,Standard,Monthly,44,400.16
2797,CUST102884,0.337,Low,Usage dropped sharply over 3 months,Send re-engagement campaign / feature tips,Standard,Annual,8,396.17
2798,CUST102966,0.3368,Low,New customer (tenure <= 6 months),Offer annual-plan incentive,Premium,Annual,5,660.98
2799,CUST104920,0.3368,Low,Month-to-month contract (no lock-in); New customer (tenure <= 6 months),Offer annual-plan incentive,Basic,Monthly,2,184.97
2800,CUST103077,0.3366,Low,Frequent support contacts; New customer (tenure <= 6 months),Priority callback from support lead,Premium,Annual,5,685.93
2801,CUST103839,0.3364,Low,Frequent support contacts; Month-to-month contract (no lock-in),Priority callback from support lead,Basic,Monthly,16,197.0
2802,CUST102336,0.3362,Low,Month-to-month contract (no lock-in); New customer (tenure <= 6 months),Offer annual-plan incentive,Standard,Monthly,3,413.03
2803,CUST101717,0.336,Low,Month-to-month contract (no lock-in),Offer annual-plan incentive,Basic,Monthly,19,196.22
2804,CUST102991,0.336,Low,New customer (tenure <= 6 months),Offer annual-plan incentive,Standard,Annual,1,403.71
2805,CUST103160,0.3359,Low,Very low engagement (usage/logins); Repeated late payments; Month-to-month contract (no lock-in),Send re-engagement campaign / feature tips,Basic,Monthly,22,190.38
2806,CUST103949,0.3359,Low,Slow support resolution; Month-to-month contract (no lock-in); New customer (tenure <= 6 months),Priority callback from support lead,Standard,Monthly,6,400.71
2807,CUST104658,0.3358,Low,Month-to-month contract (no lock-in),Offer annual-plan incentive,Basic,Monthly,10,203.17
2808,CUST103959,0.3357,Low,Month-to-month contract (no lock-in); New customer (tenure <= 6 months),Offer annual-plan incentive,Standard,Monthly,4,424.14
2809,CUST100685,0.3357,Low,Usage dropped sharply over 3 months; Month-to-month contract (no lock-in),Send re-engagement campaign / feature tips,Premium,Monthly,27,733.35
2810,CUST102902,0.3356,Low,Month-to-month contract (no lock-in); New customer (tenure <= 6 months),Offer annual-plan incentive,Standard,Monthly,4,387.72
2811,CUST101270,0.3355,Low,Usage dropped sharply over 3 months,Send re-engagement campaign / feature tips,Premium,Annual,17,657.66
2812,CUST102788,0.3353,Low,Slow support resolution; Month-to-month contract (no lock-in),Priority callback from support lead,Premium,Monthly,17,691.58
2813,CUST103307,0.3351,Low,Usage dropped sharply over 3 months; Slow support resolution; Month-to-month contract (no lock-in),Priority callback from support lead,Standard,Monthly,17,388.81
2814,CUST104462,0.3349,Low,New customer (tenure <= 6 months),Offer annual-plan incentive,Basic,Annual,4,196.53
2815,CUST100826,0.3346,Low,Slow support resolution; Recent price increase,Offer loyalty discount / plan review,Basic,Annual,17,195.22
2816,CUST103404,0.3345,Low,Slow support resolution; Month-to-month contract (no lock-in); New customer (tenure <= 6 months),Priority callback from support lead,Basic,Monthly,5,202.22
2817,CUST101660,0.3342,Low,Month-to-month contract (no lock-in),Offer annual-plan incentive,Premium,Monthly,21,712.07
2818,CUST103341,0.3332,Low,Usage dropped sharply over 3 months; Frequent support contacts; Low satisfaction score; Month-to-month contract (no lock-in),Priority callback from support lead,Basic,Monthly,5,202.4
2819,CUST104503,0.3332,Low,Slow support resolution; Month-to-month contract (no lock-in),Priority callback from support lead,Basic,Monthly,17,202.73
2820,CUST102182,0.3329,Low,Month-to-month contract (no lock-in); New customer (tenure <= 6 months),Offer annual-plan incentive,Standard,Monthly,1,387.58
2821,CUST104923,0.3328,Low,Frequent support contacts; Recent price increase; Month-to-month contract (no lock-in),Offer loyalty discount / plan review,Basic,Monthly,23,206.56
2822,CUST101078,0.3326,Low,Usage dropped sharply over 3 months; Month-to-month contract (no lock-in),Send re-engagement campaign / feature tips,Basic,Monthly,58,207.8
2823,CUST103884,0.3326,Low,Month-to-month contract (no lock-in); New customer (tenure <= 6 months),Offer annual-plan incentive,Standard,Monthly,6,373.13
2824,CUST101611,0.3324,Low,Frequent support contacts; Slow support resolution; Repeated late payments,Priority callback from support lead,Standard,Annual,14,377.97
2825,CUST100897,0.3322,Low,Month-to-month contract (no lock-in),Offer annual-plan incentive,Standard,Monthly,9,401.69
2826,CUST100739,0.332,Low,Slow support resolution; Month-to-month contract (no lock-in),Priority callback from support lead,Basic,Monthly,25,198.02
2827,CUST103747,0.3319,Low,Month-to-month contract (no lock-in),Offer annual-plan incentive,Basic,Monthly,10,192.56
2828,CUST101801,0.3319,Low,General elevated risk - manual review,Offer annual-plan incentive,Premium,Annual,19,754.65
2829,CUST100696,0.3319,Low,Usage dropped sharply over 3 months,Send re-engagement campaign / feature tips,Basic,Annual,44,184.52
2830,CUST102606,0.3319,Low,Usage dropped sharply over 3 months,Send re-engagement campaign / feature tips,Premium,Annual,12,721.25
2831,CUST100734,0.3316,Low,Low satisfaction score; Month-to-month contract (no lock-in),Priority callback from support lead,Premium,Monthly,8,739.62
2832,CUST100019,0.3312,Low,Month-to-month contract (no lock-in),Offer annual-plan incentive,Standard,Monthly,34,398.06
2833,CUST104518,0.3311,Low,Usage dropped sharply over 3 months; Month-to-month contract (no lock-in),Send re-engagement campaign / feature tips,Standard,Monthly,21,399.65
2834,CUST102994,0.3311,Low,Repeated late payments,Offer flexible payment / autopay setup,Basic,Annual,14,201.89
2835,CUST103236,0.331,Low,Slow support resolution; Month-to-month contract (no lock-in); New customer (tenure <= 6 months),Priority callback from support lead,Basic,Monthly,1,192.02
2836,CUST102356,0.3308,Low,Month-to-month contract (no lock-in),Offer annual-plan incentive,Standard,Monthly,36,431.51
2837,CUST102093,0.3307,Low,Month-to-month contract (no lock-in),Offer annual-plan incentive,Basic,Monthly,31,211.67
2838,CUST103120,0.3302,Low,Month-to-month contract (no lock-in); New customer (tenure <= 6 months),Offer annual-plan incentive,Basic,Monthly,3,195.17
2839,CUST101557,0.33,Low,Month-to-month contract (no lock-in); New customer (tenure <= 6 months),Offer annual-plan incentive,Premium,Monthly,1,700.36
2840,CUST104557,0.3298,Low,Month-to-month contract (no lock-in),Offer annual-plan incentive,Standard,Monthly,20,422.53
2841,CUST104335,0.3296,Low,General elevated risk - manual review,Offer annual-plan incentive,Basic,Annual,27,206.02
2842,CUST101016,0.3292,Low,General elevated risk - manual review,Offer annual-plan incentive,Basic,Annual,28,213.52
2843,CUST103872,0.329,Low,Month-to-month contract (no lock-in),Offer annual-plan incentive,Premium,Monthly,30,755.3
2844,CUST102342,0.3289,Low,Usage dropped sharply over 3 months; Recent price increase,Offer loyalty discount / plan review,Basic,Annual,7,213.32
2845,CUST100731,0.3288,Low,Low satisfaction score,Priority callback from support lead,Premium,Annual,10,722.94
2846,CUST102864,0.3288,Low,Slow support resolution; Repeated late payments,Priority callback from support lead,Basic,Annual,9,186.5
2847,CUST100713,0.3288,Low,Very low engagement (usage/logins); Month-to-month contract (no lock-in),Send re-engagement campaign / feature tips,Basic,Monthly,36,194.45
2848,CUST101794,0.3286,Low,Month-to-month contract (no lock-in),Offer annual-plan incentive,Basic,Monthly,34,204.07
2849,CUST104787,0.3285,Low,Frequent support contacts; Month-to-month contract (no lock-in),Priority callback from support lead,Premium,Monthly,15,671.87
2850,CUST104297,0.3284,Low,Month-to-month contract (no lock-in),Offer annual-plan incentive,Basic,Monthly,31,180.96
2851,CUST102497,0.3283,Low,Month-to-month contract (no lock-in),Offer annual-plan incentive,Premium,Monthly,10,732.52
2852,CUST101589,0.3281,Low,Usage dropped sharply over 3 months; New customer (tenure <= 6 months),Send re-engagement campaign / feature tips,Basic,Annual,3,196.35
2853,CUST103923,0.3279,Low,Usage dropped sharply over 3 months; Repeated late payments,Send re-engagement campaign / feature tips,Basic,Annual,16,186.91
2854,CUST104932,0.3278,Low,Repeated late payments; Month-to-month contract (no lock-in),Offer flexible payment / autopay setup,Basic,Monthly,40,202.79
2855,CUST102195,0.3276,Low,New customer (tenure <= 6 months),Offer annual-plan incentive,Standard,Annual,4,380.95
2856,CUST104693,0.3272,Low,Recent price increase,Offer loyalty discount / plan review,Standard,Annual,8,391.76
2857,CUST100143,0.3271,Low,General elevated risk - manual review,Offer annual-plan incentive,Basic,Annual,22,193.85
2858,CUST102068,0.3271,Low,General elevated risk - manual review,Offer annual-plan incentive,Basic,Annual,8,218.2
2859,CUST101161,0.3269,Low,Usage dropped sharply over 3 months; Low satisfaction score; Recent price increase,Offer loyalty discount / plan review,Basic,Annual,11,201.16
2860,CUST100123,0.3267,Low,General elevated risk - manual review,Offer annual-plan incentive,Premium,Annual,20,697.1
2861,CUST103945,0.3264,Low,Slow support resolution; Low satisfaction score; Month-to-month contract (no lock-in),Priority callback from support lead,Standard,Monthly,48,377.49
2862,CUST104698,0.3263,Low,Low satisfaction score,Priority callback from support lead,Premium,Annual,8,717.27
2863,CUST103450,0.3261,Low,Low satisfaction score,Priority callback from support lead,Standard,Annual,8,406.32
2864,CUST101716,0.3261,Low,Repeated late payments; Recent price increase,Offer loyalty discount / plan review,Basic,Annual,9,196.36
2865,CUST103545,0.3257,Low,New customer (tenure <= 6 months),Offer annual-plan incentive,Basic,Annual,5,206.3
2866,CUST102868,0.3257,Low,Month-to-month contract (no lock-in),Offer annual-plan incentive,Premium,Monthly,12,715.82
2867,CUST102976,0.3257,Low,Month-to-month contract (no lock-in),Offer annual-plan incentive,Standard,Monthly,19,402.83
2868,CUST103245,0.325,Low,General elevated risk - manual review,Offer annual-plan incentive,Premium,Annual,12,686.02
2869,CUST100270,0.3249,Low,General elevated risk - manual review,Offer annual-plan incentive,Basic,Annual,9,210.61
2870,CUST103139,0.3249,Low,General elevated risk - manual review,Offer annual-plan incentive,Standard,Annual,22,399.95
2871,CUST103901,0.3248,Low,Month-to-month contract (no lock-in),Offer annual-plan incentive,Standard,Monthly,16,421.08
2872,CUST103135,0.3247,Low,Month-to-month contract (no lock-in),Offer annual-plan incentive,Standard,Monthly,19,343.83
2873,CUST103561,0.3245,Low,Month-to-month contract (no lock-in),Offer annual-plan incentive,Basic,Monthly,10,208.69
2874,CUST104895,0.3244,Low,General elevated risk - manual review,Offer annual-plan incentive,Standard,Annual,19,405.54
2875,CUST104807,0.3244,Low,Month-to-month contract (no lock-in),Offer annual-plan incentive,Standard,Monthly,25,417.41
2876,CUST104255,0.3244,Low,Month-to-month contract (no lock-in),Offer annual-plan incentive,Basic,Monthly,12,205.51
2877,CUST102876,0.3244,Low,Slow support resolution; Low satisfaction score; Recent price increase,Offer loyalty discount / plan review,Standard,Annual,26,403.02
2878,CUST104358,0.3243,Low,Month-to-month contract (no lock-in),Offer annual-plan incentive,Standard,Monthly,19,394.67
2879,CUST102190,0.3243,Low,General elevated risk - manual review,Offer annual-plan incentive,Basic,Annual,17,190.44
2880,CUST102917,0.3239,Low,Month-to-month contract (no lock-in); New customer (tenure <= 6 months),Offer annual-plan incentive,Premium,Monthly,6,688.36
2881,CUST102403,0.3238,Low,General elevated risk - manual review,Offer annual-plan incentive,Premium,Annual,17,714.06
2882,CUST103527,0.3237,Low,Month-to-month contract (no lock-in); New customer (tenure <= 6 months),Offer annual-plan incentive,Basic,Monthly,6,197.78
2883,CUST102937,0.3234,Low,Month-to-month contract (no lock-in),Offer annual-plan incentive,Premium,Monthly,8,700.63
2884,CUST103653,0.3231,Low,Month-to-month contract (no lock-in),Offer annual-plan incentive,Standard,Monthly,14,424.36
2885,CUST100206,0.3228,Low,Low satisfaction score; Repeated late payments; Month-to-month contract (no lock-in),Priority callback from support lead,Basic,Monthly,8,194.76
2886,CUST103481,0.3226,Low,Slow support resolution; Month-to-month contract (no lock-in),Priority callback from support lead,Basic,Monthly,14,180.42
2887,CUST101335,0.3226,Low,Low satisfaction score,Priority callback from support lead,Standard,Annual,27,376.24
2888,CUST102613,0.3225,Low,Usage dropped sharply over 3 months; Slow support resolution; Recent price increase,Offer loyalty discount / plan review,Premium,Annual,19,627.73
2889,CUST104522,0.3225,Low,Month-to-month contract (no lock-in),Offer annual-plan incentive,Basic,Monthly,45,188.07
2890,CUST101991,0.3222,Low,Month-to-month contract (no lock-in); New customer (tenure <= 6 months),Offer annual-plan incentive,Basic,Monthly,1,186.15
2891,CUST102775,0.3221,Low,Slow support resolution; Month-to-month contract (no lock-in),Priority callback from support lead,Premium,Monthly,18,722.04
2892,CUST102077,0.3218,Low,Month-to-month contract (no lock-in); New customer (tenure <= 6 months),Offer annual-plan incentive,Basic,Monthly,1,192.29
2893,CUST103639,0.3216,Low,Recent price increase; Month-to-month contract (no lock-in); New customer (tenure <= 6 months),Offer loyalty discount / plan review,Standard,Monthly,1,409.7
2894,CUST104377,0.3213,Low,Month-to-month contract (no lock-in),Offer annual-plan incentive,Basic,Monthly,13,196.17
2895,CUST100584,0.3213,Low,General elevated risk - manual review,Offer annual-plan incentive,Basic,Annual,20,195.35
2896,CUST100792,0.3212,Low,Repeated late payments,Offer flexible payment / autopay setup,Standard,Annual,17,397.33
2897,CUST100543,0.3211,Low,Low satisfaction score; Recent price increase,Offer loyalty discount / plan review,Basic,Annual,7,204.52
2898,CUST103079,0.3206,Low,Frequent support contacts; Slow support resolution; Month-to-month contract (no lock-in),Priority callback from support lead,Premium,Monthly,23,703.64
2899,CUST100968,0.3205,Low,Month-to-month contract (no lock-in),Offer annual-plan incentive,Basic,Monthly,13,220.29
2900,CUST103246,0.3198,Low,Slow support resolution; Month-to-month contract (no lock-in),Priority callback from support lead,Standard,Monthly,11,360.17
2901,CUST104357,0.3198,Low,New customer (tenure <= 6 months),Offer annual-plan incentive,Basic,Annual,1,197.41
2902,CUST100649,0.3195,Low,Month-to-month contract (no lock-in),Offer annual-plan incentive,Premium,Monthly,17,716.79
2903,CUST102909,0.3195,Low,Slow support resolution; New customer (tenure <= 6 months),Priority callback from support lead,Basic,Annual,6,202.24
2904,CUST102285,0.3192,Low,General elevated risk - manual review,Offer annual-plan incentive,Basic,Annual,12,191.65
2905,CUST103089,0.3192,Low,Frequent support contacts; Month-to-month contract (no lock-in),Priority callback from support lead,Basic,Monthly,8,206.97
2906,CUST100129,0.319,Low,Very low engagement (usage/logins); Month-to-month contract (no lock-in),Send re-engagement campaign / feature tips,Standard,Monthly,66,407.01
2907,CUST103355,0.319,Low,Month-to-month contract (no lock-in),Offer annual-plan incentive,Premium,Monthly,20,734.63
2908,CUST101249,0.319,Low,Frequent support contacts; Low satisfaction score; Month-to-month contract (no lock-in),Priority callback from support lead,Basic,Monthly,48,191.05
2909,CUST101569,0.3187,Low,Month-to-month contract (no lock-in); New customer (tenure <= 6 months),Offer annual-plan incentive,Basic,Monthly,3,201.44
2910,CUST103078,0.3186,Low,Month-to-month contract (no lock-in),Offer annual-plan incentive,Basic,Monthly,26,202.0
2911,CUST104666,0.3186,Low,Month-to-month contract (no lock-in); New customer (tenure <= 6 months),Offer annual-plan incentive,Premium,Monthly,1,758.34
2912,CUST104345,0.3185,Low,Recent price increase; Month-to-month contract (no lock-in),Offer loyalty discount / plan review,Basic,Monthly,24,203.96
2913,CUST100761,0.3184,Low,General elevated risk - manual review,Offer annual-plan incentive,Basic,Annual,72,192.07
2914,CUST100566,0.3184,Low,Month-to-month contract (no lock-in); New customer (tenure <= 6 months),Offer annual-plan incentive,Basic,Monthly,2,200.32
2915,CUST100934,0.3178,Low,Month-to-month contract (no lock-in); New customer (tenure <= 6 months),Offer annual-plan incentive,Premium,Monthly,3,662.81
2916,CUST100581,0.3169,Low,Month-to-month contract (no lock-in),Offer annual-plan incentive,Basic,Monthly,42,206.91
2917,CUST100796,0.3169,Low,Month-to-month contract (no lock-in),Offer annual-plan incentive,Basic,Monthly,7,201.36
2918,CUST101350,0.3166,Low,Month-to-month contract (no lock-in),Offer annual-plan incentive,Standard,Monthly,11,377.09
2919,CUST103941,0.316,Low,Month-to-month contract (no lock-in),Offer annual-plan incentive,Standard,Monthly,9,397.46
2920,CUST101253,0.3157,Low,Month-to-month contract (no lock-in); New customer (tenure <= 6 months),Offer annual-plan incentive,Standard,Monthly,2,347.41
2921,CUST103538,0.3157,Low,Month-to-month contract (no lock-in); New customer (tenure <= 6 months),Offer annual-plan incentive,Standard,Monthly,6,412.79
2922,CUST100455,0.3155,Low,Month-to-month contract (no lock-in),Offer annual-plan incentive,Premium,Monthly,24,718.26
2923,CUST104203,0.3155,Low,Month-to-month contract (no lock-in),Offer annual-plan incentive,Premium,Monthly,27,745.6
2924,CUST101243,0.3152,Low,Month-to-month contract (no lock-in),Offer annual-plan incentive,Basic,Monthly,18,202.71
2925,CUST102949,0.3152,Low,Frequent support contacts,Priority callback from support lead,Standard,Annual,8,422.13
2926,CUST104460,0.3152,Low,Usage dropped sharply over 3 months; Very low engagement (usage/logins); Month-to-month contract (no lock-in),Send re-engagement campaign / feature tips,Basic,Monthly,33,219.15
2927,CUST100093,0.3149,Low,New customer (tenure <= 6 months),Offer annual-plan incentive,Basic,Annual,3,195.67
2928,CUST104797,0.3149,Low,Month-to-month contract (no lock-in); New customer (tenure <= 6 months),Offer annual-plan incentive,Basic,Monthly,3,189.64
2929,CUST103117,0.3144,Low,Low satisfaction score,Priority callback from support lead,Basic,Annual,24,222.1
2930,CUST102062,0.3141,Low,Month-to-month contract (no lock-in); New customer (tenure <= 6 months),Offer annual-plan incentive,Basic,Monthly,4,200.87
2931,CUST104568,0.314,Low,Low satisfaction score,Priority callback from support lead,Basic,Annual,17,194.17
2932,CUST104843,0.3135,Low,Low satisfaction score,Priority callback from support lead,Basic,Annual,21,190.03
2933,CUST104723,0.3135,Low,Slow support resolution; Low satisfaction score,Priority callback from support lead,Premium,Annual,19,649.07
2934,CUST103348,0.3135,Low,Month-to-month contract (no lock-in),Offer annual-plan incentive,Basic,Monthly,44,221.23
2935,CUST100920,0.3134,Low,Month-to-month contract (no lock-in),Offer annual-plan incentive,Standard,Monthly,25,364.99
2936,CUST101421,0.3134,Low,Slow support resolution; Month-to-month contract (no lock-in),Priority callback from support lead,Basic,Monthly,8,180.92
2937,CUST104925,0.3134,Low,Month-to-month contract (no lock-in); New customer (tenure <= 6 months),Offer annual-plan incentive,Premium,Monthly,1,747.36
2938,CUST100529,0.3133,Low,Low satisfaction score; Month-to-month contract (no lock-in),Priority callback from support lead,Standard,Monthly,43,403.79
2939,CUST101654,0.3133,Low,Usage dropped sharply over 3 months; Month-to-month contract (no lock-in); New customer (tenure <= 6 months),Send re-engagement campaign / feature tips,Premium,Monthly,3,688.73
2940,CUST101923,0.3132,Low,Usage dropped sharply over 3 months,Send re-engagement campaign / feature tips,Standard,Annual,18,409.13
2941,CUST100054,0.313,Low,General elevated risk - manual review,Offer annual-plan incentive,Premium,Annual,7,728.79
2942,CUST100400,0.3129,Low,Month-to-month contract (no lock-in),Offer annual-plan incentive,Standard,Monthly,22,420.59
2943,CUST100180,0.3128,Low,Frequent support contacts; Slow support resolution; Recent price increase; New customer (tenure <= 6 months),Offer loyalty discount / plan review,Basic,Annual,2,201.2
2944,CUST102250,0.3128,Low,Slow support resolution; Month-to-month contract (no lock-in),Priority callback from support lead,Basic,Monthly,11,209.03
2945,CUST100352,0.3127,Low,Low satisfaction score; Repeated late payments,Priority callback from support lead,Premium,Annual,34,748.62
2946,CUST104304,0.3124,Low,Month-to-month contract (no lock-in),Offer annual-plan incentive,Basic,Monthly,22,177.15
2947,CUST103985,0.3124,Low,Recent price increase; Month-to-month contract (no lock-in); New customer (tenure <= 6 months),Offer loyalty discount / plan review,Standard,Monthly,3,405.45
2948,CUST102418,0.3124,Low,General elevated risk - manual review,Offer annual-plan incentive,Standard,Annual,19,377.73
2949,CUST101488,0.3124,Low,Repeated late payments; Month-to-month contract (no lock-in); New customer (tenure <= 6 months),Offer flexible payment / autopay setup,Premium,Monthly,1,701.02
2950,CUST103270,0.312,Low,Month-to-month contract (no lock-in); New customer (tenure <= 6 months),Offer annual-plan incentive,Basic,Monthly,1,193.14
2951,CUST100780,0.3119,Low,Month-to-month contract (no lock-in),Offer annual-plan incentive,Basic,Monthly,28,205.12
2952,CUST104406,0.3117,Low,Month-to-month contract (no lock-in),Offer annual-plan incentive,Standard,Monthly,72,380.69
2953,CUST101288,0.3117,Low,Usage dropped sharply over 3 months; Month-to-month contract (no lock-in),Send re-engagement campaign / feature tips,Standard,Monthly,22,396.48
2954,CUST100575,0.3117,Low,Month-to-month contract (no lock-in),Offer annual-plan incentive,Premium,Monthly,12,635.84
2955,CUST104133,0.3116,Low,Month-to-month contract (no lock-in); New customer (tenure <= 6 months),Offer annual-plan incentive,Basic,Monthly,4,202.29
2956,CUST102932,0.3114,Low,General elevated risk - manual review,Offer annual-plan incentive,Basic,Annual,8,184.06
2957,CUST101037,0.3111,Low,Low satisfaction score,Priority callback from support lead,Premium,Annual,19,671.57
2958,CUST100368,0.3111,Low,Recent price increase; Month-to-month contract (no lock-in); New customer (tenure <= 6 months),Offer loyalty discount / plan review,Premium,Monthly,3,669.24
2959,CUST100909,0.311,Low,Frequent support contacts; Low satisfaction score; Repeated late payments,Priority callback from support lead,Premium,Annual,10,663.92
2960,CUST104601,0.311,Low,Recent price increase; Month-to-month contract (no lock-in),Offer loyalty discount / plan review,Basic,Monthly,31,202.12
2961,CUST102129,0.311,Low,Month-to-month contract (no lock-in),Offer annual-plan incentive,Standard,Monthly,8,420.63
2962,CUST104440,0.311,Low,Usage dropped sharply over 3 months; Month-to-month contract (no lock-in),Send re-engagement campaign / feature tips,Standard,Monthly,15,441.39
2963,CUST100501,0.3108,Low,Month-to-month contract (no lock-in); New customer (tenure <= 6 months),Offer annual-plan incentive,Basic,Monthly,1,193.41
2964,CUST102070,0.3108,Low,Slow support resolution; Month-to-month contract (no lock-in),Priority callback from support lead,Standard,Monthly,23,404.24
2965,CUST101159,0.3107,Low,Month-to-month contract (no lock-in); New customer (tenure <= 6 months),Offer annual-plan incentive,Premium,Monthly,6,669.99
2966,CUST102849,0.3105,Low,Frequent support contacts; Month-to-month contract (no lock-in),Priority callback from support lead,Premium,Monthly,13,666.19
2967,CUST100646,0.3104,Low,Low satisfaction score; Month-to-month contract (no lock-in),Priority callback from support lead,Premium,Monthly,7,697.13
2968,CUST103491,0.3104,Low,General elevated risk - manual review,Offer annual-plan incentive,Basic,Annual,18,187.49
2969,CUST102067,0.3103,Low,Slow support resolution; Month-to-month contract (no lock-in),Priority callback from support lead,Basic,Monthly,20,189.87
2970,CUST104322,0.3102,Low,Slow support resolution; Month-to-month contract (no lock-in),Priority callback from support lead,Standard,Monthly,9,389.01
2971,CUST101004,0.3098,Low,Frequent support contacts; New customer (tenure <= 6 months),Priority callback from support lead,Standard,Annual,1,384.72
2972,CUST100730,0.3092,Low,Usage dropped sharply over 3 months; Slow support resolution; Recent price increase,Offer loyalty discount / plan review,Basic,Annual,9,197.12
2973,CUST101145,0.3087,Low,New customer (tenure <= 6 months),Offer annual-plan incentive,Standard,Annual,4,361.86
2974,CUST100232,0.3086,Low,Frequent support contacts; Slow support resolution; Month-to-month contract (no lock-in),Priority callback from support lead,Standard,Monthly,10,392.99
2975,CUST103170,0.3086,Low,General elevated risk - manual review,Offer annual-plan incentive,Basic,Annual,22,190.53
2976,CUST102506,0.3085,Low,Month-to-month contract (no lock-in),Offer annual-plan incentive,Premium,Monthly,11,644.83
2977,CUST103485,0.3085,Low,Month-to-month contract (no lock-in); New customer (tenure <= 6 months),Offer annual-plan incentive,Standard,Monthly,1,391.95
2978,CUST104281,0.3085,Low,Slow support resolution; Month-to-month contract (no lock-in),Priority callback from support lead,Standard,Monthly,29,399.41
2979,CUST104262,0.3084,Low,Month-to-month contract (no lock-in),Offer annual-plan incentive,Standard,Monthly,45,419.28
2980,CUST102757,0.3079,Low,Frequent support contacts,Priority callback from support lead,Basic,Annual,15,194.57
2981,CUST102184,0.3077,Low,Month-to-month contract (no lock-in),Offer annual-plan incentive,Premium,Monthly,13,693.62
2982,CUST104872,0.3077,Low,Month-to-month contract (no lock-in),Offer annual-plan incentive,Basic,Monthly,22,195.98
2983,CUST103800,0.3073,Low,Usage dropped sharply over 3 months; Slow support resolution; New customer (tenure <= 6 months),Priority callback from support lead,Basic,Annual,1,203.87
2984,CUST102408,0.3072,Low,Month-to-month contract (no lock-in),Offer annual-plan incentive,Basic,Monthly,28,189.94
2985,CUST102899,0.3067,Low,Slow support resolution; Repeated late payments; Recent price increase,Offer loyalty discount / plan review,Premium,Annual,33,697.02
2986,CUST102869,0.3067,Low,Month-to-month contract (no lock-in),Offer annual-plan incentive,Basic,Monthly,17,208.69
2987,CUST101198,0.3065,Low,Low satisfaction score,Priority callback from support lead,Basic,Annual,10,195.6
2988,CUST103575,0.3062,Low,Month-to-month contract (no lock-in); New customer (tenure <= 6 months),Offer annual-plan incentive,Basic,Monthly,6,184.66
2989,CUST102100,0.3062,Low,Low satisfaction score; Recent price increase; Month-to-month contract (no lock-in),Offer loyalty discount / plan review,Basic,Monthly,23,200.63
2990,CUST104880,0.3059,Low,Frequent support contacts,Priority callback from support lead,Premium,Annual,15,682.17
2991,CUST104977,0.3056,Low,Month-to-month contract (no lock-in),Offer annual-plan incentive,Basic,Monthly,24,206.85
2992,CUST104929,0.3055,Low,Month-to-month contract (no lock-in); New customer (tenure <= 6 months),Offer annual-plan incentive,Basic,Monthly,6,199.17
2993,CUST101881,0.3053,Low,Month-to-month contract (no lock-in),Offer annual-plan incentive,Basic,Monthly,16,192.34
2994,CUST101012,0.3053,Low,Month-to-month contract (no lock-in),Offer annual-plan incentive,Basic,Monthly,8,190.04
2995,CUST102333,0.3052,Low,Month-to-month contract (no lock-in); New customer (tenure <= 6 months),Offer annual-plan incentive,Basic,Monthly,2,199.91
2996,CUST100658,0.3051,Low,General elevated risk - manual review,Offer annual-plan incentive,Basic,Annual,18,202.73
2997,CUST100984,0.3048,Low,Month-to-month contract (no lock-in),Offer annual-plan incentive,Basic,Monthly,10,203.58
2998,CUST100890,0.3047,Low,General elevated risk - manual review,Offer annual-plan incentive,Basic,Annual,8,201.43
2999,CUST104516,0.3044,Low,Frequent support contacts; Month-to-month contract (no lock-in),Priority callback from support lead,Premium,Monthly,8,618.14
3000,CUST100427,0.3043,Low,General elevated risk - manual review,Offer annual-plan incentive,Standard,Annual,17,412.41
3001,CUST104939,0.3041,Low,Recent price increase; New customer (tenure <= 6 months),Offer loyalty discount / plan review,Premium,Annual,5,745.12
3002,CUST100353,0.3041,Low,General elevated risk - manual review,Offer annual-plan incentive,Standard,Annual,12,410.54
3003,CUST104453,0.3041,Low,Month-to-month contract (no lock-in),Offer annual-plan incentive,Premium,Monthly,13,672.18
3004,CUST104423,0.304,Low,Month-to-month contract (no lock-in); New customer (tenure <= 6 months),Offer annual-plan incentive,Basic,Monthly,3,191.81
3005,CUST102052,0.3037,Low,Month-to-month contract (no lock-in); New customer (tenure <= 6 months),Offer annual-plan incentive,Basic,Monthly,2,187.18
3006,CUST104072,0.3037,Low,General elevated risk - manual review,Offer annual-plan incentive,Premium,Annual,23,699.48
3007,CUST102495,0.3037,Low,Low satisfaction score; Recent price increase; Month-to-month contract (no lock-in),Offer loyalty discount / plan review,Premium,Monthly,20,657.83
3008,CUST100639,0.3036,Low,Slow support resolution; Recent price increase; Month-to-month contract (no lock-in),Offer loyalty discount / plan review,Basic,Monthly,8,186.28
3009,CUST103702,0.3035,Low,Month-to-month contract (no lock-in),Offer annual-plan incentive,Standard,Monthly,35,363.01
3010,CUST103936,0.3033,Low,Month-to-month contract (no lock-in),Offer annual-plan incentive,Basic,Monthly,8,174.99
3011,CUST100813,0.3033,Low,Recent price increase; Month-to-month contract (no lock-in),Offer loyalty discount / plan review,Basic,Monthly,25,202.94
3012,CUST103199,0.3027,Low,Month-to-month contract (no lock-in),Offer annual-plan incentive,Premium,Monthly,24,739.64
3013,CUST100356,0.3026,Low,Usage dropped sharply over 3 months,Send re-engagement campaign / feature tips,Premium,Annual,12,689.67
3014,CUST100030,0.3026,Low,Low satisfaction score; Month-to-month contract (no lock-in),Priority callback from support lead,Premium,Monthly,28,701.88
3015,CUST102848,0.302,Low,Slow support resolution; Month-to-month contract (no lock-in),Priority callback from support lead,Basic,Monthly,9,191.06
3016,CUST104546,0.302,Low,Recent price increase; Month-to-month contract (no lock-in),Offer loyalty discount / plan review,Basic,Monthly,11,209.23
3017,CUST104559,0.3019,Low,Month-to-month contract (no lock-in),Offer annual-plan incentive,Basic,Monthly,9,186.51
3018,CUST100721,0.3018,Low,Frequent support contacts; Slow support resolution; Month-to-month contract (no lock-in),Priority callback from support lead,Basic,Monthly,35,181.71
3019,CUST102252,0.3018,Low,Slow support resolution; Low satisfaction score; Month-to-month contract (no lock-in),Priority callback from support lead,Standard,Monthly,29,379.47
3020,CUST102379,0.3013,Low,Slow support resolution; Month-to-month contract (no lock-in),Priority callback from support lead,Standard,Monthly,9,414.95
3021,CUST104414,0.3011,Low,Usage dropped sharply over 3 months; Month-to-month contract (no lock-in),Send re-engagement campaign / feature tips,Premium,Monthly,18,732.77
3022,CUST101712,0.301,Low,Month-to-month contract (no lock-in),Offer annual-plan incentive,Premium,Monthly,22,711.08
3023,CUST104832,0.3009,Low,Slow support resolution; New customer (tenure <= 6 months),Priority callback from support lead,Premium,Annual,5,659.96
3024,CUST100654,0.3008,Low,Repeated late payments,Offer flexible payment / autopay setup,Premium,Annual,20,708.3
3025,CUST104207,0.3005,Low,Month-to-month contract (no lock-in); New customer (tenure <= 6 months),Offer annual-plan incentive,Basic,Monthly,5,209.78
3026,CUST104392,0.3004,Low,New customer (tenure <= 6 months),Offer annual-plan incentive,Premium,Annual,6,659.0
3027,CUST104809,0.3003,Low,Slow support resolution; New customer (tenure <= 6 months),Priority callback from support lead,Premium,Annual,6,688.16
3028,CUST104370,0.3001,Low,Recent price increase; Month-to-month contract (no lock-in),Offer loyalty discount / plan review,Premium,Monthly,17,690.68
3029,CUST103502,0.3001,Low,Month-to-month contract (no lock-in); New customer (tenure <= 6 months),Offer annual-plan incentive,Standard,Monthly,5,408.48
3030,CUST103812,0.3,Low,New customer (tenure <= 6 months),Offer annual-plan incentive,Standard,Annual,4,393.4
3031,CUST100300,0.2998,Low,Month-to-month contract (no lock-in); New customer (tenure <= 6 months),Offer annual-plan incentive,Basic,Monthly,1,206.28
3032,CUST103795,0.2994,Low,Frequent support contacts; Month-to-month contract (no lock-in),Priority callback from support lead,Basic,Monthly,41,199.49
3033,CUST102648,0.299,Low,General elevated risk - manual review,Offer annual-plan incentive,Standard,Annual,29,398.5
3034,CUST104366,0.2989,Low,Month-to-month contract (no lock-in); New customer (tenure <= 6 months),Offer annual-plan incentive,Standard,Monthly,6,397.65
3035,CUST100526,0.2989,Low,General elevated risk - manual review,Offer annual-plan incentive,Standard,Annual,35,405.84
3036,CUST100762,0.2989,Low,Recent price increase; Month-to-month contract (no lock-in),Offer loyalty discount / plan review,Premium,Monthly,42,719.58
3037,CUST102825,0.2988,Low,Frequent support contacts; Low satisfaction score; Month-to-month contract (no lock-in),Priority callback from support lead,Basic,Monthly,24,202.21
3038,CUST100026,0.2987,Low,Month-to-month contract (no lock-in),Offer annual-plan incentive,Premium,Monthly,14,728.8
3039,CUST101032,0.2987,Low,Usage dropped sharply over 3 months; Month-to-month contract (no lock-in),Send re-engagement campaign / feature tips,Standard,Monthly,15,401.29
3040,CUST101150,0.2986,Low,New customer (tenure <= 6 months),Offer annual-plan incentive,Premium,Annual,5,686.04
3041,CUST102158,0.2986,Low,Frequent support contacts; Slow support resolution,Priority callback from support lead,Basic,Annual,14,189.22
3042,CUST102064,0.2986,Low,Recent price increase; Month-to-month contract (no lock-in),Offer loyalty discount / plan review,Standard,Monthly,22,398.51
3043,CUST104642,0.2985,Low,Frequent support contacts; Low satisfaction score,Priority callback from support lead,Premium,Annual,29,668.77
3044,CUST102096,0.2985,Low,Repeated late payments; Month-to-month contract (no lock-in),Offer flexible payment / autopay setup,Premium,Monthly,11,660.99
3045,CUST103513,0.298,Low,Month-to-month contract (no lock-in),Offer annual-plan incentive,Premium,Monthly,8,738.14
3046,CUST104600,0.2979,Low,Month-to-month contract (no lock-in),Offer annual-plan incentive,Premium,Monthly,16,774.64
3047,CUST103677,0.2977,Low,Month-to-month contract (no lock-in),Offer annual-plan incentive,Premium,Monthly,16,726.4
3048,CUST100442,0.2975,Low,Low satisfaction score; Repeated late payments,Priority callback from support lead,Premium,Annual,39,705.3
3049,CUST100228,0.2971,Low,Month-to-month contract (no lock-in),Offer annual-plan incentive,Basic,Monthly,26,222.65
3050,CUST103261,0.2971,Low,Month-to-month contract (no lock-in); New customer (tenure <= 6 months),Offer annual-plan incentive,Basic,Monthly,5,193.4
3051,CUST100722,0.297,Low,Usage dropped sharply over 3 months,Send re-engagement campaign / feature tips,Basic,Annual,17,183.91
3052,CUST101471,0.297,Low,Month-to-month contract (no lock-in),Offer annual-plan incentive,Basic,Monthly,28,210.76
3053,CUST102490,0.2969,Low,Month-to-month contract (no lock-in),Offer annual-plan incentive,Standard,Monthly,14,409.08
3054,CUST102918,0.2969,Low,Month-to-month contract (no lock-in),Offer annual-plan incentive,Standard,Monthly,29,364.68
3055,CUST103991,0.2968,Low,New customer (tenure <= 6 months),Offer annual-plan incentive,Standard,Annual,5,394.64
3056,CUST104856,0.2966,Low,Month-to-month contract (no lock-in),Offer annual-plan incentive,Basic,Monthly,26,183.42
3057,CUST100953,0.2966,Low,Recent price increase; Month-to-month contract (no lock-in),Offer loyalty discount / plan review,Standard,Monthly,38,408.04
3058,CUST102456,0.2964,Low,New customer (tenure <= 6 months),Offer annual-plan incentive,Basic,Annual,2,218.16
3059,CUST101851,0.2964,Low,Month-to-month contract (no lock-in),Offer annual-plan incentive,Premium,Monthly,24,700.68
3060,CUST101562,0.2961,Low,General elevated risk - manual review,Offer annual-plan incentive,Standard,Annual,29,414.58
3061,CUST103794,0.296,Low,Usage dropped sharply over 3 months; Slow support resolution,Priority callback from support lead,Basic,Annual,29,199.45
3062,CUST102548,0.296,Low,Month-to-month contract (no lock-in),Offer annual-plan incentive,Standard,Monthly,28,382.46
3063,CUST103938,0.2959,Low,Usage dropped sharply over 3 months; Recent price increase,Offer loyalty discount / plan review,Basic,Annual,15,211.04
3064,CUST104851,0.2958,Low,General elevated risk - manual review,Offer annual-plan incentive,Premium,Annual,20,739.06
3065,CUST101430,0.2958,Low,General elevated risk - manual review,Offer annual-plan incentive,Standard,Annual,19,393.09
3066,CUST101031,0.2957,Low,Usage dropped sharply over 3 months; New customer (tenure <= 6 months),Send re-engagement campaign / feature tips,Basic,Annual,2,202.45
3067,CUST102094,0.2957,Low,Low satisfaction score,Priority callback from support lead,Standard,Annual,17,418.41
3068,CUST101629,0.2956,Low,Slow support resolution; Repeated late payments,Priority callback from support lead,Basic,Annual,18,201.6
3069,CUST101929,0.2951,Low,Usage dropped sharply over 3 months; Recent price increase; New customer (tenure <= 6 months),Offer loyalty discount / plan review,Standard,Annual,2,435.52
3070,CUST103048,0.2951,Low,Frequent support contacts; Low satisfaction score,Priority callback from support lead,Standard,Annual,14,438.5
3071,CUST103609,0.2947,Low,Low satisfaction score; Month-to-month contract (no lock-in); New customer (tenure <= 6 months),Priority callback from support lead,Premium,Monthly,2,667.47
3072,CUST103027,0.2939,Low,Repeated late payments,Offer flexible payment / autopay setup,Premium,Annual,16,676.09
3073,CUST103675,0.2937,Low,Month-to-month contract (no lock-in),Offer annual-plan incentive,Basic,Monthly,32,204.78
3074,CUST104886,0.2936,Low,Recent price increase,Offer loyalty discount / plan review,Standard,Annual,27,431.04
3075,CUST104279,0.2931,Low,Usage dropped sharply over 3 months; Recent price increase,Offer loyalty discount / plan review,Standard,Annual,25,378.65
3076,CUST103068,0.2931,Low,Frequent support contacts,Priority callback from support lead,Premium,Annual,8,756.3
3077,CUST101915,0.2931,Low,Month-to-month contract (no lock-in),Offer annual-plan incentive,Premium,Monthly,11,730.23
3078,CUST100601,0.293,Low,Slow support resolution; Month-to-month contract (no lock-in),Priority callback from support lead,Premium,Monthly,44,708.7
3079,CUST103563,0.2927,Low,Usage dropped sharply over 3 months; New customer (tenure <= 6 months),Send re-engagement campaign / feature tips,Premium,Annual,2,720.11
3080,CUST101927,0.2927,Low,Usage dropped sharply over 3 months; Slow support resolution,Priority callback from support lead,Basic,Annual,27,198.19
3081,CUST104035,0.2923,Low,Slow support resolution,Priority callback from support lead,Standard,Annual,8,414.22
3082,CUST103638,0.2922,Low,General elevated risk - manual review,Offer annual-plan incentive,Basic,Annual,24,204.2
3083,CUST100288,0.2922,Low,Month-to-month contract (no lock-in),Offer annual-plan incentive,Basic,Monthly,10,210.23
3084,CUST102109,0.2919,Low,Usage dropped sharply over 3 months,Send re-engagement campaign / feature tips,Basic,Annual,15,214.14
3085,CUST102961,0.2918,Low,Month-to-month contract (no lock-in),Offer annual-plan incentive,Premium,Monthly,10,696.58
3086,CUST102265,0.2915,Low,Month-to-month contract (no lock-in),Offer annual-plan incentive,Standard,Monthly,10,374.02
3087,CUST103592,0.2915,Low,Slow support resolution,Priority callback from support lead,Standard,Annual,20,346.94
3088,CUST100939,0.2901,Low,Slow support resolution; Recent price increase,Offer loyalty discount / plan review,Standard,Annual,28,410.32
3089,CUST101309,0.29,Low,Repeated late payments; New customer (tenure <= 6 months),Offer flexible payment / autopay setup,Standard,Annual,5,376.08
3090,CUST103416,0.2899,Low,Slow support resolution; Month-to-month contract (no lock-in); New customer (tenure <= 6 months),Priority callback from support lead,Premium,Monthly,5,672.73
3091,CUST101494,0.2897,Low,Month-to-month contract (no lock-in); New customer (tenure <= 6 months),Offer annual-plan incentive,Premium,Monthly,3,677.17
3092,CUST100473,0.2893,Low,Month-to-month contract (no lock-in); New customer (tenure <= 6 months),Offer annual-plan incentive,Standard,Monthly,1,410.68
3093,CUST100901,0.289,Low,Frequent support contacts; Month-to-month contract (no lock-in),Priority callback from support lead,Premium,Monthly,47,715.07
3094,CUST103112,0.2882,Low,Usage dropped sharply over 3 months; Month-to-month contract (no lock-in),Send re-engagement campaign / feature tips,Standard,Monthly,18,431.2
3095,CUST103581,0.2882,Low,Repeated late payments; Recent price increase; Month-to-month contract (no lock-in); New customer (tenure <= 6 months),Offer loyalty discount / plan review,Premium,Monthly,5,734.56
3096,CUST102334,0.2882,Low,General elevated risk - manual review,Offer annual-plan incentive,Premium,Annual,10,701.73
3097,CUST101607,0.2881,Low,Very low engagement (usage/logins),Send re-engagement campaign / feature tips,Premium,Annual,13,708.64
3098,CUST104209,0.288,Low,Month-to-month contract (no lock-in); New customer (tenure <= 6 months),Offer annual-plan incentive,Standard,Monthly,5,429.24
3099,CUST104790,0.288,Low,Month-to-month contract (no lock-in),Offer annual-plan incentive,Basic,Monthly,33,202.78
3100,CUST104211,0.2879,Low,Repeated late payments; New customer (tenure <= 6 months),Offer flexible payment / autopay setup,Standard,Annual,6,397.65
3101,CUST100935,0.2879,Low,Slow support resolution; Recent price increase,Offer loyalty discount / plan review,Premium,Annual,26,688.44
3102,CUST103130,0.2878,Low,General elevated risk - manual review,Offer annual-plan incentive,Basic,Annual,35,201.84
3103,CUST104159,0.2878,Low,Slow support resolution; Month-to-month contract (no lock-in),Priority callback from support lead,Standard,Monthly,47,406.19
3104,CUST103095,0.2877,Low,Month-to-month contract (no lock-in); New customer (tenure <= 6 months),Offer annual-plan incentive,Standard,Monthly,1,403.58
3105,CUST102367,0.2875,Low,Usage dropped sharply over 3 months; Frequent support contacts; Low satisfaction score,Priority callback from support lead,Standard,Annual,14,369.35
3106,CUST104854,0.2875,Low,Usage dropped sharply over 3 months; Recent price increase,Offer loyalty discount / plan review,Basic,Annual,23,199.84
3107,CUST102766,0.2873,Low,Month-to-month contract (no lock-in),Offer annual-plan incentive,Standard,Monthly,43,419.17
3108,CUST103647,0.2872,Low,Usage dropped sharply over 3 months; Slow support resolution; Recent price increase; Month-to-month contract (no lock-in),Offer loyalty discount / plan review,Standard,Monthly,37,436.7
3109,CUST104105,0.2871,Low,Month-to-month contract (no lock-in),Offer annual-plan incentive,Basic,Monthly,37,178.2
3110,CUST100748,0.287,Low,General elevated risk - manual review,Offer annual-plan incentive,Premium,Annual,15,683.03
3111,CUST101608,0.2869,Low,Month-to-month contract (no lock-in),Offer annual-plan incentive,Premium,Monthly,24,687.62
3112,CUST103127,0.2867,Low,Slow support resolution; Month-to-month contract (no lock-in),Priority callback from support lead,Premium,Monthly,22,712.17
3113,CUST100133,0.2864,Low,Slow support resolution; Month-to-month contract (no lock-in),Priority callback from support lead,Basic,Monthly,24,189.34
3114,CUST104520,0.2862,Low,Slow support resolution,Priority callback from support lead,Basic,Annual,32,197.77
3115,CUST102266,0.2862,Low,Month-to-month contract (no lock-in),Offer annual-plan incentive,Standard,Monthly,7,378.17
3116,CUST104274,0.2861,Low,Month-to-month contract (no lock-in); New customer (tenure <= 6 months),Offer annual-plan incentive,Standard,Monthly,1,377.17
3117,CUST102015,0.2861,Low,Low satisfaction score,Priority callback from support lead,Standard,Annual,19,416.46
3118,CUST100865,0.2859,Low,Usage dropped sharply over 3 months; Frequent support contacts,Priority callback from support lead,Standard,Annual,12,402.07
3119,CUST101755,0.2859,Low,Slow support resolution; New customer (tenure <= 6 months),Priority callback from support lead,Standard,Annual,5,398.76
3120,CUST104613,0.2857,Low,Month-to-month contract (no lock-in); New customer (tenure <= 6 months),Offer annual-plan incentive,Standard,Monthly,3,407.9
3121,CUST101747,0.2856,Low,Month-to-month contract (no lock-in),Offer annual-plan incentive,Basic,Monthly,16,207.25
3122,CUST104047,0.2852,Low,Low satisfaction score; Month-to-month contract (no lock-in),Priority callback from support lead,Premium,Monthly,35,712.89
3123,CUST104419,0.2851,Low,Month-to-month contract (no lock-in),Offer annual-plan incentive,Basic,Monthly,25,210.01
3124,CUST102621,0.2851,Low,Low satisfaction score; New customer (tenure <= 6 months),Priority callback from support lead,Basic,Annual,3,181.18
3125,CUST103061,0.285,Low,Month-to-month contract (no lock-in),Offer annual-plan incentive,Standard,Monthly,24,398.43
3126,CUST100043,0.285,Low,Month-to-month contract (no lock-in); New customer (tenure <= 6 months),Offer annual-plan incentive,Standard,Monthly,1,376.47
3127,CUST101969,0.2845,Low,New customer (tenure <= 6 months),Offer annual-plan incentive,Basic,Annual,5,192.67
3128,CUST101537,0.2843,Low,Month-to-month contract (no lock-in); New customer (tenure <= 6 months),Offer annual-plan incentive,Standard,Monthly,4,382.17
3129,CUST101167,0.2842,Low,Usage dropped sharply over 3 months; Month-to-month contract (no lock-in),Send re-engagement campaign / feature tips,Basic,Monthly,44,199.15
3130,CUST102752,0.2838,Low,General elevated risk - manual review,Offer annual-plan incentive,Standard,Annual,17,388.17
3131,CUST101388,0.2836,Low,Slow support resolution; Low satisfaction score,Priority callback from support lead,Basic,Annual,7,198.8
3132,CUST100672,0.2832,Low,Slow support resolution,Priority callback from support lead,Basic,Annual,39,201.95
3133,CUST103365,0.2832,Low,Month-to-month contract (no lock-in); New customer (tenure <= 6 months),Offer annual-plan incentive,Premium,Monthly,1,725.58
3134,CUST101933,0.2832,Low,Recent price increase,Offer loyalty discount / plan review,Standard,Annual,26,396.19
3135,CUST100821,0.2829,Low,New customer (tenure <= 6 months),Offer annual-plan incentive,Basic,Annual,1,208.37
3136,CUST100524,0.2823,Low,Month-to-month contract (no lock-in),Offer annual-plan incentive,Basic,Monthly,19,197.51
3137,CUST102549,0.282,Low,Recent price increase; Month-to-month contract (no lock-in),Offer loyalty discount / plan review,Standard,Monthly,11,401.05
3138,CUST101664,0.2819,Low,General elevated risk - manual review,Offer annual-plan incentive,Standard,Annual,10,389.84
3139,CUST101988,0.2817,Low,General elevated risk - manual review,Offer annual-plan incentive,Standard,Annual,8,420.21
3140,CUST104774,0.2815,Low,Month-to-month contract (no lock-in),Offer annual-plan incentive,Premium,Monthly,25,657.73
3141,CUST103861,0.2815,Low,Frequent support contacts; Slow support resolution; Recent price increase; Month-to-month contract (no lock-in),Offer loyalty discount / plan review,Basic,Monthly,69,209.69
3142,CUST103921,0.2814,Low,Low satisfaction score; Recent price increase,Offer loyalty discount / plan review,Standard,Annual,18,388.64
3143,CUST104493,0.2812,Low,Usage dropped sharply over 3 months; Slow support resolution; Low satisfaction score; Repeated late payments,Priority callback from support lead,Basic,Annual,53,204.99
3144,CUST100112,0.2812,Low,Low satisfaction score; Recent price increase; Month-to-month contract (no lock-in),Offer loyalty discount / plan review,Standard,Monthly,24,405.38
3145,CUST100310,0.2808,Low,General elevated risk - manual review,Offer annual-plan incentive,Standard,Annual,9,399.06
3146,CUST101657,0.2806,Low,General elevated risk - manual review,Offer annual-plan incentive,Standard,Annual,11,350.11
3147,CUST102881,0.2805,Low,Repeated late payments; Month-to-month contract (no lock-in),Offer flexible payment / autopay setup,Premium,Monthly,25,758.2
3148,CUST103607,0.2804,Low,Slow support resolution; Recent price increase; Month-to-month contract (no lock-in),Offer loyalty discount / plan review,Standard,Monthly,13,390.17
3149,CUST103880,0.2802,Low,Month-to-month contract (no lock-in); New customer (tenure <= 6 months),Offer annual-plan incentive,Premium,Monthly,2,694.03
3150,CUST100519,0.2802,Low,Slow support resolution; Repeated late payments,Priority callback from support lead,Basic,Annual,19,195.69
3151,CUST104926,0.28,Low,Month-to-month contract (no lock-in),Offer annual-plan incentive,Basic,Monthly,8,194.78
3152,CUST100831,0.2799,Low,New customer (tenure <= 6 months),Offer annual-plan incentive,Standard,Annual,3,420.24
3153,CUST102558,0.2798,Low,Slow support resolution,Priority callback from support lead,Standard,Annual,11,391.52
3154,CUST101749,0.2795,Low,Frequent support contacts; Slow support resolution; Low satisfaction score; Repeated late payments,Priority callback from support lead,Premium,Annual,33,689.86
3155,CUST104942,0.2795,Low,Month-to-month contract (no lock-in),Offer annual-plan incentive,Basic,Monthly,39,201.61
3156,CUST101495,0.2794,Low,Month-to-month contract (no lock-in),Offer annual-plan incentive,Standard,Monthly,7,440.37
3157,CUST102453,0.2794,Low,Repeated late payments,Offer flexible payment / autopay setup,Standard,Annual,9,406.49
3158,CUST103933,0.2791,Low,Slow support resolution,Priority callback from support lead,Basic,Annual,50,193.55
3159,CUST102737,0.279,Low,Frequent support contacts; Repeated late payments,Priority callback from support lead,Basic,Annual,33,205.36
3160,CUST101423,0.2788,Low,Slow support resolution; Month-to-month contract (no lock-in); New customer (tenure <= 6 months),Priority callback from support lead,Premium,Monthly,6,736.21
3161,CUST100487,0.2786,Low,Month-to-month contract (no lock-in),Offer annual-plan incentive,Basic,Monthly,16,190.82
3162,CUST102279,0.2786,Low,Low satisfaction score; Month-to-month contract (no lock-in); New customer (tenure <= 6 months),Priority callback from support lead,Premium,Monthly,3,681.48
3163,CUST101107,0.2779,Low,Recent price increase; Month-to-month contract (no lock-in),Offer loyalty discount / plan review,Basic,Monthly,14,181.4
3164,CUST101827,0.2779,Low,Month-to-month contract (no lock-in),Offer annual-plan incentive,Basic,Monthly,23,201.82
3165,CUST100484,0.2777,Low,Month-to-month contract (no lock-in); New customer (tenure <= 6 months),Offer annual-plan incentive,Basic,Monthly,1,196.43
3166,CUST104188,0.2776,Low,Month-to-month contract (no lock-in),Offer annual-plan incentive,Standard,Monthly,33,386.14
3167,CUST102728,0.2775,Low,Low satisfaction score; Recent price increase; Month-to-month contract (no lock-in); New customer (tenure <= 6 months),Offer loyalty discount / plan review,Standard,Monthly,5,371.92
3168,CUST101181,0.2774,Low,Month-to-month contract (no lock-in); New customer (tenure <= 6 months),Offer annual-plan incentive,Basic,Monthly,1,206.57
3169,CUST102156,0.2767,Low,General elevated risk - manual review,Offer annual-plan incentive,Basic,Annual,72,187.06
3170,CUST101546,0.2766,Low,General elevated risk - manual review,Offer annual-plan incentive,Standard,Annual,22,399.62
3171,CUST101910,0.2765,Low,Slow support resolution; Recent price increase; Month-to-month contract (no lock-in),Offer loyalty discount / plan review,Basic,Monthly,7,210.93
3172,CUST100444,0.2764,Low,Repeated late payments; Month-to-month contract (no lock-in); New customer (tenure <= 6 months),Offer flexible payment / autopay setup,Premium,Monthly,3,770.73
3173,CUST101067,0.2762,Low,Month-to-month contract (no lock-in),Offer annual-plan incentive,Premium,Monthly,16,737.98
3174,CUST100092,0.2761,Low,Frequent support contacts; Slow support resolution; Recent price increase,Offer loyalty discount / plan review,Standard,Annual,9,392.48
3175,CUST103981,0.2758,Low,Slow support resolution; Month-to-month contract (no lock-in),Priority callback from support lead,Standard,Monthly,72,405.3
3176,CUST101387,0.2756,Low,General elevated risk - manual review,Offer annual-plan incentive,Standard,Annual,25,379.93
3177,CUST100833,0.2752,Low,Month-to-month contract (no lock-in),Offer annual-plan incentive,Basic,Monthly,17,185.44
3178,CUST100677,0.2751,Low,Month-to-month contract (no lock-in),Offer annual-plan incentive,Basic,Monthly,11,207.98
3179,CUST100470,0.2751,Low,Month-to-month contract (no lock-in),Offer annual-plan incentive,Basic,Monthly,10,193.37
3180,CUST103357,0.2746,Low,Repeated late payments; Recent price increase; Month-to-month contract (no lock-in),Offer loyalty discount / plan review,Standard,Monthly,15,419.7
3181,CUST102519,0.2746,Low,Frequent support contacts; Recent price increase,Offer loyalty discount / plan review,Standard,Annual,40,378.93
3182,CUST103604,0.2743,Low,Month-to-month contract (no lock-in),Offer annual-plan incentive,Standard,Monthly,8,367.11
3183,CUST101097,0.2742,Low,General elevated risk - manual review,Offer annual-plan incentive,Standard,Annual,13,399.03
3184,CUST104495,0.2741,Low,Recent price increase; Month-to-month contract (no lock-in),Offer loyalty discount / plan review,Premium,Monthly,9,623.44
3185,CUST100950,0.2741,Low,Slow support resolution; Repeated late payments; Month-to-month contract (no lock-in),Priority callback from support lead,Basic,Monthly,16,198.42
3186,CUST103337,0.2738,Low,Low satisfaction score; Month-to-month contract (no lock-in),Priority callback from support lead,Premium,Monthly,18,650.46
3187,CUST103003,0.2738,Low,New customer (tenure <= 6 months),Offer annual-plan incentive,Standard,Annual,1,414.34
3188,CUST104276,0.2737,Low,Month-to-month contract (no lock-in),Offer annual-plan incentive,Basic,Monthly,23,200.11
3189,CUST102517,0.2737,Low,Low satisfaction score; Repeated late payments; Month-to-month contract (no lock-in),Priority callback from support lead,Premium,Monthly,11,677.47
3190,CUST103207,0.2736,Low,Usage dropped sharply over 3 months; Month-to-month contract (no lock-in),Send re-engagement campaign / feature tips,Basic,Monthly,10,199.54
3191,CUST100491,0.2735,Low,Month-to-month contract (no lock-in),Offer annual-plan incentive,Standard,Monthly,16,375.29
3192,CUST104283,0.2735,Low,Month-to-month contract (no lock-in),Offer annual-plan incentive,Standard,Monthly,29,372.63
3193,CUST103892,0.2733,Low,Recent price increase; Month-to-month contract (no lock-in),Offer loyalty discount / plan review,Standard,Monthly,13,350.67
3194,CUST104323,0.2733,Low,Frequent support contacts; Low satisfaction score,Priority callback from support lead,Basic,Annual,34,185.44
3195,CUST100295,0.2731,Low,New customer (tenure <= 6 months),Offer annual-plan incentive,Basic,Annual,3,199.58
3196,CUST102736,0.2729,Low,New customer (tenure <= 6 months),Offer annual-plan incentive,Standard,Annual,4,379.79
3197,CUST104921,0.2728,Low,Low satisfaction score; New customer (tenure <= 6 months),Priority callback from support lead,Premium,Annual,3,707.8
3198,CUST100693,0.2728,Low,Month-to-month contract (no lock-in),Offer annual-plan incentive,Basic,Monthly,12,207.15
3199,CUST103666,0.2727,Low,Slow support resolution; New customer (tenure <= 6 months),Priority callback from support lead,Basic,Annual,1,205.6
3200,CUST100825,0.2726,Low,Slow support resolution; Low satisfaction score; Recent price increase; Month-to-month contract (no lock-in),Offer loyalty discount / plan review,Basic,Monthly,16,201.43
3201,CUST103849,0.2724,Low,Recent price increase,Offer loyalty discount / plan review,Basic,Annual,15,216.78
3202,CUST101666,0.2724,Low,Recent price increase; Month-to-month contract (no lock-in),Offer loyalty discount / plan review,Basic,Monthly,9,211.24
3203,CUST101601,0.2719,Low,Month-to-month contract (no lock-in),Offer annual-plan incentive,Basic,Monthly,13,197.54
3204,CUST101281,0.2718,Low,Month-to-month contract (no lock-in),Offer annual-plan incentive,Premium,Monthly,21,641.87
3205,CUST100357,0.2717,Low,Slow support resolution; Low satisfaction score; Month-to-month contract (no lock-in),Priority callback from support lead,Basic,Monthly,20,200.26
3206,CUST101954,0.2717,Low,Month-to-month contract (no lock-in); New customer (tenure <= 6 months),Offer annual-plan incentive,Standard,Monthly,4,398.25
3207,CUST102970,0.2716,Low,Frequent support contacts; Repeated late payments; Month-to-month contract (no lock-in),Priority callback from support lead,Standard,Monthly,7,365.23
3208,CUST101877,0.2708,Low,Usage dropped sharply over 3 months; Month-to-month contract (no lock-in),Send re-engagement campaign / feature tips,Basic,Monthly,8,202.27
3209,CUST104691,0.2708,Low,Frequent support contacts; New customer (tenure <= 6 months),Priority callback from support lead,Standard,Annual,5,381.2
3210,CUST100336,0.2707,Low,Slow support resolution,Priority callback from support lead,Basic,Annual,17,207.42
3211,CUST101503,0.2706,Low,Slow support resolution; Low satisfaction score; Repeated late payments; Recent price increase,Offer loyalty discount / plan review,Basic,Annual,26,186.85
3212,CUST102672,0.2705,Low,Month-to-month contract (no lock-in),Offer annual-plan incentive,Basic,Monthly,31,200.51
3213,CUST104038,0.2705,Low,Usage dropped sharply over 3 months; New customer (tenure <= 6 months),Send re-engagement campaign / feature tips,Standard,Annual,3,393.89
3214,CUST104862,0.2704,Low,Month-to-month contract (no lock-in),Offer annual-plan incentive,Standard,Monthly,7,409.54
3215,CUST104296,0.2704,Low,Month-to-month contract (no lock-in); New customer (tenure <= 6 months),Offer annual-plan incentive,Basic,Monthly,6,201.66
3216,CUST101527,0.2704,Low,Low satisfaction score; Month-to-month contract (no lock-in),Priority callback from support lead,Premium,Monthly,25,706.32
3217,CUST104592,0.2699,Low,Slow support resolution,Priority callback from support lead,Basic,Annual,28,182.2
3218,CUST104097,0.2698,Low,Slow support resolution; Month-to-month contract (no lock-in),Priority callback from support lead,Premium,Monthly,11,638.31
3219,CUST102189,0.2697,Low,Slow support resolution,Priority callback from support lead,Standard,Annual,15,365.44
3220,CUST102810,0.2697,Low,General elevated risk - manual review,Offer annual-plan incentive,Basic,Annual,18,205.18
3221,CUST100275,0.2695,Low,Recent price increase; Month-to-month contract (no lock-in),Offer loyalty discount / plan review,Premium,Monthly,45,656.91
3222,CUST101138,0.2691,Low,Month-to-month contract (no lock-in),Offer annual-plan incentive,Premium,Monthly,27,701.92
3223,CUST101444,0.2688,Low,Repeated late payments; Month-to-month contract (no lock-in),Offer flexible payment / autopay setup,Standard,Monthly,21,429.53
3224,CUST104063,0.2688,Low,Month-to-month contract (no lock-in),Offer annual-plan incentive,Premium,Monthly,35,649.22
3225,CUST101152,0.2687,Low,Month-to-month contract (no lock-in); New customer (tenure <= 6 months),Offer annual-plan incentive,Standard,Monthly,4,403.75
3226,CUST101970,0.2687,Low,New customer (tenure <= 6 months),Offer annual-plan incentive,Premium,Annual,1,763.88
3227,CUST103121,0.2686,Low,General elevated risk - manual review,Offer annual-plan incentive,Standard,Annual,27,419.71
3228,CUST100822,0.2685,Low,General elevated risk - manual review,Offer annual-plan incentive,Standard,Annual,9,400.85
3229,CUST100024,0.2685,Low,General elevated risk - manual review,Offer annual-plan incentive,Basic,Annual,32,186.61
3230,CUST103961,0.2685,Low,Month-to-month contract (no lock-in),Offer annual-plan incentive,Standard,Monthly,9,407.25
3231,CUST103443,0.2683,Low,Slow support resolution; Low satisfaction score; Recent price increase,Offer loyalty discount / plan review,Standard,Annual,27,382.07
3232,CUST104539,0.2683,Low,Month-to-month contract (no lock-in),Offer annual-plan incentive,Basic,Monthly,72,194.62
3233,CUST101017,0.2683,Low,Low satisfaction score; Month-to-month contract (no lock-in),Priority callback from support lead,Basic,Monthly,53,200.32
3234,CUST100954,0.2683,Low,Month-to-month contract (no lock-in),Offer annual-plan incentive,Standard,Monthly,12,399.66
3235,CUST101644,0.2679,Low,Usage dropped sharply over 3 months; Month-to-month contract (no lock-in); New customer (tenure <= 6 months),Send re-engagement campaign / feature tips,Premium,Monthly,2,674.47
3236,CUST102684,0.2679,Low,Month-to-month contract (no lock-in); New customer (tenure <= 6 months),Offer annual-plan incentive,Premium,Monthly,1,739.61
3237,CUST101708,0.2677,Low,Month-to-month contract (no lock-in); New customer (tenure <= 6 months),Offer annual-plan incentive,Standard,Monthly,2,418.75
3238,CUST103798,0.2677,Low,Low satisfaction score; Month-to-month contract (no lock-in); New customer (tenure <= 6 months),Priority callback from support lead,Basic,Monthly,5,192.73
3239,CUST100985,0.2676,Low,Slow support resolution; Recent price increase; New customer (tenure <= 6 months),Offer loyalty discount / plan review,Basic,Annual,1,218.86
3240,CUST103143,0.2675,Low,Month-to-month contract (no lock-in); New customer (tenure <= 6 months),Offer annual-plan incentive,Basic,Monthly,1,202.7
3241,CUST101704,0.2673,Low,Slow support resolution; Recent price increase; Month-to-month contract (no lock-in),Offer loyalty discount / plan review,Standard,Monthly,20,1500.0
3242,CUST101896,0.267,Low,Month-to-month contract (no lock-in),Offer annual-plan incentive,Standard,Monthly,23,391.92
3243,CUST104634,0.267,Low,Recent price increase; Month-to-month contract (no lock-in),Offer loyalty discount / plan review,Standard,Monthly,21,387.84
3244,CUST101398,0.2667,Low,Recent price increase,Offer loyalty discount / plan review,Standard,Annual,8,412.61
3245,CUST103470,0.2666,Low,Usage dropped sharply over 3 months; Slow support resolution,Priority callback from support lead,Basic,Annual,21,174.88
3246,CUST100710,0.2664,Low,Month-to-month contract (no lock-in),Offer annual-plan incentive,Basic,Monthly,8,206.12
3247,CUST101304,0.2664,Low,Repeated late payments; Month-to-month contract (no lock-in),Offer flexible payment / autopay setup,Basic,Monthly,17,198.21
3248,CUST101902,0.2662,Low,Usage dropped sharply over 3 months,Send re-engagement campaign / feature tips,Standard,Annual,33,428.22
3249,CUST102283,0.2659,Low,Slow support resolution; Recent price increase; Month-to-month contract (no lock-in),Offer loyalty discount / plan review,Basic,Monthly,46,187.89
3250,CUST104149,0.2656,Low,General elevated risk - manual review,Offer annual-plan incentive,Basic,Annual,31,194.83
3251,CUST103396,0.265,Low,Month-to-month contract (no lock-in),Offer annual-plan incentive,Premium,Monthly,11,623.92
3252,CUST101597,0.2648,Low,Recent price increase; Month-to-month contract (no lock-in),Offer loyalty discount / plan review,Standard,Monthly,11,399.15
3253,CUST101826,0.2646,Low,Month-to-month contract (no lock-in),Offer annual-plan incentive,Basic,Monthly,36,204.59
3254,CUST101154,0.2645,Low,Usage dropped sharply over 3 months,Send re-engagement campaign / feature tips,Basic,Annual,20,175.88
3255,CUST104294,0.2645,Low,Month-to-month contract (no lock-in),Offer annual-plan incentive,Standard,Monthly,27,403.34
3256,CUST101583,0.2643,Low,Slow support resolution; Month-to-month contract (no lock-in),Priority callback from support lead,Basic,Monthly,37,202.69
3257,CUST103010,0.2643,Low,General elevated risk - manual review,Offer annual-plan incentive,Basic,Annual,42,193.02
3258,CUST104355,0.2642,Low,Month-to-month contract (no lock-in); New customer (tenure <= 6 months),Offer annual-plan incentive,Standard,Monthly,4,413.67
3259,CUST102641,0.2641,Low,Recent price increase,Offer loyalty discount / plan review,Premium,Annual,9,722.73
3260,CUST101776,0.2638,Low,General elevated risk - manual review,Offer annual-plan incentive,Premium,Annual,9,653.65
3261,CUST100158,0.2635,Low,Frequent support contacts; Low satisfaction score; New customer (tenure <= 6 months),Priority callback from support lead,Premium,Annual,5,686.36
3262,CUST101860,0.2632,Low,Frequent support contacts; Slow support resolution; Month-to-month contract (no lock-in); New customer (tenure <= 6 months),Priority callback from support lead,Basic,Monthly,5,202.41
3263,CUST102271,0.2631,Low,Month-to-month contract (no lock-in),Offer annual-plan incentive,Standard,Monthly,30,410.44
3264,CUST101817,0.263,Low,Low satisfaction score; Month-to-month contract (no lock-in),Priority callback from support lead,Premium,Monthly,32,715.04
3265,CUST100952,0.263,Low,New customer (tenure <= 6 months),Offer annual-plan incentive,Basic,Annual,3,182.29
3266,CUST101091,0.2629,Low,Slow support resolution; Month-to-month contract (no lock-in),Priority callback from support lead,Basic,Monthly,9,197.91
3267,CUST100729,0.2627,Low,Month-to-month contract (no lock-in),Offer annual-plan incentive,Basic,Monthly,14,196.51
3268,CUST100286,0.2626,Low,Usage dropped sharply over 3 months; Frequent support contacts; Recent price increase,Offer loyalty discount / plan review,Basic,Annual,10,205.96
3269,CUST101718,0.2626,Low,Usage dropped sharply over 3 months; New customer (tenure <= 6 months),Send re-engagement campaign / feature tips,Premium,Annual,4,693.27
3270,CUST103433,0.2625,Low,Repeated late payments; Month-to-month contract (no lock-in),Offer flexible payment / autopay setup,Premium,Monthly,30,681.88
3271,CUST100552,0.2623,Low,Month-to-month contract (no lock-in),Offer annual-plan incentive,Standard,Monthly,19,382.59
3272,CUST102913,0.2622,Low,Repeated late payments; Recent price increase; Month-to-month contract (no lock-in),Offer loyalty discount / plan review,Basic,Monthly,51,191.52
3273,CUST102712,0.2621,Low,Month-to-month contract (no lock-in),Offer annual-plan incentive,Basic,Monthly,19,211.36
3274,CUST103101,0.262,Low,Slow support resolution; Recent price increase; Month-to-month contract (no lock-in),Offer loyalty discount / plan review,Basic,Monthly,18,207.35
3275,CUST104682,0.262,Low,Month-to-month contract (no lock-in),Offer annual-plan incentive,Standard,Monthly,11,409.88
3276,CUST104498,0.2617,Low,Recent price increase; Month-to-month contract (no lock-in),Offer loyalty discount / plan review,Standard,Monthly,46,386.9
3277,CUST102706,0.2616,Low,Low satisfaction score; Month-to-month contract (no lock-in),Priority callback from support lead,Basic,Monthly,16,224.85
3278,CUST102205,0.2612,Low,General elevated risk - manual review,Offer annual-plan incentive,Premium,Annual,21,687.55
3279,CUST101184,0.2612,Low,Month-to-month contract (no lock-in),Offer annual-plan incentive,Standard,Monthly,29,406.92
3280,CUST102520,0.261,Low,Month-to-month contract (no lock-in),Offer annual-plan incentive,Premium,Monthly,17,700.55
3281,CUST101397,0.261,Low,Slow support resolution; Month-to-month contract (no lock-in),Priority callback from support lead,Standard,Monthly,27,412.49
3282,CUST101487,0.2607,Low,Month-to-month contract (no lock-in); New customer (tenure <= 6 months),Offer annual-plan incentive,Basic,Monthly,1,205.95
3283,CUST104507,0.2606,Low,Month-to-month contract (no lock-in); New customer (tenure <= 6 months),Offer annual-plan incentive,Basic,Monthly,5,203.38
3284,CUST103815,0.2605,Low,Frequent support contacts; Recent price increase,Offer loyalty discount / plan review,Basic,Annual,16,194.67
3285,CUST102738,0.2603,Low,Month-to-month contract (no lock-in),Offer annual-plan incentive,Standard,Monthly,34,382.37
3286,CUST101354,0.2602,Low,Recent price increase; Month-to-month contract (no lock-in),Offer loyalty discount / plan review,Standard,Monthly,16,410.15
3287,CUST104775,0.26,Low,Repeated late payments; Month-to-month contract (no lock-in),Offer flexible payment / autopay setup,Standard,Monthly,20,432.61
3288,CUST104606,0.26,Low,Slow support resolution; New customer (tenure <= 6 months),Priority callback from support lead,Basic,Annual,5,210.25
3289,CUST101610,0.2599,Low,Frequent support contacts; Slow support resolution; Recent price increase,Offer loyalty discount / plan review,Standard,Annual,16,442.1
3290,CUST101879,0.2598,Low,Recent price increase; Month-to-month contract (no lock-in),Offer loyalty discount / plan review,Standard,Monthly,12,396.36
3291,CUST104784,0.2597,Low,General elevated risk - manual review,Offer annual-plan incentive,Premium,Annual,14,733.85
3292,CUST101787,0.2597,Low,Month-to-month contract (no lock-in),Offer annual-plan incentive,Standard,Monthly,27,390.63
3293,CUST100593,0.2597,Low,Recent price increase,Offer loyalty discount / plan review,Standard,Annual,12,398.62
3294,CUST103978,0.2596,Low,Frequent support contacts; Slow support resolution,Priority callback from support lead,Basic,Annual,18,196.21
3295,CUST102420,0.2596,Low,Repeated late payments,Offer flexible payment / autopay setup,Basic,Annual,7,191.98
3296,CUST102197,0.2595,Low,Month-to-month contract (no lock-in),Offer annual-plan incentive,Basic,Monthly,26,191.84
3297,CUST102273,0.2593,Low,General elevated risk - manual review,Offer annual-plan incentive,Standard,Annual,9,390.08
3298,CUST101390,0.2593,Low,Month-to-month contract (no lock-in),Offer annual-plan incentive,Basic,Monthly,42,204.89
3299,CUST100497,0.259,Low,Recent price increase,Offer loyalty discount / plan review,Basic,Annual,9,191.68
3300,CUST103498,0.2589,Low,Recent price increase; New customer (tenure <= 6 months),Offer loyalty discount / plan review,Premium,Annual,6,693.87
3301,CUST103377,0.2586,Low,Month-to-month contract (no lock-in),Offer annual-plan incentive,Premium,Monthly,25,704.52
3302,CUST104740,0.2583,Low,Month-to-month contract (no lock-in),Offer annual-plan incentive,Standard,Monthly,20,403.88
3303,CUST104991,0.2579,Low,Month-to-month contract (no lock-in); New customer (tenure <= 6 months),Offer annual-plan incentive,Basic,Monthly,2,192.31
3304,CUST104889,0.2578,Low,Usage dropped sharply over 3 months; Month-to-month contract (no lock-in),Send re-engagement campaign / feature tips,Basic,Monthly,72,199.38
3305,CUST102504,0.2578,Low,Month-to-month contract (no lock-in),Offer annual-plan incentive,Standard,Monthly,21,400.49
3306,CUST100165,0.2577,Low,Very low engagement (usage/logins); Slow support resolution,Priority callback from support lead,Premium,Annual,37,711.71
3307,CUST104467,0.2571,Low,Frequent support contacts; Month-to-month contract (no lock-in); New customer (tenure <= 6 months),Priority callback from support lead,Basic,Monthly,2,199.65
3308,CUST100726,0.2569,Low,Month-to-month contract (no lock-in),Offer annual-plan incentive,Basic,Monthly,14,209.08
3309,CUST102306,0.2569,Low,General elevated risk - manual review,Offer annual-plan incentive,Basic,Annual,12,203.21
3310,CUST101036,0.2567,Low,Frequent support contacts,Priority callback from support lead,Premium,Annual,14,675.78
3311,CUST101653,0.2565,Low,Month-to-month contract (no lock-in),Offer annual-plan incentive,Standard,Monthly,10,421.92
3312,CUST103928,0.2564,Low,Repeated late payments; Month-to-month contract (no lock-in),Offer flexible payment / autopay setup,Standard,Monthly,28,403.3
3313,CUST102442,0.2559,Low,Recent price increase; Month-to-month contract (no lock-in),Offer loyalty discount / plan review,Standard,Monthly,33,403.28
3314,CUST104579,0.2556,Low,Month-to-month contract (no lock-in),Offer annual-plan incentive,Basic,Monthly,8,198.27
3315,CUST102128,0.2553,Low,General elevated risk - manual review,Offer annual-plan incentive,Premium,Annual,22,702.03
3316,CUST102974,0.2552,Low,General elevated risk - manual review,Offer annual-plan incentive,Basic,Annual,7,194.19
3317,CUST102066,0.255,Low,Usage dropped sharply over 3 months; Frequent support contacts; Month-to-month contract (no lock-in),Priority callback from support lead,Premium,Monthly,11,792.94
3318,CUST104074,0.255,Low,General elevated risk - manual review,Offer annual-plan incentive,Standard,Annual,8,359.13
3319,CUST102072,0.2546,Low,Recent price increase; Month-to-month contract (no lock-in),Offer loyalty discount / plan review,Basic,Monthly,43,200.41
3320,CUST103132,0.2543,Low,Month-to-month contract (no lock-in),Offer annual-plan incentive,Basic,Monthly,28,201.18
3321,CUST101865,0.2542,Low,Month-to-month contract (no lock-in),Offer annual-plan incentive,Basic,Monthly,72,185.54
3322,CUST104278,0.2541,Low,Usage dropped sharply over 3 months,Send re-engagement campaign / feature tips,Basic,Annual,14,206.77
3323,CUST104444,0.2541,Low,Month-to-month contract (no lock-in),Offer annual-plan incentive,Standard,Monthly,17,394.35
3324,CUST104474,0.2539,Low,Repeated late payments,Offer flexible payment / autopay setup,Premium,Annual,15,739.43
3325,CUST104339,0.2538,Low,General elevated risk - manual review,Offer annual-plan incentive,Basic,Annual,23,189.07
3326,CUST104589,0.2538,Low,New customer (tenure <= 6 months),Offer annual-plan incentive,Basic,Annual,4,210.08
3327,CUST102065,0.2536,Low,Slow support resolution; Month-to-month contract (no lock-in); New customer (tenure <= 6 months),Priority callback from support lead,Basic,Monthly,3,191.05
3328,CUST104672,0.2534,Low,Usage dropped sharply over 3 months; Slow support resolution; Recent price increase,Offer loyalty discount / plan review,Basic,Annual,8,201.08
3329,CUST104510,0.2533,Low,Repeated late payments; New customer (tenure <= 6 months),Offer flexible payment / autopay setup,Premium,Annual,1,716.47
3330,CUST103371,0.2533,Low,Month-to-month contract (no lock-in),Offer annual-plan incentive,Basic,Monthly,22,207.07
3331,CUST100802,0.2531,Low,Frequent support contacts; Low satisfaction score; Repeated late payments; Month-to-month contract (no lock-in),Priority callback from support lead,Standard,Monthly,58,402.34
3332,CUST101295,0.2531,Low,Recent price increase,Offer loyalty discount / plan review,Standard,Annual,14,434.27
3333,CUST102541,0.2529,Low,General elevated risk - manual review,Offer annual-plan incentive,Basic,Annual,8,202.87
3334,CUST102845,0.2527,Low,Repeated late payments; Month-to-month contract (no lock-in); New customer (tenure <= 6 months),Offer flexible payment / autopay setup,Premium,Monthly,1,743.52
3335,CUST101812,0.2527,Low,Recent price increase; Month-to-month contract (no lock-in),Offer loyalty discount / plan review,Standard,Monthly,42,408.39
3336,CUST103541,0.2525,Low,General elevated risk - manual review,Offer annual-plan incentive,Standard,Annual,20,403.07
3337,CUST100514,0.2525,Low,Recent price increase,Offer loyalty discount / plan review,Premium,Annual,15,709.89
3338,CUST101464,0.2524,Low,Repeated late payments; Recent price increase; Month-to-month contract (no lock-in); New customer (tenure <= 6 months),Offer loyalty discount / plan review,Basic,Monthly,4,189.72
3339,CUST102957,0.2519,Low,Month-to-month contract (no lock-in),Offer annual-plan incentive,Basic,Monthly,10,199.35
3340,CUST102903,0.2516,Low,Month-to-month contract (no lock-in),Offer annual-plan incentive,Premium,Monthly,17,670.06
3341,CUST100565,0.2514,Low,Low satisfaction score,Priority callback from support lead,Premium,Annual,7,673.78
3342,CUST103353,0.2512,Low,Month-to-month contract (no lock-in),Offer annual-plan incentive,Standard,Monthly,13,402.67
3343,CUST100119,0.251,Low,New customer (tenure <= 6 months),Offer annual-plan incentive,Standard,Annual,1,383.55
3344,CUST104409,0.251,Low,Repeated late payments; Month-to-month contract (no lock-in),Offer flexible payment / autopay setup,Basic,Monthly,7,203.02
3345,CUST102471,0.2508,Low,Recent price increase; Month-to-month contract (no lock-in),Offer loyalty discount / plan review,Basic,Monthly,25,210.52
3346,CUST104806,0.2507,Low,Month-to-month contract (no lock-in),Offer annual-plan incentive,Standard,Monthly,28,368.18
3347,CUST102028,0.2505,Low,Usage dropped sharply over 3 months; Low satisfaction score,Priority callback from support lead,Basic,Annual,32,210.33
3348,CUST100982,0.2504,Low,Repeated late payments; Month-to-month contract (no lock-in),Offer flexible payment / autopay setup,Basic,Monthly,29,210.24
3349,CUST102977,0.2504,Low,Month-to-month contract (no lock-in),Offer annual-plan incentive,Standard,Monthly,49,366.93
3350,CUST102344,0.2499,Low,Frequent support contacts; Repeated late payments,Priority callback from support lead,Standard,Annual,31,404.96
3351,CUST101391,0.2496,Low,General elevated risk - manual review,Offer annual-plan incentive,Basic,Annual,9,198.18
3352,CUST103017,0.2494,Low,Slow support resolution; Month-to-month contract (no lock-in),Priority callback from support lead,Standard,Monthly,12,396.41
3353,CUST101945,0.2492,Low,General elevated risk - manual review,Offer annual-plan incentive,Basic,Annual,14,189.3
3354,CUST103431,0.2491,Low,Slow support resolution; Month-to-month contract (no lock-in),Priority callback from support lead,Basic,Monthly,23,205.94
3355,CUST100059,0.249,Low,Frequent support contacts; Month-to-month contract (no lock-in),Priority callback from support lead,Standard,Monthly,12,396.96
3356,CUST100034,0.249,Low,New customer (tenure <= 6 months),Offer annual-plan incentive,Standard,Annual,1,391.24
3357,CUST104424,0.249,Low,Recent price increase,Offer loyalty discount / plan review,Premium,Annual,22,712.12
3358,CUST102910,0.2489,Low,Usage dropped sharply over 3 months; Slow support resolution; Low satisfaction score; New customer (tenure <= 6 months),Priority callback from support lead,Premium,Annual,4,679.14
3359,CUST103466,0.2482,Low,Repeated late payments; Month-to-month contract (no lock-in),Offer flexible payment / autopay setup,Basic,Monthly,17,181.24
3360,CUST103698,0.2478,Low,Usage dropped sharply over 3 months; Frequent support contacts,Priority callback from support lead,Standard,Annual,43,429.46
3361,CUST101832,0.2476,Low,Repeated late payments; Month-to-month contract (no lock-in),Offer flexible payment / autopay setup,Premium,Monthly,34,705.04
3362,CUST103626,0.2476,Low,Month-to-month contract (no lock-in),Offer annual-plan incentive,Basic,Monthly,34,204.05
3363,CUST104582,0.2474,Low,Repeated late payments,Offer flexible payment / autopay setup,Basic,Annual,14,177.9
3364,CUST103413,0.2474,Low,General elevated risk - manual review,Offer annual-plan incentive,Basic,Annual,9,203.51
3365,CUST103043,0.2472,Low,Month-to-month contract (no lock-in),Offer annual-plan incentive,Basic,Monthly,8,174.69
3366,CUST104962,0.247,Low,New customer (tenure <= 6 months),Offer annual-plan incentive,Basic,Annual,1,197.47
3367,CUST100627,0.247,Low,Slow support resolution; Low satisfaction score; Recent price increase; New customer (tenure <= 6 months),Offer loyalty discount / plan review,Standard,Annual,1,419.71
3368,CUST102988,0.2467,Low,Month-to-month contract (no lock-in),Offer annual-plan incentive,Premium,Monthly,22,712.35
3369,CUST101482,0.2467,Low,Month-to-month contract (no lock-in),Offer annual-plan incentive,Basic,Monthly,19,220.1
3370,CUST104340,0.2464,Low,Repeated late payments; Month-to-month contract (no lock-in),Offer flexible payment / autopay setup,Premium,Monthly,49,711.01
3371,CUST103596,0.2464,Low,General elevated risk - manual review,Offer annual-plan incentive,Basic,Annual,25,192.58
3372,CUST101808,0.2464,Low,Very low engagement (usage/logins); Recent price increase,Offer loyalty discount / plan review,Basic,Annual,8,194.5
3373,CUST101516,0.2462,Low,General elevated risk - manual review,Offer annual-plan incentive,Premium,Annual,10,677.54
3374,CUST104349,0.2462,Low,Month-to-month contract (no lock-in); New customer (tenure <= 6 months),Offer annual-plan incentive,Basic,Monthly,4,201.87
3375,CUST101456,0.2451,Low,Low satisfaction score,Priority callback from support lead,Basic,Annual,8,222.21
3376,CUST104045,0.2451,Low,Low satisfaction score,Priority callback from support lead,Premium,Annual,10,670.23
3377,CUST103664,0.2448,Low,Low satisfaction score; Recent price increase,Offer loyalty discount / plan review,Basic,Annual,15,208.68
3378,CUST102599,0.2448,Low,Month-to-month contract (no lock-in); New customer (tenure <= 6 months),Offer annual-plan incentive,Standard,Monthly,6,430.36
3379,CUST102288,0.2445,Low,Month-to-month contract (no lock-in),Offer annual-plan incentive,Standard,Monthly,8,422.55
3380,CUST104685,0.2445,Low,Month-to-month contract (no lock-in),Offer annual-plan incentive,Basic,Monthly,13,208.6
3381,CUST100083,0.2445,Low,Slow support resolution; Month-to-month contract (no lock-in),Priority callback from support lead,Basic,Monthly,20,198.71
3382,CUST101066,0.2442,Low,Slow support resolution,Priority callback from support lead,Standard,Annual,14,389.36
3383,CUST104204,0.2442,Low,General elevated risk - manual review,Offer annual-plan incentive,Basic,Annual,8,204.09
3384,CUST101203,0.2441,Low,Month-to-month contract (no lock-in),Offer annual-plan incentive,Basic,Monthly,14,184.05
3385,CUST100127,0.2439,Low,Frequent support contacts; Month-to-month contract (no lock-in),Priority callback from support lead,Standard,Monthly,13,405.48
3386,CUST100374,0.2437,Low,Frequent support contacts,Priority callback from support lead,Standard,Annual,18,357.73
3387,CUST102922,0.2436,Low,New customer (tenure <= 6 months),Offer annual-plan incentive,Basic,Annual,3,199.18
3388,CUST103100,0.2433,Low,New customer (tenure <= 6 months),Offer annual-plan incentive,Standard,Annual,2,379.3
3389,CUST101864,0.2431,Low,Recent price increase; Month-to-month contract (no lock-in),Offer loyalty discount / plan review,Standard,Monthly,28,416.55
3390,CUST104303,0.2429,Low,Month-to-month contract (no lock-in); New customer (tenure <= 6 months),Offer annual-plan incentive,Standard,Monthly,5,400.67
3391,CUST100098,0.2425,Low,Low satisfaction score,Priority callback from support lead,Standard,Annual,17,399.83
3392,CUST101306,0.2422,Low,Recent price increase; New customer (tenure <= 6 months),Offer loyalty discount / plan review,Basic,Annual,1,209.95
3393,CUST101521,0.2421,Low,Slow support resolution; Month-to-month contract (no lock-in),Priority callback from support lead,Standard,Monthly,48,367.44
3394,CUST102800,0.2417,Low,Month-to-month contract (no lock-in),Offer annual-plan incentive,Premium,Monthly,32,691.22
3395,CUST102895,0.2414,Low,Slow support resolution; Low satisfaction score; Month-to-month contract (no lock-in),Priority callback from support lead,Premium,Monthly,67,700.36
3396,CUST101588,0.2414,Low,Low satisfaction score,Priority callback from support lead,Standard,Annual,19,401.29
3397,CUST101828,0.2408,Low,General elevated risk - manual review,Offer annual-plan incentive,Basic,Annual,8,208.64
3398,CUST101457,0.2406,Low,Slow support resolution; Month-to-month contract (no lock-in),Priority callback from support lead,Standard,Monthly,37,403.14
3399,CUST102443,0.2405,Low,Month-to-month contract (no lock-in); New customer (tenure <= 6 months),Offer annual-plan incentive,Standard,Monthly,1,414.53
3400,CUST102256,0.2403,Low,New customer (tenure <= 6 months),Offer annual-plan incentive,Standard,Annual,1,413.18
3401,CUST104198,0.2403,Low,Month-to-month contract (no lock-in),Offer annual-plan incentive,Basic,Monthly,8,194.01
3402,CUST100296,0.2403,Low,Recent price increase,Offer loyalty discount / plan review,Premium,Annual,16,664.77
3403,CUST104973,0.2402,Low,Recent price increase; New customer (tenure <= 6 months),Offer loyalty discount / plan review,Basic,Annual,1,200.6
3404,CUST102297,0.24,Low,Low satisfaction score; Recent price increase; Month-to-month contract (no lock-in),Offer loyalty discount / plan review,Basic,Monthly,20,183.71
3405,CUST104710,0.2398,Low,Usage dropped sharply over 3 months; Month-to-month contract (no lock-in),Send re-engagement campaign / feature tips,Premium,Monthly,24,661.42
3406,CUST102597,0.2396,Low,Frequent support contacts; Month-to-month contract (no lock-in),Priority callback from support lead,Basic,Monthly,37,214.55
3407,CUST100979,0.2394,Low,Month-to-month contract (no lock-in); New customer (tenure <= 6 months),Offer annual-plan incentive,Standard,Monthly,2,404.76
3408,CUST102450,0.2394,Low,Month-to-month contract (no lock-in),Offer annual-plan incentive,Basic,Monthly,29,203.46
3409,CUST102286,0.239,Low,Slow support resolution,Priority callback from support lead,Basic,Annual,25,209.46
3410,CUST103320,0.2389,Low,Usage dropped sharply over 3 months; Month-to-month contract (no lock-in),Send re-engagement campaign / feature tips,Basic,Monthly,50,186.42
3411,CUST103650,0.2389,Low,Frequent support contacts; Repeated late payments; Month-to-month contract (no lock-in),Priority callback from support lead,Basic,Monthly,64,191.64
3412,CUST102458,0.2387,Low,General elevated risk - manual review,Offer annual-plan incentive,Basic,Annual,14,217.55
3413,CUST103362,0.2386,Low,Month-to-month contract (no lock-in),Offer annual-plan incentive,Standard,Monthly,13,401.31
3414,CUST102502,0.2386,Low,Month-to-month contract (no lock-in),Offer annual-plan incentive,Standard,Monthly,30,401.3
3415,CUST100945,0.2385,Low,Month-to-month contract (no lock-in),Offer annual-plan incentive,Basic,Monthly,72,198.93
3416,CUST100797,0.2383,Low,Repeated late payments; Month-to-month contract (no lock-in),Offer flexible payment / autopay setup,Basic,Monthly,8,206.04
3417,CUST104341,0.2381,Low,Month-to-month contract (no lock-in),Offer annual-plan incentive,Standard,Monthly,13,414.69
3418,CUST100128,0.2374,Low,Month-to-month contract (no lock-in); New customer (tenure <= 6 months),Offer annual-plan incentive,Basic,Monthly,1,205.09
3419,CUST102484,0.2372,Low,Low satisfaction score; Month-to-month contract (no lock-in),Priority callback from support lead,Standard,Monthly,44,389.79
3420,CUST100707,0.2372,Low,Month-to-month contract (no lock-in),Offer annual-plan incentive,Standard,Monthly,40,414.81
3421,CUST101911,0.2372,Low,Frequent support contacts; Slow support resolution,Priority callback from support lead,Standard,Annual,9,413.29
3422,CUST101586,0.237,Low,Recent price increase,Offer loyalty discount / plan review,Standard,Annual,9,392.0
3423,CUST101314,0.237,Low,General elevated risk - manual review,Offer annual-plan incentive,Standard,Annual,26,405.61
3424,CUST101757,0.237,Low,New customer (tenure <= 6 months),Offer annual-plan incentive,Basic,Annual,2,202.32
3425,CUST102241,0.2369,Low,Month-to-month contract (no lock-in),Offer annual-plan incentive,Basic,Monthly,44,191.69
3426,CUST101883,0.2368,Low,Frequent support contacts,Priority callback from support lead,Standard,Annual,26,370.35
3427,CUST103224,0.2367,Low,Recent price increase,Offer loyalty discount / plan review,Basic,Annual,15,204.15
3428,CUST103789,0.2366,Low,General elevated risk - manual review,Offer annual-plan incentive,Basic,Annual,20,209.7
3429,CUST100929,0.2366,Low,Low satisfaction score; Recent price increase; Month-to-month contract (no lock-in); New customer (tenure <= 6 months),Offer loyalty discount / plan review,Standard,Monthly,6,411.34
3430,CUST104765,0.2365,Low,General elevated risk - manual review,Offer annual-plan incentive,Basic,Annual,26,207.09
3431,CUST102457,0.2364,Low,Month-to-month contract (no lock-in); New customer (tenure <= 6 months),Offer annual-plan incentive,Standard,Monthly,2,392.83
3432,CUST103896,0.2363,Low,Recent price increase; Month-to-month contract (no lock-in); New customer (tenure <= 6 months),Offer loyalty discount / plan review,Basic,Monthly,1,201.15
3433,CUST102433,0.2361,Low,Month-to-month contract (no lock-in),Offer annual-plan incentive,Basic,Monthly,31,193.04
3434,CUST104818,0.2356,Low,Slow support resolution; Recent price increase; Month-to-month contract (no lock-in),Offer loyalty discount / plan review,Basic,Monthly,44,197.99
3435,CUST100908,0.2356,Low,Frequent support contacts; Slow support resolution,Priority callback from support lead,Standard,Annual,22,373.9
3436,CUST104897,0.2353,Low,Month-to-month contract (no lock-in),Offer annual-plan incentive,Standard,Monthly,21,390.48
3437,CUST103833,0.2352,Low,Month-to-month contract (no lock-in),Offer annual-plan incentive,Standard,Monthly,9,375.33
3438,CUST104635,0.235,Low,General elevated risk - manual review,Offer annual-plan incentive,Basic,Annual,13,195.1
3439,CUST104957,0.235,Low,General elevated risk - manual review,Offer annual-plan incentive,Basic,Annual,19,194.53
3440,CUST104846,0.2342,Low,Usage dropped sharply over 3 months,Send re-engagement campaign / feature tips,Basic,Annual,29,195.45
3441,CUST103026,0.2342,Low,General elevated risk - manual review,Offer annual-plan incentive,Premium,Annual,20,713.05
3442,CUST104671,0.2341,Low,Recent price increase; New customer (tenure <= 6 months),Offer loyalty discount / plan review,Premium,Annual,3,714.05
3443,CUST104160,0.2341,Low,Usage dropped sharply over 3 months; Frequent support contacts; Month-to-month contract (no lock-in),Priority callback from support lead,Standard,Monthly,72,424.92
3444,CUST103499,0.234,Low,Frequent support contacts; Slow support resolution; Month-to-month contract (no lock-in),Priority callback from support lead,Basic,Monthly,18,197.39
3445,CUST102120,0.2338,Low,Low satisfaction score; Month-to-month contract (no lock-in),Priority callback from support lead,Standard,Monthly,9,403.34
3446,CUST103793,0.2336,Low,Slow support resolution; Month-to-month contract (no lock-in); New customer (tenure <= 6 months),Priority callback from support lead,Standard,Monthly,3,422.0
3447,CUST102440,0.2336,Low,Month-to-month contract (no lock-in); New customer (tenure <= 6 months),Offer annual-plan incentive,Premium,Monthly,1,618.17
3448,CUST103046,0.2336,Low,Low satisfaction score,Priority callback from support lead,Standard,Annual,28,404.65
3449,CUST101742,0.2333,Low,Frequent support contacts; Recent price increase; Month-to-month contract (no lock-in),Offer loyalty discount / plan review,Basic,Monthly,22,190.73
3450,CUST102840,0.2332,Low,Month-to-month contract (no lock-in); New customer (tenure <= 6 months),Offer annual-plan incentive,Premium,Monthly,1,683.79
3451,CUST103434,0.233,Low,Frequent support contacts; New customer (tenure <= 6 months),Priority callback from support lead,Premium,Annual,3,729.93
3452,CUST104804,0.233,Low,Usage dropped sharply over 3 months,Send re-engagement campaign / feature tips,Standard,Annual,17,411.33
3453,CUST103438,0.2327,Low,Month-to-month contract (no lock-in),Offer annual-plan incentive,Standard,Monthly,21,419.41
3454,CUST100172,0.2326,Low,Very low engagement (usage/logins); Month-to-month contract (no lock-in),Send re-engagement campaign / feature tips,Standard,Monthly,12,387.1
3455,CUST100281,0.2326,Low,Month-to-month contract (no lock-in); New customer (tenure <= 6 months),Offer annual-plan incentive,Basic,Monthly,5,196.03
3456,CUST102105,0.2325,Low,Month-to-month contract (no lock-in),Offer annual-plan incentive,Basic,Monthly,28,215.88
3457,CUST103848,0.2325,Low,Slow support resolution; Recent price increase; Month-to-month contract (no lock-in); New customer (tenure <= 6 months),Offer loyalty discount / plan review,Basic,Monthly,5,196.04
3458,CUST100788,0.2322,Low,Low satisfaction score; Recent price increase,Offer loyalty discount / plan review,Basic,Annual,9,214.33
3459,CUST102102,0.2315,Low,Month-to-month contract (no lock-in),Offer annual-plan incentive,Basic,Monthly,32,197.35
3460,CUST100139,0.2315,Low,New customer (tenure <= 6 months),Offer annual-plan incentive,Basic,Annual,1,201.66
3461,CUST104785,0.2314,Low,Recent price increase; Month-to-month contract (no lock-in),Offer loyalty discount / plan review,Standard,Monthly,32,383.35
3462,CUST103210,0.2314,Low,Repeated late payments,Offer flexible payment / autopay setup,Standard,Annual,15,387.49
3463,CUST100875,0.2312,Low,Usage dropped sharply over 3 months; Low satisfaction score,Priority callback from support lead,Premium,Annual,47,676.37
3464,CUST102222,0.2311,Low,Slow support resolution; Repeated late payments,Priority callback from support lead,Standard,Annual,37,374.5
3465,CUST100589,0.231,Low,New customer (tenure <= 6 months),Offer annual-plan incentive,Premium,Annual,4,704.58
3466,CUST101372,0.231,Low,New customer (tenure <= 6 months),Offer annual-plan incentive,Standard,Annual,5,411.16
3467,CUST103618,0.2308,Low,Slow support resolution; Month-to-month contract (no lock-in),Priority callback from support lead,Basic,Monthly,14,200.72
3468,CUST103879,0.2307,Low,Usage dropped sharply over 3 months; Very low engagement (usage/logins),Send re-engagement campaign / feature tips,Basic,Annual,13,193.28
3469,CUST104703,0.2305,Low,Recent price increase; New customer (tenure <= 6 months),Offer loyalty discount / plan review,Basic,Annual,3,205.41
3470,CUST104289,0.2304,Low,Month-to-month contract (no lock-in),Offer annual-plan incentive,Premium,Monthly,32,734.34
3471,CUST103460,0.2304,Low,Frequent support contacts; Month-to-month contract (no lock-in),Priority callback from support lead,Standard,Monthly,26,368.05
3472,CUST104393,0.2303,Low,Slow support resolution,Priority callback from support lead,Basic,Annual,16,197.68
3473,CUST104602,0.2302,Low,Low satisfaction score; Month-to-month contract (no lock-in); New customer (tenure <= 6 months),Priority callback from support lead,Basic,Monthly,2,199.4
3474,CUST102735,0.2301,Low,Month-to-month contract (no lock-in),Offer annual-plan incentive,Standard,Monthly,25,391.13
3475,CUST103325,0.23,Low,Recent price increase; Month-to-month contract (no lock-in),Offer loyalty discount / plan review,Standard,Monthly,18,409.72
3476,CUST101620,0.23,Low,General elevated risk - manual review,Offer annual-plan incentive,Standard,Annual,7,412.77
3477,CUST100755,0.2299,Low,Frequent support contacts,Priority callback from support lead,Premium,Annual,13,731.86
3478,CUST102242,0.2299,Low,New customer (tenure <= 6 months),Offer annual-plan incentive,Basic,Annual,2,204.77
3479,CUST100588,0.2298,Low,Frequent support contacts; Repeated late payments; Recent price increase,Offer loyalty discount / plan review,Basic,Annual,35,210.09
3480,CUST103103,0.2298,Low,Month-to-month contract (no lock-in),Offer annual-plan incentive,Standard,Monthly,18,430.28
3481,CUST104574,0.2297,Low,Month-to-month contract (no lock-in); New customer (tenure <= 6 months),Offer annual-plan incentive,Basic,Monthly,2,199.8
3482,CUST100362,0.2292,Low,Recent price increase; Month-to-month contract (no lock-in),Offer loyalty discount / plan review,Basic,Monthly,9,1249.8
3483,CUST103528,0.229,Low,Very low engagement (usage/logins); Frequent support contacts; Month-to-month contract (no lock-in),Priority callback from support lead,Basic,Monthly,56,218.82
3484,CUST104110,0.2289,Low,Month-to-month contract (no lock-in); New customer (tenure <= 6 months),Offer annual-plan incentive,Standard,Monthly,1,422.39
3485,CUST102749,0.2289,Low,Slow support resolution,Priority callback from support lead,Premium,Annual,40,690.77
3486,CUST100814,0.2284,Low,Low satisfaction score; New customer (tenure <= 6 months),Priority callback from support lead,Basic,Annual,4,198.65
3487,CUST102262,0.2283,Low,Usage dropped sharply over 3 months; Recent price increase,Offer loyalty discount / plan review,Premium,Annual,31,620.64
3488,CUST102782,0.2281,Low,Slow support resolution; Repeated late payments; Recent price increase,Offer loyalty discount / plan review,Basic,Annual,30,205.25
3489,CUST102625,0.228,Low,Month-to-month contract (no lock-in),Offer annual-plan incentive,Premium,Monthly,14,731.03
3490,CUST104585,0.2277,Low,Month-to-month contract (no lock-in),Offer annual-plan incentive,Standard,Monthly,33,378.18
3491,CUST100941,0.2275,Low,Month-to-month contract (no lock-in),Offer annual-plan incentive,Standard,Monthly,43,431.19
3492,CUST101809,0.2275,Low,Recent price increase; Month-to-month contract (no lock-in); New customer (tenure <= 6 months),Offer loyalty discount / plan review,Premium,Monthly,2,735.28
3493,CUST101694,0.2272,Low,General elevated risk - manual review,Offer annual-plan incentive,Standard,Annual,10,416.65
3494,CUST104009,0.227,Low,Usage dropped sharply over 3 months; New customer (tenure <= 6 months),Send re-engagement campaign / feature tips,Basic,Annual,3,192.56
3495,CUST103235,0.2268,Low,Recent price increase; Month-to-month contract (no lock-in); New customer (tenure <= 6 months),Offer loyalty discount / plan review,Basic,Monthly,5,1199.82
3496,CUST104536,0.2265,Low,General elevated risk - manual review,Offer annual-plan incentive,Basic,Annual,8,185.09
3497,CUST104427,0.2261,Low,Slow support resolution; Recent price increase; New customer (tenure <= 6 months),Offer loyalty discount / plan review,Standard,Annual,1,419.23
3498,CUST102575,0.2259,Low,Slow support resolution; Month-to-month contract (no lock-in),Priority callback from support lead,Basic,Monthly,58,190.51
3499,CUST104005,0.2258,Low,Usage dropped sharply over 3 months; Month-to-month contract (no lock-in),Send re-engagement campaign / feature tips,Basic,Monthly,29,222.61
3500,CUST103461,0.2257,Low,Slow support resolution; Month-to-month contract (no lock-in),Priority callback from support lead,Basic,Monthly,42,187.21
3501,CUST100004,0.2252,Low,Recent price increase,Offer loyalty discount / plan review,Standard,Annual,29,368.16
3502,CUST103655,0.2251,Low,Frequent support contacts; Month-to-month contract (no lock-in),Priority callback from support lead,Basic,Monthly,47,209.76
3503,CUST102114,0.2251,Low,Month-to-month contract (no lock-in); New customer (tenure <= 6 months),Offer annual-plan incentive,Basic,Monthly,1,191.61
3504,CUST103163,0.225,Low,Month-to-month contract (no lock-in),Offer annual-plan incentive,Standard,Monthly,13,388.12
3505,CUST101340,0.225,Low,Repeated late payments; Recent price increase,Offer loyalty discount / plan review,Premium,Annual,16,670.63
3506,CUST103559,0.2248,Low,Low satisfaction score; Recent price increase,Offer loyalty discount / plan review,Premium,Annual,24,727.28
3507,CUST104547,0.2244,Low,Frequent support contacts; Month-to-month contract (no lock-in); New customer (tenure <= 6 months),Priority callback from support lead,Standard,Monthly,1,385.76
3508,CUST101856,0.2243,Low,Month-to-month contract (no lock-in),Offer annual-plan incentive,Standard,Monthly,17,399.49
3509,CUST100159,0.2242,Low,Usage dropped sharply over 3 months; Month-to-month contract (no lock-in); New customer (tenure <= 6 months),Send re-engagement campaign / feature tips,Premium,Monthly,4,735.57
3510,CUST101744,0.2237,Low,Month-to-month contract (no lock-in),Offer annual-plan incentive,Standard,Monthly,37,399.54
3511,CUST100413,0.2234,Low,Slow support resolution; Month-to-month contract (no lock-in),Priority callback from support lead,Standard,Monthly,20,460.31
3512,CUST104044,0.2233,Low,Month-to-month contract (no lock-in),Offer annual-plan incentive,Standard,Monthly,14,364.0
3513,CUST101219,0.2229,Low,Recent price increase; New customer (tenure <= 6 months),Offer loyalty discount / plan review,Standard,Annual,5,413.01
3514,CUST101508,0.2227,Low,Recent price increase; Month-to-month contract (no lock-in); New customer (tenure <= 6 months),Offer loyalty discount / plan review,Basic,Monthly,2,1195.62
3515,CUST102119,0.2227,Low,Frequent support contacts; Month-to-month contract (no lock-in),Priority callback from support lead,Basic,Monthly,72,194.88
3516,CUST101880,0.2226,Low,Month-to-month contract (no lock-in),Offer annual-plan incentive,Basic,Monthly,7,189.73
3517,CUST100997,0.2225,Low,Slow support resolution; Month-to-month contract (no lock-in),Priority callback from support lead,Premium,Monthly,30,709.26
3518,CUST104372,0.2223,Low,Slow support resolution; Month-to-month contract (no lock-in); New customer (tenure <= 6 months),Priority callback from support lead,Basic,Monthly,1,195.76
3519,CUST104664,0.2219,Low,Very low engagement (usage/logins); Repeated late payments; Recent price increase,Offer loyalty discount / plan review,Basic,Annual,38,193.57
3520,CUST104985,0.2215,Low,Frequent support contacts; Slow support resolution,Priority callback from support lead,Standard,Annual,49,415.26
3521,CUST101222,0.2214,Low,Month-to-month contract (no lock-in); New customer (tenure <= 6 months),Offer annual-plan incentive,Basic,Monthly,1,194.45
3522,CUST104709,0.2212,Low,Month-to-month contract (no lock-in),Offer annual-plan incentive,Standard,Monthly,51,391.13
3523,CUST101761,0.2211,Low,New customer (tenure <= 6 months),Offer annual-plan incentive,Standard,Annual,6,437.7
3524,CUST102767,0.2211,Low,New customer (tenure <= 6 months),Offer annual-plan incentive,Premium,Annual,2,763.21
3525,CUST100135,0.2211,Low,Usage dropped sharply over 3 months; Slow support resolution; Recent price increase,Offer loyalty discount / plan review,Standard,Annual,16,370.5
3526,CUST103459,0.2209,Low,Low satisfaction score; Month-to-month contract (no lock-in),Priority callback from support lead,Basic,Monthly,45,197.86
3527,CUST102374,0.2206,Low,Recent price increase,Offer loyalty discount / plan review,Basic,Annual,7,194.99
3528,CUST104524,0.2205,Low,New customer (tenure <= 6 months),Offer annual-plan incentive,Standard,Annual,6,386.18
3529,CUST104917,0.2202,Low,Usage dropped sharply over 3 months; Month-to-month contract (no lock-in),Send re-engagement campaign / feature tips,Basic,Monthly,11,225.98
3530,CUST103427,0.2198,Low,Month-to-month contract (no lock-in),Offer annual-plan incentive,Basic,Monthly,15,201.01
3531,CUST103943,0.2194,Low,General elevated risk - manual review,Offer annual-plan incentive,Basic,Annual,12,198.4
3532,CUST102960,0.2193,Low,Month-to-month contract (no lock-in); New customer (tenure <= 6 months),Offer annual-plan incentive,Standard,Monthly,1,400.87
3533,CUST104389,0.2192,Low,Slow support resolution; Low satisfaction score,Priority callback from support lead,Basic,Annual,15,200.74
3534,CUST100803,0.2192,Low,Very low engagement (usage/logins); Month-to-month contract (no lock-in),Send re-engagement campaign / feature tips,Standard,Monthly,9,380.1
3535,CUST102399,0.2191,Low,Usage dropped sharply over 3 months; Slow support resolution; Recent price increase; Month-to-month contract (no lock-in),Offer loyalty discount / plan review,Standard,Monthly,51,389.99
3536,CUST101148,0.2189,Low,Repeated late payments; Recent price increase; Month-to-month contract (no lock-in),Offer loyalty discount / plan review,Premium,Monthly,47,699.01
3537,CUST100289,0.2187,Low,Month-to-month contract (no lock-in); New customer (tenure <= 6 months),Offer annual-plan incentive,Premium,Monthly,1,707.52
3538,CUST101984,0.2186,Low,General elevated risk - manual review,Offer annual-plan incentive,Standard,Annual,34,438.77
3539,CUST100042,0.2186,Low,Recent price increase,Offer loyalty discount / plan review,Basic,Annual,17,209.22
3540,CUST101124,0.2185,Low,General elevated risk - manual review,Offer annual-plan incentive,Basic,Annual,32,204.04
3541,CUST101773,0.2184,Low,Slow support resolution,Priority callback from support lead,Basic,Annual,36,198.24
3542,CUST104215,0.2184,Low,Month-to-month contract (no lock-in),Offer annual-plan incentive,Standard,Monthly,30,422.67
3543,CUST102888,0.2181,Low,General elevated risk - manual review,Offer annual-plan incentive,Basic,Annual,10,195.03
3544,CUST104480,0.218,Low,Month-to-month contract (no lock-in),Offer annual-plan incentive,Premium,Monthly,12,662.97
3545,CUST100417,0.218,Low,Recent price increase; Month-to-month contract (no lock-in); New customer (tenure <= 6 months),Offer loyalty discount / plan review,Standard,Monthly,4,409.73
3546,CUST104933,0.218,Low,Month-to-month contract (no lock-in),Offer annual-plan incentive,Premium,Monthly,40,726.82
3547,CUST101950,0.2179,Low,Month-to-month contract (no lock-in),Offer annual-plan incentive,Basic,Monthly,18,204.38
3548,CUST101750,0.2179,Low,Frequent support contacts; New customer (tenure <= 6 months),Priority callback from support lead,Standard,Annual,1,399.0
3549,CUST101206,0.2178,Low,Usage dropped sharply over 3 months,Send re-engagement campaign / feature tips,Standard,Annual,12,389.65
3550,CUST102675,0.2178,Low,Low satisfaction score,Priority callback from support lead,Premium,Annual,20,721.62
3551,CUST102479,0.2175,Low,General elevated risk - manual review,Offer annual-plan incentive,Standard,Annual,7,407.01
3552,CUST102861,0.2172,Low,Slow support resolution,Priority callback from support lead,Premium,Annual,10,707.28
3553,CUST103846,0.2171,Low,Month-to-month contract (no lock-in),Offer annual-plan incentive,Standard,Monthly,23,363.71
3554,CUST103734,0.2167,Low,Month-to-month contract (no lock-in),Offer annual-plan incentive,Standard,Monthly,50,420.29
3555,CUST100583,0.2167,Low,Usage dropped sharply over 3 months; Recent price increase,Offer loyalty discount / plan review,Standard,Annual,31,377.42
3556,CUST102780,0.2166,Low,Month-to-month contract (no lock-in),Offer annual-plan incentive,Standard,Monthly,25,395.51
3557,CUST100462,0.2165,Low,Usage dropped sharply over 3 months; Recent price increase; Month-to-month contract (no lock-in),Offer loyalty discount / plan review,Basic,Monthly,46,190.91
3558,CUST103388,0.2165,Low,General elevated risk - manual review,Offer annual-plan incentive,Premium,Annual,11,695.7
3559,CUST104450,0.2164,Low,Month-to-month contract (no lock-in); New customer (tenure <= 6 months),Offer annual-plan incentive,Standard,Monthly,1,371.48
3560,CUST102676,0.2163,Low,Usage dropped sharply over 3 months,Send re-engagement campaign / feature tips,Basic,Annual,25,196.29
3561,CUST102644,0.2161,Low,Slow support resolution; New customer (tenure <= 6 months),Priority callback from support lead,Basic,Annual,4,199.63
3562,CUST100555,0.216,Low,General elevated risk - manual review,Offer annual-plan incentive,Premium,Annual,45,687.68
3563,CUST102005,0.216,Low,Repeated late payments; Month-to-month contract (no lock-in),Offer flexible payment / autopay setup,Basic,Monthly,23,207.08
3564,CUST100495,0.216,Low,Recent price increase; Month-to-month contract (no lock-in),Offer loyalty discount / plan review,Premium,Monthly,28,686.27
3565,CUST104738,0.2159,Low,Month-to-month contract (no lock-in),Offer annual-plan incentive,Basic,Monthly,25,200.85
3566,CUST101847,0.2158,Low,Month-to-month contract (no lock-in),Offer annual-plan incentive,Basic,Monthly,38,192.11
3567,CUST100255,0.2157,Low,Frequent support contacts; Slow support resolution,Priority callback from support lead,Premium,Annual,17,725.41
3568,CUST102354,0.2155,Low,Frequent support contacts; Month-to-month contract (no lock-in),Priority callback from support lead,Standard,Monthly,70,372.52
3569,CUST103965,0.2155,Low,Month-to-month contract (no lock-in),Offer annual-plan incentive,Standard,Monthly,64,403.92
3570,CUST104687,0.2154,Low,Month-to-month contract (no lock-in),Offer annual-plan incentive,Basic,Monthly,22,177.19
3571,CUST100995,0.2152,Low,Slow support resolution; Month-to-month contract (no lock-in),Priority callback from support lead,Basic,Monthly,72,203.32
3572,CUST103194,0.2152,Low,Low satisfaction score; Recent price increase; Month-to-month contract (no lock-in),Offer loyalty discount / plan review,Standard,Monthly,72,374.28
3573,CUST100714,0.2151,Low,Usage dropped sharply over 3 months; New customer (tenure <= 6 months),Send re-engagement campaign / feature tips,Standard,Annual,5,400.75
3574,CUST102665,0.2151,Low,Slow support resolution; Recent price increase; Month-to-month contract (no lock-in),Offer loyalty discount / plan review,Basic,Monthly,7,188.87
3575,CUST100097,0.2147,Low,Repeated late payments; New customer (tenure <= 6 months),Offer flexible payment / autopay setup,Basic,Annual,5,207.5
3576,CUST101515,0.2147,Low,Month-to-month contract (no lock-in); New customer (tenure <= 6 months),Offer annual-plan incentive,Premium,Monthly,1,678.84
3577,CUST101321,0.2144,Low,Month-to-month contract (no lock-in),Offer annual-plan incentive,Basic,Monthly,13,194.06
3578,CUST100079,0.2144,Low,Low satisfaction score; Month-to-month contract (no lock-in),Priority callback from support lead,Basic,Monthly,9,182.63
3579,CUST103239,0.2143,Low,Usage dropped sharply over 3 months; Recent price increase; Month-to-month contract (no lock-in),Offer loyalty discount / plan review,Standard,Monthly,50,386.64
3580,CUST100363,0.2142,Low,Usage dropped sharply over 3 months,Send re-engagement campaign / feature tips,Basic,Annual,10,203.24
3581,CUST101420,0.214,Low,Usage dropped sharply over 3 months; Month-to-month contract (no lock-in),Send re-engagement campaign / feature tips,Standard,Monthly,42,364.86
3582,CUST101859,0.2138,Low,Month-to-month contract (no lock-in),Offer annual-plan incentive,Premium,Monthly,11,711.56
3583,CUST102215,0.2137,Low,Month-to-month contract (no lock-in),Offer annual-plan incentive,Premium,Monthly,11,671.03
3584,CUST102936,0.2135,Low,Recent price increase; Month-to-month contract (no lock-in); New customer (tenure <= 6 months),Offer loyalty discount / plan review,Basic,Monthly,1,197.81
3585,CUST101364,0.2132,Low,Month-to-month contract (no lock-in),Offer annual-plan incentive,Premium,Monthly,37,674.19
3586,CUST100936,0.2131,Low,Month-to-month contract (no lock-in),Offer annual-plan incentive,Standard,Monthly,26,392.02
3587,CUST100272,0.2131,Low,Usage dropped sharply over 3 months; Month-to-month contract (no lock-in),Send re-engagement campaign / feature tips,Standard,Monthly,43,420.83
3588,CUST100329,0.2129,Low,General elevated risk - manual review,Offer annual-plan incentive,Basic,Annual,34,201.53
3589,CUST104330,0.2128,Low,Usage dropped sharply over 3 months,Send re-engagement campaign / feature tips,Basic,Annual,29,195.56
3590,CUST104239,0.2126,Low,Month-to-month contract (no lock-in),Offer annual-plan incentive,Premium,Monthly,34,686.84
3591,CUST102030,0.2121,Low,Repeated late payments,Offer flexible payment / autopay setup,Basic,Annual,12,204.05
3592,CUST102952,0.2118,Low,Slow support resolution; Month-to-month contract (no lock-in),Priority callback from support lead,Basic,Monthly,24,198.7
3593,CUST101077,0.2109,Low,Slow support resolution; Month-to-month contract (no lock-in),Priority callback from support lead,Basic,Monthly,46,189.66
3594,CUST101371,0.2103,Low,Repeated late payments; New customer (tenure <= 6 months),Offer flexible payment / autopay setup,Standard,Annual,3,426.54
3595,CUST104966,0.21,Low,General elevated risk - manual review,Offer annual-plan incentive,Basic,Annual,21,200.41
3596,CUST102409,0.2099,Low,Recent price increase,Offer loyalty discount / plan review,Standard,Annual,11,375.76
3597,CUST100315,0.2097,Low,General elevated risk - manual review,Offer annual-plan incentive,Basic,Annual,36,213.01
3598,CUST100652,0.2097,Low,General elevated risk - manual review,Offer annual-plan incentive,Basic,Annual,15,200.31
3599,CUST102200,0.2095,Low,Month-to-month contract (no lock-in),Offer annual-plan incentive,Standard,Monthly,23,370.93
3600,CUST100877,0.2093,Low,General elevated risk - manual review,Offer annual-plan incentive,Standard,Annual,17,356.37
3601,CUST103869,0.2092,Low,New customer (tenure <= 6 months),Offer annual-plan incentive,Standard,Annual,3,414.21
3602,CUST102078,0.2089,Low,Low satisfaction score; Repeated late payments,Priority callback from support lead,Premium,Annual,13,693.21
3603,CUST101993,0.2089,Low,Frequent support contacts,Priority callback from support lead,Basic,Annual,24,193.34
3604,CUST104940,0.2086,Low,General elevated risk - manual review,Offer annual-plan incentive,Basic,Annual,23,199.75
3605,CUST101799,0.2085,Low,Slow support resolution; Month-to-month contract (no lock-in),Priority callback from support lead,Basic,Monthly,47,195.23
3606,CUST102512,0.2084,Low,Recent price increase; Month-to-month contract (no lock-in),Offer loyalty discount / plan review,Premium,Monthly,38,613.77
3607,CUST102555,0.2084,Low,Month-to-month contract (no lock-in); New customer (tenure <= 6 months),Offer annual-plan incentive,Premium,Monthly,6,672.9
3608,CUST103667,0.2083,Low,Repeated late payments; Month-to-month contract (no lock-in),Offer flexible payment / autopay setup,Premium,Monthly,62,654.64
3609,CUST101746,0.2083,Low,Low satisfaction score,Priority callback from support lead,Standard,Annual,8,423.59
3610,CUST100782,0.2081,Low,General elevated risk - manual review,Offer annual-plan incentive,Premium,Annual,9,655.7
3611,CUST101834,0.2078,Low,Month-to-month contract (no lock-in); New customer (tenure <= 6 months),Offer annual-plan incentive,Basic,Monthly,2,209.3
3612,CUST101102,0.2072,Low,Recent price increase,Offer loyalty discount / plan review,Premium,Annual,43,666.76
3613,CUST101999,0.2067,Low,Usage dropped sharply over 3 months; Slow support resolution; Month-to-month contract (no lock-in),Priority callback from support lead,Basic,Monthly,55,181.99
3614,CUST101513,0.2066,Low,Very low engagement (usage/logins); Month-to-month contract (no lock-in); New customer (tenure <= 6 months),Send re-engagement campaign / feature tips,Standard,Monthly,3,362.93
3615,CUST102529,0.2063,Low,Usage dropped sharply over 3 months,Send re-engagement campaign / feature tips,Basic,Annual,16,193.68
3616,CUST101605,0.2063,Low,Slow support resolution,Priority callback from support lead,Premium,Annual,12,665.43
3617,CUST101172,0.2062,Low,Frequent support contacts; Low satisfaction score; Month-to-month contract (no lock-in),Priority callback from support lead,Standard,Monthly,72,368.39
3618,CUST101120,0.2059,Low,Month-to-month contract (no lock-in),Offer annual-plan incentive,Premium,Monthly,19,727.61
3619,CUST102024,0.2058,Low,Repeated late payments; Month-to-month contract (no lock-in),Offer flexible payment / autopay setup,Premium,Monthly,36,680.1
3620,CUST103426,0.2057,Low,New customer (tenure <= 6 months),Offer annual-plan incentive,Premium,Annual,1,739.55
3621,CUST100757,0.2053,Low,Usage dropped sharply over 3 months,Send re-engagement campaign / feature tips,Standard,Annual,8,431.01
3622,CUST104844,0.2053,Low,New customer (tenure <= 6 months),Offer annual-plan incentive,Standard,Annual,4,443.7
3623,CUST103602,0.205,Low,Month-to-month contract (no lock-in),Offer annual-plan incentive,Premium,Monthly,9,761.73
3624,CUST101418,0.2048,Low,Repeated late payments; Month-to-month contract (no lock-in); New customer (tenure <= 6 months),Offer flexible payment / autopay setup,Basic,Monthly,6,196.62
3625,CUST104668,0.2046,Low,Frequent support contacts,Priority callback from support lead,Standard,Annual,20,438.36
3626,CUST103519,0.2046,Low,Month-to-month contract (no lock-in); New customer (tenure <= 6 months),Offer annual-plan incentive,Basic,Monthly,6,201.3
3627,CUST102245,0.2044,Low,Month-to-month contract (no lock-in),Offer annual-plan incentive,Premium,Monthly,10,642.14
3628,CUST100804,0.2043,Low,General elevated risk - manual review,Offer annual-plan incentive,Premium,Annual,24,691.11
3629,CUST101450,0.2042,Low,Frequent support contacts; Slow support resolution; Month-to-month contract (no lock-in),Priority callback from support lead,Standard,Monthly,54,365.27
3630,CUST103580,0.2042,Low,Slow support resolution; Month-to-month contract (no lock-in); New customer (tenure <= 6 months),Priority callback from support lead,Standard,Monthly,4,421.74
3631,CUST102076,0.2041,Low,Repeated late payments; Month-to-month contract (no lock-in),Offer flexible payment / autopay setup,Basic,Monthly,24,197.28
3632,CUST102447,0.2041,Low,Slow support resolution; Recent price increase; New customer (tenure <= 6 months),Offer loyalty discount / plan review,Basic,Annual,3,179.18
3633,CUST104348,0.204,Low,General elevated risk - manual review,Offer annual-plan incentive,Basic,Annual,18,210.28
3634,CUST100702,0.2037,Low,Usage dropped sharply over 3 months; Month-to-month contract (no lock-in),Send re-engagement campaign / feature tips,Standard,Monthly,39,409.69
3635,CUST100451,0.2035,Low,Slow support resolution; Month-to-month contract (no lock-in),Priority callback from support lead,Basic,Monthly,14,205.59
3636,CUST103816,0.2032,Low,Month-to-month contract (no lock-in),Offer annual-plan incentive,Premium,Monthly,12,679.13
3637,CUST104499,0.2032,Low,Month-to-month contract (no lock-in),Offer annual-plan incentive,Standard,Monthly,9,399.99
3638,CUST103801,0.2031,Low,Slow support resolution; Low satisfaction score; Month-to-month contract (no lock-in),Priority callback from support lead,Premium,Monthly,38,729.72
3639,CUST101767,0.203,Low,Month-to-month contract (no lock-in); New customer (tenure <= 6 months),Offer annual-plan incentive,Basic,Monthly,1,196.39
3640,CUST101858,0.203,Low,Recent price increase; Month-to-month contract (no lock-in),Offer loyalty discount / plan review,Premium,Monthly,29,689.62
3641,CUST102537,0.203,Low,Usage dropped sharply over 3 months; Month-to-month contract (no lock-in); New customer (tenure <= 6 months),Send re-engagement campaign / feature tips,Basic,Monthly,1,205.93
3642,CUST100236,0.2029,Low,Slow support resolution; Recent price increase,Offer loyalty discount / plan review,Basic,Annual,31,206.46
3643,CUST102877,0.2029,Low,Month-to-month contract (no lock-in),Offer annual-plan incentive,Premium,Monthly,36,677.17
3644,CUST104509,0.2028,Low,Usage dropped sharply over 3 months,Send re-engagement campaign / feature tips,Standard,Annual,63,367.48
3645,CUST100070,0.2028,Low,New customer (tenure <= 6 months),Offer annual-plan incentive,Basic,Annual,4,195.64
3646,CUST103343,0.2028,Low,Month-to-month contract (no lock-in),Offer annual-plan incentive,Standard,Monthly,36,361.67
3647,CUST100895,0.2027,Low,Slow support resolution; Month-to-month contract (no lock-in),Priority callback from support lead,Basic,Monthly,19,216.15
3648,CUST103187,0.2026,Low,Frequent support contacts,Priority callback from support lead,Basic,Annual,8,190.1
3649,CUST102053,0.2024,Low,Usage dropped sharply over 3 months; Month-to-month contract (no lock-in); New customer (tenure <= 6 months),Send re-engagement campaign / feature tips,Basic,Monthly,2,214.14
3650,CUST104852,0.2022,Low,Month-to-month contract (no lock-in),Offer annual-plan incentive,Standard,Monthly,23,371.06
3651,CUST102583,0.2021,Low,New customer (tenure <= 6 months),Offer annual-plan incentive,Premium,Annual,5,749.44
3652,CUST101921,0.2021,Low,Slow support resolution; Month-to-month contract (no lock-in),Priority callback from support lead,Basic,Monthly,11,218.5
3653,CUST103372,0.202,Low,General elevated risk - manual review,Offer annual-plan incentive,Premium,Annual,16,642.06
3654,CUST103521,0.2019,Low,Recent price increase,Offer loyalty discount / plan review,Standard,Annual,14,422.8
3655,CUST101585,0.2018,Low,General elevated risk - manual review,Offer annual-plan incentive,Basic,Annual,19,219.83
3656,CUST102777,0.2018,Low,Month-to-month contract (no lock-in),Offer annual-plan incentive,Standard,Monthly,45,399.44
3657,CUST103539,0.2013,Low,Recent price increase,Offer loyalty discount / plan review,Standard,Annual,24,389.61
3658,CUST103482,0.2012,Low,Month-to-month contract (no lock-in); New customer (tenure <= 6 months),Offer annual-plan incentive,Standard,Monthly,3,395.5
3659,CUST100832,0.2011,Low,Month-to-month contract (no lock-in); New customer (tenure <= 6 months),Offer annual-plan incentive,Basic,Monthly,3,213.32
3660,CUST103895,0.201,Low,New customer (tenure <= 6 months),Offer annual-plan incentive,Standard,Annual,5,430.55
3661,CUST100230,0.2007,Low,Repeated late payments; Month-to-month contract (no lock-in),Offer flexible payment / autopay setup,Standard,Monthly,14,400.82
3662,CUST103621,0.2004,Low,Month-to-month contract (no lock-in),Offer annual-plan incentive,Basic,Monthly,34,211.25
3663,CUST102591,0.2002,Low,Usage dropped sharply over 3 months; Month-to-month contract (no lock-in),Send re-engagement campaign / feature tips,Premium,Monthly,30,630.53
3664,CUST101821,0.2001,Low,Very low engagement (usage/logins); Month-to-month contract (no lock-in),Send re-engagement campaign / feature tips,Basic,Monthly,33,195.25
3665,CUST101972,0.2,Low,Month-to-month contract (no lock-in),Offer annual-plan incentive,Basic,Monthly,26,194.47
3666,CUST100011,0.1998,Low,General elevated risk - manual review,Offer annual-plan incentive,Standard,Annual,16,407.19
3667,CUST100398,0.1997,Low,General elevated risk - manual review,Offer annual-plan incentive,Standard,Annual,14,407.76
3668,CUST101640,0.1996,Low,Usage dropped sharply over 3 months,Send re-engagement campaign / feature tips,Standard,Annual,24,393.45
3669,CUST101571,0.1993,Low,Repeated late payments,Offer flexible payment / autopay setup,Standard,Annual,14,401.77
3670,CUST100334,0.1993,Low,General elevated risk - manual review,Offer annual-plan incentive,Premium,Annual,10,719.85
3671,CUST103480,0.1992,Low,Usage dropped sharply over 3 months; Recent price increase; New customer (tenure <= 6 months),Offer loyalty discount / plan review,Basic,Annual,5,191.46
3672,CUST104728,0.1991,Low,Month-to-month contract (no lock-in); New customer (tenure <= 6 months),Offer annual-plan incentive,Standard,Monthly,2,410.79
3673,CUST101936,0.1989,Low,Usage dropped sharply over 3 months; Slow support resolution,Priority callback from support lead,Premium,Annual,15,700.59
3674,CUST102823,0.1988,Low,General elevated risk - manual review,Offer annual-plan incentive,Standard,Annual,55,420.9
3675,CUST102973,0.1988,Low,Month-to-month contract (no lock-in),Offer annual-plan incentive,Basic,Monthly,7,204.55
3676,CUST102280,0.1986,Low,Month-to-month contract (no lock-in),Offer annual-plan incentive,Standard,Monthly,56,377.76
3677,CUST102866,0.1985,Low,Month-to-month contract (no lock-in); New customer (tenure <= 6 months),Offer annual-plan incentive,Basic,Monthly,5,196.1
3678,CUST102944,0.1985,Low,Slow support resolution; Month-to-month contract (no lock-in),Priority callback from support lead,Standard,Monthly,17,382.17
3679,CUST100694,0.198,Low,Frequent support contacts,Priority callback from support lead,Standard,Annual,34,429.11
3680,CUST101925,0.1979,Low,Frequent support contacts; Month-to-month contract (no lock-in); New customer (tenure <= 6 months),Priority callback from support lead,Basic,Monthly,6,186.8
3681,CUST100580,0.1979,Low,Slow support resolution,Priority callback from support lead,Premium,Annual,15,656.0
3682,CUST104391,0.1977,Low,New customer (tenure <= 6 months),Offer annual-plan incentive,Basic,Annual,3,206.0
3683,CUST102746,0.1977,Low,Recent price increase; Month-to-month contract (no lock-in); New customer (tenure <= 6 months),Offer loyalty discount / plan review,Basic,Monthly,1,205.15
3684,CUST103504,0.1977,Low,General elevated risk - manual review,Offer annual-plan incentive,Basic,Annual,11,193.08
3685,CUST102059,0.1975,Low,Frequent support contacts; New customer (tenure <= 6 months),Priority callback from support lead,Standard,Annual,4,433.53
3686,CUST103138,0.197,Low,Month-to-month contract (no lock-in); New customer (tenure <= 6 months),Offer annual-plan incentive,Standard,Monthly,1,364.07
3687,CUST103568,0.1969,Low,Slow support resolution; Month-to-month contract (no lock-in),Priority callback from support lead,Basic,Monthly,7,191.51
3688,CUST101310,0.1969,Low,General elevated risk - manual review,Offer annual-plan incentive,Basic,Annual,18,192.22
3689,CUST104114,0.1969,Low,Usage dropped sharply over 3 months; Month-to-month contract (no lock-in),Send re-engagement campaign / feature tips,Basic,Monthly,35,196.09
3690,CUST104963,0.1966,Low,General elevated risk - manual review,Offer annual-plan incentive,Premium,Annual,31,683.94
3691,CUST100350,0.196,Low,General elevated risk - manual review,Offer annual-plan incentive,Basic,Annual,19,196.15
3692,CUST104463,0.196,Low,Month-to-month contract (no lock-in),Offer annual-plan incentive,Basic,Monthly,53,188.33
3693,CUST103311,0.196,Low,Repeated late payments,Offer flexible payment / autopay setup,Standard,Annual,27,406.01
3694,CUST102361,0.196,Low,Month-to-month contract (no lock-in); New customer (tenure <= 6 months),Offer annual-plan incentive,Basic,Monthly,3,198.2
3695,CUST103383,0.1955,Low,Recent price increase; New customer (tenure <= 6 months),Offer loyalty discount / plan review,Standard,Annual,3,398.73
3696,CUST102887,0.1955,Low,Slow support resolution,Priority callback from support lead,Basic,Annual,16,205.08
3697,CUST104540,0.195,Low,Usage dropped sharply over 3 months; Recent price increase,Offer loyalty discount / plan review,Premium,Annual,11,704.43
3698,CUST101033,0.1948,Low,Month-to-month contract (no lock-in),Offer annual-plan incentive,Standard,Monthly,37,369.12
3699,CUST104051,0.1947,Low,Recent price increase; Month-to-month contract (no lock-in),Offer loyalty discount / plan review,Basic,Monthly,29,180.42
3700,CUST102931,0.194,Low,Frequent support contacts; Recent price increase,Offer loyalty discount / plan review,Premium,Annual,37,653.94
3701,CUST102935,0.1938,Low,Usage dropped sharply over 3 months; Month-to-month contract (no lock-in),Send re-engagement campaign / feature tips,Basic,Monthly,61,223.6
3702,CUST101732,0.1936,Low,Month-to-month contract (no lock-in),Offer annual-plan incentive,Standard,Monthly,72,418.3
3703,CUST101175,0.1934,Low,Month-to-month contract (no lock-in),Offer annual-plan incentive,Basic,Monthly,35,207.16
3704,CUST101329,0.1934,Low,Month-to-month contract (no lock-in); New customer (tenure <= 6 months),Offer annual-plan incentive,Standard,Monthly,4,424.0
3705,CUST101453,0.1932,Low,New customer (tenure <= 6 months),Offer annual-plan incentive,Premium,Annual,2,706.26
3706,CUST102345,0.1931,Low,Low satisfaction score; Repeated late payments; Recent price increase,Offer loyalty discount / plan review,Basic,Annual,30,198.89
3707,CUST100051,0.1929,Low,Very low engagement (usage/logins),Send re-engagement campaign / feature tips,Basic,Annual,10,197.3
3708,CUST104531,0.1929,Low,Recent price increase; Month-to-month contract (no lock-in),Offer loyalty discount / plan review,Standard,Monthly,72,427.81
3709,CUST104233,0.1929,Low,General elevated risk - manual review,Offer annual-plan incentive,Premium,Annual,7,674.31
3710,CUST100106,0.1928,Low,New customer (tenure <= 6 months),Offer annual-plan incentive,Standard,Annual,5,389.66
3711,CUST100382,0.1928,Low,Usage dropped sharply over 3 months,Send re-engagement campaign / feature tips,Premium,Annual,13,679.35
3712,CUST104267,0.1927,Low,Month-to-month contract (no lock-in); New customer (tenure <= 6 months),Offer annual-plan incentive,Basic,Monthly,5,192.81
3713,CUST101307,0.1926,Low,Usage dropped sharply over 3 months; Slow support resolution,Priority callback from support lead,Basic,Annual,29,178.57
3714,CUST100436,0.1926,Low,General elevated risk - manual review,Offer annual-plan incentive,Basic,Annual,29,192.41
3715,CUST102246,0.1926,Low,Repeated late payments; Recent price increase; Month-to-month contract (no lock-in),Offer loyalty discount / plan review,Basic,Monthly,72,221.96
3716,CUST101153,0.1926,Low,Month-to-month contract (no lock-in),Offer annual-plan incentive,Basic,Monthly,16,207.91
3717,CUST102983,0.1924,Low,Frequent support contacts; Low satisfaction score; Month-to-month contract (no lock-in),Priority callback from support lead,Basic,Monthly,16,195.46
3718,CUST101659,0.1923,Low,Frequent support contacts; Month-to-month contract (no lock-in),Priority callback from support lead,Standard,Monthly,47,394.51
3719,CUST104334,0.192,Low,Frequent support contacts; Slow support resolution,Priority callback from support lead,Premium,Annual,21,692.88
3720,CUST104978,0.1919,Low,Very low engagement (usage/logins); Slow support resolution; Recent price increase,Offer loyalty discount / plan review,Basic,Annual,24,204.73
3721,CUST102074,0.1919,Low,Slow support resolution,Priority callback from support lead,Premium,Annual,12,729.11
3722,CUST100241,0.1918,Low,Slow support resolution,Priority callback from support lead,Standard,Annual,20,395.37
3723,CUST100027,0.1917,Low,Month-to-month contract (no lock-in); New customer (tenure <= 6 months),Offer annual-plan incentive,Basic,Monthly,3,206.01
3724,CUST100850,0.1916,Low,Recent price increase; Month-to-month contract (no lock-in),Offer loyalty discount / plan review,Standard,Monthly,9,379.46
3725,CUST101136,0.1915,Low,General elevated risk - manual review,Offer annual-plan incentive,Basic,Annual,17,211.97
3726,CUST104533,0.1913,Low,General elevated risk - manual review,Offer annual-plan incentive,Standard,Annual,15,403.74
3727,CUST103744,0.1912,Low,Usage dropped sharply over 3 months,Send re-engagement campaign / feature tips,Basic,Annual,19,202.36
3728,CUST103509,0.1912,Low,Month-to-month contract (no lock-in),Offer annual-plan incentive,Basic,Monthly,29,196.9
3729,CUST101191,0.1912,Low,Low satisfaction score; New customer (tenure <= 6 months),Priority callback from support lead,Premium,Annual,2,684.93
3730,CUST103805,0.1911,Low,Low satisfaction score; Recent price increase; New customer (tenure <= 6 months),Offer loyalty discount / plan review,Premium,Annual,2,729.97
3731,CUST102275,0.1909,Low,Frequent support contacts,Priority callback from support lead,Basic,Annual,15,181.45
3732,CUST104760,0.1909,Low,Low satisfaction score; Repeated late payments,Priority callback from support lead,Basic,Annual,38,192.1
3733,CUST104742,0.1904,Low,Frequent support contacts; New customer (tenure <= 6 months),Priority callback from support lead,Premium,Annual,6,678.07
3734,CUST100052,0.1903,Low,Month-to-month contract (no lock-in),Offer annual-plan incentive,Premium,Monthly,36,744.24
3735,CUST101261,0.1903,Low,Month-to-month contract (no lock-in),Offer annual-plan incentive,Premium,Monthly,28,711.37
3736,CUST104501,0.1901,Low,Recent price increase; Month-to-month contract (no lock-in),Offer loyalty discount / plan review,Premium,Monthly,19,735.11
3737,CUST100916,0.1899,Low,Recent price increase,Offer loyalty discount / plan review,Basic,Annual,12,187.58
3738,CUST104399,0.1898,Low,Month-to-month contract (no lock-in),Offer annual-plan incentive,Basic,Monthly,47,191.46
3739,CUST104653,0.1895,Low,Frequent support contacts; Slow support resolution; Low satisfaction score,Priority callback from support lead,Basic,Annual,18,210.62
3740,CUST101063,0.1893,Low,Recent price increase; Month-to-month contract (no lock-in),Offer loyalty discount / plan review,Basic,Monthly,21,197.98
3741,CUST101961,0.1891,Low,New customer (tenure <= 6 months),Offer annual-plan incentive,Basic,Annual,5,196.03
3742,CUST104449,0.1891,Low,Recent price increase; Month-to-month contract (no lock-in),Offer loyalty discount / plan review,Premium,Monthly,27,679.27
3743,CUST100849,0.189,Low,Low satisfaction score,Priority callback from support lead,Basic,Annual,26,182.77
3744,CUST104023,0.189,Low,Low satisfaction score; Month-to-month contract (no lock-in),Priority callback from support lead,Standard,Monthly,58,397.75
3745,CUST102656,0.1889,Low,Month-to-month contract (no lock-in),Offer annual-plan incentive,Basic,Monthly,24,213.76
3746,CUST102740,0.1889,Low,General elevated risk - manual review,Offer annual-plan incentive,Premium,Annual,17,717.35
3747,CUST104120,0.1888,Low,Slow support resolution; Recent price increase; Month-to-month contract (no lock-in),Offer loyalty discount / plan review,Premium,Monthly,49,715.82
3748,CUST101781,0.1888,Low,General elevated risk - manual review,Offer annual-plan incentive,Standard,Annual,7,382.14
3749,CUST100507,0.1887,Low,General elevated risk - manual review,Offer annual-plan incentive,Standard,Annual,18,401.96
3750,CUST103409,0.1885,Low,Recent price increase; New customer (tenure <= 6 months),Offer loyalty discount / plan review,Premium,Annual,1,675.37
3751,CUST101089,0.1885,Low,Usage dropped sharply over 3 months; Very low engagement (usage/logins),Send re-engagement campaign / feature tips,Standard,Annual,11,429.84
3752,CUST102941,0.1882,Low,Usage dropped sharply over 3 months; Recent price increase; New customer (tenure <= 6 months),Offer loyalty discount / plan review,Premium,Annual,2,676.69
3753,CUST100554,0.1881,Low,General elevated risk - manual review,Offer annual-plan incentive,Basic,Annual,17,202.08
3754,CUST103546,0.1881,Low,Recent price increase,Offer loyalty discount / plan review,Premium,Annual,45,652.94
3755,CUST104117,0.1878,Low,Usage dropped sharply over 3 months; Slow support resolution; Recent price increase,Offer loyalty discount / plan review,Basic,Annual,14,185.56
3756,CUST102049,0.1878,Low,Slow support resolution,Priority callback from support lead,Standard,Annual,21,370.0
3757,CUST104022,0.1876,Low,Month-to-month contract (no lock-in),Offer annual-plan incentive,Standard,Monthly,11,404.38
3758,CUST103745,0.1875,Low,General elevated risk - manual review,Offer annual-plan incentive,Basic,Annual,13,195.36
3759,CUST104679,0.1875,Low,Month-to-month contract (no lock-in),Offer annual-plan incentive,Standard,Monthly,27,430.63
3760,CUST101343,0.1874,Low,Recent price increase; Month-to-month contract (no lock-in),Offer loyalty discount / plan review,Basic,Monthly,15,195.51
3761,CUST104811,0.1874,Low,Recent price increase; Month-to-month contract (no lock-in),Offer loyalty discount / plan review,Basic,Monthly,9,184.63
3762,CUST101104,0.1872,Low,Month-to-month contract (no lock-in),Offer annual-plan incentive,Basic,Monthly,34,200.91
3763,CUST103115,0.1871,Low,New customer (tenure <= 6 months),Offer annual-plan incentive,Standard,Annual,1,386.56
3764,CUST101738,0.1871,Low,Repeated late payments,Offer flexible payment / autopay setup,Premium,Annual,44,730.15
3765,CUST103305,0.187,Low,Month-to-month contract (no lock-in),Offer annual-plan incentive,Premium,Monthly,40,671.56
3766,CUST101311,0.187,Low,Recent price increase; Month-to-month contract (no lock-in),Offer loyalty discount / plan review,Premium,Monthly,26,716.84
3767,CUST104562,0.187,Low,General elevated risk - manual review,Offer annual-plan incentive,Basic,Annual,15,196.89
3768,CUST100893,0.187,Low,Slow support resolution; Recent price increase,Offer loyalty discount / plan review,Standard,Annual,16,399.44
3769,CUST103920,0.187,Low,Recent price increase; Month-to-month contract (no lock-in),Offer loyalty discount / plan review,Basic,Monthly,18,198.98
3770,CUST101157,0.1868,Low,Month-to-month contract (no lock-in),Offer annual-plan incentive,Standard,Monthly,50,397.72
3771,CUST100520,0.1866,Low,General elevated risk - manual review,Offer annual-plan incentive,Basic,Annual,23,193.81
3772,CUST100213,0.1865,Low,Frequent support contacts; Low satisfaction score; Recent price increase; Month-to-month contract (no lock-in),Offer loyalty discount / plan review,Basic,Monthly,50,199.16
3773,CUST100409,0.1861,Low,Low satisfaction score; Month-to-month contract (no lock-in),Priority callback from support lead,Premium,Monthly,50,699.68
3774,CUST104609,0.1861,Low,Repeated late payments,Offer flexible payment / autopay setup,Standard,Annual,8,384.15
3775,CUST104210,0.1859,Low,Low satisfaction score; Recent price increase,Offer loyalty discount / plan review,Standard,Annual,20,374.43
3776,CUST104119,0.1856,Low,General elevated risk - manual review,Offer annual-plan incentive,Standard,Annual,21,371.58
3777,CUST102818,0.1856,Low,Month-to-month contract (no lock-in),Offer annual-plan incentive,Standard,Monthly,12,383.76
3778,CUST100012,0.1856,Low,Month-to-month contract (no lock-in),Offer annual-plan incentive,Standard,Monthly,13,416.53
3779,CUST101509,0.1851,Low,Slow support resolution; Recent price increase; Month-to-month contract (no lock-in),Offer loyalty discount / plan review,Basic,Monthly,14,196.14
3780,CUST103669,0.1851,Low,Recent price increase,Offer loyalty discount / plan review,Standard,Annual,15,377.02
3781,CUST102446,0.185,Low,Repeated late payments; Recent price increase; Month-to-month contract (no lock-in); New customer (tenure <= 6 months),Offer loyalty discount / plan review,Standard,Monthly,1,402.09
3782,CUST101838,0.1849,Low,New customer (tenure <= 6 months),Offer annual-plan incentive,Basic,Annual,3,200.37
3783,CUST101777,0.1848,Low,New customer (tenure <= 6 months),Offer annual-plan incentive,Premium,Annual,2,769.87
3784,CUST101507,0.1847,Low,Month-to-month contract (no lock-in),Offer annual-plan incentive,Basic,Monthly,22,197.19
3785,CUST100490,0.1845,Low,New customer (tenure <= 6 months),Offer annual-plan incentive,Basic,Annual,6,190.25
3786,CUST103899,0.1843,Low,Usage dropped sharply over 3 months,Send re-engagement campaign / feature tips,Premium,Annual,15,672.41
3787,CUST102894,0.1843,Low,Slow support resolution; Month-to-month contract (no lock-in),Priority callback from support lead,Standard,Monthly,35,418.79
3788,CUST101873,0.1843,Low,New customer (tenure <= 6 months),Offer annual-plan incentive,Basic,Annual,5,200.33
3789,CUST102946,0.1841,Low,Repeated late payments; Recent price increase; Month-to-month contract (no lock-in),Offer loyalty discount / plan review,Standard,Monthly,7,401.82
3790,CUST104512,0.184,Low,New customer (tenure <= 6 months),Offer annual-plan incentive,Basic,Annual,2,195.15
3791,CUST101245,0.1839,Low,Month-to-month contract (no lock-in),Offer annual-plan incentive,Basic,Monthly,41,200.76
3792,CUST101606,0.1837,Low,General elevated risk - manual review,Offer annual-plan incentive,Basic,Annual,27,202.72
3793,CUST101300,0.1836,Low,Month-to-month contract (no lock-in),Offer annual-plan incentive,Standard,Monthly,12,392.58
3794,CUST100253,0.1835,Low,General elevated risk - manual review,Offer annual-plan incentive,Standard,Annual,18,399.67
3795,CUST100102,0.1835,Low,General elevated risk - manual review,Offer annual-plan incentive,Standard,Annual,32,387.19
3796,CUST103893,0.1834,Low,Month-to-month contract (no lock-in),Offer annual-plan incentive,Basic,Monthly,19,199.1
3797,CUST100104,0.1834,Low,Usage dropped sharply over 3 months,Send re-engagement campaign / feature tips,Basic,Annual,49,200.47
3798,CUST101445,0.1832,Low,Month-to-month contract (no lock-in),Offer annual-plan incentive,Basic,Monthly,22,188.27
3799,CUST100292,0.1831,Low,General elevated risk - manual review,Offer annual-plan incentive,Standard,Annual,20,401.56
3800,CUST103328,0.1831,Low,Frequent support contacts; Month-to-month contract (no lock-in); New customer (tenure <= 6 months),Priority callback from support lead,Basic,Monthly,6,187.43
3801,CUST102990,0.1829,Low,Month-to-month contract (no lock-in),Offer annual-plan incentive,Premium,Monthly,12,650.85
3802,CUST104829,0.1828,Low,Slow support resolution; Month-to-month contract (no lock-in),Priority callback from support lead,Premium,Monthly,47,664.86
3803,CUST101151,0.1826,Low,General elevated risk - manual review,Offer annual-plan incentive,Basic,Annual,8,199.25
3804,CUST104132,0.1821,Low,Month-to-month contract (no lock-in); New customer (tenure <= 6 months),Offer annual-plan incentive,Basic,Monthly,5,197.35
3805,CUST102739,0.1818,Low,General elevated risk - manual review,Offer annual-plan incentive,Premium,Annual,31,688.16
3806,CUST101830,0.1818,Low,Month-to-month contract (no lock-in); New customer (tenure <= 6 months),Offer annual-plan incentive,Premium,Monthly,3,690.65
3807,CUST102206,0.1817,Low,General elevated risk - manual review,Offer annual-plan incentive,Standard,Annual,24,411.22
3808,CUST101441,0.1816,Low,Month-to-month contract (no lock-in),Offer annual-plan incentive,Basic,Monthly,7,208.58
3809,CUST103105,0.1814,Low,Recent price increase; Month-to-month contract (no lock-in),Offer loyalty discount / plan review,Basic,Monthly,33,204.96
3810,CUST100874,0.1812,Low,Recent price increase,Offer loyalty discount / plan review,Standard,Annual,12,381.37
3811,CUST103285,0.1805,Low,Slow support resolution; New customer (tenure <= 6 months),Priority callback from support lead,Basic,Annual,2,216.65
3812,CUST102040,0.1805,Low,Month-to-month contract (no lock-in),Offer annual-plan incentive,Standard,Monthly,28,386.33
3813,CUST100107,0.1804,Low,Month-to-month contract (no lock-in); New customer (tenure <= 6 months),Offer annual-plan incentive,Basic,Monthly,2,187.17
3814,CUST102718,0.1804,Low,Month-to-month contract (no lock-in),Offer annual-plan incentive,Standard,Monthly,51,400.09
3815,CUST100858,0.1803,Low,General elevated risk - manual review,Offer annual-plan incentive,Premium,Annual,19,651.96
3816,CUST101023,0.1802,Low,General elevated risk - manual review,Offer annual-plan incentive,Standard,Annual,10,379.54
3817,CUST104371,0.1798,Low,Month-to-month contract (no lock-in),Offer annual-plan incentive,Basic,Monthly,12,202.51
3818,CUST100504,0.1798,Low,Month-to-month contract (no lock-in); New customer (tenure <= 6 months),Offer annual-plan incentive,Standard,Monthly,5,386.35
3819,CUST100978,0.1798,Low,General elevated risk - manual review,Offer annual-plan incentive,Premium,Annual,27,698.18
3820,CUST102893,0.1798,Low,Month-to-month contract (no lock-in); New customer (tenure <= 6 months),Offer annual-plan incentive,Basic,Monthly,1,210.8
3821,CUST102822,0.1796,Low,Month-to-month contract (no lock-in),Offer annual-plan incentive,Basic,Monthly,42,197.98
3822,CUST101517,0.1796,Low,Recent price increase,Offer loyalty discount / plan review,Basic,Annual,12,208.38
3823,CUST100397,0.1796,Low,General elevated risk - manual review,Offer annual-plan incentive,Basic,Annual,38,187.99
3824,CUST101226,0.1795,Low,Usage dropped sharply over 3 months; Recent price increase,Offer loyalty discount / plan review,Premium,Annual,9,674.93
3825,CUST104830,0.1795,Low,General elevated risk - manual review,Offer annual-plan incentive,Standard,Annual,20,384.48
3826,CUST102600,0.1795,Low,New customer (tenure <= 6 months),Offer annual-plan incentive,Basic,Annual,5,195.91
3827,CUST103636,0.1794,Low,Repeated late payments; Month-to-month contract (no lock-in),Offer flexible payment / autopay setup,Basic,Monthly,7,188.23
3828,CUST102281,0.1793,Low,General elevated risk - manual review,Offer annual-plan incentive,Standard,Annual,42,429.31
3829,CUST104367,0.1791,Low,Very low engagement (usage/logins); Slow support resolution,Priority callback from support lead,Basic,Annual,16,173.72
3830,CUST103214,0.1787,Low,Month-to-month contract (no lock-in),Offer annual-plan incentive,Standard,Monthly,29,427.86
3831,CUST103458,0.1786,Low,Slow support resolution; Month-to-month contract (no lock-in),Priority callback from support lead,Basic,Monthly,20,198.25
3832,CUST101065,0.1786,Low,New customer (tenure <= 6 months),Offer annual-plan incentive,Standard,Annual,5,394.75
3833,CUST102688,0.1784,Low,Month-to-month contract (no lock-in),Offer annual-plan incentive,Standard,Monthly,59,398.95
3834,CUST101448,0.1782,Low,General elevated risk - manual review,Offer annual-plan incentive,Basic,Annual,15,184.8
3835,CUST104054,0.1776,Low,Month-to-month contract (no lock-in); New customer (tenure <= 6 months),Offer annual-plan incentive,Basic,Monthly,1,195.93
3836,CUST103897,0.1776,Low,Low satisfaction score; Month-to-month contract (no lock-in),Priority callback from support lead,Basic,Monthly,18,224.43
3837,CUST101459,0.1773,Low,Slow support resolution; Month-to-month contract (no lock-in),Priority callback from support lead,Standard,Monthly,13,391.53
3838,CUST100615,0.1769,Low,Usage dropped sharply over 3 months; New customer (tenure <= 6 months),Send re-engagement campaign / feature tips,Basic,Annual,5,217.34
3839,CUST100592,0.1769,Low,Frequent support contacts; Low satisfaction score; New customer (tenure <= 6 months),Priority callback from support lead,Standard,Annual,1,363.73
3840,CUST103584,0.1769,Low,Repeated late payments; New customer (tenure <= 6 months),Offer flexible payment / autopay setup,Basic,Annual,6,212.43
3841,CUST101842,0.1769,Low,Recent price increase; Month-to-month contract (no lock-in),Offer loyalty discount / plan review,Premium,Monthly,36,635.01
3842,CUST101461,0.1763,Low,Slow support resolution; Recent price increase; New customer (tenure <= 6 months),Offer loyalty discount / plan review,Basic,Annual,3,203.46
3843,CUST101197,0.1762,Low,Usage dropped sharply over 3 months; Month-to-month contract (no lock-in),Send re-engagement campaign / feature tips,Basic,Monthly,72,216.68
3844,CUST103271,0.176,Low,General elevated risk - manual review,Offer annual-plan incentive,Basic,Annual,10,214.26
3845,CUST101316,0.1759,Low,Month-to-month contract (no lock-in),Offer annual-plan incentive,Premium,Monthly,16,746.05
3846,CUST104089,0.1757,Low,Recent price increase; Month-to-month contract (no lock-in),Offer loyalty discount / plan review,Standard,Monthly,11,383.61
3847,CUST101178,0.1756,Low,Month-to-month contract (no lock-in),Offer annual-plan incentive,Basic,Monthly,15,185.88
3848,CUST102293,0.1754,Low,Month-to-month contract (no lock-in),Offer annual-plan incentive,Standard,Monthly,34,392.61
3849,CUST103517,0.1753,Low,Month-to-month contract (no lock-in),Offer annual-plan incentive,Standard,Monthly,29,369.1
3850,CUST103487,0.1751,Low,General elevated risk - manual review,Offer annual-plan incentive,Premium,Annual,11,734.82
3851,CUST103083,0.175,Low,Slow support resolution; Recent price increase,Offer loyalty discount / plan review,Basic,Annual,22,219.81
3852,CUST100567,0.1749,Low,Month-to-month contract (no lock-in),Offer annual-plan incentive,Basic,Monthly,8,209.77
3853,CUST104374,0.1747,Low,General elevated risk - manual review,Offer annual-plan incentive,Standard,Annual,28,442.17
3854,CUST103346,0.1743,Low,Low satisfaction score,Priority callback from support lead,Basic,Annual,8,208.4
3855,CUST102388,0.1743,Low,General elevated risk - manual review,Offer annual-plan incentive,Basic,Annual,43,192.34
3856,CUST100257,0.1742,Low,Usage dropped sharply over 3 months; Month-to-month contract (no lock-in),Send re-engagement campaign / feature tips,Basic,Monthly,72,206.96
3857,CUST102488,0.1742,Low,Frequent support contacts; Low satisfaction score; Repeated late payments; Recent price increase,Offer loyalty discount / plan review,Basic,Monthly,72,207.92
3858,CUST101574,0.1739,Low,Frequent support contacts; Low satisfaction score; Recent price increase,Offer loyalty discount / plan review,Basic,Annual,23,209.56
3859,CUST100640,0.1739,Low,Slow support resolution; New customer (tenure <= 6 months),Priority callback from support lead,Premium,Annual,4,743.0
3860,CUST101754,0.1737,Low,Usage dropped sharply over 3 months,Send re-engagement campaign / feature tips,Basic,Annual,20,193.86
3861,CUST100772,0.1734,Low,New customer (tenure <= 6 months),Offer annual-plan incentive,Standard,Annual,6,461.93
3862,CUST104152,0.1732,Low,Usage dropped sharply over 3 months; Month-to-month contract (no lock-in),Send re-engagement campaign / feature tips,Basic,Monthly,39,177.88
3863,CUST103171,0.1732,Low,General elevated risk - manual review,Offer annual-plan incentive,Premium,Annual,28,641.85
3864,CUST100448,0.1731,Low,General elevated risk - manual review,Offer annual-plan incentive,Basic,Annual,8,193.52
3865,CUST103738,0.173,Low,General elevated risk - manual review,Offer annual-plan incentive,Premium,Annual,9,677.54
3866,CUST101820,0.1729,Low,Month-to-month contract (no lock-in),Offer annual-plan incentive,Standard,Monthly,49,428.32
3867,CUST104866,0.1729,Low,Usage dropped sharply over 3 months; New customer (tenure <= 6 months),Send re-engagement campaign / feature tips,Standard,Annual,4,434.69
3868,CUST104359,0.1728,Low,General elevated risk - manual review,Offer annual-plan incentive,Standard,Annual,42,358.16
3869,CUST100891,0.1728,Low,New customer (tenure <= 6 months),Offer annual-plan incentive,Standard,Annual,3,399.89
3870,CUST100486,0.1725,Low,Month-to-month contract (no lock-in),Offer annual-plan incentive,Standard,Monthly,40,406.27
3871,CUST104943,0.1723,Low,Usage dropped sharply over 3 months; Frequent support contacts; Low satisfaction score,Priority callback from support lead,Standard,Annual,44,435.04
3872,CUST100211,0.1721,Low,Month-to-month contract (no lock-in),Offer annual-plan incentive,Basic,Monthly,39,191.84
3873,CUST101392,0.1718,Low,Month-to-month contract (no lock-in),Offer annual-plan incentive,Standard,Monthly,40,394.5
3874,CUST101285,0.1718,Low,Repeated late payments; Month-to-month contract (no lock-in),Offer flexible payment / autopay setup,Basic,Monthly,14,199.14
3875,CUST101235,0.1717,Low,Slow support resolution,Priority callback from support lead,Standard,Annual,10,418.96
3876,CUST101658,0.1715,Low,Low satisfaction score; Month-to-month contract (no lock-in),Priority callback from support lead,Basic,Monthly,20,197.99
3877,CUST103496,0.1713,Low,Slow support resolution,Priority callback from support lead,Standard,Annual,15,404.09
3878,CUST100304,0.1712,Low,Recent price increase; Month-to-month contract (no lock-in),Offer loyalty discount / plan review,Basic,Monthly,27,198.99
3879,CUST100453,0.171,Low,Month-to-month contract (no lock-in),Offer annual-plan incentive,Standard,Monthly,35,411.29
3880,CUST102851,0.1705,Low,Month-to-month contract (no lock-in),Offer annual-plan incentive,Basic,Monthly,38,197.33
3881,CUST104772,0.1704,Low,New customer (tenure <= 6 months),Offer annual-plan incentive,Standard,Annual,1,422.72
3882,CUST101974,0.1704,Low,Month-to-month contract (no lock-in),Offer annual-plan incentive,Standard,Monthly,15,381.15
3883,CUST103119,0.1704,Low,General elevated risk - manual review,Offer annual-plan incentive,Basic,Annual,11,200.39
3884,CUST101407,0.1699,Low,Slow support resolution,Priority callback from support lead,Basic,Annual,43,215.79
3885,CUST103973,0.1699,Low,Slow support resolution; Month-to-month contract (no lock-in),Priority callback from support lead,Basic,Monthly,61,209.45
3886,CUST101559,0.1698,Low,Recent price increase; Month-to-month contract (no lock-in),Offer loyalty discount / plan review,Basic,Monthly,8,198.72
3887,CUST100359,0.1696,Low,Usage dropped sharply over 3 months; Month-to-month contract (no lock-in),Send re-engagement campaign / feature tips,Basic,Monthly,43,216.21
3888,CUST101651,0.1695,Low,Month-to-month contract (no lock-in),Offer annual-plan incentive,Premium,Monthly,40,706.97
3889,CUST100115,0.1694,Low,Low satisfaction score; Month-to-month contract (no lock-in); New customer (tenure <= 6 months),Priority callback from support lead,Standard,Monthly,1,405.0
3890,CUST100372,0.1693,Low,Recent price increase; New customer (tenure <= 6 months),Offer loyalty discount / plan review,Basic,Annual,2,199.13
3891,CUST104458,0.1692,Low,General elevated risk - manual review,Offer annual-plan incentive,Basic,Annual,11,202.72
3892,CUST101411,0.1692,Low,Month-to-month contract (no lock-in); New customer (tenure <= 6 months),Offer annual-plan incentive,Premium,Monthly,1,676.57
3893,CUST104681,0.1691,Low,Usage dropped sharply over 3 months; Low satisfaction score; Recent price increase,Offer loyalty discount / plan review,Standard,Annual,47,389.46
3894,CUST101160,0.1691,Low,Month-to-month contract (no lock-in),Offer annual-plan incentive,Premium,Monthly,42,644.93
3895,CUST103684,0.169,Low,Usage dropped sharply over 3 months; Recent price increase; Month-to-month contract (no lock-in),Offer loyalty discount / plan review,Standard,Monthly,38,429.06
3896,CUST103136,0.1686,Low,Recent price increase; New customer (tenure <= 6 months),Offer loyalty discount / plan review,Standard,Annual,2,435.85
3897,CUST102754,0.1686,Low,General elevated risk - manual review,Offer annual-plan incentive,Basic,Annual,10,190.87
3898,CUST101920,0.1684,Low,Month-to-month contract (no lock-in),Offer annual-plan incentive,Standard,Monthly,15,393.56
3899,CUST104508,0.1684,Low,Month-to-month contract (no lock-in),Offer annual-plan incentive,Standard,Monthly,33,356.18
3900,CUST100047,0.1684,Low,Slow support resolution; Month-to-month contract (no lock-in); New customer (tenure <= 6 months),Priority callback from support lead,Basic,Monthly,6,196.44
3901,CUST102477,0.1677,Low,Usage dropped sharply over 3 months; Month-to-month contract (no lock-in),Send re-engagement campaign / feature tips,Basic,Monthly,19,208.35
3902,CUST101111,0.1676,Low,Month-to-month contract (no lock-in),Offer annual-plan incentive,Basic,Monthly,31,200.61
3903,CUST102108,0.1675,Low,New customer (tenure <= 6 months),Offer annual-plan incentive,Standard,Annual,3,402.63
3904,CUST100277,0.1675,Low,Frequent support contacts; Month-to-month contract (no lock-in); New customer (tenure <= 6 months),Priority callback from support lead,Premium,Monthly,1,688.51
3905,CUST101939,0.1672,Low,Month-to-month contract (no lock-in),Offer annual-plan incentive,Premium,Monthly,41,717.44
3906,CUST104770,0.1671,Low,Usage dropped sharply over 3 months,Send re-engagement campaign / feature tips,Standard,Annual,14,436.5
3907,CUST104130,0.1671,Low,Repeated late payments,Offer flexible payment / autopay setup,Basic,Annual,48,217.84
3908,CUST104229,0.167,Low,General elevated risk - manual review,Offer annual-plan incentive,Basic,Annual,20,188.88
3909,CUST102416,0.167,Low,Month-to-month contract (no lock-in),Offer annual-plan incentive,Basic,Monthly,8,184.12
3910,CUST104986,0.1668,Low,New customer (tenure <= 6 months),Offer annual-plan incentive,Standard,Annual,6,354.48
3911,CUST104720,0.1664,Low,Month-to-month contract (no lock-in),Offer annual-plan incentive,Premium,Monthly,31,712.55
3912,CUST103178,0.1662,Low,Recent price increase; New customer (tenure <= 6 months),Offer loyalty discount / plan review,Basic,Annual,1,198.8
3913,CUST100816,0.1659,Low,Repeated late payments,Offer flexible payment / autopay setup,Standard,Annual,16,370.1
3914,CUST100010,0.1658,Low,Slow support resolution; New customer (tenure <= 6 months),Priority callback from support lead,Basic,Annual,3,191.36
3915,CUST104537,0.1653,Low,Frequent support contacts; Recent price increase; Month-to-month contract (no lock-in),Offer loyalty discount / plan review,Basic,Monthly,24,213.42
3916,CUST103463,0.1652,Low,Recent price increase; Month-to-month contract (no lock-in),Offer loyalty discount / plan review,Basic,Monthly,45,212.78
3917,CUST101324,0.1651,Low,Slow support resolution,Priority callback from support lead,Standard,Annual,27,403.72
3918,CUST104753,0.1651,Low,New customer (tenure <= 6 months),Offer annual-plan incentive,Basic,Annual,6,195.2
3919,CUST102500,0.165,Low,Recent price increase; Month-to-month contract (no lock-in),Offer loyalty discount / plan review,Basic,Monthly,72,200.19
3920,CUST102726,0.1649,Low,General elevated risk - manual review,Offer annual-plan incentive,Basic,Annual,20,208.84
3921,CUST103322,0.1649,Low,Slow support resolution; Month-to-month contract (no lock-in),Priority callback from support lead,Standard,Monthly,44,382.47
3922,CUST104457,0.1647,Low,Usage dropped sharply over 3 months; Month-to-month contract (no lock-in),Send re-engagement campaign / feature tips,Basic,Monthly,34,197.48
3923,CUST104291,0.1646,Low,New customer (tenure <= 6 months),Offer annual-plan incentive,Basic,Annual,1,198.39
3924,CUST103166,0.1646,Low,Slow support resolution; Month-to-month contract (no lock-in),Priority callback from support lead,Premium,Monthly,37,765.07
3925,CUST102485,0.1645,Low,Slow support resolution; Month-to-month contract (no lock-in),Priority callback from support lead,Premium,Monthly,20,642.27
3926,CUST101631,0.1644,Low,Recent price increase,Offer loyalty discount / plan review,Basic,Annual,17,189.41
3927,CUST100645,0.1643,Low,Slow support resolution; Recent price increase; New customer (tenure <= 6 months),Offer loyalty discount / plan review,Basic,Annual,4,204.2
3928,CUST100090,0.1638,Low,Repeated late payments,Offer flexible payment / autopay setup,Basic,Annual,22,206.88
3929,CUST100660,0.1636,Low,Slow support resolution; Month-to-month contract (no lock-in),Priority callback from support lead,Standard,Monthly,40,402.74
3930,CUST104189,0.1634,Low,Frequent support contacts; Slow support resolution,Priority callback from support lead,Basic,Annual,10,200.81
3931,CUST102704,0.1631,Low,Slow support resolution; Low satisfaction score,Priority callback from support lead,Premium,Annual,71,674.29
3932,CUST100889,0.1628,Low,Month-to-month contract (no lock-in); New customer (tenure <= 6 months),Offer annual-plan incentive,Basic,Monthly,2,195.59
3933,CUST103998,0.1626,Low,General elevated risk - manual review,Offer annual-plan incentive,Basic,Annual,9,206.83
3934,CUST100962,0.1626,Low,Slow support resolution,Priority callback from support lead,Premium,Annual,19,717.22
3935,CUST102107,0.1625,Low,Recent price increase; Month-to-month contract (no lock-in); New customer (tenure <= 6 months),Offer loyalty discount / plan review,Premium,Monthly,2,648.6
3936,CUST104190,0.1625,Low,Low satisfaction score; New customer (tenure <= 6 months),Priority callback from support lead,Premium,Annual,2,667.33
3937,CUST100476,0.1623,Low,Slow support resolution; Month-to-month contract (no lock-in),Priority callback from support lead,Basic,Monthly,9,194.86
3938,CUST102170,0.1622,Low,Recent price increase,Offer loyalty discount / plan review,Basic,Annual,33,189.39
3939,CUST103834,0.1621,Low,Low satisfaction score; Month-to-month contract (no lock-in),Priority callback from support lead,Standard,Monthly,30,406.75
3940,CUST104226,0.162,Low,Repeated late payments,Offer flexible payment / autopay setup,Basic,Annual,9,203.63
3941,CUST101301,0.1615,Low,Month-to-month contract (no lock-in),Offer annual-plan incentive,Standard,Monthly,27,419.98
3942,CUST103191,0.1609,Low,Repeated late payments; Month-to-month contract (no lock-in); New customer (tenure <= 6 months),Offer flexible payment / autopay setup,Standard,Monthly,4,390.11
3943,CUST100725,0.1608,Low,Slow support resolution,Priority callback from support lead,Basic,Annual,13,191.05
3944,CUST103922,0.1604,Low,Month-to-month contract (no lock-in),Offer annual-plan incentive,Basic,Monthly,16,204.38
3945,CUST101958,0.1604,Low,Slow support resolution,Priority callback from support lead,Basic,Annual,24,203.65
3946,CUST100122,0.1603,Low,Frequent support contacts; Month-to-month contract (no lock-in),Priority callback from support lead,Premium,Monthly,15,675.59
3947,CUST104216,0.1603,Low,Slow support resolution; Month-to-month contract (no lock-in),Priority callback from support lead,Premium,Monthly,63,649.95
3948,CUST102662,0.1601,Low,Repeated late payments; Month-to-month contract (no lock-in),Offer flexible payment / autopay setup,Premium,Monthly,72,649.35
3949,CUST100480,0.1601,Low,Recent price increase,Offer loyalty discount / plan review,Basic,Annual,31,208.1
3950,CUST101634,0.1598,Low,Frequent support contacts,Priority callback from support lead,Standard,Annual,38,376.62
3951,CUST100690,0.1598,Low,General elevated risk - manual review,Offer annual-plan incentive,Standard,Annual,19,383.05
3952,CUST101529,0.1596,Low,General elevated risk - manual review,Offer annual-plan incentive,Basic,Annual,7,217.6
3953,CUST104317,0.1596,Low,General elevated risk - manual review,Offer annual-plan incentive,Basic,Annual,7,206.33
3954,CUST102801,0.1595,Low,Low satisfaction score; New customer (tenure <= 6 months),Priority callback from support lead,Premium,Annual,2,734.98
3955,CUST104521,0.1594,Low,Month-to-month contract (no lock-in),Offer annual-plan incentive,Basic,Monthly,9,185.24
3956,CUST104031,0.1594,Low,Slow support resolution,Priority callback from support lead,Basic,Annual,48,181.48
3957,CUST104252,0.1593,Low,Usage dropped sharply over 3 months; Month-to-month contract (no lock-in),Send re-engagement campaign / feature tips,Standard,Monthly,40,454.44
3958,CUST104338,0.1593,Low,New customer (tenure <= 6 months),Offer annual-plan incentive,Basic,Annual,4,199.54
3959,CUST100088,0.1591,Low,Month-to-month contract (no lock-in),Offer annual-plan incentive,Standard,Monthly,72,397.48
3960,CUST102405,0.1591,Low,Frequent support contacts,Priority callback from support lead,Premium,Annual,7,718.62
3961,CUST101135,0.159,Low,Month-to-month contract (no lock-in),Offer annual-plan incentive,Standard,Monthly,48,412.14
3962,CUST104260,0.1588,Low,Month-to-month contract (no lock-in); New customer (tenure <= 6 months),Offer annual-plan incentive,Premium,Monthly,4,648.18
3963,CUST102646,0.1586,Low,Frequent support contacts; Slow support resolution; New customer (tenure <= 6 months),Priority callback from support lead,Standard,Annual,6,420.91
3964,CUST104434,0.1586,Low,General elevated risk - manual review,Offer annual-plan incentive,Basic,Annual,13,197.05
3965,CUST100049,0.1586,Low,Slow support resolution,Priority callback from support lead,Basic,Annual,30,178.05
3966,CUST102219,0.1585,Low,Slow support resolution; Month-to-month contract (no lock-in),Priority callback from support lead,Standard,Monthly,42,404.58
3967,CUST102113,0.1585,Low,Month-to-month contract (no lock-in); New customer (tenure <= 6 months),Offer annual-plan incentive,Standard,Monthly,1,379.91
3968,CUST101897,0.1584,Low,Usage dropped sharply over 3 months; Recent price increase,Offer loyalty discount / plan review,Standard,Annual,35,419.41
3969,CUST101949,0.1584,Low,Month-to-month contract (no lock-in),Offer annual-plan incentive,Premium,Monthly,8,668.06
3970,CUST102325,0.1582,Low,Month-to-month contract (no lock-in),Offer annual-plan incentive,Basic,Monthly,72,199.77
3971,CUST102947,0.1582,Low,Month-to-month contract (no lock-in),Offer annual-plan incentive,Premium,Monthly,7,681.48
3972,CUST101468,0.1581,Low,Slow support resolution; Recent price increase; Month-to-month contract (no lock-in),Offer loyalty discount / plan review,Standard,Monthly,9,360.69
3973,CUST101567,0.1581,Low,General elevated risk - manual review,Offer annual-plan incentive,Standard,Annual,17,417.06
3974,CUST102022,0.158,Low,Month-to-month contract (no lock-in); New customer (tenure <= 6 months),Offer annual-plan incentive,Basic,Monthly,4,178.85
3975,CUST102427,0.1578,Low,General elevated risk - manual review,Offer annual-plan incentive,Standard,Annual,21,384.98
3976,CUST102014,0.1578,Low,Very low engagement (usage/logins); Month-to-month contract (no lock-in),Send re-engagement campaign / feature tips,Premium,Monthly,72,723.35
3977,CUST101355,0.1578,Low,General elevated risk - manual review,Offer annual-plan incentive,Premium,Annual,9,693.56
3978,CUST100717,0.1577,Low,Low satisfaction score,Priority callback from support lead,Premium,Annual,7,657.9
3979,CUST104995,0.1577,Low,Recent price increase; Month-to-month contract (no lock-in),Offer loyalty discount / plan review,Basic,Monthly,24,208.16
3980,CUST101106,0.1576,Low,Month-to-month contract (no lock-in),Offer annual-plan incentive,Premium,Monthly,11,698.77
3981,CUST102679,0.1574,Low,Month-to-month contract (no lock-in); New customer (tenure <= 6 months),Offer annual-plan incentive,Standard,Monthly,6,425.98
3982,CUST100124,0.1573,Low,Low satisfaction score; Month-to-month contract (no lock-in),Priority callback from support lead,Premium,Monthly,31,642.06
3983,CUST104560,0.1572,Low,General elevated risk - manual review,Offer annual-plan incentive,Premium,Annual,40,696.55
3984,CUST100406,0.1572,Low,Recent price increase; Month-to-month contract (no lock-in),Offer loyalty discount / plan review,Standard,Monthly,28,384.51
3985,CUST102140,0.1571,Low,New customer (tenure <= 6 months),Offer annual-plan incentive,Basic,Annual,6,213.45
3986,CUST104385,0.1568,Low,Low satisfaction score; New customer (tenure <= 6 months),Priority callback from support lead,Standard,Annual,4,403.18
3987,CUST104593,0.1566,Low,Recent price increase; New customer (tenure <= 6 months),Offer loyalty discount / plan review,Basic,Annual,5,192.75
3988,CUST100419,0.1563,Low,Month-to-month contract (no lock-in),Offer annual-plan incentive,Basic,Monthly,53,201.41
3989,CUST102303,0.1562,Low,General elevated risk - manual review,Offer annual-plan incentive,Premium,Annual,15,689.63
3990,CUST100617,0.1559,Low,New customer (tenure <= 6 months),Offer annual-plan incentive,Basic,Annual,4,195.18
3991,CUST101013,0.1558,Low,Very low engagement (usage/logins); Slow support resolution,Priority callback from support lead,Basic,Annual,13,180.46
3992,CUST102670,0.1555,Low,Slow support resolution,Priority callback from support lead,Basic,Annual,10,194.69
3993,CUST100882,0.1554,Low,New customer (tenure <= 6 months),Offer annual-plan incentive,Basic,Annual,6,187.0
3994,CUST101318,0.1553,Low,Month-to-month contract (no lock-in),Offer annual-plan incentive,Basic,Monthly,9,217.18
3995,CUST104016,0.1553,Low,Frequent support contacts,Priority callback from support lead,Premium,Annual,13,682.36
3996,CUST104369,0.1553,Low,Month-to-month contract (no lock-in),Offer annual-plan incentive,Standard,Monthly,40,419.17
3997,CUST103705,0.1552,Low,Month-to-month contract (no lock-in),Offer annual-plan incentive,Standard,Monthly,18,403.87
3998,CUST103802,0.155,Low,Month-to-month contract (no lock-in),Offer annual-plan incentive,Basic,Monthly,35,215.25
3999,CUST102392,0.155,Low,General elevated risk - manual review,Offer annual-plan incentive,Basic,Annual,21,195.51
4000,CUST101814,0.155,Low,General elevated risk - manual review,Offer annual-plan incentive,Standard,Annual,11,363.54
4001,CUST104627,0.1549,Low,Low satisfaction score; Month-to-month contract (no lock-in),Priority callback from support lead,Basic,Monthly,32,196.92
4002,CUST101696,0.1548,Low,Usage dropped sharply over 3 months,Send re-engagement campaign / feature tips,Basic,Annual,19,191.09
4003,CUST102459,0.1548,Low,Usage dropped sharply over 3 months; Month-to-month contract (no lock-in),Send re-engagement campaign / feature tips,Basic,Monthly,17,209.19
4004,CUST102835,0.1548,Low,General elevated risk - manual review,Offer annual-plan incentive,Standard,Annual,16,394.65
4005,CUST103594,0.1547,Low,Low satisfaction score; Month-to-month contract (no lock-in),Priority callback from support lead,Premium,Monthly,43,660.92
4006,CUST102748,0.1546,Low,General elevated risk - manual review,Offer annual-plan incentive,Standard,Annual,25,420.77
4007,CUST101470,0.1546,Low,Slow support resolution; Recent price increase; Month-to-month contract (no lock-in),Offer loyalty discount / plan review,Standard,Monthly,72,383.0
4008,CUST100391,0.1542,Low,Month-to-month contract (no lock-in),Offer annual-plan incentive,Premium,Monthly,45,700.65
4009,CUST102481,0.1538,Low,Month-to-month contract (no lock-in),Offer annual-plan incentive,Basic,Monthly,11,205.93
4010,CUST103184,0.1536,Low,General elevated risk - manual review,Offer annual-plan incentive,Standard,Annual,25,406.12
4011,CUST101674,0.1536,Low,Month-to-month contract (no lock-in),Offer annual-plan incentive,Standard,Monthly,29,417.97
4012,CUST104819,0.1535,Low,Usage dropped sharply over 3 months,Send re-engagement campaign / feature tips,Premium,Annual,9,609.51
4013,CUST100085,0.1535,Low,Usage dropped sharply over 3 months; New customer (tenure <= 6 months),Send re-engagement campaign / feature tips,Standard,Annual,4,388.26
4014,CUST103774,0.1535,Low,Slow support resolution; Repeated late payments; Recent price increase; Month-to-month contract (no lock-in),Offer loyalty discount / plan review,Basic,Monthly,2,206.25
4015,CUST104530,0.1533,Low,Slow support resolution; New customer (tenure <= 6 months),Priority callback from support lead,Basic,Annual,3,195.62
4016,CUST103336,0.1532,Low,Repeated late payments,Offer flexible payment / autopay setup,Basic,Annual,20,199.91
4017,CUST101656,0.1531,Low,Repeated late payments; Month-to-month contract (no lock-in),Offer flexible payment / autopay setup,Basic,Monthly,53,207.4
4018,CUST102464,0.153,Low,Frequent support contacts; Low satisfaction score; Month-to-month contract (no lock-in),Priority callback from support lead,Premium,Monthly,27,643.83
4019,CUST101277,0.153,Low,General elevated risk - manual review,Offer annual-plan incentive,Standard,Annual,14,405.61
4020,CUST103175,0.1527,Low,Month-to-month contract (no lock-in),Offer annual-plan incentive,Basic,Monthly,9,179.82
4021,CUST104055,0.1526,Low,Month-to-month contract (no lock-in); New customer (tenure <= 6 months),Offer annual-plan incentive,Standard,Monthly,1,408.49
4022,CUST104295,0.1526,Low,Usage dropped sharply over 3 months,Send re-engagement campaign / feature tips,Standard,Annual,24,397.92
4023,CUST104184,0.1525,Low,Very low engagement (usage/logins); Month-to-month contract (no lock-in),Send re-engagement campaign / feature tips,Basic,Monthly,50,199.21
4024,CUST101822,0.1521,Low,Month-to-month contract (no lock-in),Offer annual-plan incentive,Premium,Monthly,15,739.67
4025,CUST101788,0.152,Low,Recent price increase; Month-to-month contract (no lock-in),Offer loyalty discount / plan review,Standard,Monthly,15,423.71
4026,CUST103324,0.1519,Low,Month-to-month contract (no lock-in),Offer annual-plan incentive,Basic,Monthly,24,209.53
4027,CUST102632,0.1519,Low,Month-to-month contract (no lock-in),Offer annual-plan incentive,Basic,Monthly,9,194.37
4028,CUST100282,0.1519,Low,Month-to-month contract (no lock-in),Offer annual-plan incentive,Standard,Monthly,10,394.33
4029,CUST100759,0.1517,Low,Month-to-month contract (no lock-in),Offer annual-plan incentive,Basic,Monthly,43,193.7
4030,CUST102655,0.1513,Low,New customer (tenure <= 6 months),Offer annual-plan incentive,Standard,Annual,1,356.27
4031,CUST101400,0.1511,Low,Recent price increase; New customer (tenure <= 6 months),Offer loyalty discount / plan review,Basic,Annual,2,186.21
4032,CUST102305,0.1508,Low,Repeated late payments,Offer flexible payment / autopay setup,Standard,Annual,31,412.87
4033,CUST102505,0.1504,Low,Month-to-month contract (no lock-in),Offer annual-plan incentive,Basic,Monthly,41,190.09
4034,CUST101101,0.1504,Low,Slow support resolution; Month-to-month contract (no lock-in),Priority callback from support lead,Standard,Monthly,19,386.16
4035,CUST101778,0.1502,Low,Repeated late payments,Offer flexible payment / autopay setup,Basic,Annual,14,205.57
4036,CUST100095,0.1501,Low,General elevated risk - manual review,Offer annual-plan incentive,Basic,Annual,23,209.91
4037,CUST101647,0.15,Low,General elevated risk - manual review,Offer annual-plan incentive,Basic,Annual,21,208.51
4038,CUST104532,0.15,Low,Usage dropped sharply over 3 months; Month-to-month contract (no lock-in),Send re-engagement campaign / feature tips,Premium,Monthly,51,766.37
4039,CUST102373,0.1499,Low,Slow support resolution,Priority callback from support lead,Standard,Annual,22,399.12
4040,CUST100087,0.1499,Low,Repeated late payments; Month-to-month contract (no lock-in),Offer flexible payment / autopay setup,Basic,Monthly,43,197.24
4041,CUST100905,0.1498,Low,General elevated risk - manual review,Offer annual-plan incentive,Premium,Annual,11,725.54
4042,CUST103530,0.1497,Low,Usage dropped sharply over 3 months; Month-to-month contract (no lock-in),Send re-engagement campaign / feature tips,Standard,Monthly,53,417.28
4043,CUST102673,0.1497,Low,Repeated late payments; Month-to-month contract (no lock-in),Offer flexible payment / autopay setup,Standard,Monthly,50,407.86
4044,CUST100653,0.1497,Low,Recent price increase,Offer loyalty discount / plan review,Standard,Annual,22,392.27
4045,CUST102938,0.1496,Low,Usage dropped sharply over 3 months,Send re-engagement campaign / feature tips,Premium,Annual,20,684.87
4046,CUST103522,0.1495,Low,Month-to-month contract (no lock-in),Offer annual-plan incentive,Basic,Monthly,44,201.08
4047,CUST102747,0.1493,Low,Low satisfaction score,Priority callback from support lead,Standard,Annual,49,408.7
4048,CUST102636,0.1492,Low,Slow support resolution,Priority callback from support lead,Premium,Annual,17,726.97
4049,CUST102820,0.1492,Low,Slow support resolution; Month-to-month contract (no lock-in),Priority callback from support lead,Basic,Monthly,72,192.56
4050,CUST101894,0.1492,Low,Frequent support contacts; Month-to-month contract (no lock-in),Priority callback from support lead,Basic,Monthly,35,203.48
4051,CUST102997,0.1491,Low,Month-to-month contract (no lock-in),Offer annual-plan incentive,Basic,Monthly,7,202.8
4052,CUST100084,0.149,Low,General elevated risk - manual review,Offer annual-plan incentive,Standard,Annual,32,397.79
4053,CUST100485,0.1486,Low,Low satisfaction score; Repeated late payments; Month-to-month contract (no lock-in),Priority callback from support lead,Basic,Monthly,14,185.86
4054,CUST104948,0.1485,Low,Low satisfaction score; Repeated late payments; Month-to-month contract (no lock-in),Priority callback from support lead,Basic,Monthly,58,188.8
4055,CUST102309,0.1484,Low,Usage dropped sharply over 3 months; Month-to-month contract (no lock-in),Send re-engagement campaign / feature tips,Basic,Monthly,72,192.3
4056,CUST101112,0.1483,Low,Frequent support contacts; Month-to-month contract (no lock-in),Priority callback from support lead,Basic,Monthly,11,208.29
4057,CUST100855,0.1481,Low,Month-to-month contract (no lock-in),Offer annual-plan incentive,Standard,Monthly,37,378.41
4058,CUST103540,0.1479,Low,Slow support resolution; Low satisfaction score; Recent price increase,Offer loyalty discount / plan review,Basic,Annual,36,193.81
4059,CUST100851,0.1476,Low,Month-to-month contract (no lock-in),Offer annual-plan incentive,Standard,Monthly,13,388.64
4060,CUST100716,0.1475,Low,Month-to-month contract (no lock-in); New customer (tenure <= 6 months),Offer annual-plan incentive,Premium,Monthly,6,651.52
4061,CUST103237,0.1475,Low,Month-to-month contract (no lock-in),Offer annual-plan incentive,Basic,Monthly,17,185.58
4062,CUST104649,0.1474,Low,General elevated risk - manual review,Offer annual-plan incentive,Basic,Annual,15,209.16
4063,CUST100863,0.1473,Low,Month-to-month contract (no lock-in),Offer annual-plan incentive,Basic,Monthly,23,208.16
4064,CUST103750,0.1472,Low,Slow support resolution,Priority callback from support lead,Basic,Annual,19,203.11
4065,CUST102525,0.1472,Low,General elevated risk - manual review,Offer annual-plan incentive,Standard,Annual,9,422.74
4066,CUST104312,0.1463,Low,Month-to-month contract (no lock-in),Offer annual-plan incentive,Basic,Monthly,15,202.86
4067,CUST103514,0.1462,Low,Very low engagement (usage/logins); Frequent support contacts,Priority callback from support lead,Standard,Annual,15,422.78
4068,CUST102585,0.146,Low,Month-to-month contract (no lock-in),Offer annual-plan incentive,Standard,Monthly,11,374.32
4069,CUST104815,0.1459,Low,Recent price increase,Offer loyalty discount / plan review,Basic,Annual,9,210.34
4070,CUST103092,0.1459,Low,Frequent support contacts; Slow support resolution; Month-to-month contract (no lock-in),Priority callback from support lead,Basic,Monthly,29,191.65
4071,CUST101250,0.1458,Low,Month-to-month contract (no lock-in),Offer annual-plan incentive,Standard,Monthly,10,384.56
4072,CUST100184,0.1458,Low,Month-to-month contract (no lock-in),Offer annual-plan incentive,Standard,Monthly,16,382.75
4073,CUST102508,0.1456,Low,Month-to-month contract (no lock-in),Offer annual-plan incentive,Standard,Monthly,14,419.82
4074,CUST103065,0.1456,Low,Month-to-month contract (no lock-in),Offer annual-plan incentive,Basic,Monthly,32,193.61
4075,CUST100956,0.1453,Low,Recent price increase; Month-to-month contract (no lock-in); New customer (tenure <= 6 months),Offer loyalty discount / plan review,Basic,Monthly,1,184.58
4076,CUST100852,0.1453,Low,Month-to-month contract (no lock-in),Offer annual-plan incentive,Standard,Monthly,17,414.36
4077,CUST104248,0.1448,Low,Slow support resolution; Month-to-month contract (no lock-in); New customer (tenure <= 6 months),Priority callback from support lead,Standard,Monthly,4,370.34
4078,CUST103070,0.1448,Low,Month-to-month contract (no lock-in),Offer annual-plan incentive,Basic,Monthly,16,217.04
4079,CUST103156,0.1447,Low,New customer (tenure <= 6 months),Offer annual-plan incentive,Standard,Annual,3,387.97
4080,CUST102611,0.1447,Low,Month-to-month contract (no lock-in),Offer annual-plan incentive,Standard,Monthly,19,407.35
4081,CUST103051,0.1446,Low,Slow support resolution; Recent price increase,Offer loyalty discount / plan review,Premium,Annual,16,733.67
4082,CUST104223,0.1446,Low,Month-to-month contract (no lock-in),Offer annual-plan incentive,Standard,Monthly,27,356.5
4083,CUST103268,0.1444,Low,Usage dropped sharply over 3 months,Send re-engagement campaign / feature tips,Premium,Annual,8,762.38
4084,CUST102859,0.1444,Low,Usage dropped sharply over 3 months; New customer (tenure <= 6 months),Send re-engagement campaign / feature tips,Premium,Annual,2,721.19
4085,CUST101171,0.1431,Low,Slow support resolution; Month-to-month contract (no lock-in),Priority callback from support lead,Basic,Monthly,45,210.76
4086,CUST103340,0.1431,Low,New customer (tenure <= 6 months),Offer annual-plan incentive,Basic,Annual,1,204.8
4087,CUST100701,0.143,Low,General elevated risk - manual review,Offer annual-plan incentive,Standard,Annual,15,377.64
4088,CUST102263,0.143,Low,Recent price increase; New customer (tenure <= 6 months),Offer loyalty discount / plan review,Basic,Annual,1,204.44
4089,CUST103781,0.143,Low,Month-to-month contract (no lock-in),Offer annual-plan incentive,Basic,Monthly,45,191.61
4090,CUST102480,0.1427,Low,Month-to-month contract (no lock-in),Offer annual-plan incentive,Basic,Monthly,38,204.93
4091,CUST104021,0.1427,Low,New customer (tenure <= 6 months),Offer annual-plan incentive,Basic,Annual,6,182.72
4092,CUST103525,0.1424,Low,Low satisfaction score; Month-to-month contract (no lock-in),Priority callback from support lead,Basic,Monthly,41,195.61
4093,CUST104719,0.1423,Low,Month-to-month contract (no lock-in),Offer annual-plan incentive,Basic,Monthly,16,210.32
4094,CUST100500,0.1423,Low,Month-to-month contract (no lock-in),Offer annual-plan incentive,Basic,Monthly,31,207.8
4095,CUST103249,0.1422,Low,Month-to-month contract (no lock-in),Offer annual-plan incentive,Standard,Monthly,16,333.7
4096,CUST101901,0.142,Low,Usage dropped sharply over 3 months; Recent price increase,Offer loyalty discount / plan review,Basic,Annual,36,197.51
4097,CUST102711,0.1419,Low,Frequent support contacts; Month-to-month contract (no lock-in),Priority callback from support lead,Standard,Monthly,17,414.09
4098,CUST103250,0.1418,Low,Month-to-month contract (no lock-in),Offer annual-plan incentive,Basic,Monthly,9,211.01
4099,CUST100544,0.1417,Low,New customer (tenure <= 6 months),Offer annual-plan incentive,Standard,Annual,5,390.06
4100,CUST103494,0.1417,Low,Usage dropped sharply over 3 months; Slow support resolution; Repeated late payments; Recent price increase,Offer loyalty discount / plan review,Basic,Annual,47,213.33
4101,CUST102774,0.1417,Low,Month-to-month contract (no lock-in); New customer (tenure <= 6 months),Offer annual-plan incentive,Premium,Monthly,2,684.74
4102,CUST102759,0.1416,Low,Month-to-month contract (no lock-in),Offer annual-plan incentive,Basic,Monthly,15,194.89
4103,CUST100306,0.1415,Low,General elevated risk - manual review,Offer annual-plan incentive,Standard,Annual,16,386.0
4104,CUST103735,0.1413,Low,Month-to-month contract (no lock-in),Offer annual-plan incentive,Standard,Monthly,31,370.87
4105,CUST100197,0.1412,Low,Month-to-month contract (no lock-in); New customer (tenure <= 6 months),Offer annual-plan incentive,Standard,Monthly,3,370.62
4106,CUST104877,0.1411,Low,Frequent support contacts; Slow support resolution; Month-to-month contract (no lock-in),Priority callback from support lead,Standard,Monthly,51,403.18
4107,CUST104479,0.1406,Low,Recent price increase; Month-to-month contract (no lock-in),Offer loyalty discount / plan review,Basic,Monthly,33,197.14
4108,CUST103767,0.1406,Low,General elevated risk - manual review,Offer annual-plan incentive,Standard,Annual,18,409.07
4109,CUST103888,0.1402,Low,General elevated risk - manual review,Offer annual-plan incentive,Standard,Annual,23,417.88
4110,CUST100553,0.1398,Low,Month-to-month contract (no lock-in),Offer annual-plan incentive,Basic,Monthly,44,207.84
4111,CUST100899,0.1397,Low,Frequent support contacts,Priority callback from support lead,Basic,Annual,11,195.79
4112,CUST104201,0.1395,Low,Slow support resolution; Low satisfaction score; New customer (tenure <= 6 months),Priority callback from support lead,Standard,Annual,5,374.45
4113,CUST103799,0.1391,Low,Usage dropped sharply over 3 months; Month-to-month contract (no lock-in),Send re-engagement campaign / feature tips,Premium,Monthly,20,686.57
4114,CUST103004,0.139,Low,Slow support resolution; Month-to-month contract (no lock-in),Priority callback from support lead,Standard,Monthly,8,392.62
4115,CUST101648,0.1387,Low,Low satisfaction score; Recent price increase; Month-to-month contract (no lock-in),Offer loyalty discount / plan review,Basic,Monthly,9,197.58
4116,CUST102596,0.1385,Low,Month-to-month contract (no lock-in),Offer annual-plan incentive,Standard,Monthly,9,382.77
4117,CUST102321,0.1384,Low,Frequent support contacts; Month-to-month contract (no lock-in),Priority callback from support lead,Standard,Monthly,60,374.82
4118,CUST101721,0.1383,Low,Month-to-month contract (no lock-in),Offer annual-plan incentive,Basic,Monthly,24,195.07
4119,CUST101886,0.1383,Low,General elevated risk - manual review,Offer annual-plan incentive,Standard,Annual,14,365.46
4120,CUST102362,0.1379,Low,Usage dropped sharply over 3 months; Low satisfaction score,Priority callback from support lead,Standard,Annual,72,381.14
4121,CUST104249,0.1376,Low,Month-to-month contract (no lock-in); New customer (tenure <= 6 months),Offer annual-plan incentive,Standard,Monthly,1,411.89
4122,CUST101255,0.1374,Low,Low satisfaction score; Repeated late payments; Recent price increase,Offer loyalty discount / plan review,Basic,Annual,24,202.13
4123,CUST101262,0.1372,Low,Month-to-month contract (no lock-in),Offer annual-plan incentive,Basic,Monthly,42,197.14
4124,CUST101733,0.137,Low,Month-to-month contract (no lock-in),Offer annual-plan incentive,Standard,Monthly,14,385.1
4125,CUST103005,0.137,Low,Frequent support contacts; Month-to-month contract (no lock-in),Priority callback from support lead,Basic,Monthly,51,220.05
4126,CUST102492,0.137,Low,Slow support resolution,Priority callback from support lead,Standard,Annual,25,403.65
4127,CUST102493,0.1369,Low,Slow support resolution,Priority callback from support lead,Basic,Annual,48,186.03
4128,CUST104222,0.1369,Low,General elevated risk - manual review,Offer annual-plan incentive,Premium,Annual,10,700.11
4129,CUST104754,0.1368,Low,Slow support resolution; Recent price increase,Offer loyalty discount / plan review,Standard,Annual,11,1500.0
4130,CUST100911,0.1368,Low,Month-to-month contract (no lock-in),Offer annual-plan incentive,Basic,Monthly,30,213.15
4131,CUST100892,0.1365,Low,Month-to-month contract (no lock-in),Offer annual-plan incentive,Basic,Monthly,53,189.13
4132,CUST102267,0.1365,Low,Month-to-month contract (no lock-in),Offer annual-plan incentive,Standard,Monthly,10,394.64
4133,CUST104065,0.1364,Low,General elevated risk - manual review,Offer annual-plan incentive,Premium,Annual,18,643.87
4134,CUST102846,0.136,Low,Low satisfaction score; Month-to-month contract (no lock-in),Priority callback from support lead,Standard,Monthly,72,418.87
4135,CUST103110,0.136,Low,Low satisfaction score; Recent price increase,Offer loyalty discount / plan review,Basic,Annual,23,195.95
4136,CUST101853,0.1355,Low,Recent price increase,Offer loyalty discount / plan review,Premium,Annual,7,693.64
4137,CUST102166,0.1354,Low,Month-to-month contract (no lock-in),Offer annual-plan incentive,Standard,Monthly,37,400.69
4138,CUST100896,0.1353,Low,General elevated risk - manual review,Offer annual-plan incentive,Standard,Annual,20,396.94
4139,CUST102516,0.1348,Low,Recent price increase; Month-to-month contract (no lock-in),Offer loyalty discount / plan review,Basic,Monthly,26,211.98
4140,CUST102967,0.1347,Low,Slow support resolution; Recent price increase; New customer (tenure <= 6 months),Offer loyalty discount / plan review,Basic,Annual,1,190.14
4141,CUST103190,0.1346,Low,Usage dropped sharply over 3 months,Send re-engagement campaign / feature tips,Basic,Annual,10,188.07
4142,CUST104325,0.1345,Low,General elevated risk - manual review,Offer annual-plan incentive,Basic,Annual,8,200.54
4143,CUST101840,0.1345,Low,Repeated late payments,Offer flexible payment / autopay setup,Standard,Annual,21,399.21
4144,CUST102514,0.1344,Low,Recent price increase; Month-to-month contract (no lock-in),Offer loyalty discount / plan review,Standard,Monthly,72,361.15
4145,CUST101125,0.1341,Low,Repeated late payments,Offer flexible payment / autopay setup,Standard,Annual,40,391.59
4146,CUST104250,0.1341,Low,Month-to-month contract (no lock-in); New customer (tenure <= 6 months),Offer annual-plan incentive,Premium,Monthly,1,667.46
4147,CUST103570,0.134,Low,New customer (tenure <= 6 months),Offer annual-plan incentive,Basic,Annual,4,191.86
4148,CUST103097,0.1339,Low,General elevated risk - manual review,Offer annual-plan incentive,Basic,Annual,8,206.24
4149,CUST100393,0.1339,Low,Repeated late payments; Recent price increase,Offer loyalty discount / plan review,Basic,Annual,65,200.38
4150,CUST103547,0.1338,Low,Slow support resolution; Month-to-month contract (no lock-in),Priority callback from support lead,Standard,Monthly,31,387.68
4151,CUST102284,0.1337,Low,General elevated risk - manual review,Offer annual-plan incentive,Standard,Annual,16,399.4
4152,CUST100344,0.1334,Low,General elevated risk - manual review,Offer annual-plan incentive,Basic,Annual,8,199.69
4153,CUST101909,0.1334,Low,General elevated risk - manual review,Offer annual-plan incentive,Standard,Annual,23,420.9
4154,CUST101577,0.1333,Low,Month-to-month contract (no lock-in),Offer annual-plan incentive,Standard,Monthly,51,404.72
4155,CUST103990,0.1331,Low,Slow support resolution; Month-to-month contract (no lock-in),Priority callback from support lead,Basic,Monthly,9,175.66
4156,CUST102981,0.1329,Low,General elevated risk - manual review,Offer annual-plan incentive,Basic,Annual,16,213.73
4157,CUST104883,0.132,Low,Month-to-month contract (no lock-in),Offer annual-plan incentive,Standard,Monthly,53,392.42
4158,CUST101045,0.1318,Low,Month-to-month contract (no lock-in),Offer annual-plan incentive,Standard,Monthly,16,407.51
4159,CUST100060,0.1316,Low,Repeated late payments; New customer (tenure <= 6 months),Offer flexible payment / autopay setup,Premium,Annual,1,724.17
4160,CUST100044,0.1316,Low,New customer (tenure <= 6 months),Offer annual-plan incentive,Basic,Annual,1,197.99
4161,CUST104781,0.131,Low,Month-to-month contract (no lock-in); New customer (tenure <= 6 months),Offer annual-plan incentive,Premium,Monthly,2,697.54
4162,CUST103423,0.1309,Low,New customer (tenure <= 6 months),Offer annual-plan incentive,Premium,Annual,3,606.62
4163,CUST100223,0.1308,Low,Low satisfaction score; Recent price increase,Offer loyalty discount / plan review,Standard,Annual,41,420.59
4164,CUST104616,0.1304,Low,Month-to-month contract (no lock-in),Offer annual-plan incentive,Premium,Monthly,44,706.88
4165,CUST100276,0.1304,Low,Usage dropped sharply over 3 months; Slow support resolution,Priority callback from support lead,Basic,Annual,11,212.05
4166,CUST104115,0.13,Low,Month-to-month contract (no lock-in); New customer (tenure <= 6 months),Offer annual-plan incentive,Standard,Monthly,3,371.5
4167,CUST104571,0.1299,Low,Usage dropped sharply over 3 months; Low satisfaction score; Month-to-month contract (no lock-in),Priority callback from support lead,Standard,Monthly,45,428.19
4168,CUST100560,0.1298,Low,Frequent support contacts,Priority callback from support lead,Basic,Annual,52,208.94
4169,CUST103435,0.1295,Low,General elevated risk - manual review,Offer annual-plan incentive,Standard,Annual,21,437.46
4170,CUST101687,0.1293,Low,Frequent support contacts; Low satisfaction score; Month-to-month contract (no lock-in),Priority callback from support lead,Standard,Monthly,72,388.04
4171,CUST102564,0.129,Low,Very low engagement (usage/logins); Slow support resolution; Low satisfaction score; Recent price increase,Offer loyalty discount / plan review,Basic,Annual,45,200.75
4172,CUST100670,0.1284,Low,Low satisfaction score; Month-to-month contract (no lock-in),Priority callback from support lead,Premium,Monthly,7,786.24
4173,CUST100203,0.1283,Low,New customer (tenure <= 6 months),Offer annual-plan incentive,Premium,Annual,3,675.48
4174,CUST104464,0.1282,Low,Recent price increase,Offer loyalty discount / plan review,Standard,Annual,17,405.74
4175,CUST100599,0.128,Low,Month-to-month contract (no lock-in),Offer annual-plan incentive,Premium,Monthly,56,675.39
4176,CUST102573,0.1279,Low,General elevated risk - manual review,Offer annual-plan incentive,Standard,Annual,17,446.66
4177,CUST100472,0.1278,Low,New customer (tenure <= 6 months),Offer annual-plan incentive,Standard,Annual,5,442.78
4178,CUST101505,0.1277,Low,Very low engagement (usage/logins); Low satisfaction score; Month-to-month contract (no lock-in),Priority callback from support lead,Basic,Monthly,56,204.84
4179,CUST104103,0.1276,Low,New customer (tenure <= 6 months),Offer annual-plan incentive,Basic,Annual,2,206.71
4180,CUST103662,0.1275,Low,General elevated risk - manual review,Offer annual-plan incentive,Basic,Annual,8,204.14
4181,CUST103871,0.1274,Low,New customer (tenure <= 6 months),Offer annual-plan incentive,Standard,Annual,3,427.33
4182,CUST103360,0.1273,Low,General elevated risk - manual review,Offer annual-plan incentive,Basic,Annual,11,195.61
4183,CUST100437,0.1273,Low,Slow support resolution; New customer (tenure <= 6 months),Priority callback from support lead,Basic,Annual,6,199.7
4184,CUST100348,0.1271,Low,Month-to-month contract (no lock-in); New customer (tenure <= 6 months),Offer annual-plan incentive,Basic,Monthly,1,179.3
4185,CUST101511,0.127,Low,Frequent support contacts,Priority callback from support lead,Basic,Annual,21,201.69
4186,CUST101825,0.1269,Low,Usage dropped sharply over 3 months; Frequent support contacts,Priority callback from support lead,Premium,Annual,25,719.74
4187,CUST102414,0.1267,Low,Month-to-month contract (no lock-in),Offer annual-plan incentive,Standard,Monthly,24,355.22
4188,CUST100260,0.1265,Low,Usage dropped sharply over 3 months; Slow support resolution; Recent price increase,Offer loyalty discount / plan review,Basic,Annual,29,202.59
4189,CUST102157,0.1265,Low,Recent price increase; Month-to-month contract (no lock-in); New customer (tenure <= 6 months),Offer loyalty discount / plan review,Basic,Monthly,1,208.47
4190,CUST102815,0.1261,Low,Recent price increase; Month-to-month contract (no lock-in),Offer loyalty discount / plan review,Basic,Monthly,53,188.6
4191,CUST100744,0.1259,Low,Month-to-month contract (no lock-in),Offer annual-plan incentive,Basic,Monthly,17,185.86
4192,CUST101236,0.1257,Low,Repeated late payments,Offer flexible payment / autopay setup,Basic,Annual,9,206.75
4193,CUST100396,0.1256,Low,Slow support resolution,Priority callback from support lead,Standard,Annual,44,425.93
4194,CUST102860,0.1254,Low,General elevated risk - manual review,Offer annual-plan incentive,Standard,Annual,16,397.38
4195,CUST101212,0.1254,Low,General elevated risk - manual review,Offer annual-plan incentive,Standard,Annual,26,391.81
4196,CUST100970,0.1254,Low,Slow support resolution; Recent price increase,Offer loyalty discount / plan review,Premium,Annual,19,699.84
4197,CUST102692,0.1252,Low,New customer (tenure <= 6 months),Offer annual-plan incentive,Basic,Annual,4,205.5
4198,CUST103806,0.125,Low,Slow support resolution; New customer (tenure <= 6 months),Priority callback from support lead,Standard,Annual,1,379.62
4199,CUST104154,0.125,Low,New customer (tenure <= 6 months),Offer annual-plan incentive,Basic,Annual,3,190.77
4200,CUST100886,0.125,Low,General elevated risk - manual review,Offer annual-plan incentive,Basic,Annual,11,193.44
4201,CUST103752,0.1249,Low,Month-to-month contract (no lock-in),Offer annual-plan incentive,Standard,Monthly,17,404.23
4202,CUST103688,0.1248,Low,Slow support resolution; Repeated late payments,Priority callback from support lead,Standard,Annual,54,381.84
4203,CUST100974,0.1248,Low,Slow support resolution; Month-to-month contract (no lock-in),Priority callback from support lead,Basic,Monthly,62,197.18
4204,CUST102438,0.1247,Low,General elevated risk - manual review,Offer annual-plan incentive,Standard,Annual,21,424.69
4205,CUST103161,0.1244,Low,Month-to-month contract (no lock-in),Offer annual-plan incentive,Premium,Monthly,29,669.72
4206,CUST104082,0.1243,Low,Month-to-month contract (no lock-in),Offer annual-plan incentive,Standard,Monthly,33,390.88
4207,CUST104157,0.1243,Low,Slow support resolution,Priority callback from support lead,Standard,Annual,50,399.68
4208,CUST104176,0.1243,Low,General elevated risk - manual review,Offer annual-plan incentive,Standard,Annual,11,404.27
4209,CUST104116,0.1242,Low,General elevated risk - manual review,Offer annual-plan incentive,Basic,Annual,39,212.24
4210,CUST104461,0.1241,Low,General elevated risk - manual review,Offer annual-plan incentive,Basic,Annual,29,208.05
4211,CUST102592,0.1241,Low,Recent price increase; Month-to-month contract (no lock-in); New customer (tenure <= 6 months),Offer loyalty discount / plan review,Standard,Monthly,1,388.73
4212,CUST101819,0.124,Low,Recent price increase; Month-to-month contract (no lock-in),Offer loyalty discount / plan review,Premium,Monthly,25,668.1
4213,CUST104451,0.1238,Low,Frequent support contacts; Slow support resolution; Repeated late payments,Priority callback from support lead,Premium,Annual,39,673.46
4214,CUST100220,0.1235,Low,General elevated risk - manual review,Offer annual-plan incentive,Premium,Annual,55,690.88
4215,CUST103266,0.1233,Low,Repeated late payments; Month-to-month contract (no lock-in); New customer (tenure <= 6 months),Offer flexible payment / autopay setup,Basic,Monthly,4,214.93
4216,CUST104788,0.1233,Low,Month-to-month contract (no lock-in),Offer annual-plan incentive,Basic,Monthly,56,192.93
4217,CUST104595,0.1228,Low,Usage dropped sharply over 3 months,Send re-engagement campaign / feature tips,Premium,Annual,30,714.83
4218,CUST102224,0.1228,Low,Recent price increase; New customer (tenure <= 6 months),Offer loyalty discount / plan review,Basic,Annual,2,204.81
4219,CUST101149,0.1227,Low,Month-to-month contract (no lock-in),Offer annual-plan incentive,Premium,Monthly,34,656.85
4220,CUST101443,0.1226,Low,General elevated risk - manual review,Offer annual-plan incentive,Premium,Annual,22,694.65
4221,CUST104292,0.1225,Low,Month-to-month contract (no lock-in); New customer (tenure <= 6 months),Offer annual-plan incentive,Standard,Monthly,1,413.99
4222,CUST104722,0.1224,Low,Month-to-month contract (no lock-in); New customer (tenure <= 6 months),Offer annual-plan incentive,Standard,Monthly,5,404.28
4223,CUST102445,0.1223,Low,Frequent support contacts; Month-to-month contract (no lock-in),Priority callback from support lead,Basic,Monthly,47,185.44
4224,CUST100022,0.1221,Low,General elevated risk - manual review,Offer annual-plan incentive,Basic,Annual,31,210.27
4225,CUST101158,0.1218,Low,General elevated risk - manual review,Offer annual-plan incentive,Basic,Annual,24,199.32
4226,CUST100038,0.1217,Low,General elevated risk - manual review,Offer annual-plan incentive,Basic,Annual,15,206.05
4227,CUST101514,0.1212,Low,Month-to-month contract (no lock-in); New customer (tenure <= 6 months),Offer annual-plan incentive,Basic,Monthly,1,197.04
4228,CUST101386,0.1211,Low,Recent price increase; Month-to-month contract (no lock-in),Offer loyalty discount / plan review,Basic,Monthly,16,215.95
4229,CUST102223,0.1208,Low,Month-to-month contract (no lock-in),Offer annual-plan incentive,Basic,Monthly,12,201.02
4230,CUST102622,0.1206,Low,Low satisfaction score,Priority callback from support lead,Premium,Annual,34,697.95
4231,CUST102756,0.1206,Low,Month-to-month contract (no lock-in),Offer annual-plan incentive,Premium,Monthly,38,750.28
4232,CUST100351,0.1206,Low,Slow support resolution; Month-to-month contract (no lock-in),Priority callback from support lead,Standard,Monthly,19,396.41
4233,CUST102122,0.1206,Low,Recent price increase; Month-to-month contract (no lock-in),Offer loyalty discount / plan review,Standard,Monthly,42,435.62
4234,CUST101996,0.1204,Low,General elevated risk - manual review,Offer annual-plan incentive,Basic,Annual,37,191.64
4235,CUST104046,0.1203,Low,New customer (tenure <= 6 months),Offer annual-plan incentive,Standard,Annual,1,395.92
4236,CUST104952,0.1203,Low,Month-to-month contract (no lock-in),Offer annual-plan incentive,Basic,Monthly,45,206.7
4237,CUST100204,0.1201,Low,Usage dropped sharply over 3 months; Slow support resolution; New customer (tenure <= 6 months),Priority callback from support lead,Basic,Annual,5,206.64
4238,CUST101192,0.12,Low,Month-to-month contract (no lock-in); New customer (tenure <= 6 months),Offer annual-plan incentive,Premium,Monthly,1,722.31
4239,CUST104452,0.12,Low,Frequent support contacts; Month-to-month contract (no lock-in),Priority callback from support lead,Standard,Monthly,12,385.03
4240,CUST103690,0.12,Low,General elevated risk - manual review,Offer annual-plan incentive,Standard,Annual,10,397.67
4241,CUST103067,0.12,Low,Month-to-month contract (no lock-in),Offer annual-plan incentive,Standard,Monthly,12,409.86
4242,CUST104677,0.1198,Low,Month-to-month contract (no lock-in),Offer annual-plan incentive,Standard,Monthly,72,386.19
4243,CUST102177,0.1198,Low,Month-to-month contract (no lock-in),Offer annual-plan incentive,Basic,Monthly,8,195.47
4244,CUST102727,0.1195,Low,Recent price increase; New customer (tenure <= 6 months),Offer loyalty discount / plan review,Basic,Annual,5,199.75
4245,CUST104670,0.1193,Low,Recent price increase,Offer loyalty discount / plan review,Standard,Annual,68,423.57
4246,CUST100297,0.1192,Low,Month-to-month contract (no lock-in),Offer annual-plan incentive,Basic,Monthly,45,190.4
4247,CUST102875,0.1185,Low,Month-to-month contract (no lock-in); New customer (tenure <= 6 months),Offer annual-plan incentive,Standard,Monthly,1,394.94
4248,CUST104545,0.1185,Low,Month-to-month contract (no lock-in),Offer annual-plan incentive,Premium,Monthly,17,708.04
4249,CUST103721,0.1185,Low,Month-to-month contract (no lock-in),Offer annual-plan incentive,Basic,Monthly,9,185.27
4250,CUST103201,0.1184,Low,Low satisfaction score; Month-to-month contract (no lock-in),Priority callback from support lead,Premium,Monthly,57,696.36
4251,CUST103155,0.1184,Low,General elevated risk - manual review,Offer annual-plan incentive,Basic,Annual,27,227.58
4252,CUST104646,0.1181,Low,General elevated risk - manual review,Offer annual-plan incentive,Basic,Annual,50,213.19
4253,CUST102906,0.118,Low,General elevated risk - manual review,Offer annual-plan incentive,Basic,Annual,8,196.23
4254,CUST104565,0.1179,Low,Usage dropped sharply over 3 months,Send re-engagement campaign / feature tips,Standard,Annual,8,400.58
4255,CUST102432,0.1178,Low,Recent price increase,Offer loyalty discount / plan review,Basic,Annual,22,194.56
4256,CUST102186,0.1177,Low,Repeated late payments; New customer (tenure <= 6 months),Offer flexible payment / autopay setup,Premium,Annual,3,738.04
4257,CUST101382,0.1175,Low,New customer (tenure <= 6 months),Offer annual-plan incentive,Standard,Annual,3,383.35
4258,CUST100949,0.1174,Low,General elevated risk - manual review,Offer annual-plan incentive,Basic,Annual,13,204.93
4259,CUST100820,0.1174,Low,Month-to-month contract (no lock-in),Offer annual-plan incentive,Standard,Monthly,14,402.68
4260,CUST100812,0.1173,Low,General elevated risk - manual review,Offer annual-plan incentive,Premium,Annual,7,712.16
4261,CUST103002,0.117,Low,Very low engagement (usage/logins); Low satisfaction score,Priority callback from support lead,Basic,Annual,56,197.65
4262,CUST102804,0.1168,Low,Repeated late payments; Recent price increase; Month-to-month contract (no lock-in),Offer loyalty discount / plan review,Basic,Monthly,21,189.16
4263,CUST101070,0.1168,Low,New customer (tenure <= 6 months),Offer annual-plan incentive,Basic,Annual,1,192.28
4264,CUST100996,0.1167,Low,Month-to-month contract (no lock-in); New customer (tenure <= 6 months),Offer annual-plan incentive,Premium,Monthly,3,727.13
4265,CUST101207,0.1165,Low,Month-to-month contract (no lock-in),Offer annual-plan incentive,Basic,Monthly,38,203.07
4266,CUST104135,0.1164,Low,Usage dropped sharply over 3 months; Month-to-month contract (no lock-in),Send re-engagement campaign / feature tips,Basic,Monthly,51,196.29
4267,CUST104757,0.1164,Low,General elevated risk - manual review,Offer annual-plan incentive,Basic,Annual,25,193.83
4268,CUST101554,0.1163,Low,Slow support resolution,Priority callback from support lead,Premium,Annual,23,683.02
4269,CUST101748,0.1162,Low,Month-to-month contract (no lock-in),Offer annual-plan incentive,Standard,Monthly,15,399.68
4270,CUST101170,0.1162,Low,Month-to-month contract (no lock-in),Offer annual-plan incentive,Basic,Monthly,33,196.68
4271,CUST100031,0.1161,Low,General elevated risk - manual review,Offer annual-plan incentive,Premium,Annual,7,634.93
4272,CUST100226,0.1159,Low,Usage dropped sharply over 3 months,Send re-engagement campaign / feature tips,Basic,Annual,29,193.21
4273,CUST102057,0.1159,Low,Recent price increase; Month-to-month contract (no lock-in); New customer (tenure <= 6 months),Offer loyalty discount / plan review,Premium,Monthly,1,657.62
4274,CUST101278,0.1157,Low,Month-to-month contract (no lock-in),Offer annual-plan incentive,Standard,Monthly,58,423.45
4275,CUST102429,0.1155,Low,Low satisfaction score,Priority callback from support lead,Basic,Annual,72,188.45
4276,CUST104473,0.1155,Low,Recent price increase; New customer (tenure <= 6 months),Offer loyalty discount / plan review,Standard,Annual,1,1500.0
4277,CUST100195,0.1153,Low,New customer (tenure <= 6 months),Offer annual-plan incentive,Standard,Annual,2,371.47
4278,CUST104094,0.1152,Low,Month-to-month contract (no lock-in),Offer annual-plan incentive,Premium,Monthly,12,729.82
4279,CUST102813,0.1152,Low,Recent price increase; Month-to-month contract (no lock-in),Offer loyalty discount / plan review,Basic,Monthly,54,195.88
4280,CUST102009,0.1151,Low,New customer (tenure <= 6 months),Offer annual-plan incentive,Premium,Annual,1,691.29
4281,CUST102204,0.1148,Low,Low satisfaction score,Priority callback from support lead,Standard,Annual,17,407.88
4282,CUST103531,0.1145,Low,Usage dropped sharply over 3 months,Send re-engagement campaign / feature tips,Premium,Annual,26,695.98
4283,CUST103479,0.1143,Low,General elevated risk - manual review,Offer annual-plan incentive,Premium,Annual,25,675.43
4284,CUST100965,0.114,Low,Month-to-month contract (no lock-in),Offer annual-plan incentive,Basic,Monthly,36,204.7
4285,CUST100392,0.114,Low,Month-to-month contract (no lock-in),Offer annual-plan incentive,Basic,Monthly,47,204.07
4286,CUST101684,0.114,Low,New customer (tenure <= 6 months),Offer annual-plan incentive,Premium,Annual,3,714.74
4287,CUST102240,0.1139,Low,Very low engagement (usage/logins); Recent price increase,Offer loyalty discount / plan review,Basic,Annual,38,219.08
4288,CUST103424,0.1137,Low,General elevated risk - manual review,Offer annual-plan incentive,Standard,Annual,46,374.68
4289,CUST102629,0.1132,Low,General elevated risk - manual review,Offer annual-plan incentive,Standard,Annual,32,381.46
4290,CUST104771,0.1131,Low,Frequent support contacts; Slow support resolution,Priority callback from support lead,Premium,Annual,8,690.66
4291,CUST103490,0.113,Low,Month-to-month contract (no lock-in),Offer annual-plan incentive,Standard,Monthly,72,400.19
4292,CUST100609,0.1129,Low,New customer (tenure <= 6 months),Offer annual-plan incentive,Basic,Annual,2,188.86
4293,CUST100951,0.1128,Low,Recent price increase; New customer (tenure <= 6 months),Offer loyalty discount / plan review,Standard,Annual,3,383.39
4294,CUST100138,0.1126,Low,General elevated risk - manual review,Offer annual-plan incentive,Basic,Annual,31,207.88
4295,CUST100688,0.1125,Low,Recent price increase; Month-to-month contract (no lock-in); New customer (tenure <= 6 months),Offer loyalty discount / plan review,Basic,Monthly,1,190.87
4296,CUST101204,0.1125,Low,New customer (tenure <= 6 months),Offer annual-plan incentive,Standard,Annual,3,395.72
4297,CUST101533,0.112,Low,Month-to-month contract (no lock-in); New customer (tenure <= 6 months),Offer annual-plan incentive,Basic,Monthly,1,202.79
4298,CUST100651,0.1119,Low,Slow support resolution; Recent price increase,Offer loyalty discount / plan review,Standard,Annual,58,432.48
4299,CUST103057,0.1119,Low,New customer (tenure <= 6 months),Offer annual-plan incentive,Premium,Annual,1,670.81
4300,CUST103870,0.1118,Low,Usage dropped sharply over 3 months; Recent price increase; New customer (tenure <= 6 months),Offer loyalty discount / plan review,Standard,Annual,2,407.06
4301,CUST101637,0.1117,Low,Recent price increase; Month-to-month contract (no lock-in),Offer loyalty discount / plan review,Standard,Monthly,47,423.33
4302,CUST101478,0.1116,Low,General elevated risk - manual review,Offer annual-plan incentive,Standard,Annual,20,373.47
4303,CUST101446,0.1115,Low,Usage dropped sharply over 3 months; Recent price increase,Offer loyalty discount / plan review,Standard,Annual,18,401.02
4304,CUST100785,0.1115,Low,Slow support resolution,Priority callback from support lead,Standard,Annual,15,415.05
4305,CUST102862,0.1115,Low,Frequent support contacts; Month-to-month contract (no lock-in),Priority callback from support lead,Standard,Monthly,72,380.24
4306,CUST102498,0.1114,Low,Repeated late payments; Month-to-month contract (no lock-in),Offer flexible payment / autopay setup,Basic,Monthly,58,195.28
4307,CUST103808,0.1113,Low,Month-to-month contract (no lock-in); New customer (tenure <= 6 months),Offer annual-plan incentive,Basic,Monthly,4,201.1
4308,CUST103832,0.1109,Low,General elevated risk - manual review,Offer annual-plan incentive,Basic,Annual,36,210.45
4309,CUST102047,0.1105,Low,New customer (tenure <= 6 months),Offer annual-plan incentive,Standard,Annual,2,383.55
4310,CUST101381,0.1104,Low,General elevated risk - manual review,Offer annual-plan incentive,Basic,Annual,22,197.46
4311,CUST103819,0.1101,Low,Month-to-month contract (no lock-in); New customer (tenure <= 6 months),Offer annual-plan incentive,Basic,Monthly,1,172.64
4312,CUST103277,0.11,Low,Slow support resolution; Month-to-month contract (no lock-in),Priority callback from support lead,Premium,Monthly,43,715.05
4313,CUST101475,0.1099,Low,Very low engagement (usage/logins); New customer (tenure <= 6 months),Send re-engagement campaign / feature tips,Basic,Annual,1,202.87
4314,CUST100697,0.1095,Low,General elevated risk - manual review,Offer annual-plan incentive,Basic,Annual,48,208.17
4315,CUST103344,0.1093,Low,General elevated risk - manual review,Offer annual-plan incentive,Standard,Annual,40,398.83
4316,CUST100562,0.1089,Low,Slow support resolution,Priority callback from support lead,Premium,Annual,16,731.22
4317,CUST100111,0.1088,Low,Very low engagement (usage/logins); Month-to-month contract (no lock-in),Send re-engagement campaign / feature tips,Basic,Monthly,54,197.39
4318,CUST102292,0.1087,Low,Slow support resolution,Priority callback from support lead,Basic,Annual,10,192.52
4319,CUST104541,0.1087,Low,Slow support resolution; Month-to-month contract (no lock-in),Priority callback from support lead,Standard,Monthly,35,347.1
4320,CUST100708,0.1084,Low,General elevated risk - manual review,Offer annual-plan incentive,Basic,Annual,36,192.41
4321,CUST101938,0.1084,Low,Repeated late payments,Offer flexible payment / autopay setup,Basic,Annual,53,190.42
4322,CUST103151,0.108,Low,General elevated risk - manual review,Offer annual-plan incentive,Basic,Annual,44,212.26
4323,CUST101217,0.108,Low,General elevated risk - manual review,Offer annual-plan incentive,Standard,Annual,25,385.38
4324,CUST102355,0.1079,Low,Month-to-month contract (no lock-in),Offer annual-plan incentive,Standard,Monthly,36,395.64
4325,CUST103113,0.1078,Low,Usage dropped sharply over 3 months; Recent price increase,Offer loyalty discount / plan review,Standard,Annual,72,1500.0
4326,CUST100876,0.1077,Low,Recent price increase,Offer loyalty discount / plan review,Basic,Annual,33,192.39
4327,CUST100081,0.1077,Low,Usage dropped sharply over 3 months,Send re-engagement campaign / feature tips,Standard,Annual,48,404.58
4328,CUST103452,0.1076,Low,Repeated late payments; Recent price increase,Offer loyalty discount / plan review,Standard,Annual,40,429.19
4329,CUST100630,0.1074,Low,Low satisfaction score; Recent price increase,Offer loyalty discount / plan review,Standard,Annual,72,415.64
4330,CUST104236,0.1068,Low,Repeated late payments; Month-to-month contract (no lock-in),Offer flexible payment / autopay setup,Basic,Monthly,20,195.51
4331,CUST101572,0.1067,Low,Frequent support contacts; Recent price increase,Offer loyalty discount / plan review,Basic,Annual,15,197.51
4332,CUST101337,0.1066,Low,General elevated risk - manual review,Offer annual-plan incentive,Premium,Annual,68,753.58
4333,CUST101395,0.1066,Low,General elevated risk - manual review,Offer annual-plan incentive,Standard,Annual,16,401.48
4334,CUST102811,0.1065,Low,Slow support resolution,Priority callback from support lead,Basic,Annual,30,189.07
4335,CUST103536,0.1064,Low,Slow support resolution; Month-to-month contract (no lock-in),Priority callback from support lead,Basic,Monthly,71,190.1
4336,CUST104100,0.1064,Low,Repeated late payments,Offer flexible payment / autopay setup,Basic,Annual,11,196.04
4337,CUST102690,0.1063,Low,General elevated risk - manual review,Offer annual-plan incentive,Premium,Annual,12,654.29
4338,CUST103543,0.1063,Low,Usage dropped sharply over 3 months; Recent price increase; Month-to-month contract (no lock-in),Offer loyalty discount / plan review,Basic,Monthly,66,202.32
4339,CUST100528,0.106,Low,Month-to-month contract (no lock-in); New customer (tenure <= 6 months),Offer annual-plan incentive,Basic,Monthly,3,212.66
4340,CUST100020,0.1059,Low,Recent price increase; Month-to-month contract (no lock-in),Offer loyalty discount / plan review,Premium,Monthly,56,654.64
4341,CUST101030,0.1058,Low,General elevated risk - manual review,Offer annual-plan incentive,Basic,Annual,13,180.09
4342,CUST103323,0.1055,Low,Recent price increase; Month-to-month contract (no lock-in),Offer loyalty discount / plan review,Premium,Monthly,14,680.83
4343,CUST102871,0.1054,Low,General elevated risk - manual review,Offer annual-plan incentive,Standard,Annual,26,408.58
4344,CUST104908,0.1054,Low,Recent price increase; Month-to-month contract (no lock-in),Offer loyalty discount / plan review,Basic,Monthly,48,209.71
4345,CUST102201,0.1053,Low,General elevated risk - manual review,Offer annual-plan incentive,Premium,Annual,24,690.95
4346,CUST101542,0.1052,Low,Month-to-month contract (no lock-in),Offer annual-plan incentive,Standard,Monthly,52,379.54
4347,CUST103390,0.1052,Low,New customer (tenure <= 6 months),Offer annual-plan incentive,Standard,Annual,4,375.18
4348,CUST103782,0.1049,Low,Slow support resolution; Repeated late payments,Priority callback from support lead,Premium,Annual,38,696.47
4349,CUST100661,0.1048,Low,Usage dropped sharply over 3 months,Send re-engagement campaign / feature tips,Standard,Annual,18,428.59
4350,CUST101907,0.1045,Low,New customer (tenure <= 6 months),Offer annual-plan incentive,Standard,Annual,1,421.33
4351,CUST100963,0.1044,Low,Repeated late payments,Offer flexible payment / autopay setup,Standard,Annual,50,414.75
4352,CUST103094,0.1044,Low,Slow support resolution,Priority callback from support lead,Premium,Annual,19,664.44
4353,CUST104517,0.1043,Low,General elevated risk - manual review,Offer annual-plan incentive,Basic,Annual,9,203.63
4354,CUST103032,0.1042,Low,New customer (tenure <= 6 months),Offer annual-plan incentive,Basic,Annual,5,198.12
4355,CUST102678,0.1041,Low,Month-to-month contract (no lock-in),Offer annual-plan incentive,Standard,Monthly,21,389.26
4356,CUST102476,0.1041,Low,New customer (tenure <= 6 months),Offer annual-plan incentive,Premium,Annual,3,716.2
4357,CUST101804,0.1038,Low,Month-to-month contract (no lock-in),Offer annual-plan incentive,Premium,Monthly,26,763.19
4358,CUST101166,0.1038,Low,Low satisfaction score; Month-to-month contract (no lock-in),Priority callback from support lead,Standard,Monthly,21,397.91
4359,CUST104069,0.1037,Low,General elevated risk - manual review,Offer annual-plan incentive,Premium,Annual,14,684.16
4360,CUST102608,0.1037,Low,Slow support resolution,Priority callback from support lead,Standard,Annual,24,405.72
4361,CUST101090,0.1037,Low,Month-to-month contract (no lock-in),Offer annual-plan incentive,Standard,Monthly,15,456.61
4362,CUST103162,0.1035,Low,Frequent support contacts,Priority callback from support lead,Basic,Annual,18,195.31
4363,CUST103696,0.1035,Low,Month-to-month contract (no lock-in),Offer annual-plan incentive,Basic,Monthly,70,209.51
4364,CUST104982,0.1034,Low,Low satisfaction score; Month-to-month contract (no lock-in),Priority callback from support lead,Premium,Monthly,58,718.4
4365,CUST100210,0.1034,Low,Recent price increase; Month-to-month contract (no lock-in),Offer loyalty discount / plan review,Standard,Monthly,12,404.81
4366,CUST101187,0.1033,Low,Frequent support contacts; Slow support resolution; New customer (tenure <= 6 months),Priority callback from support lead,Premium,Annual,4,664.0
4367,CUST100327,0.1031,Low,Slow support resolution; Low satisfaction score; New customer (tenure <= 6 months),Priority callback from support lead,Premium,Annual,5,699.18
4368,CUST101481,0.1031,Low,Slow support resolution; Repeated late payments; Recent price increase,Offer loyalty discount / plan review,Basic,Annual,29,183.9
4369,CUST103255,0.1031,Low,Repeated late payments,Offer flexible payment / autopay setup,Standard,Annual,51,416.63
4370,CUST103948,0.103,Low,Usage dropped sharply over 3 months,Send re-engagement campaign / feature tips,Standard,Annual,8,433.37
4371,CUST104401,0.1029,Low,New customer (tenure <= 6 months),Offer annual-plan incentive,Basic,Annual,1,196.23
4372,CUST102650,0.1028,Low,Month-to-month contract (no lock-in); New customer (tenure <= 6 months),Offer annual-plan incentive,Basic,Monthly,1,198.33
4373,CUST102531,0.1027,Low,General elevated risk - manual review,Offer annual-plan incentive,Basic,Annual,20,208.97
4374,CUST100068,0.1027,Low,Month-to-month contract (no lock-in),Offer annual-plan incentive,Basic,Monthly,14,203.83
4375,CUST103387,0.1027,Low,Low satisfaction score; Recent price increase; Month-to-month contract (no lock-in),Offer loyalty discount / plan review,Basic,Monthly,54,207.16
4376,CUST101998,0.1025,Low,Slow support resolution; Month-to-month contract (no lock-in),Priority callback from support lead,Standard,Monthly,40,385.93
4377,CUST104549,0.1022,Low,Low satisfaction score,Priority callback from support lead,Basic,Annual,51,197.81
4378,CUST103785,0.1017,Low,General elevated risk - manual review,Offer annual-plan incentive,Basic,Annual,15,211.26
4379,CUST102527,0.1012,Low,Usage dropped sharply over 3 months; Slow support resolution; Recent price increase; Month-to-month contract (no lock-in),Offer loyalty discount / plan review,Basic,Monthly,54,197.78
4380,CUST104327,0.1012,Low,Frequent support contacts; Recent price increase; New customer (tenure <= 6 months),Offer loyalty discount / plan review,Premium,Annual,3,690.31
4381,CUST102933,0.1009,Low,Month-to-month contract (no lock-in),Offer annual-plan incentive,Basic,Monthly,18,196.08
4382,CUST101928,0.1008,Low,Slow support resolution; New customer (tenure <= 6 months),Priority callback from support lead,Basic,Annual,1,179.57
4383,CUST102850,0.1007,Low,Month-to-month contract (no lock-in),Offer annual-plan incentive,Standard,Monthly,17,347.5
4384,CUST103723,0.1006,Low,Month-to-month contract (no lock-in),Offer annual-plan incentive,Basic,Monthly,15,184.67
4385,CUST100747,0.1005,Low,Month-to-month contract (no lock-in),Offer annual-plan incentive,Basic,Monthly,35,198.48
4386,CUST104365,0.1003,Low,Recent price increase; New customer (tenure <= 6 months),Offer loyalty discount / plan review,Standard,Annual,5,402.05
4387,CUST104761,0.1002,Low,Repeated late payments,Offer flexible payment / autopay setup,Basic,Annual,15,195.74
4388,CUST100482,0.1001,Low,General elevated risk - manual review,Offer annual-plan incentive,Basic,Annual,8,183.05
4389,CUST101357,0.1,Low,General elevated risk - manual review,Offer annual-plan incentive,Standard,Annual,9,423.43
4390,CUST100062,0.0999,Low,Low satisfaction score,Priority callback from support lead,Standard,Annual,37,391.37
4391,CUST103495,0.0999,Low,Month-to-month contract (no lock-in); New customer (tenure <= 6 months),Offer annual-plan incentive,Basic,Monthly,1,188.56
4392,CUST102229,0.0997,Low,Month-to-month contract (no lock-in),Offer annual-plan incentive,Basic,Monthly,33,200.78
4393,CUST100176,0.0997,Low,Frequent support contacts; Slow support resolution; Recent price increase,Offer loyalty discount / plan review,Basic,Annual,34,1228.68
4394,CUST101424,0.0996,Low,Recent price increase; Month-to-month contract (no lock-in),Offer loyalty discount / plan review,Standard,Monthly,32,410.91
4395,CUST103351,0.0994,Low,General elevated risk - manual review,Offer annual-plan incentive,Premium,Annual,13,673.26
4396,CUST101616,0.0993,Low,Slow support resolution; Recent price increase; Month-to-month contract (no lock-in),Offer loyalty discount / plan review,Premium,Monthly,22,672.72
4397,CUST102926,0.0991,Low,Slow support resolution; Month-to-month contract (no lock-in),Priority callback from support lead,Standard,Monthly,44,418.1
4398,CUST104730,0.0987,Low,Month-to-month contract (no lock-in),Offer annual-plan incentive,Premium,Monthly,65,658.97
4399,CUST102930,0.0986,Low,New customer (tenure <= 6 months),Offer annual-plan incentive,Basic,Annual,3,198.26
4400,CUST102799,0.0984,Low,Slow support resolution,Priority callback from support lead,Basic,Annual,16,199.46
4401,CUST101502,0.0981,Low,Slow support resolution,Priority callback from support lead,Standard,Annual,31,387.89
4402,CUST102830,0.0978,Low,New customer (tenure <= 6 months),Offer annual-plan incentive,Standard,Annual,5,413.81
4403,CUST101555,0.0977,Low,Usage dropped sharply over 3 months,Send re-engagement campaign / feature tips,Premium,Annual,12,678.03
4404,CUST103148,0.0977,Low,Recent price increase; New customer (tenure <= 6 months),Offer loyalty discount / plan review,Standard,Annual,6,368.4
4405,CUST103475,0.0977,Low,Recent price increase; Month-to-month contract (no lock-in),Offer loyalty discount / plan review,Basic,Monthly,22,196.54
4406,CUST101402,0.0976,Low,Usage dropped sharply over 3 months; Recent price increase; New customer (tenure <= 6 months),Offer loyalty discount / plan review,Basic,Annual,5,197.98
4407,CUST102346,0.0976,Low,Recent price increase; Month-to-month contract (no lock-in),Offer loyalty discount / plan review,Basic,Monthly,40,199.99
4408,CUST102307,0.0975,Low,Recent price increase; Month-to-month contract (no lock-in),Offer loyalty discount / plan review,Standard,Monthly,24,440.78
4409,CUST102797,0.0973,Low,Low satisfaction score; Repeated late payments; Recent price increase; Month-to-month contract (no lock-in),Offer loyalty discount / plan review,Standard,Monthly,72,397.77
4410,CUST104769,0.0972,Low,Month-to-month contract (no lock-in),Offer annual-plan incentive,Standard,Monthly,72,403.16
4411,CUST103670,0.0971,Low,Repeated late payments; Month-to-month contract (no lock-in),Offer flexible payment / autopay setup,Premium,Monthly,34,698.37
4412,CUST104958,0.0971,Low,Month-to-month contract (no lock-in),Offer annual-plan incentive,Basic,Monthly,8,209.42
4413,CUST101325,0.0969,Low,Month-to-month contract (no lock-in),Offer annual-plan incentive,Standard,Monthly,33,396.9
4414,CUST104993,0.0969,Low,Usage dropped sharply over 3 months; Month-to-month contract (no lock-in),Send re-engagement campaign / feature tips,Standard,Monthly,61,404.81
4415,CUST101011,0.0967,Low,Recent price increase; Month-to-month contract (no lock-in),Offer loyalty discount / plan review,Basic,Monthly,68,204.26
4416,CUST101047,0.0966,Low,Slow support resolution; Low satisfaction score,Priority callback from support lead,Basic,Annual,72,174.64
4417,CUST101734,0.0965,Low,Slow support resolution; New customer (tenure <= 6 months),Priority callback from support lead,Basic,Annual,5,198.28
4418,CUST103183,0.0964,Low,Month-to-month contract (no lock-in),Offer annual-plan incentive,Standard,Monthly,41,395.15
4419,CUST104397,0.0964,Low,Frequent support contacts,Priority callback from support lead,Premium,Annual,20,666.43
4420,CUST101763,0.0962,Low,Recent price increase; Month-to-month contract (no lock-in),Offer loyalty discount / plan review,Standard,Monthly,45,415.98
4421,CUST100343,0.0961,Low,Usage dropped sharply over 3 months; Month-to-month contract (no lock-in),Send re-engagement campaign / feature tips,Premium,Monthly,72,677.45
4422,CUST101020,0.096,Low,General elevated risk - manual review,Offer annual-plan incentive,Basic,Annual,18,199.85
4423,CUST101824,0.0959,Low,Recent price increase,Offer loyalty discount / plan review,Premium,Annual,9,721.08
4424,CUST101074,0.0959,Low,Month-to-month contract (no lock-in),Offer annual-plan incentive,Standard,Monthly,38,375.12
4425,CUST101359,0.0958,Low,General elevated risk - manual review,Offer annual-plan incentive,Premium,Annual,25,728.71
4426,CUST100201,0.0957,Low,Recent price increase,Offer loyalty discount / plan review,Basic,Annual,16,175.69
4427,CUST101528,0.0955,Low,New customer (tenure <= 6 months),Offer annual-plan incentive,Premium,Annual,3,701.86
4428,CUST104763,0.0955,Low,Usage dropped sharply over 3 months,Send re-engagement campaign / feature tips,Basic,Annual,71,185.67
4429,CUST102154,0.0953,Low,General elevated risk - manual review,Offer annual-plan incentive,Standard,Annual,20,414.75
4430,CUST103565,0.0953,Low,Slow support resolution; Recent price increase,Offer loyalty discount / plan review,Basic,Annual,41,210.51
4431,CUST104526,0.0951,Low,General elevated risk - manual review,Offer annual-plan incentive,Basic,Annual,10,188.23
4432,CUST102243,0.0949,Low,General elevated risk - manual review,Offer annual-plan incentive,Standard,Annual,28,405.15
4433,CUST101199,0.0949,Low,Recent price increase,Offer loyalty discount / plan review,Premium,Annual,14,717.32
4434,CUST103345,0.0949,Low,Recent price increase; Month-to-month contract (no lock-in),Offer loyalty discount / plan review,Basic,Monthly,19,180.1
4435,CUST103679,0.0947,Low,General elevated risk - manual review,Offer annual-plan incentive,Basic,Annual,12,202.8
4436,CUST104015,0.0944,Low,Slow support resolution; Month-to-month contract (no lock-in),Priority callback from support lead,Premium,Monthly,51,673.95
4437,CUST103218,0.0942,Low,General elevated risk - manual review,Offer annual-plan incentive,Standard,Annual,56,412.06
4438,CUST100864,0.0942,Low,Month-to-month contract (no lock-in),Offer annual-plan incentive,Basic,Monthly,52,191.42
4439,CUST100279,0.0942,Low,Repeated late payments; Month-to-month contract (no lock-in),Offer flexible payment / autopay setup,Basic,Monthly,42,204.39
4440,CUST101376,0.0936,Low,Month-to-month contract (no lock-in),Offer annual-plan incentive,Standard,Monthly,22,355.93
4441,CUST104052,0.0936,Low,Month-to-month contract (no lock-in),Offer annual-plan incentive,Basic,Monthly,40,202.33
4442,CUST101474,0.0936,Low,Month-to-month contract (no lock-in),Offer annual-plan incentive,Basic,Monthly,70,206.97
4443,CUST101675,0.0936,Low,Usage dropped sharply over 3 months; Slow support resolution,Priority callback from support lead,Standard,Annual,48,442.75
4444,CUST103476,0.0935,Low,Month-to-month contract (no lock-in),Offer annual-plan incentive,Basic,Monthly,35,199.26
4445,CUST102762,0.0935,Low,Month-to-month contract (no lock-in); New customer (tenure <= 6 months),Offer annual-plan incentive,Basic,Monthly,1,199.84
4446,CUST100017,0.0934,Low,Month-to-month contract (no lock-in),Offer annual-plan incentive,Standard,Monthly,42,389.25
4447,CUST104398,0.0934,Low,General elevated risk - manual review,Offer annual-plan incentive,Basic,Annual,27,205.76
4448,CUST102630,0.0933,Low,General elevated risk - manual review,Offer annual-plan incentive,Basic,Annual,28,204.12
4449,CUST104984,0.0933,Low,New customer (tenure <= 6 months),Offer annual-plan incentive,Standard,Annual,1,382.6
4450,CUST104803,0.0933,Low,Frequent support contacts; Low satisfaction score,Priority callback from support lead,Basic,Annual,29,193.95
4451,CUST102750,0.0932,Low,Month-to-month contract (no lock-in),Offer annual-plan incentive,Premium,Monthly,34,686.85
4452,CUST104911,0.093,Low,Frequent support contacts; Recent price increase,Offer loyalty discount / plan review,Standard,Annual,9,436.99
4453,CUST102444,0.0929,Low,Month-to-month contract (no lock-in),Offer annual-plan incentive,Basic,Monthly,44,191.16
4454,CUST104302,0.0928,Low,General elevated risk - manual review,Offer annual-plan incentive,Premium,Annual,30,647.03
4455,CUST100917,0.0928,Low,Month-to-month contract (no lock-in),Offer annual-plan incentive,Standard,Monthly,72,404.05
4456,CUST102141,0.0928,Low,Low satisfaction score,Priority callback from support lead,Basic,Annual,72,184.45
4457,CUST100244,0.0928,Low,Very low engagement (usage/logins),Send re-engagement campaign / feature tips,Premium,Annual,13,640.51
4458,CUST104032,0.0926,Low,Low satisfaction score,Priority callback from support lead,Standard,Annual,25,350.0
4459,CUST101536,0.0924,Low,Usage dropped sharply over 3 months; Month-to-month contract (no lock-in),Send re-engagement campaign / feature tips,Basic,Monthly,43,184.23
4460,CUST103087,0.0924,Low,Recent price increase,Offer loyalty discount / plan review,Basic,Annual,16,208.45
4461,CUST101196,0.0921,Low,Recent price increase; Month-to-month contract (no lock-in),Offer loyalty discount / plan review,Standard,Monthly,55,374.73
4462,CUST100381,0.0918,Low,Recent price increase; Month-to-month contract (no lock-in),Offer loyalty discount / plan review,Basic,Monthly,20,196.56
4463,CUST102187,0.0916,Low,New customer (tenure <= 6 months),Offer annual-plan incentive,Premium,Annual,4,683.84
4464,CUST102722,0.0916,Low,General elevated risk - manual review,Offer annual-plan incentive,Standard,Annual,17,412.48
4465,CUST101626,0.0915,Low,Low satisfaction score,Priority callback from support lead,Premium,Annual,13,746.45
4466,CUST102494,0.0913,Low,Usage dropped sharply over 3 months; Low satisfaction score,Priority callback from support lead,Standard,Annual,35,425.24
4467,CUST104337,0.0912,Low,General elevated risk - manual review,Offer annual-plan incentive,Standard,Annual,18,394.94
4468,CUST102038,0.0911,Low,General elevated risk - manual review,Offer annual-plan incentive,Standard,Annual,7,442.94
4469,CUST102923,0.0911,Low,Recent price increase,Offer loyalty discount / plan review,Premium,Annual,25,705.41
4470,CUST101983,0.0908,Low,Month-to-month contract (no lock-in),Offer annual-plan incentive,Basic,Monthly,26,207.92
4471,CUST103399,0.0907,Low,Usage dropped sharply over 3 months; Recent price increase; Month-to-month contract (no lock-in),Offer loyalty discount / plan review,Basic,Monthly,51,202.67
4472,CUST100881,0.0907,Low,Usage dropped sharply over 3 months,Send re-engagement campaign / feature tips,Basic,Annual,49,184.48
4473,CUST103276,0.0907,Low,Month-to-month contract (no lock-in),Offer annual-plan incentive,Standard,Monthly,17,427.81
4474,CUST102623,0.0907,Low,Slow support resolution,Priority callback from support lead,Standard,Annual,53,395.71
4475,CUST101081,0.0905,Low,General elevated risk - manual review,Offer annual-plan incentive,Basic,Annual,25,197.07
4476,CUST101995,0.0905,Low,Month-to-month contract (no lock-in),Offer annual-plan incentive,Basic,Monthly,11,199.46
4477,CUST103417,0.0904,Low,General elevated risk - manual review,Offer annual-plan incentive,Standard,Annual,16,445.17
4478,CUST101431,0.09,Low,General elevated risk - manual review,Offer annual-plan incentive,Standard,Annual,14,393.36
4479,CUST102398,0.09,Low,Month-to-month contract (no lock-in),Offer annual-plan incentive,Premium,Monthly,37,657.41
4480,CUST101185,0.0898,Low,General elevated risk - manual review,Offer annual-plan incentive,Standard,Annual,23,399.55
4481,CUST104673,0.0897,Low,General elevated risk - manual review,Offer annual-plan incentive,Premium,Annual,20,747.34
4482,CUST101955,0.0896,Low,Recent price increase,Offer loyalty discount / plan review,Basic,Annual,20,202.63
4483,CUST100264,0.0896,Low,New customer (tenure <= 6 months),Offer annual-plan incentive,Standard,Annual,2,368.37
4484,CUST100512,0.0895,Low,General elevated risk - manual review,Offer annual-plan incentive,Premium,Annual,23,709.3
4485,CUST103012,0.0894,Low,New customer (tenure <= 6 months),Offer annual-plan incentive,Basic,Annual,1,205.84
4486,CUST104727,0.0885,Low,General elevated risk - manual review,Offer annual-plan incentive,Standard,Annual,27,384.33
4487,CUST101935,0.0885,Low,General elevated risk - manual review,Offer annual-plan incentive,Premium,Annual,18,678.99
4488,CUST104080,0.0884,Low,Month-to-month contract (no lock-in),Offer annual-plan incentive,Standard,Monthly,42,390.81
4489,CUST104182,0.0882,Low,Month-to-month contract (no lock-in),Offer annual-plan incentive,Premium,Monthly,40,656.42
4490,CUST102745,0.0882,Low,Usage dropped sharply over 3 months,Send re-engagement campaign / feature tips,Basic,Annual,72,195.33
4491,CUST100642,0.088,Low,Usage dropped sharply over 3 months,Send re-engagement campaign / feature tips,Standard,Annual,10,414.56
4492,CUST103853,0.0877,Low,Frequent support contacts,Priority callback from support lead,Standard,Annual,38,409.85
4493,CUST100597,0.0876,Low,New customer (tenure <= 6 months),Offer annual-plan incentive,Standard,Annual,4,413.9
4494,CUST102682,0.0876,Low,General elevated risk - manual review,Offer annual-plan incentive,Standard,Annual,9,365.74
4495,CUST100659,0.0876,Low,General elevated risk - manual review,Offer annual-plan incentive,Basic,Annual,38,198.22
4496,CUST103385,0.0875,Low,General elevated risk - manual review,Offer annual-plan incentive,Standard,Annual,25,389.0
4497,CUST101957,0.0875,Low,General elevated risk - manual review,Offer annual-plan incentive,Premium,Annual,12,678.29
4498,CUST102000,0.0872,Low,New customer (tenure <= 6 months),Offer annual-plan incentive,Basic,Annual,2,196.13
4499,CUST100667,0.0872,Low,Slow support resolution,Priority callback from support lead,Standard,Annual,27,399.35
4500,CUST102915,0.0872,Low,General elevated risk - manual review,Offer annual-plan incentive,Standard,Annual,72,386.26
4501,CUST101667,0.0869,Low,Slow support resolution; New customer (tenure <= 6 months),Priority callback from support lead,Standard,Annual,3,357.39
4502,CUST103737,0.0867,Low,General elevated risk - manual review,Offer annual-plan incentive,Basic,Annual,42,203.65
4503,CUST102566,0.0866,Low,Frequent support contacts,Priority callback from support lead,Basic,Annual,25,194.06
4504,CUST103386,0.0865,Low,Low satisfaction score; Recent price increase; Month-to-month contract (no lock-in),Offer loyalty discount / plan review,Basic,Monthly,55,196.97
4505,CUST104428,0.0863,Low,Usage dropped sharply over 3 months; New customer (tenure <= 6 months),Send re-engagement campaign / feature tips,Basic,Annual,1,213.78
4506,CUST103593,0.0863,Low,Month-to-month contract (no lock-in),Offer annual-plan incentive,Standard,Monthly,72,403.55
4507,CUST104328,0.086,Low,Usage dropped sharply over 3 months; Recent price increase,Offer loyalty discount / plan review,Premium,Annual,35,752.44
4508,CUST103451,0.0857,Low,Slow support resolution,Priority callback from support lead,Basic,Annual,18,197.59
4509,CUST101060,0.0855,Low,Slow support resolution; Month-to-month contract (no lock-in),Priority callback from support lead,Standard,Monthly,43,399.68
4510,CUST101055,0.0855,Low,Month-to-month contract (no lock-in),Offer annual-plan incentive,Standard,Monthly,23,370.03
4511,CUST103374,0.0852,Low,Month-to-month contract (no lock-in),Offer annual-plan incentive,Standard,Monthly,55,400.63
4512,CUST100074,0.0849,Low,Slow support resolution; Low satisfaction score,Priority callback from support lead,Standard,Annual,42,377.08
4513,CUST101127,0.0849,Low,Month-to-month contract (no lock-in),Offer annual-plan incentive,Basic,Monthly,12,197.68
4514,CUST100928,0.0848,Low,Month-to-month contract (no lock-in),Offer annual-plan incentive,Standard,Monthly,64,369.58
4515,CUST100000,0.0846,Low,Month-to-month contract (no lock-in),Offer annual-plan incentive,Standard,Monthly,70,420.11
4516,CUST100028,0.0846,Low,New customer (tenure <= 6 months),Offer annual-plan incentive,Premium,Annual,4,677.5
4517,CUST101752,0.0846,Low,General elevated risk - manual review,Offer annual-plan incentive,Premium,Annual,23,700.85
4518,CUST101548,0.0844,Low,Usage dropped sharply over 3 months; Month-to-month contract (no lock-in),Send re-engagement campaign / feature tips,Standard,Monthly,52,380.83
4519,CUST101862,0.0843,Low,General elevated risk - manual review,Offer annual-plan incentive,Basic,Annual,44,205.18
4520,CUST100066,0.0841,Low,Month-to-month contract (no lock-in),Offer annual-plan incentive,Premium,Monthly,33,678.8
4521,CUST104384,0.0838,Low,General elevated risk - manual review,Offer annual-plan incentive,Standard,Annual,18,405.06
4522,CUST102298,0.0837,Low,Month-to-month contract (no lock-in),Offer annual-plan incentive,Standard,Monthly,72,398.63
4523,CUST100045,0.0836,Low,Month-to-month contract (no lock-in),Offer annual-plan incentive,Basic,Monthly,40,183.21
4524,CUST101345,0.0834,Low,General elevated risk - manual review,Offer annual-plan incentive,Standard,Annual,13,407.22
4525,CUST104718,0.0833,Low,Recent price increase; Month-to-month contract (no lock-in); New customer (tenure <= 6 months),Offer loyalty discount / plan review,Basic,Monthly,4,198.81
4526,CUST102228,0.0831,Low,General elevated risk - manual review,Offer annual-plan incentive,Basic,Annual,57,209.74
4527,CUST101396,0.0831,Low,General elevated risk - manual review,Offer annual-plan incentive,Standard,Annual,72,407.24
4528,CUST103064,0.083,Low,Recent price increase; Month-to-month contract (no lock-in),Offer loyalty discount / plan review,Basic,Monthly,32,199.41
4529,CUST100141,0.083,Low,Month-to-month contract (no lock-in),Offer annual-plan incentive,Standard,Monthly,13,420.44
4530,CUST104992,0.083,Low,Recent price increase; New customer (tenure <= 6 months),Offer loyalty discount / plan review,Basic,Annual,3,198.49
4531,CUST100341,0.0828,Low,Frequent support contacts; Slow support resolution; Repeated late payments,Priority callback from support lead,Standard,Annual,72,402.67
4532,CUST101241,0.0828,Low,New customer (tenure <= 6 months),Offer annual-plan incentive,Premium,Annual,4,727.13
4533,CUST103202,0.0825,Low,Month-to-month contract (no lock-in),Offer annual-plan incentive,Basic,Monthly,40,186.66
4534,CUST102039,0.0825,Low,Month-to-month contract (no lock-in); New customer (tenure <= 6 months),Offer annual-plan incentive,Standard,Monthly,1,387.57
4535,CUST104308,0.0825,Low,Low satisfaction score,Priority callback from support lead,Premium,Annual,41,757.31
4536,CUST104187,0.0824,Low,General elevated risk - manual review,Offer annual-plan incentive,Standard,Annual,33,392.82
4537,CUST100817,0.0823,Low,Month-to-month contract (no lock-in),Offer annual-plan incentive,Standard,Monthly,57,373.84
4538,CUST103791,0.0823,Low,New customer (tenure <= 6 months),Offer annual-plan incentive,Premium,Annual,5,682.26
4539,CUST101118,0.0823,Low,General elevated risk - manual review,Offer annual-plan incentive,Premium,Annual,8,698.13
4540,CUST102649,0.0822,Low,Month-to-month contract (no lock-in),Offer annual-plan incentive,Premium,Monthly,62,702.73
4541,CUST104651,0.0821,Low,Low satisfaction score; Month-to-month contract (no lock-in),Priority callback from support lead,Standard,Monthly,49,433.19
4542,CUST101590,0.082,Low,General elevated risk - manual review,Offer annual-plan incentive,Standard,Annual,9,405.27
4543,CUST104972,0.082,Low,Month-to-month contract (no lock-in),Offer annual-plan incentive,Basic,Monthly,19,181.98
4544,CUST100743,0.0819,Low,Month-to-month contract (no lock-in),Offer annual-plan incentive,Standard,Monthly,42,449.33
4545,CUST100440,0.0817,Low,Slow support resolution; Low satisfaction score,Priority callback from support lead,Premium,Annual,8,769.91
4546,CUST102659,0.0813,Low,Month-to-month contract (no lock-in),Offer annual-plan incentive,Basic,Monthly,44,214.5
4547,CUST101489,0.0812,Low,Frequent support contacts; Month-to-month contract (no lock-in),Priority callback from support lead,Basic,Monthly,33,208.99
4548,CUST104597,0.0811,Low,Month-to-month contract (no lock-in),Offer annual-plan incentive,Premium,Monthly,33,681.49
4549,CUST102095,0.081,Low,General elevated risk - manual review,Offer annual-plan incentive,Basic,Annual,8,210.38
4550,CUST102911,0.0809,Low,Low satisfaction score; Month-to-month contract (no lock-in),Priority callback from support lead,Basic,Monthly,27,198.83
4551,CUST104502,0.0807,Low,Recent price increase; Month-to-month contract (no lock-in),Offer loyalty discount / plan review,Basic,Monthly,41,212.51
4552,CUST100314,0.0804,Low,Usage dropped sharply over 3 months; Slow support resolution; Month-to-month contract (no lock-in),Priority callback from support lead,Basic,Monthly,58,200.6
4553,CUST104558,0.0804,Low,New customer (tenure <= 6 months),Offer annual-plan incentive,Basic,Annual,6,181.23
4554,CUST100183,0.0804,Low,Frequent support contacts,Priority callback from support lead,Basic,Annual,22,199.77
4555,CUST103868,0.0801,Low,General elevated risk - manual review,Offer annual-plan incentive,Basic,Annual,7,194.99
4556,CUST103088,0.0801,Low,General elevated risk - manual review,Offer annual-plan incentive,Basic,Annual,65,188.86
4557,CUST102872,0.08,Low,Recent price increase; Month-to-month contract (no lock-in),Offer loyalty discount / plan review,Basic,Monthly,72,196.91
4558,CUST102401,0.0798,Low,Month-to-month contract (no lock-in),Offer annual-plan incentive,Standard,Monthly,10,395.68
4559,CUST102697,0.0797,Low,General elevated risk - manual review,Offer annual-plan incentive,Basic,Annual,29,201.39
4560,CUST101215,0.0796,Low,Recent price increase; Month-to-month contract (no lock-in); New customer (tenure <= 6 months),Offer loyalty discount / plan review,Basic,Monthly,4,185.67
4561,CUST104612,0.0795,Low,Month-to-month contract (no lock-in),Offer annual-plan incentive,Premium,Monthly,67,690.11
4562,CUST103316,0.0795,Low,Month-to-month contract (no lock-in),Offer annual-plan incentive,Premium,Monthly,16,675.2
4563,CUST104147,0.0795,Low,Month-to-month contract (no lock-in),Offer annual-plan incentive,Standard,Monthly,8,402.63
4564,CUST104630,0.0794,Low,Month-to-month contract (no lock-in),Offer annual-plan incentive,Standard,Monthly,33,384.22
4565,CUST100224,0.0794,Low,General elevated risk - manual review,Offer annual-plan incentive,Premium,Annual,15,647.81
4566,CUST102713,0.0794,Low,Slow support resolution,Priority callback from support lead,Standard,Annual,35,426.75
4567,CUST102428,0.0793,Low,Recent price increase; Month-to-month contract (no lock-in),Offer loyalty discount / plan review,Basic,Monthly,8,193.17
4568,CUST101331,0.0791,Low,Recent price increase; Month-to-month contract (no lock-in),Offer loyalty discount / plan review,Basic,Monthly,41,182.71
4569,CUST104263,0.079,Low,General elevated risk - manual review,Offer annual-plan incentive,Basic,Annual,13,198.34
4570,CUST100577,0.0788,Low,General elevated risk - manual review,Offer annual-plan incentive,Standard,Annual,8,401.7
4571,CUST100988,0.0788,Low,Slow support resolution; Month-to-month contract (no lock-in),Priority callback from support lead,Premium,Monthly,40,728.43
4572,CUST101429,0.0784,Low,Frequent support contacts; Slow support resolution; Month-to-month contract (no lock-in),Priority callback from support lead,Basic,Monthly,51,201.21
4573,CUST101251,0.0783,Low,General elevated risk - manual review,Offer annual-plan incentive,Premium,Annual,9,730.67
4574,CUST102003,0.0783,Low,Month-to-month contract (no lock-in),Offer annual-plan incentive,Basic,Monthly,12,200.66
4575,CUST100405,0.078,Low,Recent price increase,Offer loyalty discount / plan review,Basic,Annual,31,207.77
4576,CUST104382,0.0777,Low,Repeated late payments,Offer flexible payment / autopay setup,Premium,Annual,72,677.09
4577,CUST103776,0.0776,Low,Recent price increase,Offer loyalty discount / plan review,Premium,Annual,44,727.58
4578,CUST102276,0.0776,Low,General elevated risk - manual review,Offer annual-plan incentive,Premium,Annual,18,706.94
4579,CUST101312,0.0773,Low,Month-to-month contract (no lock-in),Offer annual-plan incentive,Premium,Monthly,59,747.88
4580,CUST103403,0.0772,Low,Frequent support contacts,Priority callback from support lead,Standard,Annual,24,369.44
4581,CUST102544,0.0772,Low,Recent price increase,Offer loyalty discount / plan review,Basic,Annual,28,183.51
4582,CUST104684,0.0771,Low,Recent price increase,Offer loyalty discount / plan review,Standard,Annual,46,391.96
4583,CUST103028,0.0771,Low,Low satisfaction score; Month-to-month contract (no lock-in),Priority callback from support lead,Premium,Monthly,56,660.42
4584,CUST101725,0.0767,Low,Month-to-month contract (no lock-in),Offer annual-plan incentive,Basic,Monthly,8,185.05
4585,CUST101410,0.0764,Low,Low satisfaction score; Month-to-month contract (no lock-in),Priority callback from support lead,Basic,Monthly,51,190.14
4586,CUST103462,0.0764,Low,Usage dropped sharply over 3 months; Month-to-month contract (no lock-in),Send re-engagement campaign / feature tips,Premium,Monthly,68,732.48
4587,CUST103659,0.0763,Low,General elevated risk - manual review,Offer annual-plan incentive,Standard,Annual,72,387.73
4588,CUST103212,0.0763,Low,Frequent support contacts; Month-to-month contract (no lock-in),Priority callback from support lead,Premium,Monthly,64,717.98
4589,CUST102685,0.0763,Low,General elevated risk - manual review,Offer annual-plan incentive,Basic,Annual,29,187.55
4590,CUST102368,0.0763,Low,New customer (tenure <= 6 months),Offer annual-plan incentive,Standard,Annual,2,419.61
4591,CUST104529,0.0761,Low,General elevated risk - manual review,Offer annual-plan incentive,Basic,Annual,14,196.14
4592,CUST104446,0.0759,Low,General elevated risk - manual review,Offer annual-plan incentive,Basic,Annual,72,191.04
4593,CUST100071,0.0757,Low,Recent price increase,Offer loyalty discount / plan review,Basic,Annual,32,209.04
4594,CUST103215,0.0757,Low,General elevated risk - manual review,Offer annual-plan incentive,Basic,Annual,23,198.8
4595,CUST101218,0.0754,Low,Month-to-month contract (no lock-in),Offer annual-plan incentive,Basic,Monthly,8,206.97
4596,CUST100682,0.0751,Low,General elevated risk - manual review,Offer annual-plan incentive,Premium,Annual,43,675.15
4597,CUST103219,0.075,Low,Recent price increase; New customer (tenure <= 6 months),Offer loyalty discount / plan review,Basic,Annual,2,190.14
4598,CUST103729,0.0747,Low,Slow support resolution; Month-to-month contract (no lock-in),Priority callback from support lead,Basic,Monthly,25,183.91
4599,CUST100611,0.0747,Low,Recent price increase,Offer loyalty discount / plan review,Basic,Annual,19,197.62
4600,CUST100523,0.0743,Low,New customer (tenure <= 6 months),Offer annual-plan incentive,Premium,Annual,1,753.56
4601,CUST100428,0.0742,Low,General elevated risk - manual review,Offer annual-plan incentive,Standard,Annual,59,385.58
4602,CUST103086,0.0738,Low,General elevated risk - manual review,Offer annual-plan incentive,Premium,Annual,38,659.25
4603,CUST100959,0.0737,Low,Month-to-month contract (no lock-in),Offer annual-plan incentive,Basic,Monthly,71,209.2
4604,CUST104217,0.0737,Low,Usage dropped sharply over 3 months,Send re-engagement campaign / feature tips,Premium,Annual,37,677.94
4605,CUST102465,0.0734,Low,General elevated risk - manual review,Offer annual-plan incentive,Premium,Annual,26,703.21
4606,CUST101361,0.0733,Low,Month-to-month contract (no lock-in),Offer annual-plan incentive,Standard,Monthly,18,426.56
4607,CUST101129,0.0733,Low,Frequent support contacts; Recent price increase; Month-to-month contract (no lock-in),Offer loyalty discount / plan review,Basic,Monthly,54,207.06
4608,CUST100320,0.073,Low,Usage dropped sharply over 3 months,Send re-engagement campaign / feature tips,Premium,Annual,68,668.33
4609,CUST101729,0.0729,Low,Slow support resolution; New customer (tenure <= 6 months),Priority callback from support lead,Standard,Annual,6,405.74
4610,CUST102969,0.0729,Low,Slow support resolution; Recent price increase,Offer loyalty discount / plan review,Standard,Annual,36,373.31
4611,CUST101635,0.0728,Low,Repeated late payments,Offer flexible payment / autopay setup,Basic,Annual,36,192.66
4612,CUST100596,0.0725,Low,Low satisfaction score,Priority callback from support lead,Premium,Annual,7,691.98
4613,CUST104178,0.0724,Low,General elevated risk - manual review,Offer annual-plan incentive,Premium,Annual,17,721.99
4614,CUST100278,0.0724,Low,Month-to-month contract (no lock-in),Offer annual-plan incentive,Basic,Monthly,47,174.91
4615,CUST100976,0.0722,Low,Usage dropped sharply over 3 months; Month-to-month contract (no lock-in),Send re-engagement campaign / feature tips,Basic,Monthly,54,209.39
4616,CUST100768,0.0722,Low,Recent price increase,Offer loyalty discount / plan review,Basic,Annual,14,198.76
4617,CUST100185,0.0721,Low,Month-to-month contract (no lock-in),Offer annual-plan incentive,Basic,Monthly,43,180.37
4618,CUST104162,0.072,Low,Month-to-month contract (no lock-in),Offer annual-plan incentive,Basic,Monthly,52,202.23
4619,CUST103454,0.072,Low,New customer (tenure <= 6 months),Offer annual-plan incentive,Standard,Annual,4,377.51
4620,CUST101244,0.0719,Low,Slow support resolution; New customer (tenure <= 6 months),Priority callback from support lead,Basic,Annual,1,189.82
4621,CUST104253,0.0718,Low,General elevated risk - manual review,Offer annual-plan incentive,Basic,Annual,54,196.88
4622,CUST102901,0.0716,Low,Slow support resolution; Recent price increase,Offer loyalty discount / plan review,Basic,Annual,24,210.71
4623,CUST102645,0.0715,Low,Recent price increase,Offer loyalty discount / plan review,Basic,Annual,11,198.63
4624,CUST103788,0.0714,Low,General elevated risk - manual review,Offer annual-plan incentive,Standard,Annual,10,389.42
4625,CUST102620,0.0714,Low,Month-to-month contract (no lock-in),Offer annual-plan incentive,Standard,Monthly,55,427.61
4626,CUST102098,0.0714,Low,Month-to-month contract (no lock-in); New customer (tenure <= 6 months),Offer annual-plan incentive,Basic,Monthly,3,191.33
4627,CUST103233,0.0714,Low,General elevated risk - manual review,Offer annual-plan incentive,Basic,Annual,39,209.37
4628,CUST104381,0.0713,Low,General elevated risk - manual review,Offer annual-plan incentive,Standard,Annual,39,413.76
4629,CUST101540,0.0712,Low,General elevated risk - manual review,Offer annual-plan incentive,Premium,Annual,16,684.19
4630,CUST101671,0.0712,Low,Low satisfaction score; Recent price increase,Offer loyalty discount / plan review,Basic,Annual,22,209.22
4631,CUST104916,0.0712,Low,Slow support resolution,Priority callback from support lead,Basic,Annual,42,192.79
4632,CUST101103,0.0711,Low,Slow support resolution,Priority callback from support lead,Basic,Annual,72,188.98
4633,CUST102617,0.0709,Low,Month-to-month contract (no lock-in),Offer annual-plan incentive,Standard,Monthly,39,400.89
4634,CUST100859,0.0709,Low,General elevated risk - manual review,Offer annual-plan incentive,Basic,Annual,41,209.91
4635,CUST104823,0.0708,Low,Recent price increase; Month-to-month contract (no lock-in),Offer loyalty discount / plan review,Basic,Monthly,46,185.8
4636,CUST102061,0.0702,Low,General elevated risk - manual review,Offer annual-plan incentive,Premium,Annual,39,671.99
4637,CUST100784,0.07,Low,Month-to-month contract (no lock-in),Offer annual-plan incentive,Basic,Monthly,23,215.95
4638,CUST104101,0.0699,Low,Slow support resolution; Recent price increase,Offer loyalty discount / plan review,Basic,Annual,39,215.37
4639,CUST100454,0.0699,Low,Recent price increase; Month-to-month contract (no lock-in),Offer loyalty discount / plan review,Basic,Monthly,10,193.87
4640,CUST103906,0.0699,Low,Month-to-month contract (no lock-in),Offer annual-plan incentive,Basic,Monthly,37,192.93
4641,CUST101425,0.0698,Low,Recent price increase; New customer (tenure <= 6 months),Offer loyalty discount / plan review,Basic,Annual,3,202.77
4642,CUST101323,0.0698,Low,General elevated risk - manual review,Offer annual-plan incentive,Basic,Annual,42,203.59
4643,CUST102624,0.0697,Low,Usage dropped sharply over 3 months; Month-to-month contract (no lock-in),Send re-engagement campaign / feature tips,Standard,Monthly,72,359.31
4644,CUST104631,0.0696,Low,General elevated risk - manual review,Offer annual-plan incentive,Basic,Annual,36,186.81
4645,CUST104104,0.0694,Low,Month-to-month contract (no lock-in),Offer annual-plan incentive,Standard,Monthly,35,393.44
4646,CUST104240,0.0694,Low,Recent price increase; New customer (tenure <= 6 months),Offer loyalty discount / plan review,Premium,Annual,4,700.54
4647,CUST100303,0.0693,Low,General elevated risk - manual review,Offer annual-plan incentive,Standard,Annual,20,407.78
4648,CUST103338,0.0689,Low,New customer (tenure <= 6 months),Offer annual-plan incentive,Standard,Annual,6,378.0
4649,CUST100718,0.0687,Low,New customer (tenure <= 6 months),Offer annual-plan incentive,Standard,Annual,1,409.89
4650,CUST104759,0.0687,Low,Recent price increase; Month-to-month contract (no lock-in),Offer loyalty discount / plan review,Basic,Monthly,64,198.8
4651,CUST104850,0.0686,Low,Month-to-month contract (no lock-in),Offer annual-plan incentive,Premium,Monthly,53,682.5
4652,CUST104346,0.0682,Low,New customer (tenure <= 6 months),Offer annual-plan incentive,Premium,Annual,6,715.64
4653,CUST104299,0.0682,Low,Usage dropped sharply over 3 months,Send re-engagement campaign / feature tips,Premium,Annual,11,755.57
4654,CUST100900,0.0681,Low,General elevated risk - manual review,Offer annual-plan incentive,Standard,Annual,28,384.64
4655,CUST100700,0.0678,Low,Month-to-month contract (no lock-in),Offer annual-plan incentive,Basic,Monthly,72,191.6
4656,CUST100238,0.0675,Low,New customer (tenure <= 6 months),Offer annual-plan incentive,Basic,Annual,6,210.78
4657,CUST100862,0.0671,Low,Slow support resolution; Month-to-month contract (no lock-in),Priority callback from support lead,Basic,Monthly,52,182.24
4658,CUST100489,0.067,Low,Month-to-month contract (no lock-in),Offer annual-plan incentive,Basic,Monthly,32,193.97
4659,CUST102092,0.0668,Low,Slow support resolution,Priority callback from support lead,Premium,Annual,50,754.68
4660,CUST102328,0.0668,Low,General elevated risk - manual review,Offer annual-plan incentive,Basic,Annual,10,212.95
4661,CUST103157,0.0664,Low,Very low engagement (usage/logins),Send re-engagement campaign / feature tips,Basic,Annual,9,205.72
4662,CUST103847,0.0662,Low,Month-to-month contract (no lock-in),Offer annual-plan incentive,Standard,Monthly,20,359.93
4663,CUST104112,0.0661,Low,Low satisfaction score,Priority callback from support lead,Premium,Annual,72,690.03
4664,CUST101680,0.0659,Low,Repeated late payments,Offer flexible payment / autopay setup,Basic,Annual,68,221.38
4665,CUST100870,0.0656,Low,Recent price increase; New customer (tenure <= 6 months),Offer loyalty discount / plan review,Premium,Annual,4,676.21
4666,CUST101085,0.0656,Low,Month-to-month contract (no lock-in),Offer annual-plan incentive,Premium,Monthly,10,681.11
4667,CUST101668,0.0656,Low,General elevated risk - manual review,Offer annual-plan incentive,Basic,Annual,30,216.78
4668,CUST100061,0.0654,Low,Recent price increase; New customer (tenure <= 6 months),Offer loyalty discount / plan review,Standard,Annual,2,421.49
4669,CUST104750,0.0653,Low,New customer (tenure <= 6 months),Offer annual-plan incentive,Standard,Annual,3,422.44
4670,CUST100569,0.0653,Low,General elevated risk - manual review,Offer annual-plan incentive,Basic,Annual,61,199.3
4671,CUST100860,0.0652,Low,General elevated risk - manual review,Offer annual-plan incentive,Basic,Annual,34,201.72
4672,CUST101265,0.0652,Low,Recent price increase,Offer loyalty discount / plan review,Basic,Annual,16,218.7
4673,CUST100872,0.0651,Low,General elevated risk - manual review,Offer annual-plan incentive,Standard,Annual,26,413.01
4674,CUST100208,0.065,Low,General elevated risk - manual review,Offer annual-plan incentive,Basic,Annual,56,185.85
4675,CUST102390,0.0649,Low,Recent price increase; New customer (tenure <= 6 months),Offer loyalty discount / plan review,Basic,Annual,3,212.36
4676,CUST103347,0.0649,Low,General elevated risk - manual review,Offer annual-plan incentive,Premium,Annual,17,661.21
4677,CUST102603,0.0645,Low,Frequent support contacts; Low satisfaction score; Recent price increase,Offer loyalty discount / plan review,Basic,Annual,68,211.86
4678,CUST102196,0.0644,Low,New customer (tenure <= 6 months),Offer annual-plan incentive,Basic,Annual,5,184.25
4679,CUST102580,0.0644,Low,Month-to-month contract (no lock-in),Offer annual-plan incentive,Premium,Monthly,42,701.03
4680,CUST104412,0.0643,Low,Usage dropped sharply over 3 months,Send re-engagement campaign / feature tips,Standard,Annual,22,415.89
4681,CUST103644,0.0642,Low,Repeated late payments,Offer flexible payment / autopay setup,Standard,Annual,12,394.86
4682,CUST100955,0.064,Low,Month-to-month contract (no lock-in),Offer annual-plan incentive,Basic,Monthly,64,212.83
4683,CUST100285,0.0639,Low,Month-to-month contract (no lock-in),Offer annual-plan incentive,Basic,Monthly,54,215.54
4684,CUST103141,0.0639,Low,Month-to-month contract (no lock-in),Offer annual-plan incentive,Standard,Monthly,41,417.32
4685,CUST103361,0.0639,Low,Slow support resolution,Priority callback from support lead,Standard,Annual,8,418.68
4686,CUST100549,0.0639,Low,General elevated risk - manual review,Offer annual-plan incentive,Premium,Annual,7,655.7
4687,CUST101952,0.0638,Low,Usage dropped sharply over 3 months,Send re-engagement campaign / feature tips,Basic,Annual,58,195.24
4688,CUST102885,0.0637,Low,General elevated risk - manual review,Offer annual-plan incentive,Premium,Annual,10,672.4
4689,CUST103844,0.0636,Low,New customer (tenure <= 6 months),Offer annual-plan incentive,Premium,Annual,1,731.46
4690,CUST100546,0.0634,Low,Recent price increase,Offer loyalty discount / plan review,Premium,Annual,37,676.03
4691,CUST102819,0.0634,Low,Repeated late payments; Month-to-month contract (no lock-in),Offer flexible payment / autopay setup,Standard,Monthly,26,400.58
4692,CUST103903,0.0633,Low,Low satisfaction score; Month-to-month contract (no lock-in),Priority callback from support lead,Premium,Monthly,65,684.33
4693,CUST101439,0.0629,Low,Month-to-month contract (no lock-in),Offer annual-plan incentive,Standard,Monthly,63,339.36
4694,CUST102593,0.0628,Low,Recent price increase,Offer loyalty discount / plan review,Standard,Annual,41,390.16
4695,CUST102666,0.0628,Low,Month-to-month contract (no lock-in),Offer annual-plan incentive,Basic,Monthly,66,188.86
4696,CUST101213,0.0628,Low,General elevated risk - manual review,Offer annual-plan incentive,Standard,Annual,17,368.76
4697,CUST100680,0.0626,Low,Low satisfaction score,Priority callback from support lead,Standard,Annual,23,352.56
4698,CUST101906,0.0625,Low,Very low engagement (usage/logins); Recent price increase; Month-to-month contract (no lock-in),Offer loyalty discount / plan review,Basic,Monthly,44,197.54
4699,CUST103751,0.0624,Low,Slow support resolution,Priority callback from support lead,Standard,Annual,16,393.99
4700,CUST102441,0.0624,Low,Month-to-month contract (no lock-in),Offer annual-plan incentive,Premium,Monthly,9,790.06
4701,CUST101165,0.0623,Low,Low satisfaction score,Priority callback from support lead,Standard,Annual,69,412.82
4702,CUST102658,0.0622,Low,Slow support resolution,Priority callback from support lead,Basic,Annual,15,196.63
4703,CUST103826,0.0621,Low,Repeated late payments,Offer flexible payment / autopay setup,Basic,Annual,8,193.95
4704,CUST104443,0.0614,Low,General elevated risk - manual review,Offer annual-plan incentive,Basic,Annual,35,198.67
4705,CUST104085,0.0613,Low,Month-to-month contract (no lock-in),Offer annual-plan incentive,Basic,Monthly,72,215.05
4706,CUST104395,0.0609,Low,Low satisfaction score; Recent price increase,Offer loyalty discount / plan review,Basic,Annual,7,177.86
4707,CUST103988,0.0608,Low,Month-to-month contract (no lock-in),Offer annual-plan incentive,Basic,Monthly,45,205.09
4708,CUST102234,0.0607,Low,Month-to-month contract (no lock-in),Offer annual-plan incentive,Premium,Monthly,57,693.16
4709,CUST101193,0.0604,Low,General elevated risk - manual review,Offer annual-plan incentive,Basic,Annual,41,187.68
4710,CUST101336,0.0601,Low,General elevated risk - manual review,Offer annual-plan incentive,Premium,Annual,44,728.71
4711,CUST100067,0.0601,Low,Slow support resolution,Priority callback from support lead,Basic,Annual,23,205.68
4712,CUST104058,0.0599,Low,Slow support resolution,Priority callback from support lead,Basic,Annual,8,206.98
4713,CUST101258,0.0598,Low,General elevated risk - manual review,Offer annual-plan incentive,Basic,Annual,46,199.84
4714,CUST100414,0.0594,Low,Recent price increase; Month-to-month contract (no lock-in),Offer loyalty discount / plan review,Basic,Monthly,28,185.25
4715,CUST104084,0.0593,Low,General elevated risk - manual review,Offer annual-plan incentive,Standard,Annual,24,414.69
4716,CUST102311,0.0593,Low,General elevated risk - manual review,Offer annual-plan incentive,Basic,Annual,8,204.65
4717,CUST104472,0.0593,Low,Recent price increase,Offer loyalty discount / plan review,Basic,Annual,18,198.55
4718,CUST102051,0.0593,Low,Slow support resolution,Priority callback from support lead,Basic,Annual,32,213.85
4719,CUST103464,0.0591,Low,Month-to-month contract (no lock-in); New customer (tenure <= 6 months),Offer annual-plan incentive,Basic,Monthly,5,194.85
4720,CUST103589,0.0589,Low,General elevated risk - manual review,Offer annual-plan incentive,Standard,Annual,13,397.19
4721,CUST100854,0.0588,Low,General elevated risk - manual review,Offer annual-plan incentive,Standard,Annual,37,405.05
4722,CUST104057,0.0585,Low,General elevated risk - manual review,Offer annual-plan incentive,Standard,Annual,47,370.0
4723,CUST100494,0.0582,Low,Month-to-month contract (no lock-in),Offer annual-plan incentive,Standard,Monthly,43,404.2
4724,CUST103713,0.0579,Low,Month-to-month contract (no lock-in),Offer annual-plan incentive,Basic,Monthly,63,208.56
4725,CUST102760,0.0577,Low,Repeated late payments,Offer flexible payment / autopay setup,Basic,Annual,53,184.84
4726,CUST104286,0.0572,Low,Recent price increase; Month-to-month contract (no lock-in),Offer loyalty discount / plan review,Basic,Monthly,35,195.47
4727,CUST103855,0.0569,Low,General elevated risk - manual review,Offer annual-plan incentive,Basic,Annual,23,197.29
4728,CUST104333,0.0569,Low,Slow support resolution,Priority callback from support lead,Standard,Annual,14,400.32
4729,CUST102006,0.0568,Low,Recent price increase; Month-to-month contract (no lock-in),Offer loyalty discount / plan review,Standard,Monthly,31,413.71
4730,CUST104071,0.0568,Low,Month-to-month contract (no lock-in),Offer annual-plan incentive,Basic,Monthly,72,193.51
4731,CUST104721,0.0567,Low,Month-to-month contract (no lock-in),Offer annual-plan incentive,Premium,Monthly,20,705.77
4732,CUST102207,0.0566,Low,General elevated risk - manual review,Offer annual-plan incentive,Basic,Annual,42,191.17
4733,CUST102642,0.0566,Low,Month-to-month contract (no lock-in),Offer annual-plan incentive,Basic,Monthly,60,197.65
4734,CUST104898,0.0565,Low,General elevated risk - manual review,Offer annual-plan incentive,Standard,Annual,20,391.02
4735,CUST102235,0.0565,Low,Recent price increase; New customer (tenure <= 6 months),Offer loyalty discount / plan review,Standard,Annual,1,416.62
4736,CUST104590,0.0565,Low,Slow support resolution; Repeated late payments,Priority callback from support lead,Basic,Annual,21,200.79
4737,CUST102131,0.0564,Low,Recent price increase,Offer loyalty discount / plan review,Premium,Annual,48,688.97
4738,CUST102411,0.0564,Low,Recent price increase,Offer loyalty discount / plan review,Basic,Annual,19,179.06
4739,CUST100299,0.0562,Low,Month-to-month contract (no lock-in),Offer annual-plan incentive,Standard,Monthly,44,408.11
4740,CUST102160,0.0561,Low,General elevated risk - manual review,Offer annual-plan incentive,Premium,Annual,28,633.77
4741,CUST102439,0.0559,Low,Slow support resolution,Priority callback from support lead,Basic,Annual,56,191.83
4742,CUST104484,0.0558,Low,Recent price increase; Month-to-month contract (no lock-in),Offer loyalty discount / plan review,Standard,Monthly,8,1500.0
4743,CUST103015,0.0558,Low,New customer (tenure <= 6 months),Offer annual-plan incentive,Basic,Annual,1,208.29
4744,CUST103140,0.0558,Low,General elevated risk - manual review,Offer annual-plan incentive,Standard,Annual,19,426.36
4745,CUST100912,0.0558,Low,General elevated risk - manual review,Offer annual-plan incentive,Basic,Annual,7,206.3
4746,CUST101223,0.0558,Low,General elevated risk - manual review,Offer annual-plan incentive,Standard,Annual,72,391.23
4747,CUST104575,0.0557,Low,New customer (tenure <= 6 months),Offer annual-plan incentive,Standard,Annual,1,375.98
4748,CUST100339,0.0556,Low,Frequent support contacts; Low satisfaction score,Priority callback from support lead,Standard,Annual,23,419.76
4749,CUST103052,0.0555,Low,Month-to-month contract (no lock-in),Offer annual-plan incentive,Premium,Monthly,13,700.79
4750,CUST103152,0.0555,Low,General elevated risk - manual review,Offer annual-plan incentive,Basic,Annual,8,215.04
4751,CUST102153,0.0555,Low,Month-to-month contract (no lock-in),Offer annual-plan incentive,Basic,Monthly,60,197.56
4752,CUST104138,0.0554,Low,Month-to-month contract (no lock-in),Offer annual-plan incentive,Basic,Monthly,47,207.04
4753,CUST102290,0.0553,Low,General elevated risk - manual review,Offer annual-plan incentive,Premium,Annual,23,685.43
4754,CUST101399,0.0546,Low,General elevated risk - manual review,Offer annual-plan incentive,Premium,Annual,67,753.25
4755,CUST101486,0.0545,Low,General elevated risk - manual review,Offer annual-plan incentive,Basic,Annual,16,194.47
4756,CUST104903,0.0544,Low,General elevated risk - manual review,Offer annual-plan incentive,Premium,Annual,14,735.52
4757,CUST103886,0.0541,Low,Usage dropped sharply over 3 months; Slow support resolution,Priority callback from support lead,Standard,Annual,53,427.01
4758,CUST100656,0.054,Low,General elevated risk - manual review,Offer annual-plan incentive,Premium,Annual,30,692.78
4759,CUST103587,0.0539,Low,Slow support resolution,Priority callback from support lead,Premium,Annual,41,674.58
4760,CUST100795,0.0539,Low,General elevated risk - manual review,Offer annual-plan incentive,Premium,Annual,41,734.31
4761,CUST104108,0.0538,Low,General elevated risk - manual review,Offer annual-plan incentive,Basic,Annual,72,175.55
4762,CUST100635,0.0538,Low,Slow support resolution; Recent price increase,Offer loyalty discount / plan review,Basic,Annual,18,187.73
4763,CUST102359,0.0536,Low,General elevated risk - manual review,Offer annual-plan incentive,Basic,Annual,17,199.42
4764,CUST100786,0.0531,Low,Slow support resolution; Recent price increase,Offer loyalty discount / plan review,Basic,Annual,30,184.45
4765,CUST103756,0.0527,Low,Usage dropped sharply over 3 months; Repeated late payments; Recent price increase,Offer loyalty discount / plan review,Basic,Annual,51,221.75
4766,CUST100096,0.0526,Low,General elevated risk - manual review,Offer annual-plan incentive,Standard,Annual,49,385.34
4767,CUST101963,0.0526,Low,Month-to-month contract (no lock-in),Offer annual-plan incentive,Premium,Monthly,66,709.17
4768,CUST102133,0.0523,Low,New customer (tenure <= 6 months),Offer annual-plan incentive,Standard,Annual,6,403.93
4769,CUST104947,0.0522,Low,New customer (tenure <= 6 months),Offer annual-plan incentive,Basic,Annual,1,178.61
4770,CUST104716,0.0521,Low,Recent price increase,Offer loyalty discount / plan review,Standard,Annual,15,406.47
4771,CUST101248,0.052,Low,New customer (tenure <= 6 months),Offer annual-plan incentive,Basic,Annual,5,203.81
4772,CUST102079,0.0519,Low,General elevated risk - manual review,Offer annual-plan incentive,Premium,Annual,15,692.78
4773,CUST104247,0.0518,Low,General elevated risk - manual review,Offer annual-plan incentive,Premium,Annual,32,677.27
4774,CUST102165,0.0517,Low,General elevated risk - manual review,Offer annual-plan incentive,Standard,Annual,15,377.03
4775,CUST101147,0.0516,Low,General elevated risk - manual review,Offer annual-plan incentive,Premium,Annual,11,675.91
4776,CUST100358,0.0513,Low,General elevated risk - manual review,Offer annual-plan incentive,Basic,Annual,43,208.87
4777,CUST100434,0.0512,Low,Slow support resolution; Low satisfaction score; Month-to-month contract (no lock-in),Priority callback from support lead,Standard,Monthly,72,383.81
4778,CUST100506,0.0511,Low,Recent price increase,Offer loyalty discount / plan review,Standard,Annual,55,401.36
4779,CUST104768,0.051,Low,Month-to-month contract (no lock-in),Offer annual-plan incentive,Basic,Monthly,46,205.33
4780,CUST100007,0.0508,Low,Usage dropped sharply over 3 months; Month-to-month contract (no lock-in),Send re-engagement campaign / feature tips,Basic,Monthly,59,187.05
4781,CUST100187,0.0507,Low,General elevated risk - manual review,Offer annual-plan incentive,Standard,Annual,10,401.79
4782,CUST102487,0.0506,Low,Month-to-month contract (no lock-in); New customer (tenure <= 6 months),Offer annual-plan incentive,Standard,Monthly,1,431.52
4783,CUST101560,0.0505,Low,General elevated risk - manual review,Offer annual-plan incentive,Standard,Annual,58,440.47
4784,CUST104350,0.0503,Low,General elevated risk - manual review,Offer annual-plan incentive,Standard,Annual,72,375.04
4785,CUST104553,0.0503,Low,Month-to-month contract (no lock-in); New customer (tenure <= 6 months),Offer annual-plan incentive,Standard,Monthly,4,344.7
4786,CUST103303,0.0502,Low,General elevated risk - manual review,Offer annual-plan incentive,Standard,Annual,8,379.32
4787,CUST100153,0.0499,Low,Low satisfaction score,Priority callback from support lead,Standard,Annual,49,383.79
4788,CUST100305,0.0499,Low,Slow support resolution; Recent price increase,Offer loyalty discount / plan review,Premium,Annual,7,724.78
4789,CUST100354,0.0498,Low,Repeated late payments,Offer flexible payment / autopay setup,Standard,Annual,14,371.76
4790,CUST100776,0.0497,Low,Month-to-month contract (no lock-in),Offer annual-plan incentive,Basic,Monthly,43,199.92
4791,CUST103102,0.0496,Low,General elevated risk - manual review,Offer annual-plan incentive,Premium,Annual,17,647.04
4792,CUST103342,0.0495,Low,Slow support resolution,Priority callback from support lead,Standard,Annual,20,376.77
4793,CUST100740,0.0491,Low,General elevated risk - manual review,Offer annual-plan incentive,Premium,Annual,9,671.4
4794,CUST102084,0.0491,Low,Usage dropped sharply over 3 months,Send re-engagement campaign / feature tips,Premium,Annual,55,728.07
4795,CUST104237,0.049,Low,New customer (tenure <= 6 months),Offer annual-plan incentive,Standard,Annual,1,380.28
4796,CUST100058,0.049,Low,General elevated risk - manual review,Offer annual-plan incentive,Basic,Annual,72,189.14
4797,CUST103526,0.0489,Low,General elevated risk - manual review,Offer annual-plan incentive,Premium,Annual,26,714.67
4798,CUST102312,0.0486,Low,Recent price increase,Offer loyalty discount / plan review,Basic,Annual,60,208.98
4799,CUST103822,0.0485,Low,Month-to-month contract (no lock-in),Offer annual-plan incentive,Standard,Monthly,55,378.2
4800,CUST104637,0.0485,Low,Month-to-month contract (no lock-in),Offer annual-plan incentive,Standard,Monthly,10,400.11
4801,CUST101766,0.0485,Low,Month-to-month contract (no lock-in),Offer annual-plan incentive,Premium,Monthly,42,708.88
4802,CUST101981,0.0482,Low,General elevated risk - manual review,Offer annual-plan incentive,Premium,Annual,25,716.18
4803,CUST104909,0.0479,Low,Low satisfaction score,Priority callback from support lead,Basic,Annual,21,214.37
4804,CUST100265,0.0477,Low,Frequent support contacts; Recent price increase,Offer loyalty discount / plan review,Basic,Annual,9,198.77
4805,CUST101979,0.0477,Low,General elevated risk - manual review,Offer annual-plan incentive,Basic,Annual,32,193.18
4806,CUST102326,0.0477,Low,General elevated risk - manual review,Offer annual-plan incentive,Basic,Annual,68,187.79
4807,CUST100468,0.0476,Low,Month-to-month contract (no lock-in),Offer annual-plan incentive,Standard,Monthly,59,405.84
4808,CUST100205,0.0473,Low,Month-to-month contract (no lock-in),Offer annual-plan incentive,Basic,Monthly,42,187.36
4809,CUST102686,0.0473,Low,Slow support resolution,Priority callback from support lead,Premium,Annual,41,668.33
4810,CUST104326,0.0472,Low,Low satisfaction score; Recent price increase,Offer loyalty discount / plan review,Basic,Annual,8,196.66
4811,CUST104396,0.0471,Low,Recent price increase; New customer (tenure <= 6 months),Offer loyalty discount / plan review,Basic,Annual,3,206.85
4812,CUST103419,0.0469,Low,Repeated late payments,Offer flexible payment / autopay setup,Standard,Annual,20,413.53
4813,CUST104573,0.0466,Low,Month-to-month contract (no lock-in),Offer annual-plan incentive,Standard,Monthly,31,410.13
4814,CUST102226,0.0464,Low,Slow support resolution,Priority callback from support lead,Standard,Annual,32,395.92
4815,CUST103977,0.0463,Low,General elevated risk - manual review,Offer annual-plan incentive,Basic,Annual,36,181.86
4816,CUST102142,0.046,Low,General elevated risk - manual review,Offer annual-plan incentive,Standard,Annual,14,405.61
4817,CUST101889,0.0458,Low,Month-to-month contract (no lock-in),Offer annual-plan incentive,Basic,Monthly,56,193.63
4818,CUST102032,0.0456,Low,Frequent support contacts,Priority callback from support lead,Basic,Annual,64,194.4
4819,CUST102725,0.0454,Low,Slow support resolution,Priority callback from support lead,Premium,Annual,63,688.39
4820,CUST101122,0.0454,Low,Month-to-month contract (no lock-in),Offer annual-plan incentive,Basic,Monthly,60,195.06
4821,CUST101811,0.0453,Low,Low satisfaction score,Priority callback from support lead,Basic,Annual,20,199.55
4822,CUST103685,0.0453,Low,General elevated risk - manual review,Offer annual-plan incentive,Premium,Annual,13,619.57
4823,CUST102436,0.0452,Low,General elevated risk - manual review,Offer annual-plan incentive,Premium,Annual,10,734.64
4824,CUST100446,0.0451,Low,Slow support resolution; Month-to-month contract (no lock-in),Priority callback from support lead,Standard,Monthly,29,405.96
4825,CUST100287,0.0449,Low,Recent price increase,Offer loyalty discount / plan review,Basic,Annual,17,201.4
4826,CUST103486,0.0441,Low,Low satisfaction score; Month-to-month contract (no lock-in),Priority callback from support lead,Standard,Monthly,58,424.05
4827,CUST104551,0.044,Low,General elevated risk - manual review,Offer annual-plan incentive,Premium,Annual,34,713.6
4828,CUST100807,0.0439,Low,Slow support resolution; Month-to-month contract (no lock-in),Priority callback from support lead,Basic,Monthly,57,213.44
4829,CUST103444,0.0439,Low,Month-to-month contract (no lock-in),Offer annual-plan incentive,Standard,Monthly,11,391.62
4830,CUST104711,0.0439,Low,Usage dropped sharply over 3 months; Slow support resolution,Priority callback from support lead,Standard,Annual,72,402.6
4831,CUST102863,0.0437,Low,Frequent support contacts; Slow support resolution,Priority callback from support lead,Standard,Annual,11,385.32
4832,CUST100924,0.0436,Low,General elevated risk - manual review,Offer annual-plan incentive,Standard,Annual,19,418.5
4833,CUST103492,0.0434,Low,General elevated risk - manual review,Offer annual-plan incentive,Premium,Annual,15,680.79
4834,CUST101409,0.0434,Low,General elevated risk - manual review,Offer annual-plan incentive,Standard,Annual,23,410.78
4835,CUST102569,0.0434,Low,General elevated risk - manual review,Offer annual-plan incentive,Basic,Annual,20,213.62
4836,CUST103118,0.0433,Low,Month-to-month contract (no lock-in),Offer annual-plan incentive,Basic,Monthly,59,192.73
4837,CUST102538,0.0431,Low,Low satisfaction score,Priority callback from support lead,Basic,Annual,38,206.21
4838,CUST102584,0.0431,Low,General elevated risk - manual review,Offer annual-plan incentive,Basic,Annual,43,194.55
4839,CUST102123,0.0429,Low,General elevated risk - manual review,Offer annual-plan incentive,Premium,Annual,36,696.63
4840,CUST104726,0.0428,Low,Usage dropped sharply over 3 months; Month-to-month contract (no lock-in),Send re-engagement campaign / feature tips,Standard,Monthly,72,406.87
4841,CUST101404,0.0428,Low,General elevated risk - manual review,Offer annual-plan incentive,Standard,Annual,47,414.12
4842,CUST103406,0.0424,Low,Slow support resolution; Month-to-month contract (no lock-in),Priority callback from support lead,Basic,Monthly,37,217.08
4843,CUST100706,0.0421,Low,General elevated risk - manual review,Offer annual-plan incentive,Premium,Annual,59,773.41
4844,CUST101363,0.042,Low,Low satisfaction score; Month-to-month contract (no lock-in),Priority callback from support lead,Premium,Monthly,60,665.01
4845,CUST101977,0.0419,Low,Usage dropped sharply over 3 months,Send re-engagement campaign / feature tips,Premium,Annual,59,668.07
4846,CUST103648,0.0419,Low,General elevated risk - manual review,Offer annual-plan incentive,Premium,Annual,28,656.57
4847,CUST104924,0.0419,Low,Usage dropped sharply over 3 months,Send re-engagement campaign / feature tips,Standard,Annual,45,349.08
4848,CUST100861,0.0415,Low,General elevated risk - manual review,Offer annual-plan incentive,Standard,Annual,49,396.5
4849,CUST100364,0.0415,Low,Low satisfaction score,Priority callback from support lead,Premium,Annual,58,660.88
4850,CUST101293,0.0415,Low,Slow support resolution,Priority callback from support lead,Standard,Annual,22,444.04
4851,CUST104300,0.0414,Low,Usage dropped sharply over 3 months,Send re-engagement campaign / feature tips,Premium,Annual,24,658.81
4852,CUST104951,0.0413,Low,Usage dropped sharply over 3 months; Month-to-month contract (no lock-in),Send re-engagement campaign / feature tips,Basic,Monthly,53,196.81
4853,CUST103378,0.0412,Low,General elevated risk - manual review,Offer annual-plan incentive,Standard,Annual,11,386.92
4854,CUST103516,0.0412,Low,General elevated risk - manual review,Offer annual-plan incentive,Premium,Annual,37,717.3
4855,CUST100387,0.041,Low,Recent price increase,Offer loyalty discount / plan review,Basic,Annual,61,1187.1
4856,CUST101532,0.041,Low,General elevated risk - manual review,Offer annual-plan incentive,Standard,Annual,14,384.85
4857,CUST103820,0.0408,Low,Very low engagement (usage/logins),Send re-engagement campaign / feature tips,Basic,Annual,32,194.87
4858,CUST104139,0.0407,Low,New customer (tenure <= 6 months),Offer annual-plan incentive,Standard,Annual,5,397.51
4859,CUST104836,0.0407,Low,Month-to-month contract (no lock-in),Offer annual-plan incentive,Basic,Monthly,58,212.46
4860,CUST104418,0.0407,Low,Recent price increase,Offer loyalty discount / plan review,Standard,Annual,41,392.81
4861,CUST104246,0.0406,Low,General elevated risk - manual review,Offer annual-plan incentive,Premium,Annual,72,698.47
4862,CUST102693,0.0403,Low,General elevated risk - manual review,Offer annual-plan incentive,Premium,Annual,30,716.19
4863,CUST103421,0.0401,Low,Repeated late payments,Offer flexible payment / autopay setup,Standard,Annual,72,404.98
4864,CUST101018,0.0399,Low,Low satisfaction score,Priority callback from support lead,Premium,Annual,51,647.61
4865,CUST102460,0.0398,Low,Slow support resolution,Priority callback from support lead,Premium,Annual,64,684.72
4866,CUST100142,0.0397,Low,General elevated risk - manual review,Offer annual-plan incentive,Basic,Annual,14,188.77
4867,CUST104408,0.0397,Low,General elevated risk - manual review,Offer annual-plan incentive,Standard,Annual,29,409.76
4868,CUST102088,0.0396,Low,General elevated risk - manual review,Offer annual-plan incentive,Standard,Annual,27,432.31
4869,CUST100032,0.0396,Low,General elevated risk - manual review,Offer annual-plan incentive,Basic,Annual,38,204.23
4870,CUST101525,0.0395,Low,Frequent support contacts; Low satisfaction score,Priority callback from support lead,Standard,Annual,59,398.5
4871,CUST104881,0.0394,Low,General elevated risk - manual review,Offer annual-plan incentive,Basic,Annual,59,204.56
4872,CUST102135,0.0393,Low,Month-to-month contract (no lock-in),Offer annual-plan incentive,Standard,Monthly,66,409.72
4873,CUST103613,0.0392,Low,Month-to-month contract (no lock-in),Offer annual-plan incentive,Premium,Monthly,36,702.09
4874,CUST101888,0.0392,Low,General elevated risk - manual review,Offer annual-plan incentive,Basic,Annual,13,212.23
4875,CUST102330,0.0392,Low,Month-to-month contract (no lock-in),Offer annual-plan incentive,Basic,Monthly,59,214.43
4876,CUST104213,0.0389,Low,Recent price increase,Offer loyalty discount / plan review,Standard,Annual,27,423.77
4877,CUST103873,0.0388,Low,General elevated risk - manual review,Offer annual-plan incentive,Basic,Annual,22,190.59
4878,CUST101759,0.0388,Low,General elevated risk - manual review,Offer annual-plan incentive,Basic,Annual,10,189.5
4879,CUST103289,0.0387,Low,Slow support resolution,Priority callback from support lead,Premium,Annual,11,658.63
4880,CUST101177,0.0385,Low,General elevated risk - manual review,Offer annual-plan incentive,Basic,Annual,72,198.41
4881,CUST100110,0.0385,Low,Slow support resolution; Recent price increase,Offer loyalty discount / plan review,Premium,Annual,45,717.52
4882,CUST104437,0.0384,Low,General elevated risk - manual review,Offer annual-plan incentive,Premium,Annual,72,740.45
4883,CUST104987,0.0381,Low,Month-to-month contract (no lock-in),Offer annual-plan incentive,Standard,Monthly,35,388.13
4884,CUST104298,0.038,Low,General elevated risk - manual review,Offer annual-plan incentive,Premium,Annual,62,764.35
4885,CUST102838,0.0379,Low,General elevated risk - manual review,Offer annual-plan incentive,Standard,Annual,16,405.94
4886,CUST101452,0.0377,Low,Month-to-month contract (no lock-in),Offer annual-plan incentive,Basic,Monthly,47,191.13
4887,CUST104193,0.0376,Low,General elevated risk - manual review,Offer annual-plan incentive,Basic,Annual,9,200.3
4888,CUST102896,0.0376,Low,Recent price increase; Month-to-month contract (no lock-in),Offer loyalty discount / plan review,Basic,Monthly,72,198.19
4889,CUST103763,0.0375,Low,General elevated risk - manual review,Offer annual-plan incentive,Basic,Annual,68,209.58
4890,CUST100256,0.0373,Low,General elevated risk - manual review,Offer annual-plan incentive,Basic,Annual,55,203.08
4891,CUST103375,0.0364,Low,Slow support resolution; Month-to-month contract (no lock-in),Priority callback from support lead,Basic,Monthly,15,181.73
4892,CUST104090,0.0363,Low,General elevated risk - manual review,Offer annual-plan incentive,Basic,Annual,13,202.86
4893,CUST102462,0.0358,Low,General elevated risk - manual review,Offer annual-plan incentive,Basic,Annual,36,202.38
4894,CUST100347,0.0356,Low,General elevated risk - manual review,Offer annual-plan incentive,Basic,Annual,58,197.83
4895,CUST104914,0.0356,Low,Recent price increase,Offer loyalty discount / plan review,Standard,Annual,53,393.8
4896,CUST102087,0.0356,Low,Month-to-month contract (no lock-in),Offer annual-plan incentive,Premium,Monthly,49,679.47
4897,CUST101131,0.0355,Low,Recent price increase,Offer loyalty discount / plan review,Standard,Annual,13,390.91
4898,CUST104269,0.0351,Low,Slow support resolution; Low satisfaction score; Month-to-month contract (no lock-in),Priority callback from support lead,Basic,Monthly,58,209.48
4899,CUST103783,0.035,Low,Recent price increase,Offer loyalty discount / plan review,Basic,Annual,23,187.49
4900,CUST103418,0.0343,Low,Frequent support contacts; Recent price increase,Offer loyalty discount / plan review,Basic,Annual,72,210.77
4901,CUST100853,0.0343,Low,General elevated risk - manual review,Offer annual-plan incentive,Standard,Annual,18,454.42
4902,CUST103533,0.0341,Low,General elevated risk - manual review,Offer annual-plan incentive,Premium,Annual,59,755.62
4903,CUST101976,0.0338,Low,Slow support resolution,Priority callback from support lead,Standard,Annual,11,395.2
4904,CUST100376,0.0338,Low,Recent price increase,Offer loyalty discount / plan review,Basic,Annual,53,199.28
4905,CUST103971,0.0338,Low,General elevated risk - manual review,Offer annual-plan incentive,Basic,Annual,58,204.39
4906,CUST103030,0.0334,Low,Slow support resolution; Recent price increase; New customer (tenure <= 6 months),Offer loyalty discount / plan review,Basic,Annual,6,198.4
4907,CUST104102,0.0334,Low,Recent price increase; New customer (tenure <= 6 months),Offer loyalty discount / plan review,Standard,Annual,1,427.82
4908,CUST100116,0.0334,Low,Recent price increase,Offer loyalty discount / plan review,Standard,Annual,31,387.22
4909,CUST104527,0.0333,Low,Recent price increase; Month-to-month contract (no lock-in),Offer loyalty discount / plan review,Basic,Monthly,47,198.85
4910,CUST102950,0.0333,Low,General elevated risk - manual review,Offer annual-plan incentive,Premium,Annual,55,690.98
4911,CUST101132,0.0331,Low,Usage dropped sharply over 3 months; Month-to-month contract (no lock-in),Send re-engagement campaign / feature tips,Basic,Monthly,68,208.53
4912,CUST100301,0.0328,Low,Slow support resolution,Priority callback from support lead,Standard,Annual,72,420.65
4913,CUST100488,0.0327,Low,General elevated risk - manual review,Offer annual-plan incentive,Standard,Annual,27,394.91
4914,CUST100463,0.0321,Low,Usage dropped sharply over 3 months; Slow support resolution,Priority callback from support lead,Premium,Annual,72,635.58
4915,CUST102168,0.032,Low,General elevated risk - manual review,Offer annual-plan incentive,Standard,Annual,18,369.46
4916,CUST102552,0.0319,Low,General elevated risk - manual review,Offer annual-plan incentive,Basic,Annual,60,207.47
4917,CUST104645,0.0318,Low,Usage dropped sharply over 3 months; Month-to-month contract (no lock-in),Send re-engagement campaign / feature tips,Basic,Monthly,64,200.03
4918,CUST102001,0.0317,Low,General elevated risk - manual review,Offer annual-plan incentive,Standard,Annual,20,397.83
4919,CUST100318,0.0316,Low,Month-to-month contract (no lock-in),Offer annual-plan incentive,Standard,Monthly,72,387.8
4920,CUST103551,0.0316,Low,General elevated risk - manual review,Offer annual-plan incentive,Basic,Annual,7,207.42
4921,CUST100947,0.0315,Low,Month-to-month contract (no lock-in),Offer annual-plan incentive,Basic,Monthly,45,178.47
4922,CUST102955,0.0313,Low,Slow support resolution,Priority callback from support lead,Basic,Annual,60,195.04
4923,CUST104079,0.0312,Low,Frequent support contacts; Low satisfaction score,Priority callback from support lead,Standard,Annual,54,398.83
4924,CUST101593,0.0311,Low,Slow support resolution; Recent price increase,Offer loyalty discount / plan review,Basic,Annual,23,200.83
4925,CUST101676,0.031,Low,General elevated risk - manual review,Offer annual-plan incentive,Basic,Annual,72,183.46
4926,CUST100937,0.0308,Low,General elevated risk - manual review,Offer annual-plan incentive,Standard,Annual,11,404.66
4927,CUST100496,0.0307,Low,General elevated risk - manual review,Offer annual-plan incentive,Basic,Annual,50,199.51
4928,CUST103369,0.0306,Low,General elevated risk - manual review,Offer annual-plan incentive,Basic,Annual,15,212.38
4929,CUST103244,0.0306,Low,General elevated risk - manual review,Offer annual-plan incentive,Basic,Annual,57,214.77
4930,CUST103282,0.0306,Low,General elevated risk - manual review,Offer annual-plan incentive,Basic,Annual,58,197.22
4931,CUST104020,0.0305,Low,General elevated risk - manual review,Offer annual-plan incentive,Premium,Annual,62,714.02
4932,CUST103743,0.0301,Low,General elevated risk - manual review,Offer annual-plan incentive,Standard,Annual,13,365.64
4933,CUST102008,0.0296,Low,General elevated risk - manual review,Offer annual-plan incentive,Basic,Annual,30,204.33
4934,CUST102723,0.0295,Low,General elevated risk - manual review,Offer annual-plan incentive,Standard,Annual,9,351.72
4935,CUST102322,0.0293,Low,General elevated risk - manual review,Offer annual-plan incentive,Standard,Annual,72,374.97
4936,CUST104256,0.0291,Low,General elevated risk - manual review,Offer annual-plan incentive,Premium,Annual,72,772.35
4937,CUST101214,0.0289,Low,General elevated risk - manual review,Offer annual-plan incentive,Basic,Annual,26,205.51
4938,CUST101885,0.0285,Low,New customer (tenure <= 6 months),Offer annual-plan incentive,Standard,Annual,2,382.82
4939,CUST104018,0.0281,Low,Repeated late payments,Offer flexible payment / autopay setup,Standard,Annual,66,418.39
4940,CUST100379,0.0274,Low,General elevated risk - manual review,Offer annual-plan incentive,Standard,Annual,51,375.24
4941,CUST101083,0.0272,Low,General elevated risk - manual review,Offer annual-plan incentive,Standard,Annual,32,389.87
4942,CUST101863,0.0271,Low,Month-to-month contract (no lock-in),Offer annual-plan incentive,Standard,Monthly,58,406.84
4943,CUST102179,0.027,Low,Low satisfaction score; Recent price increase,Offer loyalty discount / plan review,Basic,Annual,24,199.54
4944,CUST101762,0.0268,Low,General elevated risk - manual review,Offer annual-plan incentive,Basic,Annual,36,200.43
4945,CUST101774,0.0261,Low,General elevated risk - manual review,Offer annual-plan incentive,Standard,Annual,15,439.84
4946,CUST103006,0.0259,Low,Month-to-month contract (no lock-in),Offer annual-plan incentive,Basic,Monthly,68,213.83
4947,CUST101232,0.0259,Low,Month-to-month contract (no lock-in),Offer annual-plan incentive,Premium,Monthly,45,722.26
4948,CUST101707,0.0259,Low,Slow support resolution,Priority callback from support lead,Standard,Annual,30,409.81
4949,CUST100179,0.0255,Low,Slow support resolution,Priority callback from support lead,Basic,Annual,30,198.91
4950,CUST103134,0.0251,Low,General elevated risk - manual review,Offer annual-plan incentive,Basic,Annual,9,216.4
4951,CUST104272,0.0249,Low,Recent price increase,Offer loyalty discount / plan review,Standard,Annual,16,385.81
4952,CUST102510,0.0248,Low,Slow support resolution,Priority callback from support lead,Premium,Annual,63,710.5
4953,CUST101322,0.0243,Low,General elevated risk - manual review,Offer annual-plan incentive,Premium,Annual,51,658.6
4954,CUST100456,0.0243,Low,Recent price increase,Offer loyalty discount / plan review,Basic,Annual,31,207.2
4955,CUST103352,0.0241,Low,New customer (tenure <= 6 months),Offer annual-plan incentive,Standard,Annual,2,395.64
4956,CUST101291,0.0232,Low,Frequent support contacts,Priority callback from support lead,Standard,Annual,11,401.84
4957,CUST100003,0.023,Low,New customer (tenure <= 6 months),Offer annual-plan incentive,Standard,Annual,5,411.67
4958,CUST100404,0.0229,Low,New customer (tenure <= 6 months),Offer annual-plan incentive,Standard,Annual,2,395.26
4959,CUST103174,0.0227,Low,New customer (tenure <= 6 months),Offer annual-plan incentive,Premium,Annual,6,705.24
4960,CUST104812,0.0224,Low,New customer (tenure <= 6 months),Offer annual-plan incentive,Basic,Annual,4,203.29
4961,CUST102892,0.0221,Low,Slow support resolution,Priority callback from support lead,Basic,Annual,59,196.52
4962,CUST100644,0.022,Low,Repeated late payments; Recent price increase,Offer loyalty discount / plan review,Basic,Annual,22,200.25
4963,CUST102413,0.0215,Low,General elevated risk - manual review,Offer annual-plan incentive,Basic,Annual,24,206.97
4964,CUST104744,0.0213,Low,General elevated risk - manual review,Offer annual-plan incentive,Standard,Annual,12,389.74
4965,CUST101076,0.0213,Low,General elevated risk - manual review,Offer annual-plan incentive,Basic,Annual,62,191.89
4966,CUST103554,0.0213,Low,General elevated risk - manual review,Offer annual-plan incentive,Basic,Annual,21,207.81
4967,CUST103473,0.0212,Low,General elevated risk - manual review,Offer annual-plan incentive,Basic,Annual,32,194.25
4968,CUST102090,0.0205,Low,Slow support resolution,Priority callback from support lead,Standard,Annual,52,392.47
4969,CUST102486,0.0204,Low,Usage dropped sharply over 3 months; Recent price increase,Offer loyalty discount / plan review,Basic,Annual,67,202.3
4970,CUST100355,0.0202,Low,Recent price increase,Offer loyalty discount / plan review,Basic,Annual,72,184.18
4971,CUST100587,0.0202,Low,General elevated risk - manual review,Offer annual-plan incentive,Basic,Annual,72,210.6
4972,CUST104492,0.0196,Low,Month-to-month contract (no lock-in),Offer annual-plan incentive,Basic,Monthly,53,195.58
4973,CUST103940,0.0194,Low,General elevated risk - manual review,Offer annual-plan incentive,Premium,Annual,31,659.83
4974,CUST100810,0.0192,Low,General elevated risk - manual review,Offer annual-plan incentive,Standard,Annual,41,396.42
4975,CUST101739,0.0189,Low,Low satisfaction score,Priority callback from support lead,Premium,Annual,72,710.05
4976,CUST103588,0.0188,Low,General elevated risk - manual review,Offer annual-plan incentive,Standard,Annual,72,385.79
4977,CUST100612,0.0182,Low,Usage dropped sharply over 3 months,Send re-engagement campaign / feature tips,Standard,Annual,57,409.39
4978,CUST101831,0.0178,Low,General elevated risk - manual review,Offer annual-plan incentive,Premium,Annual,63,750.31
4979,CUST100572,0.0177,Low,General elevated risk - manual review,Offer annual-plan incentive,Standard,Annual,72,428.94
4980,CUST100050,0.0177,Low,General elevated risk - manual review,Offer annual-plan incentive,Standard,Annual,47,425.34
4981,CUST101890,0.0175,Low,Month-to-month contract (no lock-in),Offer annual-plan incentive,Basic,Monthly,65,193.53
4982,CUST104282,0.0162,Low,General elevated risk - manual review,Offer annual-plan incentive,Standard,Annual,18,383.21
4983,CUST102338,0.0159,Low,General elevated risk - manual review,Offer annual-plan incentive,Basic,Annual,12,192.91
4984,CUST103624,0.0145,Low,New customer (tenure <= 6 months),Offer annual-plan incentive,Premium,Annual,1,682.88
4985,CUST103126,0.014,Low,Recent price increase; New customer (tenure <= 6 months),Offer loyalty discount / plan review,Standard,Annual,2,355.28
4986,CUST103240,0.014,Low,General elevated risk - manual review,Offer annual-plan incentive,Standard,Annual,20,394.31
4987,CUST102873,0.0139,Low,General elevated risk - manual review,Offer annual-plan incentive,Basic,Annual,55,177.93
4988,CUST103449,0.0138,Low,General elevated risk - manual review,Offer annual-plan incentive,Standard,Annual,44,402.72
4989,CUST103488,0.0137,Low,General elevated risk - manual review,Offer annual-plan incentive,Premium,Annual,72,759.62
4990,CUST103011,0.0134,Low,Low satisfaction score; Recent price increase,Offer loyalty discount / plan review,Basic,Annual,62,200.25
4991,CUST104762,0.0133,Low,Recent price increase,Offer loyalty discount / plan review,Standard,Annual,72,397.92
4992,CUST104989,0.013,Low,General elevated risk - manual review,Offer annual-plan incentive,Premium,Annual,58,741.8
4993,CUST101346,0.0114,Low,Slow support resolution,Priority callback from support lead,Premium,Annual,53,730.12
4994,CUST102086,0.011,Low,Repeated late payments,Offer flexible payment / autopay setup,Basic,Annual,72,210.91
4995,CUST103034,0.0106,Low,Recent price increase,Offer loyalty discount / plan review,Basic,Annual,61,198.38
4996,CUST103552,0.0098,Low,General elevated risk - manual review,Offer annual-plan incentive,Standard,Annual,72,389.43
4997,CUST103975,0.0092,Low,Slow support resolution,Priority callback from support lead,Standard,Annual,39,397.3
4998,CUST104927,0.009,Low,Recent price increase,Offer loyalty discount / plan review,Basic,Annual,21,182.17
4999,CUST103629,0.0061,Low,General elevated risk - manual review,Offer annual-plan incentive,Basic,Annual,67,199.78
5000,CUST103242,0.0029,Low,General elevated risk - manual review,Offer annual-plan incentive,Standard,Annual,52,409.82
